{"train/loss": 0.1896, "train/grad_norm": 7.90625, "train/learning_rate": 0.0002, "train/epoch": 3.0, "train/global_step": 453, "_timestamp": 1711491399.9483316, "_runtime": 3738.0433485507965, "_step": 9, "train/train_runtime": 3739.0982, "train/train_samples_per_second": 0.726, "train/train_steps_per_second": 0.121, "train/total_flos": 3.8988354322169856e+17, "train/train_loss": 0.23868746894348009, "_wandb": {"runtime": 3738}}