{"train/loss": 3.6206, "train/grad_norm": 10.6875, "train/learning_rate": 0.0002, "train/epoch": 3.0, "train/global_step": 1305, "_timestamp": 1711460396.216945, "_runtime": 10739.836515903473, "_step": 26, "train/train_runtime": 10740.9363, "train/train_samples_per_second": 0.729, "train/train_steps_per_second": 0.121, "train/total_flos": 1.1230818988562842e+18, "train/train_loss": 2.926993337901616, "_wandb": {"runtime": 10740}}