dataset,analysis,example_id,n_source,n_predicted,n_matched,n_omitted,n_added,omitted_predicates,added_predicates
FA,ordering_vs_input,0,5,5,5,0,0,,
FA,structuring_vs_ordering,0,5,5,5,0,0,,
FA,structuring_vs_input,0,5,5,5,0,0,,
FA,ordering_vs_input,1,2,2,2,0,0,,
FA,structuring_vs_ordering,1,2,2,2,0,0,,
FA,structuring_vs_input,1,2,2,2,0,0,,
FA,ordering_vs_input,2,1,1,1,0,0,,
FA,structuring_vs_ordering,2,1,1,1,0,0,,
FA,structuring_vs_input,2,1,1,1,0,0,,
FA,ordering_vs_input,3,3,3,3,0,0,,
FA,structuring_vs_ordering,3,3,3,3,0,0,,
FA,structuring_vs_input,3,3,3,3,0,0,,
FA,ordering_vs_input,4,5,4,4,1,0,type,
FA,structuring_vs_ordering,4,4,4,4,0,0,,
FA,structuring_vs_input,4,5,4,4,1,0,type,
FA,ordering_vs_input,5,2,2,2,0,0,,
FA,structuring_vs_ordering,5,2,2,2,0,0,,
FA,structuring_vs_input,5,2,2,2,0,0,,
FA,ordering_vs_input,6,5,5,5,0,0,,
FA,structuring_vs_ordering,6,5,5,5,0,0,,
FA,structuring_vs_input,6,5,5,5,0,0,,
FA,ordering_vs_input,7,1,1,1,0,0,,
FA,structuring_vs_ordering,7,1,1,1,0,0,,
FA,structuring_vs_input,7,1,1,1,0,0,,
FA,ordering_vs_input,8,3,3,3,0,0,,
FA,structuring_vs_ordering,8,3,3,3,0,0,,
FA,structuring_vs_input,8,3,3,3,0,0,,
FA,ordering_vs_input,9,1,1,1,0,0,,
FA,structuring_vs_ordering,9,1,1,1,0,0,,
FA,structuring_vs_input,9,1,1,1,0,0,,
FA,ordering_vs_input,10,1,1,1,0,0,,
FA,structuring_vs_ordering,10,1,1,1,0,0,,
FA,structuring_vs_input,10,1,1,1,0,0,,
FA,ordering_vs_input,11,1,1,1,0,0,,
FA,structuring_vs_ordering,11,1,1,1,0,0,,
FA,structuring_vs_input,11,1,1,1,0,0,,
FA,ordering_vs_input,12,6,6,6,0,0,,
FA,structuring_vs_ordering,12,6,6,6,0,0,,
FA,structuring_vs_input,12,6,6,6,0,0,,
FA,ordering_vs_input,13,1,1,1,0,0,,
FA,structuring_vs_ordering,13,1,1,1,0,0,,
FA,structuring_vs_input,13,1,1,1,0,0,,
FA,ordering_vs_input,14,3,3,3,0,0,,
FA,structuring_vs_ordering,14,3,3,3,0,0,,
FA,structuring_vs_input,14,3,3,3,0,0,,
FA,ordering_vs_input,15,2,2,2,0,0,,
FA,structuring_vs_ordering,15,2,2,2,0,0,,
FA,structuring_vs_input,15,2,2,2,0,0,,
FA,ordering_vs_input,16,4,3,3,1,0,industry,
FA,structuring_vs_ordering,16,3,3,3,0,0,,
FA,structuring_vs_input,16,4,3,3,1,0,industry,
FA,ordering_vs_input,17,3,3,3,0,0,,
FA,structuring_vs_ordering,17,3,3,3,0,0,,
FA,structuring_vs_input,17,3,3,3,0,0,,
FA,ordering_vs_input,18,4,4,4,0,0,,
FA,structuring_vs_ordering,18,4,4,4,0,0,,
FA,structuring_vs_input,18,4,4,4,0,0,,
FA,ordering_vs_input,19,3,3,3,0,0,,
FA,structuring_vs_ordering,19,3,3,3,0,0,,
FA,structuring_vs_input,19,3,3,3,0,0,,
FA,ordering_vs_input,20,7,2,2,5,0,artist | producer | runtime | recordedIn | recordedIn,
FA,structuring_vs_ordering,20,2,2,2,0,0,,
FA,structuring_vs_input,20,7,2,2,5,0,artist | producer | runtime | recordedIn | recordedIn,
FA,ordering_vs_input,21,2,2,2,0,0,,
FA,structuring_vs_ordering,21,2,2,2,0,0,,
FA,structuring_vs_input,21,2,2,2,0,0,,
FA,ordering_vs_input,22,3,3,3,0,0,,
FA,structuring_vs_ordering,22,3,3,3,0,0,,
FA,structuring_vs_input,22,3,3,3,0,0,,
FA,ordering_vs_input,23,3,2,2,1,0,producer,
FA,structuring_vs_ordering,23,2,2,2,0,0,,
FA,structuring_vs_input,23,3,2,2,1,0,producer,
FA,ordering_vs_input,24,5,5,5,0,0,,
FA,structuring_vs_ordering,24,5,5,5,0,0,,
FA,structuring_vs_input,24,5,5,5,0,0,,
FA,ordering_vs_input,25,2,2,2,0,0,,
FA,structuring_vs_ordering,25,2,2,2,0,0,,
FA,structuring_vs_input,25,2,2,2,0,0,,
FA,ordering_vs_input,26,3,2,2,1,0,writer,
FA,structuring_vs_ordering,26,2,2,2,0,0,,
FA,structuring_vs_input,26,3,2,2,1,0,writer,
FA,ordering_vs_input,27,3,2,2,1,0,professionalField,
FA,structuring_vs_ordering,27,2,2,2,0,0,,
FA,structuring_vs_input,27,3,2,2,1,0,professionalField,
FA,ordering_vs_input,28,2,2,2,0,0,,
FA,structuring_vs_ordering,28,2,2,2,0,0,,
FA,structuring_vs_input,28,2,2,2,0,0,,
FA,ordering_vs_input,29,5,4,4,1,0,training,
FA,structuring_vs_ordering,29,4,4,4,0,0,,
FA,structuring_vs_input,29,5,4,4,1,0,training,
FA,ordering_vs_input,30,1,1,1,0,0,,
FA,structuring_vs_ordering,30,1,1,1,0,0,,
FA,structuring_vs_input,30,1,1,1,0,0,,
FA,ordering_vs_input,31,6,4,4,2,0,writer | writer,
FA,structuring_vs_ordering,31,4,4,4,0,0,,
FA,structuring_vs_input,31,6,4,4,2,0,writer | writer,
FA,ordering_vs_input,32,3,2,2,1,0,writer,
FA,structuring_vs_ordering,32,2,2,2,0,0,,
FA,structuring_vs_input,32,3,2,2,1,0,writer,
FA,ordering_vs_input,33,5,5,5,0,0,,
FA,structuring_vs_ordering,33,5,5,5,0,0,,
FA,structuring_vs_input,33,5,5,5,0,0,,
FA,ordering_vs_input,34,5,5,5,0,0,,
FA,structuring_vs_ordering,34,5,5,5,0,0,,
FA,structuring_vs_input,34,5,5,5,0,0,,
FA,ordering_vs_input,35,5,4,4,1,0,producer,
FA,structuring_vs_ordering,35,4,4,4,0,0,,
FA,structuring_vs_input,35,5,4,4,1,0,producer,
FA,ordering_vs_input,36,6,5,5,1,0,type,
FA,structuring_vs_ordering,36,5,5,5,0,0,,
FA,structuring_vs_input,36,6,5,5,1,0,type,
FA,ordering_vs_input,37,6,4,4,2,0,writer | runtime,
FA,structuring_vs_ordering,37,4,4,4,0,0,,
FA,structuring_vs_input,37,6,4,4,2,0,writer | runtime,
FA,ordering_vs_input,38,1,1,1,0,0,,
FA,structuring_vs_ordering,38,1,1,1,0,0,,
FA,structuring_vs_input,38,1,1,1,0,0,,
FA,ordering_vs_input,39,2,1,1,1,0,writer,
FA,structuring_vs_ordering,39,1,1,1,0,0,,
FA,structuring_vs_input,39,2,1,1,1,0,writer,
FA,ordering_vs_input,40,7,6,6,1,0,mainIngredient,
FA,structuring_vs_ordering,40,6,6,6,0,0,,
FA,structuring_vs_input,40,7,6,6,1,0,mainIngredient,
FA,ordering_vs_input,41,3,2,2,1,0,type,
FA,structuring_vs_ordering,41,2,2,2,0,0,,
FA,structuring_vs_input,41,3,2,2,1,0,type,
FA,ordering_vs_input,42,5,4,4,1,0,city,
FA,structuring_vs_ordering,42,4,4,4,0,0,,
FA,structuring_vs_input,42,5,4,4,1,0,city,
FA,ordering_vs_input,43,4,4,4,0,0,,
FA,structuring_vs_ordering,43,4,4,4,0,0,,
FA,structuring_vs_input,43,4,4,4,0,0,,
FA,ordering_vs_input,44,2,2,2,0,0,,
FA,structuring_vs_ordering,44,2,2,2,0,0,,
FA,structuring_vs_input,44,2,2,2,0,0,,
FA,ordering_vs_input,45,2,2,2,0,0,,
FA,structuring_vs_ordering,45,2,2,2,0,0,,
FA,structuring_vs_input,45,2,2,2,0,0,,
FA,ordering_vs_input,46,2,2,2,0,0,,
FA,structuring_vs_ordering,46,2,2,2,0,0,,
FA,structuring_vs_input,46,2,2,2,0,0,,
FA,ordering_vs_input,47,3,3,3,0,0,,
FA,structuring_vs_ordering,47,3,3,3,0,0,,
FA,structuring_vs_input,47,3,3,3,0,0,,
FA,ordering_vs_input,48,5,5,5,0,0,,
FA,structuring_vs_ordering,48,5,5,5,0,0,,
FA,structuring_vs_input,48,5,5,5,0,0,,
FA,ordering_vs_input,49,2,1,1,1,0,artist,
FA,structuring_vs_ordering,49,1,1,1,0,0,,
FA,structuring_vs_input,49,2,1,1,1,0,artist,
FA,ordering_vs_input,50,4,3,3,1,0,mission,
FA,structuring_vs_ordering,50,3,3,3,0,0,,
FA,structuring_vs_input,50,4,3,3,1,0,mission,
FA,ordering_vs_input,51,3,3,3,0,0,,
FA,structuring_vs_ordering,51,3,3,3,0,0,,
FA,structuring_vs_input,51,3,3,3,0,0,,
FA,ordering_vs_input,52,4,3,3,1,0,knownFor,
FA,structuring_vs_ordering,52,3,3,3,0,0,,
FA,structuring_vs_input,52,4,3,3,1,0,knownFor,
FA,ordering_vs_input,53,4,4,4,0,0,,
FA,structuring_vs_ordering,53,4,4,4,0,0,,
FA,structuring_vs_input,53,4,4,4,0,0,,
FA,ordering_vs_input,54,5,2,2,3,0,writer | writer | producer,
FA,structuring_vs_ordering,54,2,2,2,0,0,,
FA,structuring_vs_input,54,5,2,2,3,0,writer | writer | producer,
FA,ordering_vs_input,55,5,3,3,2,0,artist | runtime,
FA,structuring_vs_ordering,55,3,3,3,0,0,,
FA,structuring_vs_input,55,5,3,3,2,0,artist | runtime,
FA,ordering_vs_input,56,5,5,5,0,0,,
FA,structuring_vs_ordering,56,5,5,5,0,0,,
FA,structuring_vs_input,56,5,5,5,0,0,,
FA,ordering_vs_input,57,4,4,4,0,0,,
FA,structuring_vs_ordering,57,4,4,4,0,0,,
FA,structuring_vs_input,57,4,4,4,0,0,,
FA,ordering_vs_input,58,6,3,3,3,0,regionServed | industry | netIncome,
FA,structuring_vs_ordering,58,3,3,3,0,0,,
FA,structuring_vs_input,58,6,3,3,3,0,regionServed | industry | netIncome,
FA,ordering_vs_input,59,4,4,4,0,0,,
FA,structuring_vs_ordering,59,4,4,4,0,0,,
FA,structuring_vs_input,59,4,4,4,0,0,,
FA,ordering_vs_input,60,4,4,4,0,0,,
FA,structuring_vs_ordering,60,4,4,4,0,0,,
FA,structuring_vs_input,60,4,4,4,0,0,,
FA,ordering_vs_input,61,2,2,2,0,0,,
FA,structuring_vs_ordering,61,2,2,2,0,0,,
FA,structuring_vs_input,61,2,2,2,0,0,,
FA,ordering_vs_input,62,1,1,1,0,0,,
FA,structuring_vs_ordering,62,1,1,1,0,0,,
FA,structuring_vs_input,62,1,1,1,0,0,,
FA,ordering_vs_input,63,4,4,4,0,0,,
FA,structuring_vs_ordering,63,4,4,4,0,0,,
FA,structuring_vs_input,63,4,4,4,0,0,,
FA,ordering_vs_input,64,3,3,3,0,0,,
FA,structuring_vs_ordering,64,3,3,3,0,0,,
FA,structuring_vs_input,64,3,3,3,0,0,,
FA,ordering_vs_input,65,4,3,3,1,0,producer,
FA,structuring_vs_ordering,65,3,3,3,0,0,,
FA,structuring_vs_input,65,4,3,3,1,0,producer,
FA,ordering_vs_input,66,1,1,1,0,0,,
FA,structuring_vs_ordering,66,1,1,1,0,0,,
FA,structuring_vs_input,66,1,1,1,0,0,,
FA,ordering_vs_input,67,2,2,2,0,0,,
FA,structuring_vs_ordering,67,2,2,2,0,0,,
FA,structuring_vs_input,67,2,2,2,0,0,,
FA,ordering_vs_input,68,3,3,3,0,0,,
FA,structuring_vs_ordering,68,3,3,3,0,0,,
FA,structuring_vs_input,68,3,3,3,0,0,,
FA,ordering_vs_input,69,3,3,3,0,0,,
FA,structuring_vs_ordering,69,3,3,3,0,0,,
FA,structuring_vs_input,69,3,3,3,0,0,,
FA,ordering_vs_input,70,3,3,3,0,0,,
FA,structuring_vs_ordering,70,3,3,3,0,0,,
FA,structuring_vs_input,70,3,3,3,0,0,,
FA,ordering_vs_input,71,1,1,1,0,0,,
FA,structuring_vs_ordering,71,1,1,1,0,0,,
FA,structuring_vs_input,71,1,1,1,0,0,,
FA,ordering_vs_input,72,4,4,4,0,0,,
FA,structuring_vs_ordering,72,4,4,4,0,0,,
FA,structuring_vs_input,72,4,4,4,0,0,,
FA,ordering_vs_input,73,1,1,1,0,0,,
FA,structuring_vs_ordering,73,1,1,1,0,0,,
FA,structuring_vs_input,73,1,1,1,0,0,,
FA,ordering_vs_input,74,1,1,1,0,0,,
FA,structuring_vs_ordering,74,1,1,1,0,0,,
FA,structuring_vs_input,74,1,1,1,0,0,,
FA,ordering_vs_input,75,1,1,1,0,0,,
FA,structuring_vs_ordering,75,1,1,1,0,0,,
FA,structuring_vs_input,75,1,1,1,0,0,,
FA,ordering_vs_input,76,5,5,5,0,0,,
FA,structuring_vs_ordering,76,5,5,5,0,0,,
FA,structuring_vs_input,76,5,5,5,0,0,,
FA,ordering_vs_input,77,2,2,2,0,0,,
FA,structuring_vs_ordering,77,2,2,2,0,0,,
FA,structuring_vs_input,77,2,2,2,0,0,,
FA,ordering_vs_input,78,3,3,3,0,0,,
FA,structuring_vs_ordering,78,3,3,3,0,0,,
FA,structuring_vs_input,78,3,3,3,0,0,,
FA,ordering_vs_input,79,1,1,1,0,0,,
FA,structuring_vs_ordering,79,1,1,1,0,0,,
FA,structuring_vs_input,79,1,1,1,0,0,,
FA,ordering_vs_input,80,1,1,1,0,0,,
FA,structuring_vs_ordering,80,1,1,1,0,0,,
FA,structuring_vs_input,80,1,1,1,0,0,,
FA,ordering_vs_input,81,7,5,5,2,0,producer | artist,
FA,structuring_vs_ordering,81,5,5,5,0,0,,
FA,structuring_vs_input,81,7,5,5,2,0,producer | artist,
FA,ordering_vs_input,82,4,2,2,2,0,certification | producer,
FA,structuring_vs_ordering,82,2,2,2,0,0,,
FA,structuring_vs_input,82,4,2,2,2,0,certification | producer,
FA,ordering_vs_input,83,4,4,4,0,0,,
FA,structuring_vs_ordering,83,4,4,4,0,0,,
FA,structuring_vs_input,83,4,4,4,0,0,,
FA,ordering_vs_input,84,1,1,1,0,0,,
FA,structuring_vs_ordering,84,1,1,1,0,0,,
FA,structuring_vs_input,84,1,1,1,0,0,,
FA,ordering_vs_input,85,2,2,2,0,0,,
FA,structuring_vs_ordering,85,2,2,2,0,0,,
FA,structuring_vs_input,85,2,2,2,0,0,,
FA,ordering_vs_input,86,1,1,1,0,0,,
FA,structuring_vs_ordering,86,1,1,1,0,0,,
FA,structuring_vs_input,86,1,1,1,0,0,,
FA,ordering_vs_input,87,2,2,2,0,0,,
FA,structuring_vs_ordering,87,2,2,2,0,0,,
FA,structuring_vs_input,87,2,2,2,0,0,,
FA,ordering_vs_input,88,5,1,1,4,0,artist | producer | runtime | recordedIn,
FA,structuring_vs_ordering,88,1,1,1,0,0,,
FA,structuring_vs_input,88,5,1,1,4,0,artist | producer | runtime | recordedIn,
FA,ordering_vs_input,89,5,5,5,0,0,,
FA,structuring_vs_ordering,89,5,5,5,0,0,,
FA,structuring_vs_input,89,5,5,5,0,0,,
FA,ordering_vs_input,90,1,1,1,0,0,,
FA,structuring_vs_ordering,90,1,1,1,0,0,,
FA,structuring_vs_input,90,1,1,1,0,0,,
FA,ordering_vs_input,91,3,3,3,0,0,,
FA,structuring_vs_ordering,91,3,3,3,0,0,,
FA,structuring_vs_input,91,3,3,3,0,0,,
FA,ordering_vs_input,92,1,1,1,0,0,,
FA,structuring_vs_ordering,92,1,1,1,0,0,,
FA,structuring_vs_input,92,1,1,1,0,0,,
FA,ordering_vs_input,93,4,4,4,0,0,,
FA,structuring_vs_ordering,93,4,4,4,0,0,,
FA,structuring_vs_input,93,4,4,4,0,0,,
FA,ordering_vs_input,94,5,1,1,4,0,releaseDate | writer | runtime | writer,
FA,structuring_vs_ordering,94,1,1,1,0,0,,
FA,structuring_vs_input,94,5,1,1,4,0,releaseDate | writer | runtime | writer,
FA,ordering_vs_input,95,2,2,2,0,0,,
FA,structuring_vs_ordering,95,2,2,2,0,0,,
FA,structuring_vs_input,95,2,2,2,0,0,,
FA,ordering_vs_input,96,4,3,3,1,0,mainIngredient,
FA,structuring_vs_ordering,96,3,3,3,0,0,,
FA,structuring_vs_input,96,4,3,3,1,0,mainIngredient,
FA,ordering_vs_input,97,1,1,1,0,0,,
FA,structuring_vs_ordering,97,1,1,1,0,0,,
FA,structuring_vs_input,97,1,1,1,0,0,,
FA,ordering_vs_input,98,2,2,2,0,0,,
FA,structuring_vs_ordering,98,2,2,2,0,0,,
FA,structuring_vs_input,98,2,2,2,0,0,,
FA,ordering_vs_input,99,1,1,1,0,0,,
FA,structuring_vs_ordering,99,1,1,1,0,0,,
FA,structuring_vs_input,99,1,1,1,0,0,,
FA,ordering_vs_input,100,3,3,3,0,0,,
FA,structuring_vs_ordering,100,3,3,3,0,0,,
FA,structuring_vs_input,100,3,3,3,0,0,,
FA,ordering_vs_input,101,2,1,1,1,0,professionalField,
FA,structuring_vs_ordering,101,1,1,1,0,0,,
FA,structuring_vs_input,101,2,1,1,1,0,professionalField,
FA,ordering_vs_input,102,1,1,1,0,0,,
FA,structuring_vs_ordering,102,1,1,1,0,0,,
FA,structuring_vs_input,102,1,1,1,0,0,,
FA,ordering_vs_input,103,2,2,2,0,0,,
FA,structuring_vs_ordering,103,2,2,2,0,0,,
FA,structuring_vs_input,103,2,2,2,0,0,,
FA,ordering_vs_input,104,4,4,4,0,0,,
FA,structuring_vs_ordering,104,4,4,4,0,0,,
FA,structuring_vs_input,104,4,4,4,0,0,,
FA,ordering_vs_input,105,5,5,5,0,0,,
FA,structuring_vs_ordering,105,5,5,5,0,0,,
FA,structuring_vs_input,105,5,5,5,0,0,,
FA,ordering_vs_input,106,6,6,6,0,0,,
FA,structuring_vs_ordering,106,6,6,6,0,0,,
FA,structuring_vs_input,106,6,6,6,0,0,,
FA,ordering_vs_input,107,2,2,2,0,0,,
FA,structuring_vs_ordering,107,2,2,2,0,0,,
FA,structuring_vs_input,107,2,2,2,0,0,,
FA,ordering_vs_input,108,1,1,1,0,0,,
FA,structuring_vs_ordering,108,1,1,1,0,0,,
FA,structuring_vs_input,108,1,1,1,0,0,,
FA,ordering_vs_input,109,5,5,5,0,0,,
FA,structuring_vs_ordering,109,5,5,5,0,0,,
FA,structuring_vs_input,109,5,5,5,0,0,,
FA,ordering_vs_input,110,2,2,2,0,0,,
FA,structuring_vs_ordering,110,2,2,2,0,0,,
FA,structuring_vs_input,110,2,2,2,0,0,,
FA,ordering_vs_input,111,5,5,5,0,0,,
FA,structuring_vs_ordering,111,5,5,5,0,0,,
FA,structuring_vs_input,111,5,5,5,0,0,,
FA,ordering_vs_input,112,4,4,4,0,0,,
FA,structuring_vs_ordering,112,4,4,4,0,0,,
FA,structuring_vs_input,112,4,4,4,0,0,,
FA,ordering_vs_input,113,5,3,3,2,0,writer | writer,
FA,structuring_vs_ordering,113,3,3,3,0,0,,
FA,structuring_vs_input,113,5,3,3,2,0,writer | writer,
FA,ordering_vs_input,114,2,2,2,0,0,,
FA,structuring_vs_ordering,114,2,2,2,0,0,,
FA,structuring_vs_input,114,2,2,2,0,0,,
FA,ordering_vs_input,115,1,1,1,0,0,,
FA,structuring_vs_ordering,115,1,1,1,0,0,,
FA,structuring_vs_input,115,1,1,1,0,0,,
FA,ordering_vs_input,116,1,1,1,0,0,,
FA,structuring_vs_ordering,116,1,1,1,0,0,,
FA,structuring_vs_input,116,1,1,1,0,0,,
FA,ordering_vs_input,117,7,6,6,1,0,type,
FA,structuring_vs_ordering,117,6,6,6,0,0,,
FA,structuring_vs_input,117,7,6,6,1,0,type,
FA,ordering_vs_input,118,3,3,3,0,0,,
FA,structuring_vs_ordering,118,3,3,3,0,0,,
FA,structuring_vs_input,118,3,3,3,0,0,,
FA,ordering_vs_input,119,3,3,3,0,0,,
FA,structuring_vs_ordering,119,3,3,3,0,0,,
FA,structuring_vs_input,119,3,3,3,0,0,,
FA,ordering_vs_input,120,1,1,1,0,0,,
FA,structuring_vs_ordering,120,1,1,1,0,0,,
FA,structuring_vs_input,120,1,1,1,0,0,,
FA,ordering_vs_input,121,3,2,2,1,0,writer,
FA,structuring_vs_ordering,121,2,2,2,0,0,,
FA,structuring_vs_input,121,3,2,2,1,0,writer,
FA,ordering_vs_input,122,4,3,3,1,0,writer,
FA,structuring_vs_ordering,122,3,3,3,0,0,,
FA,structuring_vs_input,122,4,3,3,1,0,writer,
FA,ordering_vs_input,123,2,2,2,0,0,,
FA,structuring_vs_ordering,123,2,2,2,0,0,,
FA,structuring_vs_input,123,2,2,2,0,0,,
FA,ordering_vs_input,124,3,3,3,0,0,,
FA,structuring_vs_ordering,124,3,3,3,0,0,,
FA,structuring_vs_input,124,3,3,3,0,0,,
FA,ordering_vs_input,125,2,2,2,0,0,,
FA,structuring_vs_ordering,125,2,2,2,0,0,,
FA,structuring_vs_input,125,2,2,2,0,0,,
FA,ordering_vs_input,126,2,2,2,0,0,,
FA,structuring_vs_ordering,126,2,2,2,0,0,,
FA,structuring_vs_input,126,2,2,2,0,0,,
FA,ordering_vs_input,127,1,1,1,0,0,,
FA,structuring_vs_ordering,127,1,1,1,0,0,,
FA,structuring_vs_input,127,1,1,1,0,0,,
FA,ordering_vs_input,128,3,3,3,0,0,,
FA,structuring_vs_ordering,128,3,3,3,0,0,,
FA,structuring_vs_input,128,3,3,3,0,0,,
FA,ordering_vs_input,129,5,5,5,0,0,,
FA,structuring_vs_ordering,129,5,5,5,0,0,,
FA,structuring_vs_input,129,5,5,5,0,0,,
FA,ordering_vs_input,130,3,1,1,2,0,writer | producer,
FA,structuring_vs_ordering,130,1,1,1,0,0,,
FA,structuring_vs_input,130,3,1,1,2,0,writer | producer,
FA,ordering_vs_input,131,5,5,5,0,0,,
FA,structuring_vs_ordering,131,5,5,5,0,0,,
FA,structuring_vs_input,131,5,5,5,0,0,,
FA,ordering_vs_input,132,3,3,3,0,0,,
FA,structuring_vs_ordering,132,3,3,3,0,0,,
FA,structuring_vs_input,132,3,3,3,0,0,,
FA,ordering_vs_input,133,1,1,1,0,0,,
FA,structuring_vs_ordering,133,1,1,1,0,0,,
FA,structuring_vs_input,133,1,1,1,0,0,,
FA,ordering_vs_input,134,2,2,2,0,0,,
FA,structuring_vs_ordering,134,2,2,2,0,0,,
FA,structuring_vs_input,134,2,2,2,0,0,,
FA,ordering_vs_input,135,4,3,3,1,0,producer,
FA,structuring_vs_ordering,135,3,3,3,0,0,,
FA,structuring_vs_input,135,4,3,3,1,0,producer,
FA,ordering_vs_input,136,4,4,4,0,0,,
FA,structuring_vs_ordering,136,4,4,4,0,0,,
FA,structuring_vs_input,136,4,4,4,0,0,,
FA,ordering_vs_input,137,2,2,2,0,0,,
FA,structuring_vs_ordering,137,2,2,2,0,0,,
FA,structuring_vs_input,137,2,2,2,0,0,,
FA,ordering_vs_input,138,1,1,1,0,0,,
FA,structuring_vs_ordering,138,1,1,1,0,0,,
FA,structuring_vs_input,138,1,1,1,0,0,,
FA,ordering_vs_input,139,2,2,2,0,0,,
FA,structuring_vs_ordering,139,2,2,2,0,0,,
FA,structuring_vs_input,139,2,2,2,0,0,,
FA,ordering_vs_input,140,2,2,2,0,0,,
FA,structuring_vs_ordering,140,2,2,2,0,0,,
FA,structuring_vs_input,140,2,2,2,0,0,,
FA,ordering_vs_input,141,5,5,5,0,0,,
FA,structuring_vs_ordering,141,5,5,5,0,0,,
FA,structuring_vs_input,141,5,5,5,0,0,,
FA,ordering_vs_input,142,2,2,2,0,0,,
FA,structuring_vs_ordering,142,2,2,2,0,0,,
FA,structuring_vs_input,142,2,2,2,0,0,,
FA,ordering_vs_input,143,3,3,3,0,0,,
FA,structuring_vs_ordering,143,3,3,3,0,0,,
FA,structuring_vs_input,143,3,3,3,0,0,,
FA,ordering_vs_input,144,6,6,6,0,0,,
FA,structuring_vs_ordering,144,6,6,6,0,0,,
FA,structuring_vs_input,144,6,6,6,0,0,,
FA,ordering_vs_input,145,3,2,2,1,0,mission,
FA,structuring_vs_ordering,145,2,2,2,0,0,,
FA,structuring_vs_input,145,3,2,2,1,0,mission,
FA,ordering_vs_input,146,1,1,1,0,0,,
FA,structuring_vs_ordering,146,1,1,1,0,0,,
FA,structuring_vs_input,146,1,1,1,0,0,,
FA,ordering_vs_input,147,2,2,2,0,0,,
FA,structuring_vs_ordering,147,2,2,2,0,0,,
FA,structuring_vs_input,147,2,2,2,0,0,,
FA,ordering_vs_input,148,5,4,4,1,0,producer,
FA,structuring_vs_ordering,148,4,4,4,0,0,,
FA,structuring_vs_input,148,5,4,4,1,0,producer,
FA,ordering_vs_input,149,2,2,2,0,0,,
FA,structuring_vs_ordering,149,2,2,2,0,0,,
FA,structuring_vs_input,149,2,2,2,0,0,,
FA,ordering_vs_input,150,5,3,3,2,0,producer | artist,
FA,structuring_vs_ordering,150,3,3,3,0,0,,
FA,structuring_vs_input,150,5,3,3,2,0,producer | artist,
FA,ordering_vs_input,151,4,2,2,2,0,producer | artist,
FA,structuring_vs_ordering,151,2,2,2,0,0,,
FA,structuring_vs_input,151,4,2,2,2,0,producer | artist,
FA,ordering_vs_input,152,2,2,2,0,0,,
FA,structuring_vs_ordering,152,2,2,2,0,0,,
FA,structuring_vs_input,152,2,2,2,0,0,,
FA,ordering_vs_input,153,1,1,1,0,0,,
FA,structuring_vs_ordering,153,1,1,1,0,0,,
FA,structuring_vs_input,153,1,1,1,0,0,,
FA,ordering_vs_input,154,2,2,2,0,0,,
FA,structuring_vs_ordering,154,2,2,2,0,0,,
FA,structuring_vs_input,154,2,2,2,0,0,,
FA,ordering_vs_input,155,3,3,3,0,0,,
FA,structuring_vs_ordering,155,3,3,3,0,0,,
FA,structuring_vs_input,155,3,3,3,0,0,,
FA,ordering_vs_input,156,1,1,1,0,0,,
FA,structuring_vs_ordering,156,1,1,1,0,0,,
FA,structuring_vs_input,156,1,1,1,0,0,,
FA,ordering_vs_input,157,3,3,3,0,0,,
FA,structuring_vs_ordering,157,3,3,3,0,0,,
FA,structuring_vs_input,157,3,3,3,0,0,,
FA,ordering_vs_input,158,3,3,3,0,0,,
FA,structuring_vs_ordering,158,3,3,3,0,0,,
FA,structuring_vs_input,158,3,3,3,0,0,,
FA,ordering_vs_input,159,5,2,2,3,0,writer | runtime | editing,
FA,structuring_vs_ordering,159,2,2,2,0,0,,
FA,structuring_vs_input,159,5,2,2,3,0,writer | runtime | editing,
FA,ordering_vs_input,160,6,6,6,0,0,,
FA,structuring_vs_ordering,160,6,6,6,0,0,,
FA,structuring_vs_input,160,6,6,6,0,0,,
FA,ordering_vs_input,161,3,3,3,0,0,,
FA,structuring_vs_ordering,161,3,3,3,0,0,,
FA,structuring_vs_input,161,3,3,3,0,0,,
FA,ordering_vs_input,162,3,3,3,0,0,,
FA,structuring_vs_ordering,162,3,3,3,0,0,,
FA,structuring_vs_input,162,3,3,3,0,0,,
FA,ordering_vs_input,163,6,6,6,0,0,,
FA,structuring_vs_ordering,163,6,6,6,0,0,,
FA,structuring_vs_input,163,6,6,6,0,0,,
FA,ordering_vs_input,164,5,5,5,0,0,,
FA,structuring_vs_ordering,164,5,5,5,0,0,,
FA,structuring_vs_input,164,5,5,5,0,0,,
FA,ordering_vs_input,165,6,6,6,0,0,,
FA,structuring_vs_ordering,165,6,6,6,0,0,,
FA,structuring_vs_input,165,6,6,6,0,0,,
FA,ordering_vs_input,166,3,3,3,0,0,,
FA,structuring_vs_ordering,166,3,3,3,0,0,,
FA,structuring_vs_input,166,3,3,3,0,0,,
FA,ordering_vs_input,167,5,5,5,0,0,,
FA,structuring_vs_ordering,167,5,5,5,0,0,,
FA,structuring_vs_input,167,5,5,5,0,0,,
FA,ordering_vs_input,168,3,3,3,0,0,,
FA,structuring_vs_ordering,168,3,3,3,0,0,,
FA,structuring_vs_input,168,3,3,3,0,0,,
FA,ordering_vs_input,169,1,1,1,0,0,,
FA,structuring_vs_ordering,169,1,1,1,0,0,,
FA,structuring_vs_input,169,1,1,1,0,0,,
FA,ordering_vs_input,170,3,2,2,1,0,imdbId,
FA,structuring_vs_ordering,170,2,2,2,0,0,,
FA,structuring_vs_input,170,3,2,2,1,0,imdbId,
FA,ordering_vs_input,171,4,2,2,2,0,editing | producer,
FA,structuring_vs_ordering,171,2,2,2,0,0,,
FA,structuring_vs_input,171,4,2,2,2,0,editing | producer,
FA,ordering_vs_input,172,2,2,2,0,0,,
FA,structuring_vs_ordering,172,2,2,2,0,0,,
FA,structuring_vs_input,172,2,2,2,0,0,,
FA,ordering_vs_input,173,4,4,4,0,0,,
FA,structuring_vs_ordering,173,4,4,4,0,0,,
FA,structuring_vs_input,173,4,4,4,0,0,,
FA,ordering_vs_input,174,2,2,2,0,0,,
FA,structuring_vs_ordering,174,2,2,2,0,0,,
FA,structuring_vs_input,174,2,2,2,0,0,,
FA,ordering_vs_input,175,5,5,5,0,0,,
FA,structuring_vs_ordering,175,5,5,5,0,0,,
FA,structuring_vs_input,175,5,5,5,0,0,,
FA,ordering_vs_input,176,4,3,3,1,0,type,
FA,structuring_vs_ordering,176,3,3,3,0,0,,
FA,structuring_vs_input,176,4,3,3,1,0,type,
FA,ordering_vs_input,177,1,1,1,0,0,,
FA,structuring_vs_ordering,177,1,1,1,0,0,,
FA,structuring_vs_input,177,1,1,1,0,0,,
FA,ordering_vs_input,178,2,2,2,0,0,,
FA,structuring_vs_ordering,178,2,2,2,0,0,,
FA,structuring_vs_input,178,2,2,2,0,0,,
FA,ordering_vs_input,179,3,1,1,2,0,producer | runtime,
FA,structuring_vs_ordering,179,1,1,1,0,0,,
FA,structuring_vs_input,179,3,1,1,2,0,producer | runtime,
FA,ordering_vs_input,180,4,4,4,0,0,,
FA,structuring_vs_ordering,180,4,4,4,0,0,,
FA,structuring_vs_input,180,4,4,4,0,0,,
FA,ordering_vs_input,181,3,3,3,0,0,,
FA,structuring_vs_ordering,181,3,3,3,0,0,,
FA,structuring_vs_input,181,3,3,3,0,0,,
FA,ordering_vs_input,182,6,6,6,0,0,,
FA,structuring_vs_ordering,182,6,6,6,0,0,,
FA,structuring_vs_input,182,6,6,6,0,0,,
FA,ordering_vs_input,183,4,3,3,1,0,writer,
FA,structuring_vs_ordering,183,3,3,3,0,0,,
FA,structuring_vs_input,183,4,3,3,1,0,writer,
FA,ordering_vs_input,184,3,3,3,0,0,,
FA,structuring_vs_ordering,184,3,3,3,0,0,,
FA,structuring_vs_input,184,3,3,3,0,0,,
FA,ordering_vs_input,185,1,1,1,0,0,,
FA,structuring_vs_ordering,185,1,1,1,0,0,,
FA,structuring_vs_input,185,1,1,1,0,0,,
FA,ordering_vs_input,186,4,4,4,0,0,,
FA,structuring_vs_ordering,186,4,4,4,0,0,,
FA,structuring_vs_input,186,4,4,4,0,0,,
FA,ordering_vs_input,187,3,3,3,0,0,,
FA,structuring_vs_ordering,187,3,3,3,0,0,,
FA,structuring_vs_input,187,3,3,3,0,0,,
FA,ordering_vs_input,188,4,4,4,0,0,,
FA,structuring_vs_ordering,188,4,4,4,0,0,,
FA,structuring_vs_input,188,4,4,4,0,0,,
FA,ordering_vs_input,189,4,3,3,1,0,meaning,
FA,structuring_vs_ordering,189,3,3,3,0,0,,
FA,structuring_vs_input,189,4,3,3,1,0,meaning,
FA,ordering_vs_input,190,6,5,5,1,0,professionalField,
FA,structuring_vs_ordering,190,5,5,5,0,0,,
FA,structuring_vs_input,190,6,5,5,1,0,professionalField,
FA,ordering_vs_input,191,1,1,1,0,0,,
FA,structuring_vs_ordering,191,1,1,1,0,0,,
FA,structuring_vs_input,191,1,1,1,0,0,,
FA,ordering_vs_input,192,5,3,3,2,0,type | runtime,
FA,structuring_vs_ordering,192,3,3,3,0,0,,
FA,structuring_vs_input,192,5,3,3,2,0,type | runtime,
FA,ordering_vs_input,193,5,5,5,0,0,,
FA,structuring_vs_ordering,193,5,5,5,0,0,,
FA,structuring_vs_input,193,5,5,5,0,0,,
FA,ordering_vs_input,194,4,4,4,0,0,,
FA,structuring_vs_ordering,194,4,4,4,0,0,,
FA,structuring_vs_input,194,4,4,4,0,0,,
FA,ordering_vs_input,195,1,1,1,0,0,,
FA,structuring_vs_ordering,195,1,1,1,0,0,,
FA,structuring_vs_input,195,1,1,1,0,0,,
FA,ordering_vs_input,196,1,1,1,0,0,,
FA,structuring_vs_ordering,196,1,1,1,0,0,,
FA,structuring_vs_input,196,1,1,1,0,0,,
FA,ordering_vs_input,197,5,2,2,3,0,cinematography | runtime | gross,
FA,structuring_vs_ordering,197,2,2,2,0,0,,
FA,structuring_vs_input,197,5,2,2,3,0,cinematography | runtime | gross,
FA,ordering_vs_input,198,5,5,5,0,0,,
FA,structuring_vs_ordering,198,5,5,5,0,0,,
FA,structuring_vs_input,198,5,5,5,0,0,,
FA,ordering_vs_input,199,3,3,3,0,0,,
FA,structuring_vs_ordering,199,3,3,3,0,0,,
FA,structuring_vs_input,199,3,3,3,0,0,,
FA,ordering_vs_input,200,5,5,5,0,0,,
FA,structuring_vs_ordering,200,5,5,5,0,0,,
FA,structuring_vs_input,200,5,5,5,0,0,,
FA,ordering_vs_input,201,2,2,2,0,0,,
FA,structuring_vs_ordering,201,2,2,2,0,0,,
FA,structuring_vs_input,201,2,2,2,0,0,,
FA,ordering_vs_input,202,4,4,4,0,0,,
FA,structuring_vs_ordering,202,4,4,4,0,0,,
FA,structuring_vs_input,202,4,4,4,0,0,,
FA,ordering_vs_input,203,3,3,3,0,0,,
FA,structuring_vs_ordering,203,3,3,3,0,0,,
FA,structuring_vs_input,203,3,3,3,0,0,,
FA,ordering_vs_input,204,1,1,1,0,0,,
FA,structuring_vs_ordering,204,1,1,1,0,0,,
FA,structuring_vs_input,204,1,1,1,0,0,,
FA,ordering_vs_input,205,2,2,2,0,0,,
FA,structuring_vs_ordering,205,2,2,2,0,0,,
FA,structuring_vs_input,205,2,2,2,0,0,,
FA,ordering_vs_input,206,5,4,4,1,0,citizenship,
FA,structuring_vs_ordering,206,4,4,4,0,0,,
FA,structuring_vs_input,206,5,4,4,1,0,citizenship,
FA,ordering_vs_input,207,2,2,2,0,0,,
FA,structuring_vs_ordering,207,2,2,2,0,0,,
FA,structuring_vs_input,207,2,2,2,0,0,,
FA,ordering_vs_input,208,2,2,2,0,0,,
FA,structuring_vs_ordering,208,2,2,2,0,0,,
FA,structuring_vs_input,208,2,2,2,0,0,,
FA,ordering_vs_input,209,5,5,5,0,0,,
FA,structuring_vs_ordering,209,5,5,5,0,0,,
FA,structuring_vs_input,209,5,5,5,0,0,,
FA,ordering_vs_input,210,1,1,1,0,0,,
FA,structuring_vs_ordering,210,1,1,1,0,0,,
FA,structuring_vs_input,210,1,1,1,0,0,,
FA,ordering_vs_input,211,3,3,3,0,0,,
FA,structuring_vs_ordering,211,3,3,3,0,0,,
FA,structuring_vs_input,211,3,3,3,0,0,,
FA,ordering_vs_input,212,4,1,1,3,0,runtime | editing | producer,
FA,structuring_vs_ordering,212,1,1,1,0,0,,
FA,structuring_vs_input,212,4,1,1,3,0,runtime | editing | producer,
FA,ordering_vs_input,213,5,4,4,1,0,professionalField,
FA,structuring_vs_ordering,213,4,4,4,0,0,,
FA,structuring_vs_input,213,5,4,4,1,0,professionalField,
FA,ordering_vs_input,214,1,1,1,0,0,,
FA,structuring_vs_ordering,214,1,1,1,0,0,,
FA,structuring_vs_input,214,1,1,1,0,0,,
FA,ordering_vs_input,215,3,1,1,2,0,runtime | producer,
FA,structuring_vs_ordering,215,1,1,1,0,0,,
FA,structuring_vs_input,215,3,1,1,2,0,runtime | producer,
FA,ordering_vs_input,216,4,4,4,0,0,,
FA,structuring_vs_ordering,216,4,4,4,0,0,,
FA,structuring_vs_input,216,4,4,4,0,0,,
FA,ordering_vs_input,217,1,1,1,0,0,,
FA,structuring_vs_ordering,217,1,1,1,0,0,,
FA,structuring_vs_input,217,1,1,1,0,0,,
FA,ordering_vs_input,218,1,1,1,0,0,,
FA,structuring_vs_ordering,218,1,1,1,0,0,,
FA,structuring_vs_input,218,1,1,1,0,0,,
FA,ordering_vs_input,219,3,3,3,0,0,,
FA,structuring_vs_ordering,219,3,3,3,0,0,,
FA,structuring_vs_input,219,3,3,3,0,0,,
FA,ordering_vs_input,220,4,1,1,3,0,artist | producer | runtime,
FA,structuring_vs_ordering,220,1,1,1,0,0,,
FA,structuring_vs_input,220,4,1,1,3,0,artist | producer | runtime,
FA,ordering_vs_input,221,5,3,3,2,0,citizenship | professionalField,
FA,structuring_vs_ordering,221,3,3,3,0,0,,
FA,structuring_vs_input,221,5,3,3,2,0,citizenship | professionalField,
FA,ordering_vs_input,222,3,3,3,0,0,,
FA,structuring_vs_ordering,222,3,3,3,0,0,,
FA,structuring_vs_input,222,3,3,3,0,0,,
FA,ordering_vs_input,223,1,1,1,0,0,,
FA,structuring_vs_ordering,223,1,1,1,0,0,,
FA,structuring_vs_input,223,1,1,1,0,0,,
FA,ordering_vs_input,224,1,1,1,0,0,,
FA,structuring_vs_ordering,224,1,1,1,0,0,,
FA,structuring_vs_input,224,1,1,1,0,0,,
FA,ordering_vs_input,225,3,3,3,0,0,,
FA,structuring_vs_ordering,225,3,3,3,0,0,,
FA,structuring_vs_input,225,3,3,3,0,0,,
FA,ordering_vs_input,226,2,2,2,0,0,,
FA,structuring_vs_ordering,226,2,2,2,0,0,,
FA,structuring_vs_input,226,2,2,2,0,0,,
FA,ordering_vs_input,227,4,3,3,1,0,runtime,
FA,structuring_vs_ordering,227,3,3,3,0,0,,
FA,structuring_vs_input,227,4,3,3,1,0,runtime,
FA,ordering_vs_input,228,3,3,3,0,0,,
FA,structuring_vs_ordering,228,3,3,3,0,0,,
FA,structuring_vs_input,228,3,3,3,0,0,,
FA,ordering_vs_input,229,2,2,2,0,0,,
FA,structuring_vs_ordering,229,2,2,2,0,0,,
FA,structuring_vs_input,229,2,2,2,0,0,,
FA,ordering_vs_input,230,2,2,2,0,0,,
FA,structuring_vs_ordering,230,2,2,2,0,0,,
FA,structuring_vs_input,230,2,2,2,0,0,,
FA,ordering_vs_input,231,4,3,3,1,0,editing,
FA,structuring_vs_ordering,231,3,3,3,0,0,,
FA,structuring_vs_input,231,4,3,3,1,0,editing,
FA,ordering_vs_input,232,1,1,1,0,0,,
FA,structuring_vs_ordering,232,1,1,1,0,0,,
FA,structuring_vs_input,232,1,1,1,0,0,,
FA,ordering_vs_input,233,5,5,5,0,0,,
FA,structuring_vs_ordering,233,5,5,5,0,0,,
FA,structuring_vs_input,233,5,5,5,0,0,,
FA,ordering_vs_input,234,6,2,2,4,0,producer | runtime | artist | type,
FA,structuring_vs_ordering,234,2,2,2,0,0,,
FA,structuring_vs_input,234,6,2,2,4,0,producer | runtime | artist | type,
FA,ordering_vs_input,235,3,3,3,0,0,,
FA,structuring_vs_ordering,235,3,3,3,0,0,,
FA,structuring_vs_input,235,3,3,3,0,0,,
FA,ordering_vs_input,236,5,5,5,0,0,,
FA,structuring_vs_ordering,236,5,5,5,0,0,,
FA,structuring_vs_input,236,5,5,5,0,0,,
FA,ordering_vs_input,237,7,6,6,1,0,architect,
FA,structuring_vs_ordering,237,6,6,6,0,0,,
FA,structuring_vs_input,237,7,6,6,1,0,architect,
FA,ordering_vs_input,238,6,6,6,0,0,,
FA,structuring_vs_ordering,238,6,6,6,0,0,,
FA,structuring_vs_input,238,6,6,6,0,0,,
FA,ordering_vs_input,239,4,4,4,0,0,,
FA,structuring_vs_ordering,239,4,4,4,0,0,,
FA,structuring_vs_input,239,4,4,4,0,0,,
FA,ordering_vs_input,240,3,3,3,0,0,,
FA,structuring_vs_ordering,240,3,3,3,0,0,,
FA,structuring_vs_input,240,3,3,3,0,0,,
FA,ordering_vs_input,241,2,2,2,0,0,,
FA,structuring_vs_ordering,241,2,2,2,0,0,,
FA,structuring_vs_input,241,2,2,2,0,0,,
FA,ordering_vs_input,242,4,2,2,2,0,citizenship | professionalField,
FA,structuring_vs_ordering,242,2,2,2,0,0,,
FA,structuring_vs_input,242,4,2,2,2,0,citizenship | professionalField,
FA,ordering_vs_input,243,7,6,6,1,0,type,
FA,structuring_vs_ordering,243,6,6,6,0,0,,
FA,structuring_vs_input,243,7,6,6,1,0,type,
FA,ordering_vs_input,244,6,5,5,1,0,city,
FA,structuring_vs_ordering,244,5,5,5,0,0,,
FA,structuring_vs_input,244,6,5,5,1,0,city,
FA,ordering_vs_input,245,4,4,4,0,0,,
FA,structuring_vs_ordering,245,4,4,4,0,0,,
FA,structuring_vs_input,245,4,4,4,0,0,,
FA,ordering_vs_input,246,6,6,6,0,0,,
FA,structuring_vs_ordering,246,6,6,6,0,0,,
FA,structuring_vs_input,246,6,6,6,0,0,,
FA,ordering_vs_input,247,1,1,1,0,0,,
FA,structuring_vs_ordering,247,1,1,1,0,0,,
FA,structuring_vs_input,247,1,1,1,0,0,,
FA,ordering_vs_input,248,3,3,3,0,0,,
FA,structuring_vs_ordering,248,3,3,3,0,0,,
FA,structuring_vs_input,248,3,3,3,0,0,,
FA,ordering_vs_input,249,1,1,1,0,0,,
FA,structuring_vs_ordering,249,1,1,1,0,0,,
FA,structuring_vs_input,249,1,1,1,0,0,,
FA,ordering_vs_input,250,2,2,2,0,0,,
FA,structuring_vs_ordering,250,2,2,2,0,0,,
FA,structuring_vs_input,250,2,2,2,0,0,,
FA,ordering_vs_input,251,5,5,5,0,0,,
FA,structuring_vs_ordering,251,5,5,5,0,0,,
FA,structuring_vs_input,251,5,5,5,0,0,,
FA,ordering_vs_input,252,2,2,2,0,0,,
FA,structuring_vs_ordering,252,2,2,2,0,0,,
FA,structuring_vs_input,252,2,2,2,0,0,,
FA,ordering_vs_input,253,2,2,2,0,0,,
FA,structuring_vs_ordering,253,2,2,2,0,0,,
FA,structuring_vs_input,253,2,2,2,0,0,,
FA,ordering_vs_input,254,4,4,4,0,0,,
FA,structuring_vs_ordering,254,4,4,4,0,0,,
FA,structuring_vs_input,254,4,4,4,0,0,,
FA,ordering_vs_input,255,7,3,3,4,0,recordedIn | recordedIn | releaseDate | runtime,
FA,structuring_vs_ordering,255,3,3,3,0,0,,
FA,structuring_vs_input,255,7,3,3,4,0,recordedIn | recordedIn | releaseDate | runtime,
FA,ordering_vs_input,256,5,5,5,0,0,,
FA,structuring_vs_ordering,256,5,5,5,0,0,,
FA,structuring_vs_input,256,5,5,5,0,0,,
FA,ordering_vs_input,257,1,1,1,0,0,,
FA,structuring_vs_ordering,257,1,1,1,0,0,,
FA,structuring_vs_input,257,1,1,1,0,0,,
FA,ordering_vs_input,258,4,4,4,0,0,,
FA,structuring_vs_ordering,258,4,4,4,0,0,,
FA,structuring_vs_input,258,4,4,4,0,0,,
FA,ordering_vs_input,259,3,2,2,1,0,releaseDate,
FA,structuring_vs_ordering,259,2,2,2,0,0,,
FA,structuring_vs_input,259,3,2,2,1,0,releaseDate,
FA,ordering_vs_input,260,3,3,3,0,0,,
FA,structuring_vs_ordering,260,3,3,3,0,0,,
FA,structuring_vs_input,260,3,3,3,0,0,,
FA,ordering_vs_input,261,6,2,2,4,0,runtime | artist | producer | producer,
FA,structuring_vs_ordering,261,2,2,2,0,0,,
FA,structuring_vs_input,261,6,2,2,4,0,runtime | artist | producer | producer,
FA,ordering_vs_input,262,2,2,2,0,0,,
FA,structuring_vs_ordering,262,2,2,2,0,0,,
FA,structuring_vs_input,262,2,2,2,0,0,,
FA,ordering_vs_input,263,1,1,1,0,0,,
FA,structuring_vs_ordering,263,1,1,1,0,0,,
FA,structuring_vs_input,263,1,1,1,0,0,,
FA,ordering_vs_input,264,2,1,1,1,0,professionalField,
FA,structuring_vs_ordering,264,1,1,1,0,0,,
FA,structuring_vs_input,264,2,1,1,1,0,professionalField,
FA,ordering_vs_input,265,5,5,5,0,0,,
FA,structuring_vs_ordering,265,5,5,5,0,0,,
FA,structuring_vs_input,265,5,5,5,0,0,,
FA,ordering_vs_input,266,2,2,2,0,0,,
FA,structuring_vs_ordering,266,2,2,2,0,0,,
FA,structuring_vs_input,266,2,2,2,0,0,,
FA,ordering_vs_input,267,4,3,3,1,0,mission,
FA,structuring_vs_ordering,267,3,3,3,0,0,,
FA,structuring_vs_input,267,4,3,3,1,0,mission,
FA,ordering_vs_input,268,4,4,4,0,0,,
FA,structuring_vs_ordering,268,4,4,4,0,0,,
FA,structuring_vs_input,268,4,4,4,0,0,,
FA,ordering_vs_input,269,4,4,4,0,0,,
FA,structuring_vs_ordering,269,4,4,4,0,0,,
FA,structuring_vs_input,269,4,4,4,0,0,,
FA,ordering_vs_input,270,6,6,6,0,0,,
FA,structuring_vs_ordering,270,6,6,6,0,0,,
FA,structuring_vs_input,270,6,6,6,0,0,,
FA,ordering_vs_input,271,1,1,1,0,0,,
FA,structuring_vs_ordering,271,1,1,1,0,0,,
FA,structuring_vs_input,271,1,1,1,0,0,,
FA,ordering_vs_input,272,2,2,2,0,0,,
FA,structuring_vs_ordering,272,2,2,2,0,0,,
FA,structuring_vs_input,272,2,2,2,0,0,,
FA,ordering_vs_input,273,1,1,1,0,0,,
FA,structuring_vs_ordering,273,1,1,1,0,0,,
FA,structuring_vs_input,273,1,1,1,0,0,,
FA,ordering_vs_input,274,5,5,5,0,0,,
FA,structuring_vs_ordering,274,5,5,5,0,0,,
FA,structuring_vs_input,274,5,5,5,0,0,,
FA,ordering_vs_input,275,2,2,2,0,0,,
FA,structuring_vs_ordering,275,2,2,2,0,0,,
FA,structuring_vs_input,275,2,2,2,0,0,,
FA,ordering_vs_input,276,4,2,2,2,0,cinematography | gross,
FA,structuring_vs_ordering,276,2,2,2,0,0,,
FA,structuring_vs_input,276,4,2,2,2,0,cinematography | gross,
FA,ordering_vs_input,277,1,1,1,0,0,,
FA,structuring_vs_ordering,277,1,1,1,0,0,,
FA,structuring_vs_input,277,1,1,1,0,0,,
FA,ordering_vs_input,278,6,6,6,0,0,,
FA,structuring_vs_ordering,278,6,6,6,0,0,,
FA,structuring_vs_input,278,6,6,6,0,0,,
FA,ordering_vs_input,279,4,3,3,1,0,type,
FA,structuring_vs_ordering,279,3,3,3,0,0,,
FA,structuring_vs_input,279,4,3,3,1,0,type,
FA,ordering_vs_input,280,4,3,3,1,0,runtime,
FA,structuring_vs_ordering,280,3,3,3,0,0,,
FA,structuring_vs_input,280,4,3,3,1,0,runtime,
FA,ordering_vs_input,281,5,4,4,1,0,producer,
FA,structuring_vs_ordering,281,4,4,4,0,0,,
FA,structuring_vs_input,281,5,4,4,1,0,producer,
FA,ordering_vs_input,282,1,1,1,0,0,,
FA,structuring_vs_ordering,282,1,1,1,0,0,,
FA,structuring_vs_input,282,1,1,1,0,0,,
FA,ordering_vs_input,283,5,5,5,0,0,,
FA,structuring_vs_ordering,283,5,5,5,0,0,,
FA,structuring_vs_input,283,5,5,5,0,0,,
FA,ordering_vs_input,284,5,5,5,0,0,,
FA,structuring_vs_ordering,284,5,5,5,0,0,,
FA,structuring_vs_input,284,5,5,5,0,0,,
FA,ordering_vs_input,285,2,2,2,0,0,,
FA,structuring_vs_ordering,285,2,2,2,0,0,,
FA,structuring_vs_input,285,2,2,2,0,0,,
FA,ordering_vs_input,286,3,3,3,0,0,,
FA,structuring_vs_ordering,286,3,3,3,0,0,,
FA,structuring_vs_input,286,3,3,3,0,0,,
FA,ordering_vs_input,287,2,2,2,0,0,,
FA,structuring_vs_ordering,287,2,2,2,0,0,,
FA,structuring_vs_input,287,2,2,2,0,0,,
FA,ordering_vs_input,288,3,3,3,0,0,,
FA,structuring_vs_ordering,288,3,3,3,0,0,,
FA,structuring_vs_input,288,3,3,3,0,0,,
FA,ordering_vs_input,289,3,3,3,0,0,,
FA,structuring_vs_ordering,289,3,3,3,0,0,,
FA,structuring_vs_input,289,3,3,3,0,0,,
FA,ordering_vs_input,290,2,2,2,0,0,,
FA,structuring_vs_ordering,290,2,2,2,0,0,,
FA,structuring_vs_input,290,2,2,2,0,0,,
FA,ordering_vs_input,291,4,4,4,0,0,,
FA,structuring_vs_ordering,291,4,4,4,0,0,,
FA,structuring_vs_input,291,4,4,4,0,0,,
FA,ordering_vs_input,292,4,3,3,1,0,citizenship,
FA,structuring_vs_ordering,292,3,3,3,0,0,,
FA,structuring_vs_input,292,4,3,3,1,0,citizenship,
FA,ordering_vs_input,293,4,4,4,0,0,,
FA,structuring_vs_ordering,293,4,4,4,0,0,,
FA,structuring_vs_input,293,4,4,4,0,0,,
FA,ordering_vs_input,294,3,3,3,0,0,,
FA,structuring_vs_ordering,294,3,3,3,0,0,,
FA,structuring_vs_input,294,3,3,3,0,0,,
FA,ordering_vs_input,295,5,2,2,3,0,runtime | artist | producer,
FA,structuring_vs_ordering,295,2,2,2,0,0,,
FA,structuring_vs_input,295,5,2,2,3,0,runtime | artist | producer,
FA,ordering_vs_input,296,5,5,5,0,0,,
FA,structuring_vs_ordering,296,5,5,5,0,0,,
FA,structuring_vs_input,296,5,5,5,0,0,,
FA,ordering_vs_input,297,3,3,3,0,0,,
FA,structuring_vs_ordering,297,3,3,3,0,0,,
FA,structuring_vs_input,297,3,3,3,0,0,,
FA,ordering_vs_input,298,4,4,4,0,0,,
FA,structuring_vs_ordering,298,4,4,4,0,0,,
FA,structuring_vs_input,298,4,4,4,0,0,,
FA,ordering_vs_input,299,1,1,1,0,0,,
FA,structuring_vs_ordering,299,1,1,1,0,0,,
FA,structuring_vs_input,299,1,1,1,0,0,,
FA,ordering_vs_input,300,6,6,6,0,0,,
FA,structuring_vs_ordering,300,6,6,6,0,0,,
FA,structuring_vs_input,300,6,6,6,0,0,,
FA,ordering_vs_input,301,3,2,2,1,0,professionalField,
FA,structuring_vs_ordering,301,2,2,2,0,0,,
FA,structuring_vs_input,301,3,2,2,1,0,professionalField,
FA,ordering_vs_input,302,4,4,4,0,0,,
FA,structuring_vs_ordering,302,4,4,4,0,0,,
FA,structuring_vs_input,302,4,4,4,0,0,,
FA,ordering_vs_input,303,1,1,1,0,0,,
FA,structuring_vs_ordering,303,1,1,1,0,0,,
FA,structuring_vs_input,303,1,1,1,0,0,,
FA,ordering_vs_input,304,2,2,2,0,0,,
FA,structuring_vs_ordering,304,2,2,2,0,0,,
FA,structuring_vs_input,304,2,2,2,0,0,,
FA,ordering_vs_input,305,4,2,2,2,0,industry | industry,
FA,structuring_vs_ordering,305,2,2,2,0,0,,
FA,structuring_vs_input,305,4,2,2,2,0,industry | industry,
FA,ordering_vs_input,306,3,3,3,0,0,,
FA,structuring_vs_ordering,306,3,3,3,0,0,,
FA,structuring_vs_input,306,3,3,3,0,0,,
FA,ordering_vs_input,307,3,3,3,0,0,,
FA,structuring_vs_ordering,307,3,3,3,0,0,,
FA,structuring_vs_input,307,3,3,3,0,0,,
FA,ordering_vs_input,308,3,3,3,0,0,,
FA,structuring_vs_ordering,308,3,3,3,0,0,,
FA,structuring_vs_input,308,3,3,3,0,0,,
FA,ordering_vs_input,309,5,5,5,0,0,,
FA,structuring_vs_ordering,309,5,5,5,0,0,,
FA,structuring_vs_input,309,5,5,5,0,0,,
FA,ordering_vs_input,310,4,3,3,1,0,cosparId,
FA,structuring_vs_ordering,310,3,3,3,0,0,,
FA,structuring_vs_input,310,4,3,3,1,0,cosparId,
FA,ordering_vs_input,311,3,3,3,0,0,,
FA,structuring_vs_ordering,311,3,3,3,0,0,,
FA,structuring_vs_input,311,3,3,3,0,0,,
FA,ordering_vs_input,312,3,3,3,0,0,,
FA,structuring_vs_ordering,312,3,3,3,0,0,,
FA,structuring_vs_input,312,3,3,3,0,0,,
FA,ordering_vs_input,313,2,1,1,1,0,cosparId,
FA,structuring_vs_ordering,313,1,1,1,0,0,,
FA,structuring_vs_input,313,2,1,1,1,0,cosparId,
FA,ordering_vs_input,314,4,4,4,0,0,,
FA,structuring_vs_ordering,314,4,4,4,0,0,,
FA,structuring_vs_input,314,4,4,4,0,0,,
FA,ordering_vs_input,315,2,2,2,0,0,,
FA,structuring_vs_ordering,315,2,2,2,0,0,,
FA,structuring_vs_input,315,2,2,2,0,0,,
FA,ordering_vs_input,316,1,1,1,0,0,,
FA,structuring_vs_ordering,316,1,1,1,0,0,,
FA,structuring_vs_input,316,1,1,1,0,0,,
FA,ordering_vs_input,317,1,1,1,0,0,,
FA,structuring_vs_ordering,317,1,1,1,0,0,,
FA,structuring_vs_input,317,1,1,1,0,0,,
FA,ordering_vs_input,318,4,3,3,1,0,writer,
FA,structuring_vs_ordering,318,3,3,3,0,0,,
FA,structuring_vs_input,318,4,3,3,1,0,writer,
FA,ordering_vs_input,319,4,4,4,0,0,,
FA,structuring_vs_ordering,319,4,4,4,0,0,,
FA,structuring_vs_input,319,4,4,4,0,0,,
FA,ordering_vs_input,320,1,1,1,0,0,,
FA,structuring_vs_ordering,320,1,1,1,0,0,,
FA,structuring_vs_input,320,1,1,1,0,0,,
FA,ordering_vs_input,321,3,3,3,0,0,,
FA,structuring_vs_ordering,321,3,3,3,0,0,,
FA,structuring_vs_input,321,3,3,3,0,0,,
FA,ordering_vs_input,322,4,4,4,0,0,,
FA,structuring_vs_ordering,322,4,4,4,0,0,,
FA,structuring_vs_input,322,4,4,4,0,0,,
FA,ordering_vs_input,323,5,3,3,2,0,releaseDate | producer,
FA,structuring_vs_ordering,323,3,3,3,0,0,,
FA,structuring_vs_input,323,5,3,3,2,0,releaseDate | producer,
FA,ordering_vs_input,324,4,4,4,0,0,,
FA,structuring_vs_ordering,324,4,4,4,0,0,,
FA,structuring_vs_input,324,4,4,4,0,0,,
FA,ordering_vs_input,325,1,1,1,0,0,,
FA,structuring_vs_ordering,325,1,1,1,0,0,,
FA,structuring_vs_input,325,1,1,1,0,0,,
FA,ordering_vs_input,326,3,3,3,0,0,,
FA,structuring_vs_ordering,326,3,3,3,0,0,,
FA,structuring_vs_input,326,3,3,3,0,0,,
FA,ordering_vs_input,327,2,1,1,1,0,writer,
FA,structuring_vs_ordering,327,1,1,1,0,0,,
FA,structuring_vs_input,327,2,1,1,1,0,writer,
FA,ordering_vs_input,328,5,4,4,1,0,icaoLocationIdentifier,
FA,structuring_vs_ordering,328,4,4,4,0,0,,
FA,structuring_vs_input,328,5,4,4,1,0,icaoLocationIdentifier,
FA,ordering_vs_input,329,2,2,2,0,0,,
FA,structuring_vs_ordering,329,2,2,2,0,0,,
FA,structuring_vs_input,329,2,2,2,0,0,,
FA,ordering_vs_input,330,5,5,5,0,0,,
FA,structuring_vs_ordering,330,5,5,5,0,0,,
FA,structuring_vs_input,330,5,5,5,0,0,,
FA,ordering_vs_input,331,6,4,4,2,0,editing | writer,
FA,structuring_vs_ordering,331,4,4,4,0,0,,
FA,structuring_vs_input,331,6,4,4,2,0,editing | writer,
FA,ordering_vs_input,332,5,5,5,0,0,,
FA,structuring_vs_ordering,332,5,5,5,0,0,,
FA,structuring_vs_input,332,5,5,5,0,0,,
FA,ordering_vs_input,333,2,2,2,0,0,,
FA,structuring_vs_ordering,333,2,2,2,0,0,,
FA,structuring_vs_input,333,2,2,2,0,0,,
FA,ordering_vs_input,334,3,1,1,2,0,producer | runtime,
FA,structuring_vs_ordering,334,1,1,1,0,0,,
FA,structuring_vs_input,334,3,1,1,2,0,producer | runtime,
FA,ordering_vs_input,335,1,1,1,0,0,,
FA,structuring_vs_ordering,335,1,1,1,0,0,,
FA,structuring_vs_input,335,1,1,1,0,0,,
FA,ordering_vs_input,336,4,3,3,1,0,professionalField,
FA,structuring_vs_ordering,336,3,3,3,0,0,,
FA,structuring_vs_input,336,4,3,3,1,0,professionalField,
FA,ordering_vs_input,337,1,1,1,0,0,,
FA,structuring_vs_ordering,337,1,1,1,0,0,,
FA,structuring_vs_input,337,1,1,1,0,0,,
FA,ordering_vs_input,338,1,1,1,0,0,,
FA,structuring_vs_ordering,338,1,1,1,0,0,,
FA,structuring_vs_input,338,1,1,1,0,0,,
FA,ordering_vs_input,339,3,3,3,0,0,,
FA,structuring_vs_ordering,339,3,3,3,0,0,,
FA,structuring_vs_input,339,3,3,3,0,0,,
FA,ordering_vs_input,340,1,1,1,0,0,,
FA,structuring_vs_ordering,340,1,1,1,0,0,,
FA,structuring_vs_input,340,1,1,1,0,0,,
FA,ordering_vs_input,341,3,1,1,2,0,runtime | artist,
FA,structuring_vs_ordering,341,1,1,1,0,0,,
FA,structuring_vs_input,341,3,1,1,2,0,runtime | artist,
FA,ordering_vs_input,342,5,4,4,1,0,icaoLocationIdentifier,
FA,structuring_vs_ordering,342,4,4,4,0,0,,
FA,structuring_vs_input,342,5,4,4,1,0,icaoLocationIdentifier,
FA,ordering_vs_input,343,4,3,3,1,0,writer,
FA,structuring_vs_ordering,343,3,3,3,0,0,,
FA,structuring_vs_input,343,4,3,3,1,0,writer,
FA,ordering_vs_input,344,1,1,1,0,0,,
FA,structuring_vs_ordering,344,1,1,1,0,0,,
FA,structuring_vs_input,344,1,1,1,0,0,,
FA,ordering_vs_input,345,6,5,5,1,0,writer,
FA,structuring_vs_ordering,345,5,4,4,1,0,imdbId,
FA,structuring_vs_input,345,6,4,4,2,0,imdbId | writer,
FA,ordering_vs_input,346,3,2,2,1,0,type,
FA,structuring_vs_ordering,346,2,2,2,0,0,,
FA,structuring_vs_input,346,3,2,2,1,0,type,
FA,ordering_vs_input,347,4,1,1,3,0,cinematography | runtime | gross,
FA,structuring_vs_ordering,347,1,1,1,0,0,,
FA,structuring_vs_input,347,4,1,1,3,0,cinematography | runtime | gross,
FA,ordering_vs_input,348,4,4,4,0,0,,
FA,structuring_vs_ordering,348,4,4,4,0,0,,
FA,structuring_vs_input,348,4,4,4,0,0,,
FA,ordering_vs_input,349,2,2,2,0,0,,
FA,structuring_vs_ordering,349,2,2,2,0,0,,
FA,structuring_vs_input,349,2,2,2,0,0,,
FA,ordering_vs_input,350,2,2,2,0,0,,
FA,structuring_vs_ordering,350,2,2,2,0,0,,
FA,structuring_vs_input,350,2,2,2,0,0,,
FA,ordering_vs_input,351,1,1,1,0,0,,
FA,structuring_vs_ordering,351,1,1,1,0,0,,
FA,structuring_vs_input,351,1,1,1,0,0,,
FA,ordering_vs_input,352,3,3,3,0,0,,
FA,structuring_vs_ordering,352,3,3,3,0,0,,
FA,structuring_vs_input,352,3,3,3,0,0,,
FA,ordering_vs_input,353,4,4,4,0,0,,
FA,structuring_vs_ordering,353,4,4,4,0,0,,
FA,structuring_vs_input,353,4,4,4,0,0,,
FA,ordering_vs_input,354,4,4,4,0,0,,
FA,structuring_vs_ordering,354,4,4,4,0,0,,
FA,structuring_vs_input,354,4,4,4,0,0,,
FA,ordering_vs_input,355,6,5,5,1,0,city,
FA,structuring_vs_ordering,355,5,5,5,0,0,,
FA,structuring_vs_input,355,6,5,5,1,0,city,
FA,ordering_vs_input,356,1,1,1,0,0,,
FA,structuring_vs_ordering,356,1,1,1,0,0,,
FA,structuring_vs_input,356,1,1,1,0,0,,
FA,ordering_vs_input,357,2,2,2,0,0,,
FA,structuring_vs_ordering,357,2,2,2,0,0,,
FA,structuring_vs_input,357,2,2,2,0,0,,
FA,ordering_vs_input,358,2,2,2,0,0,,
FA,structuring_vs_ordering,358,2,2,2,0,0,,
FA,structuring_vs_input,358,2,2,2,0,0,,
FA,ordering_vs_input,359,2,2,2,0,0,,
FA,structuring_vs_ordering,359,2,2,2,0,0,,
FA,structuring_vs_input,359,2,2,2,0,0,,
FA,ordering_vs_input,360,4,4,4,0,0,,
FA,structuring_vs_ordering,360,4,4,4,0,0,,
FA,structuring_vs_input,360,4,4,4,0,0,,
FA,ordering_vs_input,361,1,1,1,0,0,,
FA,structuring_vs_ordering,361,1,1,1,0,0,,
FA,structuring_vs_input,361,1,1,1,0,0,,
FA,ordering_vs_input,362,1,1,1,0,0,,
FA,structuring_vs_ordering,362,1,1,1,0,0,,
FA,structuring_vs_input,362,1,1,1,0,0,,
FA,ordering_vs_input,363,7,6,6,1,0,cinematography,
FA,structuring_vs_ordering,363,6,6,6,0,0,,
FA,structuring_vs_input,363,7,6,6,1,0,cinematography,
FA,ordering_vs_input,364,1,1,1,0,0,,
FA,structuring_vs_ordering,364,1,1,1,0,0,,
FA,structuring_vs_input,364,1,1,1,0,0,,
FA,ordering_vs_input,365,1,1,1,0,0,,
FA,structuring_vs_ordering,365,1,1,1,0,0,,
FA,structuring_vs_input,365,1,1,1,0,0,,
FA,ordering_vs_input,366,4,4,4,0,0,,
FA,structuring_vs_ordering,366,4,4,4,0,0,,
FA,structuring_vs_input,366,4,4,4,0,0,,
FA,ordering_vs_input,367,3,3,3,0,0,,
FA,structuring_vs_ordering,367,3,3,3,0,0,,
FA,structuring_vs_input,367,3,3,3,0,0,,
FA,ordering_vs_input,368,6,6,6,0,0,,
FA,structuring_vs_ordering,368,6,6,6,0,0,,
FA,structuring_vs_input,368,6,6,6,0,0,,
FA,ordering_vs_input,369,4,1,1,3,0,runtime | artist | producer,
FA,structuring_vs_ordering,369,1,1,1,0,0,,
FA,structuring_vs_input,369,4,1,1,3,0,runtime | artist | producer,
FA,ordering_vs_input,370,3,3,3,0,0,,
FA,structuring_vs_ordering,370,3,3,3,0,0,,
FA,structuring_vs_input,370,3,3,3,0,0,,
FA,ordering_vs_input,371,1,1,1,0,0,,
FA,structuring_vs_ordering,371,1,1,1,0,0,,
FA,structuring_vs_input,371,1,1,1,0,0,,
FA,ordering_vs_input,372,7,6,6,1,0,architect,
FA,structuring_vs_ordering,372,6,6,6,0,0,,
FA,structuring_vs_input,372,7,6,6,1,0,architect,
FA,ordering_vs_input,373,4,4,4,0,0,,
FA,structuring_vs_ordering,373,4,4,4,0,0,,
FA,structuring_vs_input,373,4,4,4,0,0,,
FA,ordering_vs_input,374,5,5,5,0,0,,
FA,structuring_vs_ordering,374,5,5,5,0,0,,
FA,structuring_vs_input,374,5,5,5,0,0,,
FA,ordering_vs_input,375,4,4,4,0,0,,
FA,structuring_vs_ordering,375,4,4,4,0,0,,
FA,structuring_vs_input,375,4,4,4,0,0,,
FA,ordering_vs_input,376,4,4,4,0,0,,
FA,structuring_vs_ordering,376,4,4,4,0,0,,
FA,structuring_vs_input,376,4,4,4,0,0,,
FA,ordering_vs_input,377,2,2,2,0,0,,
FA,structuring_vs_ordering,377,2,2,2,0,0,,
FA,structuring_vs_input,377,2,2,2,0,0,,
FA,ordering_vs_input,378,4,4,4,0,0,,
FA,structuring_vs_ordering,378,4,4,4,0,0,,
FA,structuring_vs_input,378,4,4,4,0,0,,
FA,ordering_vs_input,379,4,3,3,1,0,citizenship,
FA,structuring_vs_ordering,379,3,3,3,0,0,,
FA,structuring_vs_input,379,4,3,3,1,0,citizenship,
FA,ordering_vs_input,380,3,2,2,1,0,training,
FA,structuring_vs_ordering,380,2,2,2,0,0,,
FA,structuring_vs_input,380,3,2,2,1,0,training,
FA,ordering_vs_input,381,3,3,3,0,0,,
FA,structuring_vs_ordering,381,3,3,3,0,0,,
FA,structuring_vs_input,381,3,3,3,0,0,,
FA,ordering_vs_input,382,1,1,1,0,0,,
FA,structuring_vs_ordering,382,1,1,1,0,0,,
FA,structuring_vs_input,382,1,1,1,0,0,,
FA,ordering_vs_input,383,5,5,5,0,0,,
FA,structuring_vs_ordering,383,5,5,5,0,0,,
FA,structuring_vs_input,383,5,5,5,0,0,,
FA,ordering_vs_input,384,6,6,6,0,0,,
FA,structuring_vs_ordering,384,6,6,6,0,0,,
FA,structuring_vs_input,384,6,6,6,0,0,,
FA,ordering_vs_input,385,6,6,6,0,0,,
FA,structuring_vs_ordering,385,6,6,6,0,0,,
FA,structuring_vs_input,385,6,6,6,0,0,,
FA,ordering_vs_input,386,4,4,4,0,0,,
FA,structuring_vs_ordering,386,4,4,4,0,0,,
FA,structuring_vs_input,386,4,4,4,0,0,,
FA,ordering_vs_input,387,1,1,1,0,0,,
FA,structuring_vs_ordering,387,1,1,1,0,0,,
FA,structuring_vs_input,387,1,1,1,0,0,,
FA,ordering_vs_input,388,5,3,3,2,0,producer | producer,
FA,structuring_vs_ordering,388,3,3,3,0,0,,
FA,structuring_vs_input,388,5,3,3,2,0,producer | producer,
FA,ordering_vs_input,389,3,3,3,0,0,,
FA,structuring_vs_ordering,389,3,3,3,0,0,,
FA,structuring_vs_input,389,3,3,3,0,0,,
FA,ordering_vs_input,390,1,1,1,0,0,,
FA,structuring_vs_ordering,390,1,1,1,0,0,,
FA,structuring_vs_input,390,1,1,1,0,0,,
FA,ordering_vs_input,391,3,3,3,0,0,,
FA,structuring_vs_ordering,391,3,3,3,0,0,,
FA,structuring_vs_input,391,3,3,3,0,0,,
FA,ordering_vs_input,392,7,6,6,1,0,mainIngredient,
FA,structuring_vs_ordering,392,6,6,6,0,0,,
FA,structuring_vs_input,392,7,6,6,1,0,mainIngredient,
FA,ordering_vs_input,393,3,3,3,0,0,,
FA,structuring_vs_ordering,393,3,3,3,0,0,,
FA,structuring_vs_input,393,3,3,3,0,0,,
FA,ordering_vs_input,394,4,4,4,0,0,,
FA,structuring_vs_ordering,394,4,4,4,0,0,,
FA,structuring_vs_input,394,4,4,4,0,0,,
FA,ordering_vs_input,395,3,2,2,1,0,professionalField,
FA,structuring_vs_ordering,395,2,2,2,0,0,,
FA,structuring_vs_input,395,3,2,2,1,0,professionalField,
FA,ordering_vs_input,396,2,2,2,0,0,,
FA,structuring_vs_ordering,396,2,2,2,0,0,,
FA,structuring_vs_input,396,2,2,2,0,0,,
FA,ordering_vs_input,397,5,5,5,0,0,,
FA,structuring_vs_ordering,397,5,5,5,0,0,,
FA,structuring_vs_input,397,5,5,5,0,0,,
FA,ordering_vs_input,398,5,5,5,0,0,,
FA,structuring_vs_ordering,398,5,5,5,0,0,,
FA,structuring_vs_input,398,5,5,5,0,0,,
FA,ordering_vs_input,399,3,3,3,0,0,,
FA,structuring_vs_ordering,399,3,3,3,0,0,,
FA,structuring_vs_input,399,3,3,3,0,0,,
FA,ordering_vs_input,400,4,4,4,0,0,,
FA,structuring_vs_ordering,400,4,4,4,0,0,,
FA,structuring_vs_input,400,4,4,4,0,0,,
FA,ordering_vs_input,401,5,5,5,0,0,,
FA,structuring_vs_ordering,401,5,5,5,0,0,,
FA,structuring_vs_input,401,5,5,5,0,0,,
FA,ordering_vs_input,402,2,2,2,0,0,,
FA,structuring_vs_ordering,402,2,2,2,0,0,,
FA,structuring_vs_input,402,2,2,2,0,0,,
FA,ordering_vs_input,403,2,2,2,0,0,,
FA,structuring_vs_ordering,403,2,2,2,0,0,,
FA,structuring_vs_input,403,2,2,2,0,0,,
FA,ordering_vs_input,404,4,4,4,0,0,,
FA,structuring_vs_ordering,404,4,4,4,0,0,,
FA,structuring_vs_input,404,4,4,4,0,0,,
FA,ordering_vs_input,405,7,5,5,2,0,location | city,
FA,structuring_vs_ordering,405,5,5,5,0,0,,
FA,structuring_vs_input,405,7,5,5,2,0,location | city,
FA,ordering_vs_input,406,1,1,1,0,0,,
FA,structuring_vs_ordering,406,1,1,1,0,0,,
FA,structuring_vs_input,406,1,1,1,0,0,,
FA,ordering_vs_input,407,4,4,4,0,0,,
FA,structuring_vs_ordering,407,4,4,4,0,0,,
FA,structuring_vs_input,407,4,4,4,0,0,,
FA,ordering_vs_input,408,2,2,2,0,0,,
FA,structuring_vs_ordering,408,2,2,2,0,0,,
FA,structuring_vs_input,408,2,2,2,0,0,,
FA,ordering_vs_input,409,2,2,2,0,0,,
FA,structuring_vs_ordering,409,2,2,2,0,0,,
FA,structuring_vs_input,409,2,2,2,0,0,,
FA,ordering_vs_input,410,4,4,4,0,0,,
FA,structuring_vs_ordering,410,4,4,4,0,0,,
FA,structuring_vs_input,410,4,4,4,0,0,,
FA,ordering_vs_input,411,6,6,6,0,0,,
FA,structuring_vs_ordering,411,6,6,6,0,0,,
FA,structuring_vs_input,411,6,6,6,0,0,,
FA,ordering_vs_input,412,5,5,5,0,0,,
FA,structuring_vs_ordering,412,5,5,5,0,0,,
FA,structuring_vs_input,412,5,5,5,0,0,,
FA,ordering_vs_input,413,2,2,2,0,0,,
FA,structuring_vs_ordering,413,2,2,2,0,0,,
FA,structuring_vs_input,413,2,2,2,0,0,,
FA,ordering_vs_input,414,5,4,4,1,0,citizenship,
FA,structuring_vs_ordering,414,4,4,4,0,0,,
FA,structuring_vs_input,414,5,4,4,1,0,citizenship,
FA,ordering_vs_input,415,4,4,4,0,0,,
FA,structuring_vs_ordering,415,4,4,4,0,0,,
FA,structuring_vs_input,415,4,4,4,0,0,,
FA,ordering_vs_input,416,2,2,2,0,0,,
FA,structuring_vs_ordering,416,2,2,2,0,0,,
FA,structuring_vs_input,416,2,2,2,0,0,,
FA,ordering_vs_input,417,5,5,5,0,0,,
FA,structuring_vs_ordering,417,5,5,5,0,0,,
FA,structuring_vs_input,417,5,5,5,0,0,,
FA,ordering_vs_input,418,4,4,4,0,0,,
FA,structuring_vs_ordering,418,4,4,4,0,0,,
FA,structuring_vs_input,418,4,4,4,0,0,,
FA,ordering_vs_input,419,1,1,1,0,0,,
FA,structuring_vs_ordering,419,1,1,1,0,0,,
FA,structuring_vs_input,419,1,1,1,0,0,,
FA,ordering_vs_input,420,4,4,4,0,0,,
FA,structuring_vs_ordering,420,4,4,4,0,0,,
FA,structuring_vs_input,420,4,4,4,0,0,,
FA,ordering_vs_input,421,3,3,3,0,0,,
FA,structuring_vs_ordering,421,3,3,3,0,0,,
FA,structuring_vs_input,421,3,3,3,0,0,,
FA,ordering_vs_input,422,5,2,2,3,0,editing | producer | writer,
FA,structuring_vs_ordering,422,2,2,2,0,0,,
FA,structuring_vs_input,422,5,2,2,3,0,editing | producer | writer,
FA,ordering_vs_input,423,4,4,4,0,0,,
FA,structuring_vs_ordering,423,4,4,4,0,0,,
FA,structuring_vs_input,423,4,4,4,0,0,,
FA,ordering_vs_input,424,1,1,1,0,0,,
FA,structuring_vs_ordering,424,1,1,1,0,0,,
FA,structuring_vs_input,424,1,1,1,0,0,,
FA,ordering_vs_input,425,2,1,1,1,0,training,
FA,structuring_vs_ordering,425,1,1,1,0,0,,
FA,structuring_vs_input,425,2,1,1,1,0,training,
FA,ordering_vs_input,426,3,3,3,0,0,,
FA,structuring_vs_ordering,426,3,3,3,0,0,,
FA,structuring_vs_input,426,3,3,3,0,0,,
FA,ordering_vs_input,427,3,3,3,0,0,,
FA,structuring_vs_ordering,427,3,3,3,0,0,,
FA,structuring_vs_input,427,3,3,3,0,0,,
FA,ordering_vs_input,428,6,6,6,0,0,,
FA,structuring_vs_ordering,428,6,6,6,0,0,,
FA,structuring_vs_input,428,6,6,6,0,0,,
FA,ordering_vs_input,429,1,1,1,0,0,,
FA,structuring_vs_ordering,429,1,1,1,0,0,,
FA,structuring_vs_input,429,1,1,1,0,0,,
FA,ordering_vs_input,430,6,6,6,0,0,,
FA,structuring_vs_ordering,430,6,6,6,0,0,,
FA,structuring_vs_input,430,6,6,6,0,0,,
FA,ordering_vs_input,431,2,1,1,1,0,citizenship,
FA,structuring_vs_ordering,431,1,1,1,0,0,,
FA,structuring_vs_input,431,2,1,1,1,0,citizenship,
FA,ordering_vs_input,432,5,5,5,0,0,,
FA,structuring_vs_ordering,432,5,5,5,0,0,,
FA,structuring_vs_input,432,5,5,5,0,0,,
FA,ordering_vs_input,433,7,6,6,1,0,icaoLocationIdentifier,
FA,structuring_vs_ordering,433,6,6,6,0,0,,
FA,structuring_vs_input,433,7,6,6,1,0,icaoLocationIdentifier,
FA,ordering_vs_input,434,7,7,7,0,0,,
FA,structuring_vs_ordering,434,7,7,7,0,0,,
FA,structuring_vs_input,434,7,7,7,0,0,,
FA,ordering_vs_input,435,3,3,3,0,0,,
FA,structuring_vs_ordering,435,3,3,3,0,0,,
FA,structuring_vs_input,435,3,3,3,0,0,,
FA,ordering_vs_input,436,1,1,1,0,0,,
FA,structuring_vs_ordering,436,1,1,1,0,0,,
FA,structuring_vs_input,436,1,1,1,0,0,,
FA,ordering_vs_input,437,3,3,3,0,0,,
FA,structuring_vs_ordering,437,3,3,3,0,0,,
FA,structuring_vs_input,437,3,3,3,0,0,,
FA,ordering_vs_input,438,4,4,4,0,0,,
FA,structuring_vs_ordering,438,4,4,4,0,0,,
FA,structuring_vs_input,438,4,4,4,0,0,,
FA,ordering_vs_input,439,2,2,2,0,0,,
FA,structuring_vs_ordering,439,2,2,2,0,0,,
FA,structuring_vs_input,439,2,2,2,0,0,,
FA,ordering_vs_input,440,3,3,3,0,0,,
FA,structuring_vs_ordering,440,3,3,3,0,0,,
FA,structuring_vs_input,440,3,3,3,0,0,,
FA,ordering_vs_input,441,5,3,3,2,0,foundingDate | professionalField,
FA,structuring_vs_ordering,441,3,3,3,0,0,,
FA,structuring_vs_input,441,5,3,3,2,0,foundingDate | professionalField,
FA,ordering_vs_input,442,1,1,1,0,0,,
FA,structuring_vs_ordering,442,1,1,1,0,0,,
FA,structuring_vs_input,442,1,1,1,0,0,,
FA,ordering_vs_input,443,2,2,2,0,0,,
FA,structuring_vs_ordering,443,2,2,2,0,0,,
FA,structuring_vs_input,443,2,2,2,0,0,,
FA,ordering_vs_input,444,2,2,2,0,0,,
FA,structuring_vs_ordering,444,2,2,2,0,0,,
FA,structuring_vs_input,444,2,2,2,0,0,,
FA,ordering_vs_input,445,3,3,3,0,0,,
FA,structuring_vs_ordering,445,3,3,3,0,0,,
FA,structuring_vs_input,445,3,3,3,0,0,,
FA,ordering_vs_input,446,2,2,2,0,0,,
FA,structuring_vs_ordering,446,2,2,2,0,0,,
FA,structuring_vs_input,446,2,2,2,0,0,,
FA,ordering_vs_input,447,6,4,4,2,0,writer | runtime,
FA,structuring_vs_ordering,447,4,4,4,0,0,,
FA,structuring_vs_input,447,6,4,4,2,0,writer | runtime,
FA,ordering_vs_input,448,5,5,5,0,0,,
FA,structuring_vs_ordering,448,5,5,5,0,0,,
FA,structuring_vs_input,448,5,5,5,0,0,,
FA,ordering_vs_input,449,2,2,2,0,0,,
FA,structuring_vs_ordering,449,2,2,2,0,0,,
FA,structuring_vs_input,449,2,2,2,0,0,,
FA,ordering_vs_input,450,7,6,6,1,0,professionalField,
FA,structuring_vs_ordering,450,6,6,6,0,0,,
FA,structuring_vs_input,450,7,6,6,1,0,professionalField,
FA,ordering_vs_input,451,3,3,3,0,0,,
FA,structuring_vs_ordering,451,3,3,3,0,0,,
FA,structuring_vs_input,451,3,3,3,0,0,,
FA,ordering_vs_input,452,2,2,2,0,0,,
FA,structuring_vs_ordering,452,2,2,2,0,0,,
FA,structuring_vs_input,452,2,2,2,0,0,,
FA,ordering_vs_input,453,4,4,4,0,0,,
FA,structuring_vs_ordering,453,4,4,4,0,0,,
FA,structuring_vs_input,453,4,4,4,0,0,,
FA,ordering_vs_input,454,4,4,4,0,0,,
FA,structuring_vs_ordering,454,4,4,4,0,0,,
FA,structuring_vs_input,454,4,4,4,0,0,,
FA,ordering_vs_input,455,4,4,4,0,0,,
FA,structuring_vs_ordering,455,4,4,4,0,0,,
FA,structuring_vs_input,455,4,4,4,0,0,,
FA,ordering_vs_input,456,2,2,2,0,0,,
FA,structuring_vs_ordering,456,2,2,2,0,0,,
FA,structuring_vs_input,456,2,2,2,0,0,,
FA,ordering_vs_input,457,4,4,4,0,0,,
FA,structuring_vs_ordering,457,4,4,4,0,0,,
FA,structuring_vs_input,457,4,4,4,0,0,,
FA,ordering_vs_input,458,2,2,2,0,0,,
FA,structuring_vs_ordering,458,2,2,2,0,0,,
FA,structuring_vs_input,458,2,2,2,0,0,,
FA,ordering_vs_input,459,1,1,1,0,0,,
FA,structuring_vs_ordering,459,1,1,1,0,0,,
FA,structuring_vs_input,459,1,1,1,0,0,,
FA,ordering_vs_input,460,5,5,5,0,0,,
FA,structuring_vs_ordering,460,5,5,5,0,0,,
FA,structuring_vs_input,460,5,5,5,0,0,,
FA,ordering_vs_input,461,3,3,3,0,0,,
FA,structuring_vs_ordering,461,3,3,3,0,0,,
FA,structuring_vs_input,461,3,3,3,0,0,,
FA,ordering_vs_input,462,1,1,1,0,0,,
FA,structuring_vs_ordering,462,1,1,1,0,0,,
FA,structuring_vs_input,462,1,1,1,0,0,,
FA,ordering_vs_input,463,3,3,3,0,0,,
FA,structuring_vs_ordering,463,3,3,3,0,0,,
FA,structuring_vs_input,463,3,3,3,0,0,,
FA,ordering_vs_input,464,2,2,2,0,0,,
FA,structuring_vs_ordering,464,2,2,2,0,0,,
FA,structuring_vs_input,464,2,2,2,0,0,,
FA,ordering_vs_input,465,5,4,4,1,0,artist,
FA,structuring_vs_ordering,465,4,4,4,0,0,,
FA,structuring_vs_input,465,5,4,4,1,0,artist,
FA,ordering_vs_input,466,4,4,4,0,0,,
FA,structuring_vs_ordering,466,4,4,4,0,0,,
FA,structuring_vs_input,466,4,4,4,0,0,,
FA,ordering_vs_input,467,1,1,1,0,0,,
FA,structuring_vs_ordering,467,1,1,1,0,0,,
FA,structuring_vs_input,467,1,1,1,0,0,,
FA,ordering_vs_input,468,4,3,3,1,0,writer,
FA,structuring_vs_ordering,468,3,3,3,0,0,,
FA,structuring_vs_input,468,4,3,3,1,0,writer,
FA,ordering_vs_input,469,5,5,5,0,0,,
FA,structuring_vs_ordering,469,5,5,5,0,0,,
FA,structuring_vs_input,469,5,5,5,0,0,,
FA,ordering_vs_input,470,1,1,1,0,0,,
FA,structuring_vs_ordering,470,1,1,1,0,0,,
FA,structuring_vs_input,470,1,1,1,0,0,,
FA,ordering_vs_input,471,2,2,2,0,0,,
FA,structuring_vs_ordering,471,2,2,2,0,0,,
FA,structuring_vs_input,471,2,2,2,0,0,,
FA,ordering_vs_input,472,4,4,4,0,0,,
FA,structuring_vs_ordering,472,4,4,4,0,0,,
FA,structuring_vs_input,472,4,4,4,0,0,,
FA,ordering_vs_input,473,3,3,3,0,0,,
FA,structuring_vs_ordering,473,3,3,3,0,0,,
FA,structuring_vs_input,473,3,3,3,0,0,,
FA,ordering_vs_input,474,2,2,2,0,0,,
FA,structuring_vs_ordering,474,2,2,2,0,0,,
FA,structuring_vs_input,474,2,2,2,0,0,,
FA,ordering_vs_input,475,3,3,3,0,0,,
FA,structuring_vs_ordering,475,3,3,3,0,0,,
FA,structuring_vs_input,475,3,3,3,0,0,,
FA,ordering_vs_input,476,2,2,2,0,0,,
FA,structuring_vs_ordering,476,2,2,2,0,0,,
FA,structuring_vs_input,476,2,2,2,0,0,,
FA,ordering_vs_input,477,1,1,1,0,0,,
FA,structuring_vs_ordering,477,1,1,1,0,0,,
FA,structuring_vs_input,477,1,1,1,0,0,,
FA,ordering_vs_input,478,4,4,4,0,0,,
FA,structuring_vs_ordering,478,4,4,4,0,0,,
FA,structuring_vs_input,478,4,4,4,0,0,,
FA,ordering_vs_input,479,7,6,6,1,0,type,
FA,structuring_vs_ordering,479,6,6,6,0,0,,
FA,structuring_vs_input,479,7,6,6,1,0,type,
FA,ordering_vs_input,480,5,5,5,0,0,,
FA,structuring_vs_ordering,480,5,5,5,0,0,,
FA,structuring_vs_input,480,5,5,5,0,0,,
FA,ordering_vs_input,481,1,1,1,0,0,,
FA,structuring_vs_ordering,481,1,1,1,0,0,,
FA,structuring_vs_input,481,1,1,1,0,0,,
FA,ordering_vs_input,482,3,3,3,0,0,,
FA,structuring_vs_ordering,482,3,3,3,0,0,,
FA,structuring_vs_input,482,3,3,3,0,0,,
FA,ordering_vs_input,483,3,3,3,0,0,,
FA,structuring_vs_ordering,483,3,3,3,0,0,,
FA,structuring_vs_input,483,3,3,3,0,0,,
FA,ordering_vs_input,484,1,1,1,0,0,,
FA,structuring_vs_ordering,484,1,1,1,0,0,,
FA,structuring_vs_input,484,1,1,1,0,0,,
FA,ordering_vs_input,485,2,2,2,0,0,,
FA,structuring_vs_ordering,485,2,2,2,0,0,,
FA,structuring_vs_input,485,2,2,2,0,0,,
FA,ordering_vs_input,486,4,4,4,0,0,,
FA,structuring_vs_ordering,486,4,4,4,0,0,,
FA,structuring_vs_input,486,4,4,4,0,0,,
FA,ordering_vs_input,487,3,3,3,0,0,,
FA,structuring_vs_ordering,487,3,3,3,0,0,,
FA,structuring_vs_input,487,3,3,3,0,0,,
FA,ordering_vs_input,488,2,2,2,0,0,,
FA,structuring_vs_ordering,488,2,2,2,0,0,,
FA,structuring_vs_input,488,2,2,2,0,0,,
FA,ordering_vs_input,489,2,2,2,0,0,,
FA,structuring_vs_ordering,489,2,2,2,0,0,,
FA,structuring_vs_input,489,2,2,2,0,0,,
FA,ordering_vs_input,490,3,3,3,0,0,,
FA,structuring_vs_ordering,490,3,3,3,0,0,,
FA,structuring_vs_input,490,3,3,3,0,0,,
FA,ordering_vs_input,491,2,2,2,0,0,,
FA,structuring_vs_ordering,491,2,2,2,0,0,,
FA,structuring_vs_input,491,2,2,2,0,0,,
FA,ordering_vs_input,492,1,1,1,0,0,,
FA,structuring_vs_ordering,492,1,1,1,0,0,,
FA,structuring_vs_input,492,1,1,1,0,0,,
FA,ordering_vs_input,493,2,2,2,0,0,,
FA,structuring_vs_ordering,493,2,2,2,0,0,,
FA,structuring_vs_input,493,2,2,2,0,0,,
FA,ordering_vs_input,494,1,1,1,0,0,,
FA,structuring_vs_ordering,494,1,1,1,0,0,,
FA,structuring_vs_input,494,1,1,1,0,0,,
FA,ordering_vs_input,495,3,3,3,0,0,,
FA,structuring_vs_ordering,495,3,3,3,0,0,,
FA,structuring_vs_input,495,3,3,3,0,0,,
FA,ordering_vs_input,496,4,4,4,0,0,,
FA,structuring_vs_ordering,496,4,4,4,0,0,,
FA,structuring_vs_input,496,4,4,4,0,0,,
FA,ordering_vs_input,497,2,2,2,0,0,,
FA,structuring_vs_ordering,497,2,2,2,0,0,,
FA,structuring_vs_input,497,2,2,2,0,0,,
FA,ordering_vs_input,498,2,2,2,0,0,,
FA,structuring_vs_ordering,498,2,2,2,0,0,,
FA,structuring_vs_input,498,2,2,2,0,0,,
FA,ordering_vs_input,499,1,1,1,0,0,,
FA,structuring_vs_ordering,499,1,1,1,0,0,,
FA,structuring_vs_input,499,1,1,1,0,0,,
FA,ordering_vs_input,500,7,7,7,0,0,,
FA,structuring_vs_ordering,500,7,7,7,0,0,,
FA,structuring_vs_input,500,7,7,7,0,0,,
FA,ordering_vs_input,501,1,1,1,0,0,,
FA,structuring_vs_ordering,501,1,1,1,0,0,,
FA,structuring_vs_input,501,1,1,1,0,0,,
FA,ordering_vs_input,502,3,3,3,0,0,,
FA,structuring_vs_ordering,502,3,3,3,0,0,,
FA,structuring_vs_input,502,3,3,3,0,0,,
FA,ordering_vs_input,503,3,2,2,1,0,type,
FA,structuring_vs_ordering,503,2,2,2,0,0,,
FA,structuring_vs_input,503,3,2,2,1,0,type,
FA,ordering_vs_input,504,2,2,2,0,0,,
FA,structuring_vs_ordering,504,2,2,2,0,0,,
FA,structuring_vs_input,504,2,2,2,0,0,,
FA,ordering_vs_input,505,1,1,1,0,0,,
FA,structuring_vs_ordering,505,1,1,1,0,0,,
FA,structuring_vs_input,505,1,1,1,0,0,,
FA,ordering_vs_input,506,3,3,3,0,0,,
FA,structuring_vs_ordering,506,3,3,3,0,0,,
FA,structuring_vs_input,506,3,3,3,0,0,,
FA,ordering_vs_input,507,4,4,4,0,0,,
FA,structuring_vs_ordering,507,4,4,4,0,0,,
FA,structuring_vs_input,507,4,4,4,0,0,,
FA,ordering_vs_input,508,3,3,3,0,0,,
FA,structuring_vs_ordering,508,3,3,3,0,0,,
FA,structuring_vs_input,508,3,3,3,0,0,,
FA,ordering_vs_input,509,2,2,2,0,0,,
FA,structuring_vs_ordering,509,2,2,2,0,0,,
FA,structuring_vs_input,509,2,2,2,0,0,,
FA,ordering_vs_input,510,2,2,2,0,0,,
FA,structuring_vs_ordering,510,2,2,2,0,0,,
FA,structuring_vs_input,510,2,2,2,0,0,,
FA,ordering_vs_input,511,4,4,4,0,0,,
FA,structuring_vs_ordering,511,4,4,4,0,0,,
FA,structuring_vs_input,511,4,4,4,0,0,,
FA,ordering_vs_input,512,5,4,4,1,0,citizenship,
FA,structuring_vs_ordering,512,4,4,4,0,0,,
FA,structuring_vs_input,512,5,4,4,1,0,citizenship,
FA,ordering_vs_input,513,2,1,1,1,0,producer,
FA,structuring_vs_ordering,513,1,1,1,0,0,,
FA,structuring_vs_input,513,2,1,1,1,0,producer,
FA,ordering_vs_input,514,4,4,4,0,0,,
FA,structuring_vs_ordering,514,4,4,4,0,0,,
FA,structuring_vs_input,514,4,4,4,0,0,,
FA,ordering_vs_input,515,4,2,2,2,0,producer | runtime,
FA,structuring_vs_ordering,515,2,2,2,0,0,,
FA,structuring_vs_input,515,4,2,2,2,0,producer | runtime,
FA,ordering_vs_input,516,2,2,2,0,0,,
FA,structuring_vs_ordering,516,2,2,2,0,0,,
FA,structuring_vs_input,516,2,2,2,0,0,,
FA,ordering_vs_input,517,2,2,2,0,0,,
FA,structuring_vs_ordering,517,2,2,2,0,0,,
FA,structuring_vs_input,517,2,2,2,0,0,,
FA,ordering_vs_input,518,3,3,3,0,0,,
FA,structuring_vs_ordering,518,3,3,3,0,0,,
FA,structuring_vs_input,518,3,3,3,0,0,,
FA,ordering_vs_input,519,5,5,5,0,0,,
FA,structuring_vs_ordering,519,5,5,5,0,0,,
FA,structuring_vs_input,519,5,5,5,0,0,,
FA,ordering_vs_input,520,2,2,2,0,0,,
FA,structuring_vs_ordering,520,2,2,2,0,0,,
FA,structuring_vs_input,520,2,2,2,0,0,,
FA,ordering_vs_input,521,2,2,2,0,0,,
FA,structuring_vs_ordering,521,2,2,2,0,0,,
FA,structuring_vs_input,521,2,2,2,0,0,,
FA,ordering_vs_input,522,1,1,1,0,0,,
FA,structuring_vs_ordering,522,1,1,1,0,0,,
FA,structuring_vs_input,522,1,1,1,0,0,,
FA,ordering_vs_input,523,1,1,1,0,0,,
FA,structuring_vs_ordering,523,1,1,1,0,0,,
FA,structuring_vs_input,523,1,1,1,0,0,,
FA,ordering_vs_input,524,6,6,6,0,0,,
FA,structuring_vs_ordering,524,6,6,6,0,0,,
FA,structuring_vs_input,524,6,6,6,0,0,,
FA,ordering_vs_input,525,6,1,1,5,0,producer | writer | cinematography | writer | runtime,
FA,structuring_vs_ordering,525,1,1,1,0,0,,
FA,structuring_vs_input,525,6,1,1,5,0,producer | writer | cinematography | writer | runtime,
FA,ordering_vs_input,526,2,2,2,0,0,,
FA,structuring_vs_ordering,526,2,2,2,0,0,,
FA,structuring_vs_input,526,2,2,2,0,0,,
FA,ordering_vs_input,527,7,7,7,0,0,,
FA,structuring_vs_ordering,527,7,7,7,0,0,,
FA,structuring_vs_input,527,7,7,7,0,0,,
FA,ordering_vs_input,528,7,5,5,2,0,location | city,
FA,structuring_vs_ordering,528,5,5,5,0,0,,
FA,structuring_vs_input,528,7,5,5,2,0,location | city,
FA,ordering_vs_input,529,7,7,7,0,0,,
FA,structuring_vs_ordering,529,7,7,7,0,0,,
FA,structuring_vs_input,529,7,7,7,0,0,,
FA,ordering_vs_input,530,2,2,2,0,0,,
FA,structuring_vs_ordering,530,2,2,2,0,0,,
FA,structuring_vs_input,530,2,2,2,0,0,,
FA,ordering_vs_input,531,4,3,3,1,0,residence,
FA,structuring_vs_ordering,531,3,3,3,0,0,,
FA,structuring_vs_input,531,4,3,3,1,0,residence,
FA,ordering_vs_input,532,4,4,4,0,0,,
FA,structuring_vs_ordering,532,4,4,4,0,0,,
FA,structuring_vs_input,532,4,4,4,0,0,,
FA,ordering_vs_input,533,1,1,1,0,0,,
FA,structuring_vs_ordering,533,1,1,1,0,0,,
FA,structuring_vs_input,533,1,1,1,0,0,,
FA,ordering_vs_input,534,4,3,3,1,0,industry,
FA,structuring_vs_ordering,534,3,3,3,0,0,,
FA,structuring_vs_input,534,4,3,3,1,0,industry,
FA,ordering_vs_input,535,6,4,4,2,0,runtime | producer,
FA,structuring_vs_ordering,535,4,4,4,0,0,,
FA,structuring_vs_input,535,6,4,4,2,0,runtime | producer,
FA,ordering_vs_input,536,5,2,2,3,0,producer | writer | format,
FA,structuring_vs_ordering,536,2,2,2,0,0,,
FA,structuring_vs_input,536,5,2,2,3,0,producer | writer | format,
FA,ordering_vs_input,537,1,1,1,0,0,,
FA,structuring_vs_ordering,537,1,1,1,0,0,,
FA,structuring_vs_input,537,1,1,1,0,0,,
FA,ordering_vs_input,538,6,6,6,0,0,,
FA,structuring_vs_ordering,538,6,6,6,0,0,,
FA,structuring_vs_input,538,6,6,6,0,0,,
FA,ordering_vs_input,539,1,1,1,0,0,,
FA,structuring_vs_ordering,539,1,1,1,0,0,,
FA,structuring_vs_input,539,1,1,1,0,0,,
FA,ordering_vs_input,540,2,2,2,0,0,,
FA,structuring_vs_ordering,540,2,2,2,0,0,,
FA,structuring_vs_input,540,2,2,2,0,0,,
FA,ordering_vs_input,541,1,1,1,0,0,,
FA,structuring_vs_ordering,541,1,1,1,0,0,,
FA,structuring_vs_input,541,1,1,1,0,0,,
FA,ordering_vs_input,542,3,3,3,0,0,,
FA,structuring_vs_ordering,542,3,3,3,0,0,,
FA,structuring_vs_input,542,3,3,3,0,0,,
FA,ordering_vs_input,543,5,3,3,2,0,professionalField | professionalField,
FA,structuring_vs_ordering,543,3,3,3,0,0,,
FA,structuring_vs_input,543,5,3,3,2,0,professionalField | professionalField,
FA,ordering_vs_input,544,4,4,4,0,0,,
FA,structuring_vs_ordering,544,4,4,4,0,0,,
FA,structuring_vs_input,544,4,4,4,0,0,,
FA,ordering_vs_input,545,4,4,4,0,0,,
FA,structuring_vs_ordering,545,4,4,4,0,0,,
FA,structuring_vs_input,545,4,4,4,0,0,,
FA,ordering_vs_input,546,1,1,1,0,0,,
FA,structuring_vs_ordering,546,1,1,1,0,0,,
FA,structuring_vs_input,546,1,1,1,0,0,,
FA,ordering_vs_input,547,2,2,2,0,0,,
FA,structuring_vs_ordering,547,2,2,2,0,0,,
FA,structuring_vs_input,547,2,2,2,0,0,,
FA,ordering_vs_input,548,2,2,2,0,0,,
FA,structuring_vs_ordering,548,2,2,2,0,0,,
FA,structuring_vs_input,548,2,2,2,0,0,,
FA,ordering_vs_input,549,4,3,3,1,0,editing,
FA,structuring_vs_ordering,549,3,3,3,0,0,,
FA,structuring_vs_input,549,4,3,3,1,0,editing,
FA,ordering_vs_input,550,6,6,6,0,0,,
FA,structuring_vs_ordering,550,6,6,6,0,0,,
FA,structuring_vs_input,550,6,6,6,0,0,,
FA,ordering_vs_input,551,2,1,1,1,0,mission,
FA,structuring_vs_ordering,551,1,1,1,0,0,,
FA,structuring_vs_input,551,2,1,1,1,0,mission,
FA,ordering_vs_input,552,1,1,1,0,0,,
FA,structuring_vs_ordering,552,1,1,1,0,0,,
FA,structuring_vs_input,552,1,1,1,0,0,,
FA,ordering_vs_input,553,5,5,5,0,0,,
FA,structuring_vs_ordering,553,5,5,5,0,0,,
FA,structuring_vs_input,553,5,5,5,0,0,,
FA,ordering_vs_input,554,6,6,6,0,0,,
FA,structuring_vs_ordering,554,6,6,6,0,0,,
FA,structuring_vs_input,554,6,6,6,0,0,,
FA,ordering_vs_input,555,3,3,3,0,0,,
FA,structuring_vs_ordering,555,3,3,3,0,0,,
FA,structuring_vs_input,555,3,3,3,0,0,,
FA,ordering_vs_input,556,2,2,2,0,0,,
FA,structuring_vs_ordering,556,2,2,2,0,0,,
FA,structuring_vs_input,556,2,2,2,0,0,,
FA,ordering_vs_input,557,4,4,4,0,0,,
FA,structuring_vs_ordering,557,4,4,4,0,0,,
FA,structuring_vs_input,557,4,4,4,0,0,,
FA,ordering_vs_input,558,4,4,4,0,0,,
FA,structuring_vs_ordering,558,4,4,4,0,0,,
FA,structuring_vs_input,558,4,4,4,0,0,,
FA,ordering_vs_input,559,4,4,4,0,0,,
FA,structuring_vs_ordering,559,4,4,4,0,0,,
FA,structuring_vs_input,559,4,4,4,0,0,,
FA,ordering_vs_input,560,1,1,1,0,0,,
FA,structuring_vs_ordering,560,1,1,1,0,0,,
FA,structuring_vs_input,560,1,1,1,0,0,,
FA,ordering_vs_input,561,5,2,2,3,0,imdbId | writer | producer,
FA,structuring_vs_ordering,561,2,2,2,0,0,,
FA,structuring_vs_input,561,5,2,2,3,0,imdbId | writer | producer,
FA,ordering_vs_input,562,6,4,4,2,0,producer | runtime,
FA,structuring_vs_ordering,562,4,4,4,0,0,,
FA,structuring_vs_input,562,6,4,4,2,0,producer | runtime,
FA,ordering_vs_input,563,1,1,1,0,0,,
FA,structuring_vs_ordering,563,1,1,1,0,0,,
FA,structuring_vs_input,563,1,1,1,0,0,,
FA,ordering_vs_input,564,1,1,1,0,0,,
FA,structuring_vs_ordering,564,1,1,1,0,0,,
FA,structuring_vs_input,564,1,1,1,0,0,,
FA,ordering_vs_input,565,3,3,3,0,0,,
FA,structuring_vs_ordering,565,3,3,3,0,0,,
FA,structuring_vs_input,565,3,3,3,0,0,,
FA,ordering_vs_input,566,2,2,2,0,0,,
FA,structuring_vs_ordering,566,2,2,2,0,0,,
FA,structuring_vs_input,566,2,2,2,0,0,,
FA,ordering_vs_input,567,4,4,4,0,0,,
FA,structuring_vs_ordering,567,4,4,4,0,0,,
FA,structuring_vs_input,567,4,4,4,0,0,,
FA,ordering_vs_input,568,4,4,4,0,0,,
FA,structuring_vs_ordering,568,4,4,4,0,0,,
FA,structuring_vs_input,568,4,4,4,0,0,,
FA,ordering_vs_input,569,4,3,3,1,0,state,
FA,structuring_vs_ordering,569,3,3,3,0,0,,
FA,structuring_vs_input,569,4,3,3,1,0,state,
FA,ordering_vs_input,570,2,1,1,1,0,city,
FA,structuring_vs_ordering,570,1,1,1,0,0,,
FA,structuring_vs_input,570,2,1,1,1,0,city,
FA,ordering_vs_input,571,4,2,2,2,0,type | type,
FA,structuring_vs_ordering,571,2,2,2,0,0,,
FA,structuring_vs_input,571,4,2,2,2,0,type | type,
FA,ordering_vs_input,572,2,2,2,0,0,,
FA,structuring_vs_ordering,572,2,2,2,0,0,,
FA,structuring_vs_input,572,2,2,2,0,0,,
FA,ordering_vs_input,573,2,2,2,0,0,,
FA,structuring_vs_ordering,573,2,2,2,0,0,,
FA,structuring_vs_input,573,2,2,2,0,0,,
FA,ordering_vs_input,574,6,5,5,1,0,professionalField,
FA,structuring_vs_ordering,574,5,5,5,0,0,,
FA,structuring_vs_input,574,6,5,5,1,0,professionalField,
FA,ordering_vs_input,575,1,1,1,0,0,,
FA,structuring_vs_ordering,575,1,1,1,0,0,,
FA,structuring_vs_input,575,1,1,1,0,0,,
FA,ordering_vs_input,576,7,4,4,3,0,cinematography | gross | writer,
FA,structuring_vs_ordering,576,4,4,4,0,0,,
FA,structuring_vs_input,576,7,4,4,3,0,cinematography | gross | writer,
FA,ordering_vs_input,577,4,4,4,0,0,,
FA,structuring_vs_ordering,577,4,4,4,0,0,,
FA,structuring_vs_input,577,4,4,4,0,0,,
FA,ordering_vs_input,578,1,1,1,0,0,,
FA,structuring_vs_ordering,578,1,1,1,0,0,,
FA,structuring_vs_input,578,1,1,1,0,0,,
FA,ordering_vs_input,579,3,3,3,0,0,,
FA,structuring_vs_ordering,579,3,3,3,0,0,,
FA,structuring_vs_input,579,3,3,3,0,0,,
FA,ordering_vs_input,580,1,1,1,0,0,,
FA,structuring_vs_ordering,580,1,1,1,0,0,,
FA,structuring_vs_input,580,1,1,1,0,0,,
FA,ordering_vs_input,581,2,2,2,0,0,,
FA,structuring_vs_ordering,581,2,2,2,0,0,,
FA,structuring_vs_input,581,2,2,2,0,0,,
FA,ordering_vs_input,582,1,1,1,0,0,,
FA,structuring_vs_ordering,582,1,1,1,0,0,,
FA,structuring_vs_input,582,1,1,1,0,0,,
FA,ordering_vs_input,583,3,3,3,0,0,,
FA,structuring_vs_ordering,583,3,3,3,0,0,,
FA,structuring_vs_input,583,3,3,3,0,0,,
FA,ordering_vs_input,584,3,3,3,0,0,,
FA,structuring_vs_ordering,584,3,3,3,0,0,,
FA,structuring_vs_input,584,3,3,3,0,0,,
FA,ordering_vs_input,585,6,6,6,0,0,,
FA,structuring_vs_ordering,585,6,6,6,0,0,,
FA,structuring_vs_input,585,6,6,6,0,0,,
FA,ordering_vs_input,586,5,5,5,0,0,,
FA,structuring_vs_ordering,586,5,5,5,0,0,,
FA,structuring_vs_input,586,5,5,5,0,0,,
FA,ordering_vs_input,587,1,1,1,0,0,,
FA,structuring_vs_ordering,587,1,1,1,0,0,,
FA,structuring_vs_input,587,1,1,1,0,0,,
FA,ordering_vs_input,588,5,5,5,0,0,,
FA,structuring_vs_ordering,588,5,5,5,0,0,,
FA,structuring_vs_input,588,5,5,5,0,0,,
FA,ordering_vs_input,589,2,1,1,1,0,professionalField,
FA,structuring_vs_ordering,589,1,1,1,0,0,,
FA,structuring_vs_input,589,2,1,1,1,0,professionalField,
FA,ordering_vs_input,590,4,3,3,1,0,artist,
FA,structuring_vs_ordering,590,3,3,3,0,0,,
FA,structuring_vs_input,590,4,3,3,1,0,artist,
FA,ordering_vs_input,591,4,4,4,0,0,,
FA,structuring_vs_ordering,591,4,4,4,0,0,,
FA,structuring_vs_input,591,4,4,4,0,0,,
FA,ordering_vs_input,592,2,2,2,0,0,,
FA,structuring_vs_ordering,592,2,2,2,0,0,,
FA,structuring_vs_input,592,2,2,2,0,0,,
FA,ordering_vs_input,593,5,3,3,2,0,dissolutionYear | gridReference,
FA,structuring_vs_ordering,593,3,3,3,0,0,,
FA,structuring_vs_input,593,5,3,3,2,0,dissolutionYear | gridReference,
FA,ordering_vs_input,594,5,4,4,1,0,professionalField,
FA,structuring_vs_ordering,594,4,4,4,0,0,,
FA,structuring_vs_input,594,5,4,4,1,0,professionalField,
FA,ordering_vs_input,595,1,1,1,0,0,,
FA,structuring_vs_ordering,595,1,1,1,0,0,,
FA,structuring_vs_input,595,1,1,1,0,0,,
FA,ordering_vs_input,596,2,2,2,0,0,,
FA,structuring_vs_ordering,596,2,2,2,0,0,,
FA,structuring_vs_input,596,2,2,2,0,0,,
FA,ordering_vs_input,597,1,1,1,0,0,,
FA,structuring_vs_ordering,597,1,1,1,0,0,,
FA,structuring_vs_input,597,1,1,1,0,0,,
FA,ordering_vs_input,598,1,1,1,0,0,,
FA,structuring_vs_ordering,598,1,1,1,0,0,,
FA,structuring_vs_input,598,1,1,1,0,0,,
FA,ordering_vs_input,599,7,6,6,1,0,type,
FA,structuring_vs_ordering,599,6,6,6,0,0,,
FA,structuring_vs_input,599,7,6,6,1,0,type,
FA,ordering_vs_input,600,4,4,4,0,0,,
FA,structuring_vs_ordering,600,4,4,4,0,0,,
FA,structuring_vs_input,600,4,4,4,0,0,,
FA,ordering_vs_input,601,6,4,4,2,0,editing | runtime,
FA,structuring_vs_ordering,601,4,4,4,0,0,,
FA,structuring_vs_input,601,6,4,4,2,0,editing | runtime,
FA,ordering_vs_input,602,3,3,3,0,0,,
FA,structuring_vs_ordering,602,3,3,3,0,0,,
FA,structuring_vs_input,602,3,3,3,0,0,,
FA,ordering_vs_input,603,3,3,3,0,0,,
FA,structuring_vs_ordering,603,3,3,3,0,0,,
FA,structuring_vs_input,603,3,3,3,0,0,,
FA,ordering_vs_input,604,6,3,3,3,0,artist | producer | runtime,
FA,structuring_vs_ordering,604,3,3,3,0,0,,
FA,structuring_vs_input,604,6,3,3,3,0,artist | producer | runtime,
FA,ordering_vs_input,605,3,3,3,0,0,,
FA,structuring_vs_ordering,605,3,3,3,0,0,,
FA,structuring_vs_input,605,3,3,3,0,0,,
FA,ordering_vs_input,606,4,2,2,2,0,professionalField | professionalField,
FA,structuring_vs_ordering,606,2,2,2,0,0,,
FA,structuring_vs_input,606,4,2,2,2,0,professionalField | professionalField,
FA,ordering_vs_input,607,6,6,6,0,0,,
FA,structuring_vs_ordering,607,6,6,6,0,0,,
FA,structuring_vs_input,607,6,6,6,0,0,,
FA,ordering_vs_input,608,1,1,1,0,0,,
FA,structuring_vs_ordering,608,1,1,1,0,0,,
FA,structuring_vs_input,608,1,1,1,0,0,,
FA,ordering_vs_input,609,5,2,2,3,0,producer | album | format,
FA,structuring_vs_ordering,609,2,2,2,0,0,,
FA,structuring_vs_input,609,5,2,2,3,0,producer | album | format,
FA,ordering_vs_input,610,4,4,4,0,0,,
FA,structuring_vs_ordering,610,4,4,4,0,0,,
FA,structuring_vs_input,610,4,4,4,0,0,,
FA,ordering_vs_input,611,2,2,2,0,0,,
FA,structuring_vs_ordering,611,2,2,2,0,0,,
FA,structuring_vs_input,611,2,2,2,0,0,,
FA,ordering_vs_input,612,1,1,1,0,0,,
FA,structuring_vs_ordering,612,1,1,1,0,0,,
FA,structuring_vs_input,612,1,1,1,0,0,,
FA,ordering_vs_input,613,3,3,3,0,0,,
FA,structuring_vs_ordering,613,3,3,3,0,0,,
FA,structuring_vs_input,613,3,3,3,0,0,,
FA,ordering_vs_input,614,7,7,7,0,0,,
FA,structuring_vs_ordering,614,7,7,7,0,0,,
FA,structuring_vs_input,614,7,7,7,0,0,,
FA,ordering_vs_input,615,6,6,6,0,0,,
FA,structuring_vs_ordering,615,6,6,6,0,0,,
FA,structuring_vs_input,615,6,6,6,0,0,,
FA,ordering_vs_input,616,2,2,2,0,0,,
FA,structuring_vs_ordering,616,2,2,2,0,0,,
FA,structuring_vs_input,616,2,2,2,0,0,,
FA,ordering_vs_input,617,2,2,2,0,0,,
FA,structuring_vs_ordering,617,2,2,2,0,0,,
FA,structuring_vs_input,617,2,2,2,0,0,,
FA,ordering_vs_input,618,4,4,4,0,0,,
FA,structuring_vs_ordering,618,4,4,4,0,0,,
FA,structuring_vs_input,618,4,4,4,0,0,,
FA,ordering_vs_input,619,1,1,1,0,0,,
FA,structuring_vs_ordering,619,1,1,1,0,0,,
FA,structuring_vs_input,619,1,1,1,0,0,,
FA,ordering_vs_input,620,3,3,3,0,0,,
FA,structuring_vs_ordering,620,3,3,3,0,0,,
FA,structuring_vs_input,620,3,3,3,0,0,,
FA,ordering_vs_input,621,1,1,1,0,0,,
FA,structuring_vs_ordering,621,1,1,1,0,0,,
FA,structuring_vs_input,621,1,1,1,0,0,,
FA,ordering_vs_input,622,3,3,3,0,0,,
FA,structuring_vs_ordering,622,3,3,3,0,0,,
FA,structuring_vs_input,622,3,3,3,0,0,,
FA,ordering_vs_input,623,4,3,3,1,0,icaoLocationIdentifier,
FA,structuring_vs_ordering,623,3,3,3,0,0,,
FA,structuring_vs_input,623,4,3,3,1,0,icaoLocationIdentifier,
FA,ordering_vs_input,624,1,1,1,0,0,,
FA,structuring_vs_ordering,624,1,1,1,0,0,,
FA,structuring_vs_input,624,1,1,1,0,0,,
FA,ordering_vs_input,625,1,1,1,0,0,,
FA,structuring_vs_ordering,625,1,1,1,0,0,,
FA,structuring_vs_input,625,1,1,1,0,0,,
FA,ordering_vs_input,626,1,1,1,0,0,,
FA,structuring_vs_ordering,626,1,1,1,0,0,,
FA,structuring_vs_input,626,1,1,1,0,0,,
FA,ordering_vs_input,627,2,2,2,0,0,,
FA,structuring_vs_ordering,627,2,2,2,0,0,,
FA,structuring_vs_input,627,2,2,2,0,0,,
FA,ordering_vs_input,628,2,2,2,0,0,,
FA,structuring_vs_ordering,628,2,2,2,0,0,,
FA,structuring_vs_input,628,2,2,2,0,0,,
FA,ordering_vs_input,629,2,2,2,0,0,,
FA,structuring_vs_ordering,629,2,2,2,0,0,,
FA,structuring_vs_input,629,2,2,2,0,0,,
FA,ordering_vs_input,630,2,2,2,0,0,,
FA,structuring_vs_ordering,630,2,2,2,0,0,,
FA,structuring_vs_input,630,2,2,2,0,0,,
FA,ordering_vs_input,631,4,1,1,3,0,recordedIn | releaseDate | runtime,
FA,structuring_vs_ordering,631,1,1,1,0,0,,
FA,structuring_vs_input,631,4,1,1,3,0,recordedIn | releaseDate | runtime,
FA,ordering_vs_input,632,2,2,2,0,0,,
FA,structuring_vs_ordering,632,2,2,2,0,0,,
FA,structuring_vs_input,632,2,2,2,0,0,,
FA,ordering_vs_input,633,1,1,1,0,0,,
FA,structuring_vs_ordering,633,1,1,1,0,0,,
FA,structuring_vs_input,633,1,1,1,0,0,,
FA,ordering_vs_input,634,4,4,4,0,0,,
FA,structuring_vs_ordering,634,4,4,4,0,0,,
FA,structuring_vs_input,634,4,4,4,0,0,,
FA,ordering_vs_input,635,3,2,2,1,0,producer,
FA,structuring_vs_ordering,635,2,2,2,0,0,,
FA,structuring_vs_input,635,3,2,2,1,0,producer,
FA,ordering_vs_input,636,3,3,3,0,0,,
FA,structuring_vs_ordering,636,3,3,3,0,0,,
FA,structuring_vs_input,636,3,3,3,0,0,,
FA,ordering_vs_input,637,3,3,3,0,0,,
FA,structuring_vs_ordering,637,3,3,3,0,0,,
FA,structuring_vs_input,637,3,3,3,0,0,,
FA,ordering_vs_input,638,3,3,3,0,0,,
FA,structuring_vs_ordering,638,3,3,3,0,0,,
FA,structuring_vs_input,638,3,3,3,0,0,,
FA,ordering_vs_input,639,5,5,5,0,0,,
FA,structuring_vs_ordering,639,5,5,5,0,0,,
FA,structuring_vs_input,639,5,5,5,0,0,,
FA,ordering_vs_input,640,3,3,3,0,0,,
FA,structuring_vs_ordering,640,3,3,3,0,0,,
FA,structuring_vs_input,640,3,3,3,0,0,,
FA,ordering_vs_input,641,2,2,2,0,0,,
FA,structuring_vs_ordering,641,2,2,2,0,0,,
FA,structuring_vs_input,641,2,2,2,0,0,,
FA,ordering_vs_input,642,4,4,4,0,0,,
FA,structuring_vs_ordering,642,4,4,4,0,0,,
FA,structuring_vs_input,642,4,4,4,0,0,,
FA,ordering_vs_input,643,6,4,4,2,0,artist | runtime,
FA,structuring_vs_ordering,643,4,4,4,0,0,,
FA,structuring_vs_input,643,6,4,4,2,0,artist | runtime,
FA,ordering_vs_input,644,5,3,3,2,0,producer | artist,
FA,structuring_vs_ordering,644,3,3,3,0,0,,
FA,structuring_vs_input,644,5,3,3,2,0,producer | artist,
FA,ordering_vs_input,645,7,7,7,0,0,,
FA,structuring_vs_ordering,645,7,7,7,0,0,,
FA,structuring_vs_input,645,7,7,7,0,0,,
FA,ordering_vs_input,646,7,7,7,0,0,,
FA,structuring_vs_ordering,646,7,7,7,0,0,,
FA,structuring_vs_input,646,7,7,7,0,0,,
FA,ordering_vs_input,647,5,5,5,0,0,,
FA,structuring_vs_ordering,647,5,5,5,0,0,,
FA,structuring_vs_input,647,5,5,5,0,0,,
FA,ordering_vs_input,648,7,7,7,0,0,,
FA,structuring_vs_ordering,648,7,7,7,0,0,,
FA,structuring_vs_input,648,7,7,7,0,0,,
FA,ordering_vs_input,649,7,7,7,0,0,,
FA,structuring_vs_ordering,649,7,7,7,0,0,,
FA,structuring_vs_input,649,7,7,7,0,0,,
FA,ordering_vs_input,650,4,4,4,0,0,,
FA,structuring_vs_ordering,650,4,4,4,0,0,,
FA,structuring_vs_input,650,4,4,4,0,0,,
FA,ordering_vs_input,651,4,3,3,1,0,producer,
FA,structuring_vs_ordering,651,3,3,3,0,0,,
FA,structuring_vs_input,651,4,3,3,1,0,producer,
FA,ordering_vs_input,652,7,6,6,1,0,status,
FA,structuring_vs_ordering,652,6,6,6,0,0,,
FA,structuring_vs_input,652,7,6,6,1,0,status,
FA,ordering_vs_input,653,2,2,2,0,0,,
FA,structuring_vs_ordering,653,2,2,2,0,0,,
FA,structuring_vs_input,653,2,2,2,0,0,,
FA,ordering_vs_input,654,1,1,1,0,0,,
FA,structuring_vs_ordering,654,1,1,1,0,0,,
FA,structuring_vs_input,654,1,1,1,0,0,,
FA,ordering_vs_input,655,3,3,3,0,0,,
FA,structuring_vs_ordering,655,3,3,3,0,0,,
FA,structuring_vs_input,655,3,3,3,0,0,,
FA,ordering_vs_input,656,5,4,4,1,0,citizenship,
FA,structuring_vs_ordering,656,4,4,4,0,0,,
FA,structuring_vs_input,656,5,4,4,1,0,citizenship,
FA,ordering_vs_input,657,6,4,4,2,0,writer | editing,
FA,structuring_vs_ordering,657,4,4,4,0,0,,
FA,structuring_vs_input,657,6,4,4,2,0,writer | editing,
FA,ordering_vs_input,658,6,5,5,1,0,icaoLocationIdentifier,
FA,structuring_vs_ordering,658,5,5,5,0,0,,
FA,structuring_vs_input,658,6,5,5,1,0,icaoLocationIdentifier,
FA,ordering_vs_input,659,3,3,3,0,0,,
FA,structuring_vs_ordering,659,3,3,3,0,0,,
FA,structuring_vs_input,659,3,3,3,0,0,,
FA,ordering_vs_input,660,1,1,1,0,0,,
FA,structuring_vs_ordering,660,1,1,1,0,0,,
FA,structuring_vs_input,660,1,1,1,0,0,,
FA,ordering_vs_input,661,3,3,3,0,0,,
FA,structuring_vs_ordering,661,3,3,3,0,0,,
FA,structuring_vs_input,661,3,3,3,0,0,,
FA,ordering_vs_input,662,3,3,3,0,0,,
FA,structuring_vs_ordering,662,3,3,3,0,0,,
FA,structuring_vs_input,662,3,3,3,0,0,,
FA,ordering_vs_input,663,2,2,2,0,0,,
FA,structuring_vs_ordering,663,2,2,2,0,0,,
FA,structuring_vs_input,663,2,2,2,0,0,,
FA,ordering_vs_input,664,1,1,1,0,0,,
FA,structuring_vs_ordering,664,1,1,1,0,0,,
FA,structuring_vs_input,664,1,1,1,0,0,,
FA,ordering_vs_input,665,2,1,1,1,0,writer,
FA,structuring_vs_ordering,665,1,1,1,0,0,,
FA,structuring_vs_input,665,2,1,1,1,0,writer,
FA,ordering_vs_input,666,6,6,6,0,0,,
FA,structuring_vs_ordering,666,6,6,6,0,0,,
FA,structuring_vs_input,666,6,6,6,0,0,,
FA,ordering_vs_input,667,3,3,3,0,0,,
FA,structuring_vs_ordering,667,3,3,3,0,0,,
FA,structuring_vs_input,667,3,3,3,0,0,,
FA,ordering_vs_input,668,3,3,3,0,0,,
FA,structuring_vs_ordering,668,3,3,3,0,0,,
FA,structuring_vs_input,668,3,3,3,0,0,,
FA,ordering_vs_input,669,1,1,1,0,0,,
FA,structuring_vs_ordering,669,1,1,1,0,0,,
FA,structuring_vs_input,669,1,1,1,0,0,,
FA,ordering_vs_input,670,4,4,4,0,0,,
FA,structuring_vs_ordering,670,4,4,4,0,0,,
FA,structuring_vs_input,670,4,4,4,0,0,,
FA,ordering_vs_input,671,7,7,7,0,0,,
FA,structuring_vs_ordering,671,7,7,7,0,0,,
FA,structuring_vs_input,671,7,7,7,0,0,,
FA,ordering_vs_input,672,1,1,1,0,0,,
FA,structuring_vs_ordering,672,1,1,1,0,0,,
FA,structuring_vs_input,672,1,1,1,0,0,,
FA,ordering_vs_input,673,4,3,3,1,0,producer,
FA,structuring_vs_ordering,673,3,3,3,0,0,,
FA,structuring_vs_input,673,4,3,3,1,0,producer,
FA,ordering_vs_input,674,5,5,5,0,0,,
FA,structuring_vs_ordering,674,5,5,5,0,0,,
FA,structuring_vs_input,674,5,5,5,0,0,,
FA,ordering_vs_input,675,4,4,4,0,0,,
FA,structuring_vs_ordering,675,4,4,4,0,0,,
FA,structuring_vs_input,675,4,4,4,0,0,,
FA,ordering_vs_input,676,1,1,1,0,0,,
FA,structuring_vs_ordering,676,1,1,1,0,0,,
FA,structuring_vs_input,676,1,1,1,0,0,,
FA,ordering_vs_input,677,1,1,1,0,0,,
FA,structuring_vs_ordering,677,1,1,1,0,0,,
FA,structuring_vs_input,677,1,1,1,0,0,,
FA,ordering_vs_input,678,1,1,1,0,0,,
FA,structuring_vs_ordering,678,1,1,1,0,0,,
FA,structuring_vs_input,678,1,1,1,0,0,,
FA,ordering_vs_input,679,2,2,2,0,0,,
FA,structuring_vs_ordering,679,2,2,2,0,0,,
FA,structuring_vs_input,679,2,2,2,0,0,,
FA,ordering_vs_input,680,4,3,3,1,0,professionalField,
FA,structuring_vs_ordering,680,3,3,3,0,0,,
FA,structuring_vs_input,680,4,3,3,1,0,professionalField,
FA,ordering_vs_input,681,5,5,5,0,0,,
FA,structuring_vs_ordering,681,5,5,5,0,0,,
FA,structuring_vs_input,681,5,5,5,0,0,,
FA,ordering_vs_input,682,4,4,4,0,0,,
FA,structuring_vs_ordering,682,4,4,4,0,0,,
FA,structuring_vs_input,682,4,4,4,0,0,,
FA,ordering_vs_input,683,6,6,6,0,0,,
FA,structuring_vs_ordering,683,6,6,6,0,0,,
FA,structuring_vs_input,683,6,6,6,0,0,,
FA,ordering_vs_input,684,2,2,2,0,0,,
FA,structuring_vs_ordering,684,2,2,2,0,0,,
FA,structuring_vs_input,684,2,2,2,0,0,,
FA,ordering_vs_input,685,5,5,5,0,0,,
FA,structuring_vs_ordering,685,5,5,5,0,0,,
FA,structuring_vs_input,685,5,5,5,0,0,,
FA,ordering_vs_input,686,5,5,5,0,0,,
FA,structuring_vs_ordering,686,5,5,5,0,0,,
FA,structuring_vs_input,686,5,5,5,0,0,,
FA,ordering_vs_input,687,1,1,1,0,0,,
FA,structuring_vs_ordering,687,1,1,1,0,0,,
FA,structuring_vs_input,687,1,1,1,0,0,,
FA,ordering_vs_input,688,1,1,1,0,0,,
FA,structuring_vs_ordering,688,1,1,1,0,0,,
FA,structuring_vs_input,688,1,1,1,0,0,,
FA,ordering_vs_input,689,5,2,2,3,0,recordedIn | recordedIn | runtime,
FA,structuring_vs_ordering,689,2,2,2,0,0,,
FA,structuring_vs_input,689,5,2,2,3,0,recordedIn | recordedIn | runtime,
FA,ordering_vs_input,690,3,2,2,1,0,artist,
FA,structuring_vs_ordering,690,2,2,2,0,0,,
FA,structuring_vs_input,690,3,2,2,1,0,artist,
FA,ordering_vs_input,691,6,6,6,0,0,,
FA,structuring_vs_ordering,691,6,6,6,0,0,,
FA,structuring_vs_input,691,6,6,6,0,0,,
FA,ordering_vs_input,692,4,3,3,1,0,writer,
FA,structuring_vs_ordering,692,3,3,3,0,0,,
FA,structuring_vs_input,692,4,3,3,1,0,writer,
FA,ordering_vs_input,693,4,4,4,0,0,,
FA,structuring_vs_ordering,693,4,4,4,0,0,,
FA,structuring_vs_input,693,4,4,4,0,0,,
FA,ordering_vs_input,694,4,4,4,0,0,,
FA,structuring_vs_ordering,694,4,4,4,0,0,,
FA,structuring_vs_input,694,4,4,4,0,0,,
FA,ordering_vs_input,695,1,1,1,0,0,,
FA,structuring_vs_ordering,695,1,1,1,0,0,,
FA,structuring_vs_input,695,1,1,1,0,0,,
FA,ordering_vs_input,696,3,3,3,0,0,,
FA,structuring_vs_ordering,696,3,3,3,0,0,,
FA,structuring_vs_input,696,3,3,3,0,0,,
FA,ordering_vs_input,697,7,7,7,0,0,,
FA,structuring_vs_ordering,697,7,7,7,0,0,,
FA,structuring_vs_input,697,7,7,7,0,0,,
FA,ordering_vs_input,698,4,2,2,2,0,runtime | type,
FA,structuring_vs_ordering,698,2,2,2,0,0,,
FA,structuring_vs_input,698,4,2,2,2,0,runtime | type,
FA,ordering_vs_input,699,3,3,3,0,0,,
FA,structuring_vs_ordering,699,3,3,3,0,0,,
FA,structuring_vs_input,699,3,3,3,0,0,,
FA,ordering_vs_input,700,5,5,5,0,0,,
FA,structuring_vs_ordering,700,5,5,5,0,0,,
FA,structuring_vs_input,700,5,5,5,0,0,,
FA,ordering_vs_input,701,6,3,3,3,0,recordedIn | recordedIn | runtime,
FA,structuring_vs_ordering,701,3,3,3,0,0,,
FA,structuring_vs_input,701,6,3,3,3,0,recordedIn | recordedIn | runtime,
FA,ordering_vs_input,702,1,1,1,0,0,,
FA,structuring_vs_ordering,702,1,1,1,0,0,,
FA,structuring_vs_input,702,1,1,1,0,0,,
FA,ordering_vs_input,703,2,2,2,0,0,,
FA,structuring_vs_ordering,703,2,2,2,0,0,,
FA,structuring_vs_input,703,2,2,2,0,0,,
FA,ordering_vs_input,704,1,1,1,0,0,,
FA,structuring_vs_ordering,704,1,1,1,0,0,,
FA,structuring_vs_input,704,1,1,1,0,0,,
FA,ordering_vs_input,705,5,4,4,1,0,citizenship,
FA,structuring_vs_ordering,705,4,4,4,0,0,,
FA,structuring_vs_input,705,5,4,4,1,0,citizenship,
FA,ordering_vs_input,706,6,4,4,2,0,citizenship | professionalField,
FA,structuring_vs_ordering,706,4,4,4,0,0,,
FA,structuring_vs_input,706,6,4,4,2,0,citizenship | professionalField,
FA,ordering_vs_input,707,3,2,2,1,0,recordedIn,
FA,structuring_vs_ordering,707,2,2,2,0,0,,
FA,structuring_vs_input,707,3,2,2,1,0,recordedIn,
FA,ordering_vs_input,708,7,7,7,0,0,,
FA,structuring_vs_ordering,708,7,7,7,0,0,,
FA,structuring_vs_input,708,7,7,7,0,0,,
FA,ordering_vs_input,709,5,4,4,1,0,training,
FA,structuring_vs_ordering,709,4,4,4,0,0,,
FA,structuring_vs_input,709,5,4,4,1,0,training,
FA,ordering_vs_input,710,2,2,2,0,0,,
FA,structuring_vs_ordering,710,2,2,2,0,0,,
FA,structuring_vs_input,710,2,2,2,0,0,,
FA,ordering_vs_input,711,6,6,6,0,0,,
FA,structuring_vs_ordering,711,6,6,6,0,0,,
FA,structuring_vs_input,711,6,6,6,0,0,,
FA,ordering_vs_input,712,2,1,1,1,0,producer,
FA,structuring_vs_ordering,712,1,1,1,0,0,,
FA,structuring_vs_input,712,2,1,1,1,0,producer,
FA,ordering_vs_input,713,2,2,2,0,0,,
FA,structuring_vs_ordering,713,2,2,2,0,0,,
FA,structuring_vs_input,713,2,2,2,0,0,,
FA,ordering_vs_input,714,3,3,3,0,0,,
FA,structuring_vs_ordering,714,3,3,3,0,0,,
FA,structuring_vs_input,714,3,3,3,0,0,,
FA,ordering_vs_input,715,1,1,1,0,0,,
FA,structuring_vs_ordering,715,1,1,1,0,0,,
FA,structuring_vs_input,715,1,1,1,0,0,,
FA,ordering_vs_input,716,3,3,3,0,0,,
FA,structuring_vs_ordering,716,3,3,3,0,0,,
FA,structuring_vs_input,716,3,3,3,0,0,,
FA,ordering_vs_input,717,2,2,2,0,0,,
FA,structuring_vs_ordering,717,2,2,2,0,0,,
FA,structuring_vs_input,717,2,2,2,0,0,,
FA,ordering_vs_input,718,2,1,1,1,0,writer,
FA,structuring_vs_ordering,718,1,1,1,0,0,,
FA,structuring_vs_input,718,2,1,1,1,0,writer,
FA,ordering_vs_input,719,1,1,1,0,0,,
FA,structuring_vs_ordering,719,1,1,1,0,0,,
FA,structuring_vs_input,719,1,1,1,0,0,,
FA,ordering_vs_input,720,3,3,3,0,0,,
FA,structuring_vs_ordering,720,3,3,3,0,0,,
FA,structuring_vs_input,720,3,3,3,0,0,,
FA,ordering_vs_input,721,2,2,2,0,0,,
FA,structuring_vs_ordering,721,2,2,2,0,0,,
FA,structuring_vs_input,721,2,2,2,0,0,,
FA,ordering_vs_input,722,2,2,2,0,0,,
FA,structuring_vs_ordering,722,2,2,2,0,0,,
FA,structuring_vs_input,722,2,2,2,0,0,,
FA,ordering_vs_input,723,1,1,1,0,0,,
FA,structuring_vs_ordering,723,1,1,1,0,0,,
FA,structuring_vs_input,723,1,1,1,0,0,,
FA,ordering_vs_input,724,2,2,2,0,0,,
FA,structuring_vs_ordering,724,2,2,2,0,0,,
FA,structuring_vs_input,724,2,2,2,0,0,,
FA,ordering_vs_input,725,3,3,3,0,0,,
FA,structuring_vs_ordering,725,3,3,3,0,0,,
FA,structuring_vs_input,725,3,3,3,0,0,,
FA,ordering_vs_input,726,1,1,1,0,0,,
FA,structuring_vs_ordering,726,1,1,1,0,0,,
FA,structuring_vs_input,726,1,1,1,0,0,,
FA,ordering_vs_input,727,6,6,6,0,0,,
FA,structuring_vs_ordering,727,6,6,6,0,0,,
FA,structuring_vs_input,727,6,6,6,0,0,,
FA,ordering_vs_input,728,1,1,1,0,0,,
FA,structuring_vs_ordering,728,1,1,1,0,0,,
FA,structuring_vs_input,728,1,1,1,0,0,,
FA,ordering_vs_input,729,1,1,1,0,0,,
FA,structuring_vs_ordering,729,1,1,1,0,0,,
FA,structuring_vs_input,729,1,1,1,0,0,,
FA,ordering_vs_input,730,4,3,3,1,0,producer,
FA,structuring_vs_ordering,730,3,3,3,0,0,,
FA,structuring_vs_input,730,4,3,3,1,0,producer,
FA,ordering_vs_input,731,6,6,6,0,0,,
FA,structuring_vs_ordering,731,6,6,6,0,0,,
FA,structuring_vs_input,731,6,6,6,0,0,,
FA,ordering_vs_input,732,5,1,1,4,0,runtime | artist | producer | producer,
FA,structuring_vs_ordering,732,1,1,1,0,0,,
FA,structuring_vs_input,732,5,1,1,4,0,runtime | artist | producer | producer,
FA,ordering_vs_input,733,6,6,6,0,0,,
FA,structuring_vs_ordering,733,6,6,6,0,0,,
FA,structuring_vs_input,733,6,6,6,0,0,,
FA,ordering_vs_input,734,3,3,3,0,0,,
FA,structuring_vs_ordering,734,3,3,3,0,0,,
FA,structuring_vs_input,734,3,3,3,0,0,,
FA,ordering_vs_input,735,7,7,7,0,0,,
FA,structuring_vs_ordering,735,7,7,7,0,0,,
FA,structuring_vs_input,735,7,7,7,0,0,,
FA,ordering_vs_input,736,4,3,3,1,0,citizenship,
FA,structuring_vs_ordering,736,3,3,3,0,0,,
FA,structuring_vs_input,736,4,3,3,1,0,citizenship,
FA,ordering_vs_input,737,3,3,3,0,0,,
FA,structuring_vs_ordering,737,3,3,3,0,0,,
FA,structuring_vs_input,737,3,3,3,0,0,,
FA,ordering_vs_input,738,3,3,3,0,0,,
FA,structuring_vs_ordering,738,3,3,3,0,0,,
FA,structuring_vs_input,738,3,3,3,0,0,,
FA,ordering_vs_input,739,3,3,3,0,0,,
FA,structuring_vs_ordering,739,3,3,3,0,0,,
FA,structuring_vs_input,739,3,3,3,0,0,,
FA,ordering_vs_input,740,3,3,3,0,0,,
FA,structuring_vs_ordering,740,3,3,3,0,0,,
FA,structuring_vs_input,740,3,3,3,0,0,,
FA,ordering_vs_input,741,7,5,5,2,0,editing | writer,
FA,structuring_vs_ordering,741,5,5,5,0,0,,
FA,structuring_vs_input,741,7,5,5,2,0,editing | writer,
FA,ordering_vs_input,742,5,4,4,1,0,professionalField,
FA,structuring_vs_ordering,742,4,4,4,0,0,,
FA,structuring_vs_input,742,5,4,4,1,0,professionalField,
FA,ordering_vs_input,743,4,4,4,0,0,,
FA,structuring_vs_ordering,743,4,4,4,0,0,,
FA,structuring_vs_input,743,4,4,4,0,0,,
FA,ordering_vs_input,744,3,3,3,0,0,,
FA,structuring_vs_ordering,744,3,3,3,0,0,,
FA,structuring_vs_input,744,3,3,3,0,0,,
FA,ordering_vs_input,745,7,6,6,1,0,selectedByNasa,
FA,structuring_vs_ordering,745,6,6,6,0,0,,
FA,structuring_vs_input,745,7,6,6,1,0,selectedByNasa,
FA,ordering_vs_input,746,2,2,2,0,0,,
FA,structuring_vs_ordering,746,2,2,2,0,0,,
FA,structuring_vs_input,746,2,2,2,0,0,,
FA,ordering_vs_input,747,7,5,5,2,0,mission | award,
FA,structuring_vs_ordering,747,5,5,5,0,0,,
FA,structuring_vs_input,747,7,5,5,2,0,mission | award,
FA,ordering_vs_input,748,3,1,1,2,0,runtime | producer,
FA,structuring_vs_ordering,748,1,1,1,0,0,,
FA,structuring_vs_input,748,3,1,1,2,0,runtime | producer,
FA,ordering_vs_input,749,3,3,3,0,0,,
FA,structuring_vs_ordering,749,3,3,3,0,0,,
FA,structuring_vs_input,749,3,3,3,0,0,,
FA,ordering_vs_input,750,3,1,1,2,0,cinematography | gross,
FA,structuring_vs_ordering,750,1,1,1,0,0,,
FA,structuring_vs_input,750,3,1,1,2,0,cinematography | gross,
FA,ordering_vs_input,751,2,2,2,0,0,,
FA,structuring_vs_ordering,751,2,2,2,0,0,,
FA,structuring_vs_input,751,2,2,2,0,0,,
FA,ordering_vs_input,752,5,5,5,0,0,,
FA,structuring_vs_ordering,752,5,5,5,0,0,,
FA,structuring_vs_input,752,5,5,5,0,0,,
FA,ordering_vs_input,753,7,2,2,5,0,artist | producer | runtime | recordedIn | recordedIn,
FA,structuring_vs_ordering,753,2,2,2,0,0,,
FA,structuring_vs_input,753,7,2,2,5,0,artist | producer | runtime | recordedIn | recordedIn,
FA,ordering_vs_input,754,4,3,3,1,0,imdbId,
FA,structuring_vs_ordering,754,3,3,3,0,0,,
FA,structuring_vs_input,754,4,3,3,1,0,imdbId,
FA,ordering_vs_input,755,4,3,3,1,0,professionalField,
FA,structuring_vs_ordering,755,3,3,3,0,0,,
FA,structuring_vs_input,755,4,3,3,1,0,professionalField,
FA,ordering_vs_input,756,2,2,2,0,0,,
FA,structuring_vs_ordering,756,2,2,2,0,0,,
FA,structuring_vs_input,756,2,2,2,0,0,,
FA,ordering_vs_input,757,3,3,3,0,0,,
FA,structuring_vs_ordering,757,3,3,3,0,0,,
FA,structuring_vs_input,757,3,3,3,0,0,,
FA,ordering_vs_input,758,2,2,2,0,0,,
FA,structuring_vs_ordering,758,2,2,2,0,0,,
FA,structuring_vs_input,758,2,2,2,0,0,,
FA,ordering_vs_input,759,4,4,4,0,0,,
FA,structuring_vs_ordering,759,4,4,4,0,0,,
FA,structuring_vs_input,759,4,4,4,0,0,,
FA,ordering_vs_input,760,2,2,2,0,0,,
FA,structuring_vs_ordering,760,2,2,2,0,0,,
FA,structuring_vs_input,760,2,2,2,0,0,,
FA,ordering_vs_input,761,2,1,1,1,0,producer,
FA,structuring_vs_ordering,761,1,1,1,0,0,,
FA,structuring_vs_input,761,2,1,1,1,0,producer,
FA,ordering_vs_input,762,5,5,5,0,0,,
FA,structuring_vs_ordering,762,5,5,5,0,0,,
FA,structuring_vs_input,762,5,5,5,0,0,,
FA,ordering_vs_input,763,5,4,4,1,0,training,
FA,structuring_vs_ordering,763,4,4,4,0,0,,
FA,structuring_vs_input,763,5,4,4,1,0,training,
FA,ordering_vs_input,764,6,6,6,0,0,,
FA,structuring_vs_ordering,764,6,6,6,0,0,,
FA,structuring_vs_input,764,6,6,6,0,0,,
FA,ordering_vs_input,765,1,1,1,0,0,,
FA,structuring_vs_ordering,765,1,1,1,0,0,,
FA,structuring_vs_input,765,1,1,1,0,0,,
FA,ordering_vs_input,766,5,3,3,2,0,writer | writer,
FA,structuring_vs_ordering,766,3,3,3,0,0,,
FA,structuring_vs_input,766,5,3,3,2,0,writer | writer,
FA,ordering_vs_input,767,6,5,5,1,0,state,
FA,structuring_vs_ordering,767,5,5,5,0,0,,
FA,structuring_vs_input,767,6,5,5,1,0,state,
FA,ordering_vs_input,768,3,3,3,0,0,,
FA,structuring_vs_ordering,768,3,3,3,0,0,,
FA,structuring_vs_input,768,3,3,3,0,0,,
FA,ordering_vs_input,769,6,5,5,1,0,location,
FA,structuring_vs_ordering,769,5,5,5,0,0,,
FA,structuring_vs_input,769,6,5,5,1,0,location,
FA,ordering_vs_input,770,2,2,2,0,0,,
FA,structuring_vs_ordering,770,2,2,2,0,0,,
FA,structuring_vs_input,770,2,2,2,0,0,,
FA,ordering_vs_input,771,6,1,1,5,0,writer | writer | producer | album | format,
FA,structuring_vs_ordering,771,1,1,1,0,0,,
FA,structuring_vs_input,771,6,1,1,5,0,writer | writer | producer | album | format,
FA,ordering_vs_input,772,1,1,1,0,0,,
FA,structuring_vs_ordering,772,1,1,1,0,0,,
FA,structuring_vs_input,772,1,1,1,0,0,,
FA,ordering_vs_input,773,6,6,6,0,0,,
FA,structuring_vs_ordering,773,6,6,6,0,0,,
FA,structuring_vs_input,773,6,6,6,0,0,,
FA,ordering_vs_input,774,4,4,4,0,0,,
FA,structuring_vs_ordering,774,4,4,4,0,0,,
FA,structuring_vs_input,774,4,4,4,0,0,,
FA,ordering_vs_input,775,2,2,2,0,0,,
FA,structuring_vs_ordering,775,2,2,2,0,0,,
FA,structuring_vs_input,775,2,2,2,0,0,,
FA,ordering_vs_input,776,3,1,1,2,0,writer | writer,
FA,structuring_vs_ordering,776,1,1,1,0,0,,
FA,structuring_vs_input,776,3,1,1,2,0,writer | writer,
FA,ordering_vs_input,777,2,2,2,0,0,,
FA,structuring_vs_ordering,777,2,2,2,0,0,,
FA,structuring_vs_input,777,2,2,2,0,0,,
FA,ordering_vs_input,778,3,3,3,0,0,,
FA,structuring_vs_ordering,778,3,3,3,0,0,,
FA,structuring_vs_input,778,3,3,3,0,0,,
FA,ordering_vs_input,779,2,1,1,1,0,producer,
FA,structuring_vs_ordering,779,1,1,1,0,0,,
FA,structuring_vs_input,779,2,1,1,1,0,producer,
FA,ordering_vs_input,780,2,2,2,0,0,,
FA,structuring_vs_ordering,780,2,2,2,0,0,,
FA,structuring_vs_input,780,2,2,2,0,0,,
FA,ordering_vs_input,781,2,2,2,0,0,,
FA,structuring_vs_ordering,781,2,2,2,0,0,,
FA,structuring_vs_input,781,2,2,2,0,0,,
FA,ordering_vs_input,782,4,4,4,0,0,,
FA,structuring_vs_ordering,782,4,4,4,0,0,,
FA,structuring_vs_input,782,4,4,4,0,0,,
FA,ordering_vs_input,783,3,1,1,2,0,artist | recordedIn,
FA,structuring_vs_ordering,783,1,1,1,0,0,,
FA,structuring_vs_input,783,3,1,1,2,0,artist | recordedIn,
FA,ordering_vs_input,784,2,2,2,0,0,,
FA,structuring_vs_ordering,784,2,2,2,0,0,,
FA,structuring_vs_input,784,2,2,2,0,0,,
FA,ordering_vs_input,785,2,2,2,0,0,,
FA,structuring_vs_ordering,785,2,2,2,0,0,,
FA,structuring_vs_input,785,2,2,2,0,0,,
FA,ordering_vs_input,786,3,2,2,1,0,training,
FA,structuring_vs_ordering,786,2,2,2,0,0,,
FA,structuring_vs_input,786,3,2,2,1,0,training,
FA,ordering_vs_input,787,1,1,1,0,0,,
FA,structuring_vs_ordering,787,1,1,1,0,0,,
FA,structuring_vs_input,787,1,1,1,0,0,,
FA,ordering_vs_input,788,6,6,6,0,0,,
FA,structuring_vs_ordering,788,6,6,6,0,0,,
FA,structuring_vs_input,788,6,6,6,0,0,,
FA,ordering_vs_input,789,4,1,1,3,0,producer | runtime | artist,
FA,structuring_vs_ordering,789,1,1,1,0,0,,
FA,structuring_vs_input,789,4,1,1,3,0,producer | runtime | artist,
FA,ordering_vs_input,790,1,1,1,0,0,,
FA,structuring_vs_ordering,790,1,1,1,0,0,,
FA,structuring_vs_input,790,1,1,1,0,0,,
FA,ordering_vs_input,791,3,3,3,0,0,,
FA,structuring_vs_ordering,791,3,3,3,0,0,,
FA,structuring_vs_input,791,3,3,3,0,0,,
FA,ordering_vs_input,792,1,1,1,0,0,,
FA,structuring_vs_ordering,792,1,1,1,0,0,,
FA,structuring_vs_input,792,1,1,1,0,0,,
FA,ordering_vs_input,793,2,1,1,1,0,producer,
FA,structuring_vs_ordering,793,1,1,1,0,0,,
FA,structuring_vs_input,793,2,1,1,1,0,producer,
FA,ordering_vs_input,794,4,4,4,0,0,,
FA,structuring_vs_ordering,794,4,4,4,0,0,,
FA,structuring_vs_input,794,4,4,4,0,0,,
FA,ordering_vs_input,795,1,1,1,0,0,,
FA,structuring_vs_ordering,795,1,1,1,0,0,,
FA,structuring_vs_input,795,1,1,1,0,0,,
FA,ordering_vs_input,796,1,1,1,0,0,,
FA,structuring_vs_ordering,796,1,1,1,0,0,,
FA,structuring_vs_input,796,1,1,1,0,0,,
FA,ordering_vs_input,797,1,1,1,0,0,,
FA,structuring_vs_ordering,797,1,1,1,0,0,,
FA,structuring_vs_input,797,1,1,1,0,0,,
FA,ordering_vs_input,798,3,3,3,0,0,,
FA,structuring_vs_ordering,798,3,3,3,0,0,,
FA,structuring_vs_input,798,3,3,3,0,0,,
FA,ordering_vs_input,799,4,4,4,0,0,,
FA,structuring_vs_ordering,799,4,4,4,0,0,,
FA,structuring_vs_input,799,4,4,4,0,0,,
FA,ordering_vs_input,800,4,4,4,0,0,,
FA,structuring_vs_ordering,800,4,4,4,0,0,,
FA,structuring_vs_input,800,4,4,4,0,0,,
FA,ordering_vs_input,801,2,2,2,0,0,,
FA,structuring_vs_ordering,801,2,2,2,0,0,,
FA,structuring_vs_input,801,2,2,2,0,0,,
FA,ordering_vs_input,802,4,4,4,0,0,,
FA,structuring_vs_ordering,802,4,4,4,0,0,,
FA,structuring_vs_input,802,4,4,4,0,0,,
FA,ordering_vs_input,803,1,1,1,0,0,,
FA,structuring_vs_ordering,803,1,1,1,0,0,,
FA,structuring_vs_input,803,1,1,1,0,0,,
FA,ordering_vs_input,804,1,1,1,0,0,,
FA,structuring_vs_ordering,804,1,1,1,0,0,,
FA,structuring_vs_input,804,1,1,1,0,0,,
FA,ordering_vs_input,805,4,4,4,0,0,,
FA,structuring_vs_ordering,805,4,4,4,0,0,,
FA,structuring_vs_input,805,4,4,4,0,0,,
FA,ordering_vs_input,806,1,1,1,0,0,,
FA,structuring_vs_ordering,806,1,1,1,0,0,,
FA,structuring_vs_input,806,1,1,1,0,0,,
FA,ordering_vs_input,807,1,1,1,0,0,,
FA,structuring_vs_ordering,807,1,1,1,0,0,,
FA,structuring_vs_input,807,1,1,1,0,0,,
FA,ordering_vs_input,808,2,2,2,0,0,,
FA,structuring_vs_ordering,808,2,2,2,0,0,,
FA,structuring_vs_input,808,2,2,2,0,0,,
FA,ordering_vs_input,809,2,2,2,0,0,,
FA,structuring_vs_ordering,809,2,2,2,0,0,,
FA,structuring_vs_input,809,2,2,2,0,0,,
FA,ordering_vs_input,810,5,5,5,0,0,,
FA,structuring_vs_ordering,810,5,5,5,0,0,,
FA,structuring_vs_input,810,5,5,5,0,0,,
FA,ordering_vs_input,811,5,1,1,4,0,producer | runtime | artist | type,
FA,structuring_vs_ordering,811,1,1,1,0,0,,
FA,structuring_vs_input,811,5,1,1,4,0,producer | runtime | artist | type,
FA,ordering_vs_input,812,3,3,3,0,0,,
FA,structuring_vs_ordering,812,3,3,3,0,0,,
FA,structuring_vs_input,812,3,3,3,0,0,,
FA,ordering_vs_input,813,4,4,4,0,0,,
FA,structuring_vs_ordering,813,4,4,4,0,0,,
FA,structuring_vs_input,813,4,4,4,0,0,,
FA,ordering_vs_input,814,5,5,5,0,0,,
FA,structuring_vs_ordering,814,5,5,5,0,0,,
FA,structuring_vs_input,814,5,5,5,0,0,,
FA,ordering_vs_input,815,1,1,1,0,0,,
FA,structuring_vs_ordering,815,1,1,1,0,0,,
FA,structuring_vs_input,815,1,1,1,0,0,,
FA,ordering_vs_input,816,3,3,3,0,0,,
FA,structuring_vs_ordering,816,3,3,3,0,0,,
FA,structuring_vs_input,816,3,3,3,0,0,,
FA,ordering_vs_input,817,2,2,2,0,0,,
FA,structuring_vs_ordering,817,2,2,2,0,0,,
FA,structuring_vs_input,817,2,2,2,0,0,,
FA,ordering_vs_input,818,1,1,1,0,0,,
FA,structuring_vs_ordering,818,1,1,1,0,0,,
FA,structuring_vs_input,818,1,1,1,0,0,,
FA,ordering_vs_input,819,1,1,1,0,0,,
FA,structuring_vs_ordering,819,1,1,1,0,0,,
FA,structuring_vs_input,819,1,1,1,0,0,,
FA,ordering_vs_input,820,4,4,4,0,0,,
FA,structuring_vs_ordering,820,4,4,4,0,0,,
FA,structuring_vs_input,820,4,4,4,0,0,,
FA,ordering_vs_input,821,2,2,2,0,0,,
FA,structuring_vs_ordering,821,2,2,2,0,0,,
FA,structuring_vs_input,821,2,2,2,0,0,,
FA,ordering_vs_input,822,1,1,1,0,0,,
FA,structuring_vs_ordering,822,1,1,1,0,0,,
FA,structuring_vs_input,822,1,1,1,0,0,,
FA,ordering_vs_input,823,3,3,3,0,0,,
FA,structuring_vs_ordering,823,3,3,3,0,0,,
FA,structuring_vs_input,823,3,3,3,0,0,,
FA,ordering_vs_input,824,1,1,1,0,0,,
FA,structuring_vs_ordering,824,1,1,1,0,0,,
FA,structuring_vs_input,824,1,1,1,0,0,,
FA,ordering_vs_input,825,2,2,2,0,0,,
FA,structuring_vs_ordering,825,2,2,2,0,0,,
FA,structuring_vs_input,825,2,2,2,0,0,,
FA,ordering_vs_input,826,5,5,5,0,0,,
FA,structuring_vs_ordering,826,5,5,5,0,0,,
FA,structuring_vs_input,826,5,5,5,0,0,,
FA,ordering_vs_input,827,3,2,2,1,0,writer,
FA,structuring_vs_ordering,827,2,2,2,0,0,,
FA,structuring_vs_input,827,3,2,2,1,0,writer,
FA,ordering_vs_input,828,4,4,4,0,0,,
FA,structuring_vs_ordering,828,4,4,4,0,0,,
FA,structuring_vs_input,828,4,4,4,0,0,,
FA,ordering_vs_input,829,1,1,1,0,0,,
FA,structuring_vs_ordering,829,1,1,1,0,0,,
FA,structuring_vs_input,829,1,1,1,0,0,,
FA,ordering_vs_input,830,3,3,3,0,0,,
FA,structuring_vs_ordering,830,3,3,3,0,0,,
FA,structuring_vs_input,830,3,3,3,0,0,,
FA,ordering_vs_input,831,1,1,1,0,0,,
FA,structuring_vs_ordering,831,1,1,1,0,0,,
FA,structuring_vs_input,831,1,1,1,0,0,,
FA,ordering_vs_input,832,1,1,1,0,0,,
FA,structuring_vs_ordering,832,1,1,1,0,0,,
FA,structuring_vs_input,832,1,1,1,0,0,,
FA,ordering_vs_input,833,7,7,7,0,0,,
FA,structuring_vs_ordering,833,7,7,7,0,0,,
FA,structuring_vs_input,833,7,7,7,0,0,,
FA,ordering_vs_input,834,3,3,3,0,0,,
FA,structuring_vs_ordering,834,3,3,3,0,0,,
FA,structuring_vs_input,834,3,3,3,0,0,,
FA,ordering_vs_input,835,6,5,5,1,0,type,
FA,structuring_vs_ordering,835,5,5,5,0,0,,
FA,structuring_vs_input,835,6,5,5,1,0,type,
FA,ordering_vs_input,836,7,6,6,1,0,professionalField,
FA,structuring_vs_ordering,836,6,6,6,0,0,,
FA,structuring_vs_input,836,7,6,6,1,0,professionalField,
FA,ordering_vs_input,837,4,4,4,0,0,,
FA,structuring_vs_ordering,837,4,4,4,0,0,,
FA,structuring_vs_input,837,4,4,4,0,0,,
FA,ordering_vs_input,838,1,1,1,0,0,,
FA,structuring_vs_ordering,838,1,1,1,0,0,,
FA,structuring_vs_input,838,1,1,1,0,0,,
FA,ordering_vs_input,839,4,4,4,0,0,,
FA,structuring_vs_ordering,839,4,4,4,0,0,,
FA,structuring_vs_input,839,4,4,4,0,0,,
FA,ordering_vs_input,840,6,6,6,0,0,,
FA,structuring_vs_ordering,840,6,6,6,0,0,,
FA,structuring_vs_input,840,6,6,6,0,0,,
FA,ordering_vs_input,841,2,2,2,0,0,,
FA,structuring_vs_ordering,841,2,2,2,0,0,,
FA,structuring_vs_input,841,2,2,2,0,0,,
FA,ordering_vs_input,842,3,1,1,2,0,training | professionalField,
FA,structuring_vs_ordering,842,1,1,1,0,0,,
FA,structuring_vs_input,842,3,1,1,2,0,training | professionalField,
FA,ordering_vs_input,843,2,2,2,0,0,,
FA,structuring_vs_ordering,843,2,2,2,0,0,,
FA,structuring_vs_input,843,2,2,2,0,0,,
FA,ordering_vs_input,844,2,2,2,0,0,,
FA,structuring_vs_ordering,844,2,2,2,0,0,,
FA,structuring_vs_input,844,2,2,2,0,0,,
FA,ordering_vs_input,845,2,2,2,0,0,,
FA,structuring_vs_ordering,845,2,2,2,0,0,,
FA,structuring_vs_input,845,2,2,2,0,0,,
FA,ordering_vs_input,846,4,4,4,0,0,,
FA,structuring_vs_ordering,846,4,4,4,0,0,,
FA,structuring_vs_input,846,4,4,4,0,0,,
FA,ordering_vs_input,847,2,2,2,0,0,,
FA,structuring_vs_ordering,847,2,2,2,0,0,,
FA,structuring_vs_input,847,2,2,2,0,0,,
FA,ordering_vs_input,848,5,5,5,0,0,,
FA,structuring_vs_ordering,848,5,5,5,0,0,,
FA,structuring_vs_input,848,5,5,5,0,0,,
FA,ordering_vs_input,849,7,6,6,1,0,location,
FA,structuring_vs_ordering,849,6,6,6,0,0,,
FA,structuring_vs_input,849,7,6,6,1,0,location,
FA,ordering_vs_input,850,4,4,4,0,0,,
FA,structuring_vs_ordering,850,4,4,4,0,0,,
FA,structuring_vs_input,850,4,4,4,0,0,,
FA,ordering_vs_input,851,7,3,3,4,0,producer | runtime | artist | type,
FA,structuring_vs_ordering,851,3,3,3,0,0,,
FA,structuring_vs_input,851,7,3,3,4,0,producer | runtime | artist | type,
FA,ordering_vs_input,852,2,2,2,0,0,,
FA,structuring_vs_ordering,852,2,2,2,0,0,,
FA,structuring_vs_input,852,2,2,2,0,0,,
FA,ordering_vs_input,853,5,5,5,0,0,,
FA,structuring_vs_ordering,853,5,5,5,0,0,,
FA,structuring_vs_input,853,5,5,5,0,0,,
FA,ordering_vs_input,854,5,5,5,0,0,,
FA,structuring_vs_ordering,854,5,5,5,0,0,,
FA,structuring_vs_input,854,5,5,5,0,0,,
FA,ordering_vs_input,855,3,3,3,0,0,,
FA,structuring_vs_ordering,855,3,3,3,0,0,,
FA,structuring_vs_input,855,3,3,3,0,0,,
FA,ordering_vs_input,856,4,4,4,0,0,,
FA,structuring_vs_ordering,856,4,4,4,0,0,,
FA,structuring_vs_input,856,4,4,4,0,0,,
FA,ordering_vs_input,857,7,7,7,0,0,,
FA,structuring_vs_ordering,857,7,7,7,0,0,,
FA,structuring_vs_input,857,7,7,7,0,0,,
FA,ordering_vs_input,858,4,4,4,0,0,,
FA,structuring_vs_ordering,858,4,4,4,0,0,,
FA,structuring_vs_input,858,4,4,4,0,0,,
FA,ordering_vs_input,859,1,1,1,0,0,,
FA,structuring_vs_ordering,859,1,1,1,0,0,,
FA,structuring_vs_input,859,1,1,1,0,0,,
FA,ordering_vs_input,860,2,2,2,0,0,,
FA,structuring_vs_ordering,860,2,2,2,0,0,,
FA,structuring_vs_input,860,2,2,2,0,0,,
FA,ordering_vs_input,861,2,2,2,0,0,,
FA,structuring_vs_ordering,861,2,2,2,0,0,,
FA,structuring_vs_input,861,2,2,2,0,0,,
FA,ordering_vs_input,862,4,4,4,0,0,,
FA,structuring_vs_ordering,862,4,4,4,0,0,,
FA,structuring_vs_input,862,4,4,4,0,0,,
FA,ordering_vs_input,863,4,3,3,1,0,professionalField,
FA,structuring_vs_ordering,863,3,3,3,0,0,,
FA,structuring_vs_input,863,4,3,3,1,0,professionalField,
FA,ordering_vs_input,864,2,2,2,0,0,,
FA,structuring_vs_ordering,864,2,2,2,0,0,,
FA,structuring_vs_input,864,2,2,2,0,0,,
FA,ordering_vs_input,865,4,3,3,1,0,producer,
FA,structuring_vs_ordering,865,3,3,3,0,0,,
FA,structuring_vs_input,865,4,3,3,1,0,producer,
FA,ordering_vs_input,866,1,1,1,0,0,,
FA,structuring_vs_ordering,866,1,1,1,0,0,,
FA,structuring_vs_input,866,1,1,1,0,0,,
FA,ordering_vs_input,867,1,1,1,0,0,,
FA,structuring_vs_ordering,867,1,1,1,0,0,,
FA,structuring_vs_input,867,1,1,1,0,0,,
FA,ordering_vs_input,868,2,2,2,0,0,,
FA,structuring_vs_ordering,868,2,2,2,0,0,,
FA,structuring_vs_input,868,2,2,2,0,0,,
FA,ordering_vs_input,869,4,4,4,0,0,,
FA,structuring_vs_ordering,869,4,4,4,0,0,,
FA,structuring_vs_input,869,4,4,4,0,0,,
FA,ordering_vs_input,870,6,6,6,0,0,,
FA,structuring_vs_ordering,870,6,6,6,0,0,,
FA,structuring_vs_input,870,6,6,6,0,0,,
FA,ordering_vs_input,871,3,3,3,0,0,,
FA,structuring_vs_ordering,871,3,3,3,0,0,,
FA,structuring_vs_input,871,3,3,3,0,0,,
FA,ordering_vs_input,872,5,3,3,2,0,professionalField | professionalField,
FA,structuring_vs_ordering,872,3,3,3,0,0,,
FA,structuring_vs_input,872,5,3,3,2,0,professionalField | professionalField,
FA,ordering_vs_input,873,3,3,3,0,0,,
FA,structuring_vs_ordering,873,3,3,3,0,0,,
FA,structuring_vs_input,873,3,3,3,0,0,,
FA,ordering_vs_input,874,1,1,1,0,0,,
FA,structuring_vs_ordering,874,1,1,1,0,0,,
FA,structuring_vs_input,874,1,1,1,0,0,,
FA,ordering_vs_input,875,5,5,5,0,0,,
FA,structuring_vs_ordering,875,5,5,5,0,0,,
FA,structuring_vs_input,875,5,5,5,0,0,,
FA,ordering_vs_input,876,3,3,3,0,0,,
FA,structuring_vs_ordering,876,3,3,3,0,0,,
FA,structuring_vs_input,876,3,3,3,0,0,,
FA,ordering_vs_input,877,2,2,2,0,0,,
FA,structuring_vs_ordering,877,2,2,2,0,0,,
FA,structuring_vs_input,877,2,2,2,0,0,,
FA,ordering_vs_input,878,1,1,1,0,0,,
FA,structuring_vs_ordering,878,1,1,1,0,0,,
FA,structuring_vs_input,878,1,1,1,0,0,,
FA,ordering_vs_input,879,1,1,1,0,0,,
FA,structuring_vs_ordering,879,1,1,1,0,0,,
FA,structuring_vs_input,879,1,1,1,0,0,,
FA,ordering_vs_input,880,3,3,3,0,0,,
FA,structuring_vs_ordering,880,3,3,3,0,0,,
FA,structuring_vs_input,880,3,3,3,0,0,,
FA,ordering_vs_input,881,2,2,2,0,0,,
FA,structuring_vs_ordering,881,2,2,2,0,0,,
FA,structuring_vs_input,881,2,2,2,0,0,,
FA,ordering_vs_input,882,6,6,6,0,0,,
FA,structuring_vs_ordering,882,6,6,6,0,0,,
FA,structuring_vs_input,882,6,6,6,0,0,,
FA,ordering_vs_input,883,5,5,5,0,0,,
FA,structuring_vs_ordering,883,5,5,5,0,0,,
FA,structuring_vs_input,883,5,5,5,0,0,,
FA,ordering_vs_input,884,5,3,3,2,0,icaoLocationIdentifier | runwaySurfaceType,
FA,structuring_vs_ordering,884,3,3,3,0,0,,
FA,structuring_vs_input,884,5,3,3,2,0,icaoLocationIdentifier | runwaySurfaceType,
FA,ordering_vs_input,885,3,3,3,0,0,,
FA,structuring_vs_ordering,885,3,3,3,0,0,,
FA,structuring_vs_input,885,3,3,3,0,0,,
FA,ordering_vs_input,886,3,3,3,0,0,,
FA,structuring_vs_ordering,886,3,3,3,0,0,,
FA,structuring_vs_input,886,3,3,3,0,0,,
FA,ordering_vs_input,887,6,5,5,1,0,architect,
FA,structuring_vs_ordering,887,5,5,5,0,0,,
FA,structuring_vs_input,887,6,5,5,1,0,architect,
FA,ordering_vs_input,888,4,3,3,1,0,city,
FA,structuring_vs_ordering,888,3,3,3,0,0,,
FA,structuring_vs_input,888,4,3,3,1,0,city,
FA,ordering_vs_input,889,7,7,7,0,0,,
FA,structuring_vs_ordering,889,7,7,7,0,0,,
FA,structuring_vs_input,889,7,7,7,0,0,,
FA,ordering_vs_input,890,2,2,2,0,0,,
FA,structuring_vs_ordering,890,2,2,2,0,0,,
FA,structuring_vs_input,890,2,2,2,0,0,,
FA,ordering_vs_input,891,3,2,2,1,0,professionalField,
FA,structuring_vs_ordering,891,2,2,2,0,0,,
FA,structuring_vs_input,891,3,2,2,1,0,professionalField,
FA,ordering_vs_input,892,5,4,4,1,0,writer,
FA,structuring_vs_ordering,892,4,3,3,1,0,imdbId,
FA,structuring_vs_input,892,5,3,3,2,0,imdbId | writer,
FA,ordering_vs_input,893,3,2,2,1,0,professionalField,
FA,structuring_vs_ordering,893,2,2,2,0,0,,
FA,structuring_vs_input,893,3,2,2,1,0,professionalField,
FA,ordering_vs_input,894,2,2,2,0,0,,
FA,structuring_vs_ordering,894,2,2,2,0,0,,
FA,structuring_vs_input,894,2,2,2,0,0,,
FA,ordering_vs_input,895,1,1,1,0,0,,
FA,structuring_vs_ordering,895,1,1,1,0,0,,
FA,structuring_vs_input,895,1,1,1,0,0,,
FA,ordering_vs_input,896,2,2,2,0,0,,
FA,structuring_vs_ordering,896,2,2,2,0,0,,
FA,structuring_vs_input,896,2,2,2,0,0,,
FA,ordering_vs_input,897,7,7,7,0,0,,
FA,structuring_vs_ordering,897,7,7,7,0,0,,
FA,structuring_vs_input,897,7,7,7,0,0,,
FA,ordering_vs_input,898,6,6,6,0,0,,
FA,structuring_vs_ordering,898,6,6,6,0,0,,
FA,structuring_vs_input,898,6,6,6,0,0,,
FA,ordering_vs_input,899,1,1,1,0,0,,
FA,structuring_vs_ordering,899,1,1,1,0,0,,
FA,structuring_vs_input,899,1,1,1,0,0,,
FA,ordering_vs_input,900,5,4,4,1,0,staff,
FA,structuring_vs_ordering,900,4,4,4,0,0,,
FA,structuring_vs_input,900,5,4,4,1,0,staff,
FA,ordering_vs_input,901,3,3,3,0,0,,
FA,structuring_vs_ordering,901,3,3,3,0,0,,
FA,structuring_vs_input,901,3,3,3,0,0,,
FA,ordering_vs_input,902,4,3,3,1,0,writer,
FA,structuring_vs_ordering,902,3,3,3,0,0,,
FA,structuring_vs_input,902,4,3,3,1,0,writer,
FA,ordering_vs_input,903,3,3,3,0,0,,
FA,structuring_vs_ordering,903,3,3,3,0,0,,
FA,structuring_vs_input,903,3,3,3,0,0,,
FA,ordering_vs_input,904,3,3,3,0,0,,
FA,structuring_vs_ordering,904,3,3,3,0,0,,
FA,structuring_vs_input,904,3,3,3,0,0,,
FA,ordering_vs_input,905,5,4,4,1,0,tenant,
FA,structuring_vs_ordering,905,4,4,4,0,0,,
FA,structuring_vs_input,905,5,4,4,1,0,tenant,
FA,ordering_vs_input,906,1,1,1,0,0,,
FA,structuring_vs_ordering,906,1,1,1,0,0,,
FA,structuring_vs_input,906,1,1,1,0,0,,
FA,ordering_vs_input,907,5,4,4,1,0,writer,
FA,structuring_vs_ordering,907,4,4,4,0,0,,
FA,structuring_vs_input,907,5,4,4,1,0,writer,
FA,ordering_vs_input,908,1,1,1,0,0,,
FA,structuring_vs_ordering,908,1,1,1,0,0,,
FA,structuring_vs_input,908,1,1,1,0,0,,
FA,ordering_vs_input,909,3,3,3,0,0,,
FA,structuring_vs_ordering,909,3,3,3,0,0,,
FA,structuring_vs_input,909,3,3,3,0,0,,
FA,ordering_vs_input,910,3,3,3,0,0,,
FA,structuring_vs_ordering,910,3,3,3,0,0,,
FA,structuring_vs_input,910,3,3,3,0,0,,
FA,ordering_vs_input,911,2,2,2,0,0,,
FA,structuring_vs_ordering,911,2,2,2,0,0,,
FA,structuring_vs_input,911,2,2,2,0,0,,
FA,ordering_vs_input,912,6,5,5,1,0,producer,
FA,structuring_vs_ordering,912,5,5,5,0,0,,
FA,structuring_vs_input,912,6,5,5,1,0,producer,
FA,ordering_vs_input,913,3,3,3,0,0,,
FA,structuring_vs_ordering,913,3,3,3,0,0,,
FA,structuring_vs_input,913,3,3,3,0,0,,
FA,ordering_vs_input,914,2,2,2,0,0,,
FA,structuring_vs_ordering,914,2,2,2,0,0,,
FA,structuring_vs_input,914,2,2,2,0,0,,
FA,ordering_vs_input,915,1,1,1,0,0,,
FA,structuring_vs_ordering,915,1,1,1,0,0,,
FA,structuring_vs_input,915,1,1,1,0,0,,
FA,ordering_vs_input,916,3,3,3,0,0,,
FA,structuring_vs_ordering,916,3,3,3,0,0,,
FA,structuring_vs_input,916,3,3,3,0,0,,
FA,ordering_vs_input,917,5,4,4,1,0,netIncome,
FA,structuring_vs_ordering,917,4,4,4,0,0,,
FA,structuring_vs_input,917,5,4,4,1,0,netIncome,
FA,ordering_vs_input,918,5,4,4,1,0,type,
FA,structuring_vs_ordering,918,4,4,4,0,0,,
FA,structuring_vs_input,918,5,4,4,1,0,type,
FA,ordering_vs_input,919,2,2,2,0,0,,
FA,structuring_vs_ordering,919,2,2,2,0,0,,
FA,structuring_vs_input,919,2,2,2,0,0,,
FA,ordering_vs_input,920,1,1,1,0,0,,
FA,structuring_vs_ordering,920,1,1,1,0,0,,
FA,structuring_vs_input,920,1,1,1,0,0,,
FA,ordering_vs_input,921,2,2,2,0,0,,
FA,structuring_vs_ordering,921,2,2,2,0,0,,
FA,structuring_vs_input,921,2,2,2,0,0,,
FA,ordering_vs_input,922,4,3,3,1,0,type,
FA,structuring_vs_ordering,922,3,3,3,0,0,,
FA,structuring_vs_input,922,4,3,3,1,0,type,
FA,ordering_vs_input,923,1,1,1,0,0,,
FA,structuring_vs_ordering,923,1,1,1,0,0,,
FA,structuring_vs_input,923,1,1,1,0,0,,
FA,ordering_vs_input,924,4,4,4,0,0,,
FA,structuring_vs_ordering,924,4,4,4,0,0,,
FA,structuring_vs_input,924,4,4,4,0,0,,
FA,ordering_vs_input,925,1,1,1,0,0,,
FA,structuring_vs_ordering,925,1,1,1,0,0,,
FA,structuring_vs_input,925,1,1,1,0,0,,
FA,ordering_vs_input,926,7,6,6,1,0,editing,
FA,structuring_vs_ordering,926,6,6,6,0,0,,
FA,structuring_vs_input,926,7,6,6,1,0,editing,
FA,ordering_vs_input,927,4,4,4,0,0,,
FA,structuring_vs_ordering,927,4,4,4,0,0,,
FA,structuring_vs_input,927,4,4,4,0,0,,
FA,ordering_vs_input,928,6,3,3,3,0,musicalBand | runtime | producer,
FA,structuring_vs_ordering,928,3,3,3,0,0,,
FA,structuring_vs_input,928,6,3,3,3,0,musicalBand | runtime | producer,
FA,ordering_vs_input,929,5,3,3,2,0,citizenship | professionalField,
FA,structuring_vs_ordering,929,3,3,3,0,0,,
FA,structuring_vs_input,929,5,3,3,2,0,citizenship | professionalField,
FA,ordering_vs_input,930,1,1,1,0,0,,
FA,structuring_vs_ordering,930,1,1,1,0,0,,
FA,structuring_vs_input,930,1,1,1,0,0,,
FA,ordering_vs_input,931,2,2,2,0,0,,
FA,structuring_vs_ordering,931,2,2,2,0,0,,
FA,structuring_vs_input,931,2,2,2,0,0,,
FA,ordering_vs_input,932,5,4,4,1,0,percentageOfAreaWater,
FA,structuring_vs_ordering,932,4,4,4,0,0,,
FA,structuring_vs_input,932,5,4,4,1,0,percentageOfAreaWater,
FA,ordering_vs_input,933,3,2,2,1,0,writer,
FA,structuring_vs_ordering,933,2,2,2,0,0,,
FA,structuring_vs_input,933,3,2,2,1,0,writer,
FA,ordering_vs_input,934,1,1,1,0,0,,
FA,structuring_vs_ordering,934,1,1,1,0,0,,
FA,structuring_vs_input,934,1,1,1,0,0,,
FA,ordering_vs_input,935,2,2,2,0,0,,
FA,structuring_vs_ordering,935,2,2,2,0,0,,
FA,structuring_vs_input,935,2,2,2,0,0,,
FA,ordering_vs_input,936,4,4,4,0,0,,
FA,structuring_vs_ordering,936,4,4,4,0,0,,
FA,structuring_vs_input,936,4,4,4,0,0,,
FA,ordering_vs_input,937,1,1,1,0,0,,
FA,structuring_vs_ordering,937,1,1,1,0,0,,
FA,structuring_vs_input,937,1,1,1,0,0,,
FA,ordering_vs_input,938,3,3,3,0,0,,
FA,structuring_vs_ordering,938,3,3,3,0,0,,
FA,structuring_vs_input,938,3,3,3,0,0,,
FA,ordering_vs_input,939,2,2,2,0,0,,
FA,structuring_vs_ordering,939,2,2,2,0,0,,
FA,structuring_vs_input,939,2,2,2,0,0,,
FA,ordering_vs_input,940,1,1,1,0,0,,
FA,structuring_vs_ordering,940,1,1,1,0,0,,
FA,structuring_vs_input,940,1,1,1,0,0,,
FA,ordering_vs_input,941,3,2,2,1,0,artist,
FA,structuring_vs_ordering,941,2,2,2,0,0,,
FA,structuring_vs_input,941,3,2,2,1,0,artist,
FA,ordering_vs_input,942,1,1,1,0,0,,
FA,structuring_vs_ordering,942,1,1,1,0,0,,
FA,structuring_vs_input,942,1,1,1,0,0,,
FA,ordering_vs_input,943,3,3,3,0,0,,
FA,structuring_vs_ordering,943,3,3,3,0,0,,
FA,structuring_vs_input,943,3,3,3,0,0,,
FA,ordering_vs_input,944,3,3,3,0,0,,
FA,structuring_vs_ordering,944,3,3,3,0,0,,
FA,structuring_vs_input,944,3,3,3,0,0,,
FA,ordering_vs_input,945,2,2,2,0,0,,
FA,structuring_vs_ordering,945,2,2,2,0,0,,
FA,structuring_vs_input,945,2,2,2,0,0,,
FA,ordering_vs_input,946,6,4,4,2,0,industry | type,
FA,structuring_vs_ordering,946,4,4,4,0,0,,
FA,structuring_vs_input,946,6,4,4,2,0,industry | type,
FA,ordering_vs_input,947,4,4,4,0,0,,
FA,structuring_vs_ordering,947,4,4,4,0,0,,
FA,structuring_vs_input,947,4,4,4,0,0,,
FA,ordering_vs_input,948,3,2,2,1,0,professionalField,
FA,structuring_vs_ordering,948,2,2,2,0,0,,
FA,structuring_vs_input,948,3,2,2,1,0,professionalField,
FA,ordering_vs_input,949,2,2,2,0,0,,
FA,structuring_vs_ordering,949,2,2,2,0,0,,
FA,structuring_vs_input,949,2,2,2,0,0,,
FA,ordering_vs_input,950,5,5,5,0,0,,
FA,structuring_vs_ordering,950,5,5,5,0,0,,
FA,structuring_vs_input,950,5,5,5,0,0,,
FA,ordering_vs_input,951,6,5,5,1,0,tenant,
FA,structuring_vs_ordering,951,5,5,5,0,0,,
FA,structuring_vs_input,951,6,5,5,1,0,tenant,
FA,ordering_vs_input,952,3,3,3,0,0,,
FA,structuring_vs_ordering,952,3,3,3,0,0,,
FA,structuring_vs_input,952,3,3,3,0,0,,
FA,ordering_vs_input,953,3,3,3,0,0,,
FA,structuring_vs_ordering,953,3,3,3,0,0,,
FA,structuring_vs_input,953,3,3,3,0,0,,
FA,ordering_vs_input,954,1,1,1,0,0,,
FA,structuring_vs_ordering,954,1,1,1,0,0,,
FA,structuring_vs_input,954,1,1,1,0,0,,
FA,ordering_vs_input,955,3,3,3,0,0,,
FA,structuring_vs_ordering,955,3,3,3,0,0,,
FA,structuring_vs_input,955,3,3,3,0,0,,
FA,ordering_vs_input,956,6,5,5,1,0,mainIngredient,
FA,structuring_vs_ordering,956,5,5,5,0,0,,
FA,structuring_vs_input,956,6,5,5,1,0,mainIngredient,
FA,ordering_vs_input,957,4,3,3,1,0,runtime,
FA,structuring_vs_ordering,957,3,3,3,0,0,,
FA,structuring_vs_input,957,4,3,3,1,0,runtime,
FA,ordering_vs_input,958,4,3,3,1,0,knownFor,
FA,structuring_vs_ordering,958,3,3,3,0,0,,
FA,structuring_vs_input,958,4,3,3,1,0,knownFor,
FA,ordering_vs_input,959,7,7,7,0,0,,
FA,structuring_vs_ordering,959,7,7,7,0,0,,
FA,structuring_vs_input,959,7,7,7,0,0,,
FA,ordering_vs_input,960,3,3,3,0,0,,
FA,structuring_vs_ordering,960,3,3,3,0,0,,
FA,structuring_vs_input,960,3,3,3,0,0,,
FA,ordering_vs_input,961,1,1,1,0,0,,
FA,structuring_vs_ordering,961,1,1,1,0,0,,
FA,structuring_vs_input,961,1,1,1,0,0,,
FA,ordering_vs_input,962,3,1,1,2,0,producer | format,
FA,structuring_vs_ordering,962,1,1,1,0,0,,
FA,structuring_vs_input,962,3,1,1,2,0,producer | format,
FA,ordering_vs_input,963,7,5,5,2,0,location | academicStaffSize,
FA,structuring_vs_ordering,963,5,5,5,0,0,,
FA,structuring_vs_input,963,7,5,5,2,0,location | academicStaffSize,
FA,ordering_vs_input,964,4,4,4,0,0,,
FA,structuring_vs_ordering,964,4,4,4,0,0,,
FA,structuring_vs_input,964,4,4,4,0,0,,
FA,ordering_vs_input,965,4,2,2,2,0,longName | citizenship,
FA,structuring_vs_ordering,965,2,2,2,0,0,,
FA,structuring_vs_input,965,4,2,2,2,0,longName | citizenship,
FA,ordering_vs_input,966,1,1,1,0,0,,
FA,structuring_vs_ordering,966,1,1,1,0,0,,
FA,structuring_vs_input,966,1,1,1,0,0,,
FA,ordering_vs_input,967,1,1,1,0,0,,
FA,structuring_vs_ordering,967,1,1,1,0,0,,
FA,structuring_vs_input,967,1,1,1,0,0,,
FA,ordering_vs_input,968,7,4,4,3,0,imdbId | writer | producer,
FA,structuring_vs_ordering,968,4,4,4,0,0,,
FA,structuring_vs_input,968,7,4,4,3,0,imdbId | writer | producer,
FA,ordering_vs_input,969,1,1,1,0,0,,
FA,structuring_vs_ordering,969,1,1,1,0,0,,
FA,structuring_vs_input,969,1,1,1,0,0,,
FA,ordering_vs_input,970,4,4,4,0,0,,
FA,structuring_vs_ordering,970,4,4,4,0,0,,
FA,structuring_vs_input,970,4,4,4,0,0,,
FA,ordering_vs_input,971,5,4,4,1,0,icaoLocationIdentifier,
FA,structuring_vs_ordering,971,4,4,4,0,0,,
FA,structuring_vs_input,971,5,4,4,1,0,icaoLocationIdentifier,
FA,ordering_vs_input,972,2,1,1,1,0,writer,
FA,structuring_vs_ordering,972,1,1,1,0,0,,
FA,structuring_vs_input,972,2,1,1,1,0,writer,
FA,ordering_vs_input,973,4,4,4,0,0,,
FA,structuring_vs_ordering,973,4,4,4,0,0,,
FA,structuring_vs_input,973,4,4,4,0,0,,
FA,ordering_vs_input,974,2,2,2,0,0,,
FA,structuring_vs_ordering,974,2,2,2,0,0,,
FA,structuring_vs_input,974,2,2,2,0,0,,
FA,ordering_vs_input,975,1,1,1,0,0,,
FA,structuring_vs_ordering,975,1,1,1,0,0,,
FA,structuring_vs_input,975,1,1,1,0,0,,
FA,ordering_vs_input,976,2,2,2,0,0,,
FA,structuring_vs_ordering,976,2,2,2,0,0,,
FA,structuring_vs_input,976,2,2,2,0,0,,
FA,ordering_vs_input,977,5,4,4,1,0,type,
FA,structuring_vs_ordering,977,4,4,4,0,0,,
FA,structuring_vs_input,977,5,4,4,1,0,type,
FA,ordering_vs_input,978,6,6,6,0,0,,
FA,structuring_vs_ordering,978,6,6,6,0,0,,
FA,structuring_vs_input,978,6,6,6,0,0,,
FA,ordering_vs_input,979,1,1,1,0,0,,
FA,structuring_vs_ordering,979,1,1,1,0,0,,
FA,structuring_vs_input,979,1,1,1,0,0,,
FA,ordering_vs_input,980,4,4,4,0,0,,
FA,structuring_vs_ordering,980,4,4,4,0,0,,
FA,structuring_vs_input,980,4,4,4,0,0,,
FA,ordering_vs_input,981,2,2,2,0,0,,
FA,structuring_vs_ordering,981,2,2,2,0,0,,
FA,structuring_vs_input,981,2,2,2,0,0,,
FA,ordering_vs_input,982,2,2,2,0,0,,
FA,structuring_vs_ordering,982,2,2,2,0,0,,
FA,structuring_vs_input,982,2,2,2,0,0,,
FA,ordering_vs_input,983,2,2,2,0,0,,
FA,structuring_vs_ordering,983,2,2,2,0,0,,
FA,structuring_vs_input,983,2,2,2,0,0,,
FA,ordering_vs_input,984,1,1,1,0,0,,
FA,structuring_vs_ordering,984,1,1,1,0,0,,
FA,structuring_vs_input,984,1,1,1,0,0,,
FA,ordering_vs_input,985,3,2,2,1,0,professionalField,
FA,structuring_vs_ordering,985,2,2,2,0,0,,
FA,structuring_vs_input,985,3,2,2,1,0,professionalField,
FA,ordering_vs_input,986,3,3,3,0,0,,
FA,structuring_vs_ordering,986,3,3,3,0,0,,
FA,structuring_vs_input,986,3,3,3,0,0,,
FA,ordering_vs_input,987,1,1,1,0,0,,
FA,structuring_vs_ordering,987,1,1,1,0,0,,
FA,structuring_vs_input,987,1,1,1,0,0,,
FA,ordering_vs_input,988,3,3,3,0,0,,
FA,structuring_vs_ordering,988,3,3,3,0,0,,
FA,structuring_vs_input,988,3,3,3,0,0,,
FA,ordering_vs_input,989,1,1,1,0,0,,
FA,structuring_vs_ordering,989,1,1,1,0,0,,
FA,structuring_vs_input,989,1,1,1,0,0,,
FA,ordering_vs_input,990,2,2,2,0,0,,
FA,structuring_vs_ordering,990,2,2,2,0,0,,
FA,structuring_vs_input,990,2,2,2,0,0,,
FA,ordering_vs_input,991,4,4,4,0,0,,
FA,structuring_vs_ordering,991,4,4,4,0,0,,
FA,structuring_vs_input,991,4,4,4,0,0,,
FA,ordering_vs_input,992,6,6,6,0,0,,
FA,structuring_vs_ordering,992,6,6,6,0,0,,
FA,structuring_vs_input,992,6,6,6,0,0,,
FA,ordering_vs_input,993,4,1,1,3,0,producer | type | runtime,
FA,structuring_vs_ordering,993,1,1,1,0,0,,
FA,structuring_vs_input,993,4,1,1,3,0,producer | type | runtime,
FA,ordering_vs_input,994,4,4,4,0,0,,
FA,structuring_vs_ordering,994,4,4,4,0,0,,
FA,structuring_vs_input,994,4,4,4,0,0,,
FA,ordering_vs_input,995,2,2,2,0,0,,
FA,structuring_vs_ordering,995,2,2,2,0,0,,
FA,structuring_vs_input,995,2,2,2,0,0,,
FA,ordering_vs_input,996,2,2,2,0,0,,
FA,structuring_vs_ordering,996,2,2,2,0,0,,
FA,structuring_vs_input,996,2,2,2,0,0,,
FA,ordering_vs_input,997,5,5,5,0,0,,
FA,structuring_vs_ordering,997,5,5,5,0,0,,
FA,structuring_vs_input,997,5,5,5,0,0,,
FA,ordering_vs_input,998,1,1,1,0,0,,
FA,structuring_vs_ordering,998,1,1,1,0,0,,
FA,structuring_vs_input,998,1,1,1,0,0,,
FA,ordering_vs_input,999,3,3,3,0,0,,
FA,structuring_vs_ordering,999,3,3,3,0,0,,
FA,structuring_vs_input,999,3,3,3,0,0,,
FA,ordering_vs_input,1000,4,3,3,1,0,type,
FA,structuring_vs_ordering,1000,3,3,3,0,0,,
FA,structuring_vs_input,1000,4,3,3,1,0,type,
FA,ordering_vs_input,1001,3,3,3,0,0,,
FA,structuring_vs_ordering,1001,3,3,3,0,0,,
FA,structuring_vs_input,1001,3,3,3,0,0,,
FA,ordering_vs_input,1002,3,3,3,0,0,,
FA,structuring_vs_ordering,1002,3,3,3,0,0,,
FA,structuring_vs_input,1002,3,3,3,0,0,,
FA,ordering_vs_input,1003,4,4,4,0,0,,
FA,structuring_vs_ordering,1003,4,4,4,0,0,,
FA,structuring_vs_input,1003,4,4,4,0,0,,
FA,ordering_vs_input,1004,5,4,4,1,0,mission,
FA,structuring_vs_ordering,1004,4,4,4,0,0,,
FA,structuring_vs_input,1004,5,4,4,1,0,mission,
FA,ordering_vs_input,1005,5,5,5,0,0,,
FA,structuring_vs_ordering,1005,5,5,5,0,0,,
FA,structuring_vs_input,1005,5,5,5,0,0,,
FA,ordering_vs_input,1006,3,3,3,0,0,,
FA,structuring_vs_ordering,1006,3,3,3,0,0,,
FA,structuring_vs_input,1006,3,3,3,0,0,,
FA,ordering_vs_input,1007,3,3,3,0,0,,
FA,structuring_vs_ordering,1007,3,3,3,0,0,,
FA,structuring_vs_input,1007,3,3,3,0,0,,
FA,ordering_vs_input,1008,2,2,2,0,0,,
FA,structuring_vs_ordering,1008,2,2,2,0,0,,
FA,structuring_vs_input,1008,2,2,2,0,0,,
FA,ordering_vs_input,1009,2,2,2,0,0,,
FA,structuring_vs_ordering,1009,2,2,2,0,0,,
FA,structuring_vs_input,1009,2,2,2,0,0,,
FA,ordering_vs_input,1010,3,3,3,0,0,,
FA,structuring_vs_ordering,1010,3,3,3,0,0,,
FA,structuring_vs_input,1010,3,3,3,0,0,,
FA,ordering_vs_input,1011,3,3,3,0,0,,
FA,structuring_vs_ordering,1011,3,3,3,0,0,,
FA,structuring_vs_input,1011,3,3,3,0,0,,
FA,ordering_vs_input,1012,4,4,4,0,0,,
FA,structuring_vs_ordering,1012,4,4,4,0,0,,
FA,structuring_vs_input,1012,4,4,4,0,0,,
FA,ordering_vs_input,1013,4,3,3,1,0,icaoLocationIdentifier,
FA,structuring_vs_ordering,1013,3,3,3,0,0,,
FA,structuring_vs_input,1013,4,3,3,1,0,icaoLocationIdentifier,
FA,ordering_vs_input,1014,2,2,2,0,0,,
FA,structuring_vs_ordering,1014,2,2,2,0,0,,
FA,structuring_vs_input,1014,2,2,2,0,0,,
FA,ordering_vs_input,1015,3,3,3,0,0,,
FA,structuring_vs_ordering,1015,3,3,3,0,0,,
FA,structuring_vs_input,1015,3,3,3,0,0,,
FA,ordering_vs_input,1016,2,2,2,0,0,,
FA,structuring_vs_ordering,1016,2,2,2,0,0,,
FA,structuring_vs_input,1016,2,2,2,0,0,,
FA,ordering_vs_input,1017,3,3,3,0,0,,
FA,structuring_vs_ordering,1017,3,3,3,0,0,,
FA,structuring_vs_input,1017,3,3,3,0,0,,
FA,ordering_vs_input,1018,5,5,5,0,0,,
FA,structuring_vs_ordering,1018,5,5,5,0,0,,
FA,structuring_vs_input,1018,5,5,5,0,0,,
FA,ordering_vs_input,1019,2,2,2,0,0,,
FA,structuring_vs_ordering,1019,2,2,2,0,0,,
FA,structuring_vs_input,1019,2,2,2,0,0,,
FA,ordering_vs_input,1020,3,2,2,1,0,professionalField,
FA,structuring_vs_ordering,1020,2,2,2,0,0,,
FA,structuring_vs_input,1020,3,2,2,1,0,professionalField,
FA,ordering_vs_input,1021,5,5,5,0,0,,
FA,structuring_vs_ordering,1021,5,5,5,0,0,,
FA,structuring_vs_input,1021,5,5,5,0,0,,
FA,ordering_vs_input,1022,5,5,5,0,0,,
FA,structuring_vs_ordering,1022,5,5,5,0,0,,
FA,structuring_vs_input,1022,5,5,5,0,0,,
FA,ordering_vs_input,1023,5,5,5,0,0,,
FA,structuring_vs_ordering,1023,5,5,5,0,0,,
FA,structuring_vs_input,1023,5,5,5,0,0,,
FA,ordering_vs_input,1024,1,1,1,0,0,,
FA,structuring_vs_ordering,1024,1,1,1,0,0,,
FA,structuring_vs_input,1024,1,1,1,0,0,,
FA,ordering_vs_input,1025,6,6,6,0,0,,
FA,structuring_vs_ordering,1025,6,6,6,0,0,,
FA,structuring_vs_input,1025,6,6,6,0,0,,
FA,ordering_vs_input,1026,2,2,2,0,0,,
FA,structuring_vs_ordering,1026,2,2,2,0,0,,
FA,structuring_vs_input,1026,2,2,2,0,0,,
FA,ordering_vs_input,1027,2,2,2,0,0,,
FA,structuring_vs_ordering,1027,2,2,2,0,0,,
FA,structuring_vs_input,1027,2,2,2,0,0,,
FA,ordering_vs_input,1028,2,2,2,0,0,,
FA,structuring_vs_ordering,1028,2,2,2,0,0,,
FA,structuring_vs_input,1028,2,2,2,0,0,,
FA,ordering_vs_input,1029,3,2,2,1,0,writer,
FA,structuring_vs_ordering,1029,2,2,2,0,0,,
FA,structuring_vs_input,1029,3,2,2,1,0,writer,
FA,ordering_vs_input,1030,1,1,1,0,0,,
FA,structuring_vs_ordering,1030,1,1,1,0,0,,
FA,structuring_vs_input,1030,1,1,1,0,0,,
FA,ordering_vs_input,1031,3,1,1,2,0,imdbId | producer,
FA,structuring_vs_ordering,1031,1,1,1,0,0,,
FA,structuring_vs_input,1031,3,1,1,2,0,imdbId | producer,
FA,ordering_vs_input,1032,3,3,3,0,0,,
FA,structuring_vs_ordering,1032,3,3,3,0,0,,
FA,structuring_vs_input,1032,3,3,3,0,0,,
FA,ordering_vs_input,1033,1,1,1,0,0,,
FA,structuring_vs_ordering,1033,1,1,1,0,0,,
FA,structuring_vs_input,1033,1,1,1,0,0,,
FA,ordering_vs_input,1034,1,1,1,0,0,,
FA,structuring_vs_ordering,1034,1,1,1,0,0,,
FA,structuring_vs_input,1034,1,1,1,0,0,,
FA,ordering_vs_input,1035,1,1,1,0,0,,
FA,structuring_vs_ordering,1035,1,1,1,0,0,,
FA,structuring_vs_input,1035,1,1,1,0,0,,
FA,ordering_vs_input,1036,2,2,2,0,0,,
FA,structuring_vs_ordering,1036,2,2,2,0,0,,
FA,structuring_vs_input,1036,2,2,2,0,0,,
FA,ordering_vs_input,1037,1,1,1,0,0,,
FA,structuring_vs_ordering,1037,1,1,1,0,0,,
FA,structuring_vs_input,1037,1,1,1,0,0,,
FA,ordering_vs_input,1038,4,2,2,2,0,runtime | producer,
FA,structuring_vs_ordering,1038,2,2,2,0,0,,
FA,structuring_vs_input,1038,4,2,2,2,0,runtime | producer,
FA,ordering_vs_input,1039,4,4,4,0,0,,
FA,structuring_vs_ordering,1039,4,4,4,0,0,,
FA,structuring_vs_input,1039,4,4,4,0,0,,
FA,ordering_vs_input,1040,4,4,4,0,0,,
FA,structuring_vs_ordering,1040,4,4,4,0,0,,
FA,structuring_vs_input,1040,4,4,4,0,0,,
FA,ordering_vs_input,1041,2,2,2,0,0,,
FA,structuring_vs_ordering,1041,2,2,2,0,0,,
FA,structuring_vs_input,1041,2,2,2,0,0,,
FA,ordering_vs_input,1042,2,2,2,0,0,,
FA,structuring_vs_ordering,1042,2,2,2,0,0,,
FA,structuring_vs_input,1042,2,2,2,0,0,,
FA,ordering_vs_input,1043,3,3,3,0,0,,
FA,structuring_vs_ordering,1043,3,3,3,0,0,,
FA,structuring_vs_input,1043,3,3,3,0,0,,
FA,ordering_vs_input,1044,1,1,1,0,0,,
FA,structuring_vs_ordering,1044,1,1,1,0,0,,
FA,structuring_vs_input,1044,1,1,1,0,0,,
FA,ordering_vs_input,1045,5,4,4,1,0,mission,
FA,structuring_vs_ordering,1045,4,4,4,0,0,,
FA,structuring_vs_input,1045,5,4,4,1,0,mission,
FA,ordering_vs_input,1046,1,1,1,0,0,,
FA,structuring_vs_ordering,1046,1,1,1,0,0,,
FA,structuring_vs_input,1046,1,1,1,0,0,,
FA,ordering_vs_input,1047,7,7,7,0,0,,
FA,structuring_vs_ordering,1047,7,7,7,0,0,,
FA,structuring_vs_input,1047,7,7,7,0,0,,
FA,ordering_vs_input,1048,4,4,4,0,0,,
FA,structuring_vs_ordering,1048,4,4,4,0,0,,
FA,structuring_vs_input,1048,4,4,4,0,0,,
FA,ordering_vs_input,1049,2,2,2,0,0,,
FA,structuring_vs_ordering,1049,2,2,2,0,0,,
FA,structuring_vs_input,1049,2,2,2,0,0,,
FA,ordering_vs_input,1050,6,5,5,1,0,icaoLocationIdentifier,
FA,structuring_vs_ordering,1050,5,5,5,0,0,,
FA,structuring_vs_input,1050,6,5,5,1,0,icaoLocationIdentifier,
FA,ordering_vs_input,1051,3,2,2,1,0,writer,
FA,structuring_vs_ordering,1051,2,2,2,0,0,,
FA,structuring_vs_input,1051,3,2,2,1,0,writer,
FA,ordering_vs_input,1052,2,2,2,0,0,,
FA,structuring_vs_ordering,1052,2,2,2,0,0,,
FA,structuring_vs_input,1052,2,2,2,0,0,,
FA,ordering_vs_input,1053,4,4,4,0,0,,
FA,structuring_vs_ordering,1053,4,4,4,0,0,,
FA,structuring_vs_input,1053,4,4,4,0,0,,
FA,ordering_vs_input,1054,3,3,3,0,0,,
FA,structuring_vs_ordering,1054,3,3,3,0,0,,
FA,structuring_vs_input,1054,3,3,3,0,0,,
FA,ordering_vs_input,1055,1,1,1,0,0,,
FA,structuring_vs_ordering,1055,1,1,1,0,0,,
FA,structuring_vs_input,1055,1,1,1,0,0,,
FA,ordering_vs_input,1056,3,3,3,0,0,,
FA,structuring_vs_ordering,1056,3,3,3,0,0,,
FA,structuring_vs_input,1056,3,3,3,0,0,,
FA,ordering_vs_input,1057,4,3,3,1,0,producer,
FA,structuring_vs_ordering,1057,3,3,3,0,0,,
FA,structuring_vs_input,1057,4,3,3,1,0,producer,
FA,ordering_vs_input,1058,1,1,1,0,0,,
FA,structuring_vs_ordering,1058,1,1,1,0,0,,
FA,structuring_vs_input,1058,1,1,1,0,0,,
FA,ordering_vs_input,1059,4,4,4,0,0,,
FA,structuring_vs_ordering,1059,4,4,4,0,0,,
FA,structuring_vs_input,1059,4,4,4,0,0,,
FA,ordering_vs_input,1060,1,1,1,0,0,,
FA,structuring_vs_ordering,1060,1,1,1,0,0,,
FA,structuring_vs_input,1060,1,1,1,0,0,,
FA,ordering_vs_input,1061,2,2,2,0,0,,
FA,structuring_vs_ordering,1061,2,2,2,0,0,,
FA,structuring_vs_input,1061,2,2,2,0,0,,
FA,ordering_vs_input,1062,1,1,1,0,0,,
FA,structuring_vs_ordering,1062,1,1,1,0,0,,
FA,structuring_vs_input,1062,1,1,1,0,0,,
FA,ordering_vs_input,1063,3,2,2,1,0,producer,
FA,structuring_vs_ordering,1063,2,2,2,0,0,,
FA,structuring_vs_input,1063,3,2,2,1,0,producer,
FA,ordering_vs_input,1064,2,2,2,0,0,,
FA,structuring_vs_ordering,1064,2,2,2,0,0,,
FA,structuring_vs_input,1064,2,2,2,0,0,,
FA,ordering_vs_input,1065,1,1,1,0,0,,
FA,structuring_vs_ordering,1065,1,1,1,0,0,,
FA,structuring_vs_input,1065,1,1,1,0,0,,
FA,ordering_vs_input,1066,6,5,5,1,0,city,
FA,structuring_vs_ordering,1066,5,5,5,0,0,,
FA,structuring_vs_input,1066,6,5,5,1,0,city,
FA,ordering_vs_input,1067,6,6,6,0,0,,
FA,structuring_vs_ordering,1067,6,6,6,0,0,,
FA,structuring_vs_input,1067,6,6,6,0,0,,
FA,ordering_vs_input,1068,4,4,4,0,0,,
FA,structuring_vs_ordering,1068,4,4,4,0,0,,
FA,structuring_vs_input,1068,4,4,4,0,0,,
FA,ordering_vs_input,1069,4,3,3,1,0,writer,
FA,structuring_vs_ordering,1069,3,3,3,0,0,,
FA,structuring_vs_input,1069,4,3,3,1,0,writer,
FA,ordering_vs_input,1070,3,3,3,0,0,,
FA,structuring_vs_ordering,1070,3,3,3,0,0,,
FA,structuring_vs_input,1070,3,3,3,0,0,,
FA,ordering_vs_input,1071,2,2,2,0,0,,
FA,structuring_vs_ordering,1071,2,2,2,0,0,,
FA,structuring_vs_input,1071,2,2,2,0,0,,
FA,ordering_vs_input,1072,5,5,5,0,0,,
FA,structuring_vs_ordering,1072,5,5,5,0,0,,
FA,structuring_vs_input,1072,5,5,5,0,0,,
FA,ordering_vs_input,1073,1,1,1,0,0,,
FA,structuring_vs_ordering,1073,1,1,1,0,0,,
FA,structuring_vs_input,1073,1,1,1,0,0,,
FA,ordering_vs_input,1074,6,4,4,2,0,artist | releaseDate,
FA,structuring_vs_ordering,1074,4,4,4,0,0,,
FA,structuring_vs_input,1074,6,4,4,2,0,artist | releaseDate,
FA,ordering_vs_input,1075,4,3,3,1,0,longName,
FA,structuring_vs_ordering,1075,3,3,3,0,0,,
FA,structuring_vs_input,1075,4,3,3,1,0,longName,
FA,ordering_vs_input,1076,2,2,2,0,0,,
FA,structuring_vs_ordering,1076,2,2,2,0,0,,
FA,structuring_vs_input,1076,2,2,2,0,0,,
FA,ordering_vs_input,1077,1,1,1,0,0,,
FA,structuring_vs_ordering,1077,1,1,1,0,0,,
FA,structuring_vs_input,1077,1,1,1,0,0,,
FA,ordering_vs_input,1078,2,2,2,0,0,,
FA,structuring_vs_ordering,1078,2,2,2,0,0,,
FA,structuring_vs_input,1078,2,2,2,0,0,,
FA,ordering_vs_input,1079,2,2,2,0,0,,
FA,structuring_vs_ordering,1079,2,2,2,0,0,,
FA,structuring_vs_input,1079,2,2,2,0,0,,
FA,ordering_vs_input,1080,1,1,1,0,0,,
FA,structuring_vs_ordering,1080,1,1,1,0,0,,
FA,structuring_vs_input,1080,1,1,1,0,0,,
FA,ordering_vs_input,1081,1,1,1,0,0,,
FA,structuring_vs_ordering,1081,1,1,1,0,0,,
FA,structuring_vs_input,1081,1,1,1,0,0,,
FA,ordering_vs_input,1082,1,1,1,0,0,,
FA,structuring_vs_ordering,1082,1,1,1,0,0,,
FA,structuring_vs_input,1082,1,1,1,0,0,,
FA,ordering_vs_input,1083,3,3,3,0,0,,
FA,structuring_vs_ordering,1083,3,3,3,0,0,,
FA,structuring_vs_input,1083,3,3,3,0,0,,
FA,ordering_vs_input,1084,4,4,4,0,0,,
FA,structuring_vs_ordering,1084,4,4,4,0,0,,
FA,structuring_vs_input,1084,4,4,4,0,0,,
FA,ordering_vs_input,1085,4,3,3,1,0,training,
FA,structuring_vs_ordering,1085,3,3,3,0,0,,
FA,structuring_vs_input,1085,4,3,3,1,0,training,
FA,ordering_vs_input,1086,6,6,6,0,0,,
FA,structuring_vs_ordering,1086,6,6,6,0,0,,
FA,structuring_vs_input,1086,6,6,6,0,0,,
FA,ordering_vs_input,1087,3,3,3,0,0,,
FA,structuring_vs_ordering,1087,3,3,3,0,0,,
FA,structuring_vs_input,1087,3,3,3,0,0,,
FA,ordering_vs_input,1088,1,1,1,0,0,,
FA,structuring_vs_ordering,1088,1,1,1,0,0,,
FA,structuring_vs_input,1088,1,1,1,0,0,,
FA,ordering_vs_input,1089,7,7,7,0,0,,
FA,structuring_vs_ordering,1089,7,7,7,0,0,,
FA,structuring_vs_input,1089,7,7,7,0,0,,
FA,ordering_vs_input,1090,1,1,1,0,0,,
FA,structuring_vs_ordering,1090,1,1,1,0,0,,
FA,structuring_vs_input,1090,1,1,1,0,0,,
FA,ordering_vs_input,1091,2,2,2,0,0,,
FA,structuring_vs_ordering,1091,2,2,2,0,0,,
FA,structuring_vs_input,1091,2,2,2,0,0,,
FA,ordering_vs_input,1092,3,3,3,0,0,,
FA,structuring_vs_ordering,1092,3,3,3,0,0,,
FA,structuring_vs_input,1092,3,3,3,0,0,,
FA,ordering_vs_input,1093,5,5,5,0,0,,
FA,structuring_vs_ordering,1093,5,5,5,0,0,,
FA,structuring_vs_input,1093,5,5,5,0,0,,
FA,ordering_vs_input,1094,3,3,3,0,0,,
FA,structuring_vs_ordering,1094,3,3,3,0,0,,
FA,structuring_vs_input,1094,3,3,3,0,0,,
FA,ordering_vs_input,1095,3,3,3,0,0,,
FA,structuring_vs_ordering,1095,3,3,3,0,0,,
FA,structuring_vs_input,1095,3,3,3,0,0,,
FA,ordering_vs_input,1096,1,1,1,0,0,,
FA,structuring_vs_ordering,1096,1,1,1,0,0,,
FA,structuring_vs_input,1096,1,1,1,0,0,,
FA,ordering_vs_input,1097,3,2,2,1,0,type,
FA,structuring_vs_ordering,1097,2,2,2,0,0,,
FA,structuring_vs_input,1097,3,2,2,1,0,type,
FA,ordering_vs_input,1098,5,5,5,0,0,,
FA,structuring_vs_ordering,1098,5,5,5,0,0,,
FA,structuring_vs_input,1098,5,5,5,0,0,,
FA,ordering_vs_input,1099,2,2,2,0,0,,
FA,structuring_vs_ordering,1099,2,2,2,0,0,,
FA,structuring_vs_input,1099,2,2,2,0,0,,
FA,ordering_vs_input,1100,7,7,7,0,0,,
FA,structuring_vs_ordering,1100,7,7,7,0,0,,
FA,structuring_vs_input,1100,7,7,7,0,0,,
FA,ordering_vs_input,1101,4,4,4,0,0,,
FA,structuring_vs_ordering,1101,4,4,4,0,0,,
FA,structuring_vs_input,1101,4,4,4,0,0,,
FA,ordering_vs_input,1102,3,3,3,0,0,,
FA,structuring_vs_ordering,1102,3,3,3,0,0,,
FA,structuring_vs_input,1102,3,3,3,0,0,,
FA,ordering_vs_input,1103,2,2,2,0,0,,
FA,structuring_vs_ordering,1103,2,2,2,0,0,,
FA,structuring_vs_input,1103,2,2,2,0,0,,
FA,ordering_vs_input,1104,1,1,1,0,0,,
FA,structuring_vs_ordering,1104,1,1,1,0,0,,
FA,structuring_vs_input,1104,1,1,1,0,0,,
FA,ordering_vs_input,1105,2,2,2,0,0,,
FA,structuring_vs_ordering,1105,2,2,2,0,0,,
FA,structuring_vs_input,1105,2,2,2,0,0,,
FA,ordering_vs_input,1106,3,2,2,1,0,professionalField,
FA,structuring_vs_ordering,1106,2,2,2,0,0,,
FA,structuring_vs_input,1106,3,2,2,1,0,professionalField,
FA,ordering_vs_input,1107,5,5,5,0,0,,
FA,structuring_vs_ordering,1107,5,5,5,0,0,,
FA,structuring_vs_input,1107,5,5,5,0,0,,
FA,ordering_vs_input,1108,1,1,1,0,0,,
FA,structuring_vs_ordering,1108,1,1,1,0,0,,
FA,structuring_vs_input,1108,1,1,1,0,0,,
FA,ordering_vs_input,1109,3,3,3,0,0,,
FA,structuring_vs_ordering,1109,3,3,3,0,0,,
FA,structuring_vs_input,1109,3,3,3,0,0,,
FA,ordering_vs_input,1110,5,1,1,4,0,producer | runtime | recordedIn | recordedIn,
FA,structuring_vs_ordering,1110,1,1,1,0,0,,
FA,structuring_vs_input,1110,5,1,1,4,0,producer | runtime | recordedIn | recordedIn,
FA,ordering_vs_input,1111,5,5,5,0,0,,
FA,structuring_vs_ordering,1111,5,5,5,0,0,,
FA,structuring_vs_input,1111,5,5,5,0,0,,
FA,ordering_vs_input,1112,2,2,2,0,0,,
FA,structuring_vs_ordering,1112,2,2,2,0,0,,
FA,structuring_vs_input,1112,2,2,2,0,0,,
FA,ordering_vs_input,1113,1,1,1,0,0,,
FA,structuring_vs_ordering,1113,1,1,1,0,0,,
FA,structuring_vs_input,1113,1,1,1,0,0,,
FA,ordering_vs_input,1114,4,3,3,1,0,type,
FA,structuring_vs_ordering,1114,3,3,3,0,0,,
FA,structuring_vs_input,1114,4,3,3,1,0,type,
FA,ordering_vs_input,1115,3,1,1,2,0,artist | producer,
FA,structuring_vs_ordering,1115,1,1,1,0,0,,
FA,structuring_vs_input,1115,3,1,1,2,0,artist | producer,
FA,ordering_vs_input,1116,4,4,4,0,0,,
FA,structuring_vs_ordering,1116,4,4,4,0,0,,
FA,structuring_vs_input,1116,4,4,4,0,0,,
FA,ordering_vs_input,1117,4,4,4,0,0,,
FA,structuring_vs_ordering,1117,4,4,4,0,0,,
FA,structuring_vs_input,1117,4,4,4,0,0,,
FA,ordering_vs_input,1118,1,1,1,0,0,,
FA,structuring_vs_ordering,1118,1,1,1,0,0,,
FA,structuring_vs_input,1118,1,1,1,0,0,,
FA,ordering_vs_input,1119,1,1,1,0,0,,
FA,structuring_vs_ordering,1119,1,1,1,0,0,,
FA,structuring_vs_input,1119,1,1,1,0,0,,
FA,ordering_vs_input,1120,1,1,1,0,0,,
FA,structuring_vs_ordering,1120,1,1,1,0,0,,
FA,structuring_vs_input,1120,1,1,1,0,0,,
FA,ordering_vs_input,1121,2,2,2,0,0,,
FA,structuring_vs_ordering,1121,2,2,2,0,0,,
FA,structuring_vs_input,1121,2,2,2,0,0,,
FA,ordering_vs_input,1122,1,1,1,0,0,,
FA,structuring_vs_ordering,1122,1,1,1,0,0,,
FA,structuring_vs_input,1122,1,1,1,0,0,,
FA,ordering_vs_input,1123,3,3,3,0,0,,
FA,structuring_vs_ordering,1123,3,3,3,0,0,,
FA,structuring_vs_input,1123,3,3,3,0,0,,
FA,ordering_vs_input,1124,5,5,5,0,0,,
FA,structuring_vs_ordering,1124,5,5,5,0,0,,
FA,structuring_vs_input,1124,5,5,5,0,0,,
FA,ordering_vs_input,1125,1,1,1,0,0,,
FA,structuring_vs_ordering,1125,1,1,1,0,0,,
FA,structuring_vs_input,1125,1,1,1,0,0,,
FA,ordering_vs_input,1126,3,3,3,0,0,,
FA,structuring_vs_ordering,1126,3,3,3,0,0,,
FA,structuring_vs_input,1126,3,3,3,0,0,,
FA,ordering_vs_input,1127,7,7,7,0,0,,
FA,structuring_vs_ordering,1127,7,7,7,0,0,,
FA,structuring_vs_input,1127,7,7,7,0,0,,
FA,ordering_vs_input,1128,3,3,3,0,0,,
FA,structuring_vs_ordering,1128,3,3,3,0,0,,
FA,structuring_vs_input,1128,3,3,3,0,0,,
FA,ordering_vs_input,1129,3,3,3,0,0,,
FA,structuring_vs_ordering,1129,3,3,3,0,0,,
FA,structuring_vs_input,1129,3,3,3,0,0,,
FA,ordering_vs_input,1130,3,1,1,2,0,writer | editing,
FA,structuring_vs_ordering,1130,1,1,1,0,0,,
FA,structuring_vs_input,1130,3,1,1,2,0,writer | editing,
FA,ordering_vs_input,1131,4,4,4,0,0,,
FA,structuring_vs_ordering,1131,4,4,4,0,0,,
FA,structuring_vs_input,1131,4,4,4,0,0,,
FA,ordering_vs_input,1132,2,2,2,0,0,,
FA,structuring_vs_ordering,1132,2,2,2,0,0,,
FA,structuring_vs_input,1132,2,2,2,0,0,,
FA,ordering_vs_input,1133,4,3,3,1,0,citizenship,
FA,structuring_vs_ordering,1133,3,3,3,0,0,,
FA,structuring_vs_input,1133,4,3,3,1,0,citizenship,
FA,ordering_vs_input,1134,2,2,2,0,0,,
FA,structuring_vs_ordering,1134,2,2,2,0,0,,
FA,structuring_vs_input,1134,2,2,2,0,0,,
FA,ordering_vs_input,1135,2,2,2,0,0,,
FA,structuring_vs_ordering,1135,2,2,2,0,0,,
FA,structuring_vs_input,1135,2,2,2,0,0,,
FA,ordering_vs_input,1136,2,1,1,1,0,writer,
FA,structuring_vs_ordering,1136,1,1,1,0,0,,
FA,structuring_vs_input,1136,2,1,1,1,0,writer,
FA,ordering_vs_input,1137,1,1,1,0,0,,
FA,structuring_vs_ordering,1137,1,1,1,0,0,,
FA,structuring_vs_input,1137,1,1,1,0,0,,
FA,ordering_vs_input,1138,4,4,4,0,0,,
FA,structuring_vs_ordering,1138,4,4,4,0,0,,
FA,structuring_vs_input,1138,4,4,4,0,0,,
FA,ordering_vs_input,1139,1,1,1,0,0,,
FA,structuring_vs_ordering,1139,1,1,1,0,0,,
FA,structuring_vs_input,1139,1,1,1,0,0,,
FA,ordering_vs_input,1140,1,1,1,0,0,,
FA,structuring_vs_ordering,1140,1,1,1,0,0,,
FA,structuring_vs_input,1140,1,1,1,0,0,,
FA,ordering_vs_input,1141,1,1,1,0,0,,
FA,structuring_vs_ordering,1141,1,1,1,0,0,,
FA,structuring_vs_input,1141,1,1,1,0,0,,
FA,ordering_vs_input,1142,4,4,4,0,0,,
FA,structuring_vs_ordering,1142,4,4,4,0,0,,
FA,structuring_vs_input,1142,4,4,4,0,0,,
FA,ordering_vs_input,1143,4,4,4,0,0,,
FA,structuring_vs_ordering,1143,4,4,4,0,0,,
FA,structuring_vs_input,1143,4,4,4,0,0,,
FA,ordering_vs_input,1144,4,4,4,0,0,,
FA,structuring_vs_ordering,1144,4,4,4,0,0,,
FA,structuring_vs_input,1144,4,4,4,0,0,,
FA,ordering_vs_input,1145,6,5,5,1,0,icaoLocationIdentifier,
FA,structuring_vs_ordering,1145,5,5,5,0,0,,
FA,structuring_vs_input,1145,6,5,5,1,0,icaoLocationIdentifier,
FA,ordering_vs_input,1146,4,4,4,0,0,,
FA,structuring_vs_ordering,1146,4,4,4,0,0,,
FA,structuring_vs_input,1146,4,4,4,0,0,,
FA,ordering_vs_input,1147,1,1,1,0,0,,
FA,structuring_vs_ordering,1147,1,1,1,0,0,,
FA,structuring_vs_input,1147,1,1,1,0,0,,
FA,ordering_vs_input,1148,2,2,2,0,0,,
FA,structuring_vs_ordering,1148,2,2,2,0,0,,
FA,structuring_vs_input,1148,2,2,2,0,0,,
FA,ordering_vs_input,1149,1,1,1,0,0,,
FA,structuring_vs_ordering,1149,1,1,1,0,0,,
FA,structuring_vs_input,1149,1,1,1,0,0,,
FA,ordering_vs_input,1150,4,3,3,1,0,city,
FA,structuring_vs_ordering,1150,3,3,3,0,0,,
FA,structuring_vs_input,1150,4,3,3,1,0,city,
FA,ordering_vs_input,1151,3,3,3,0,0,,
FA,structuring_vs_ordering,1151,3,3,3,0,0,,
FA,structuring_vs_input,1151,3,3,3,0,0,,
FA,ordering_vs_input,1152,3,3,3,0,0,,
FA,structuring_vs_ordering,1152,3,3,3,0,0,,
FA,structuring_vs_input,1152,3,3,3,0,0,,
FA,ordering_vs_input,1153,4,2,2,2,0,writer | producer,
FA,structuring_vs_ordering,1153,2,2,2,0,0,,
FA,structuring_vs_input,1153,4,2,2,2,0,writer | producer,
FA,ordering_vs_input,1154,3,3,3,0,0,,
FA,structuring_vs_ordering,1154,3,3,3,0,0,,
FA,structuring_vs_input,1154,3,3,3,0,0,,
FA,ordering_vs_input,1155,3,3,3,0,0,,
FA,structuring_vs_ordering,1155,3,3,3,0,0,,
FA,structuring_vs_input,1155,3,3,3,0,0,,
FA,ordering_vs_input,1156,7,7,7,0,0,,
FA,structuring_vs_ordering,1156,7,7,7,0,0,,
FA,structuring_vs_input,1156,7,7,7,0,0,,
FA,ordering_vs_input,1157,1,1,1,0,0,,
FA,structuring_vs_ordering,1157,1,1,1,0,0,,
FA,structuring_vs_input,1157,1,1,1,0,0,,
FA,ordering_vs_input,1158,5,4,4,1,0,ground,
FA,structuring_vs_ordering,1158,4,4,4,0,0,,
FA,structuring_vs_input,1158,5,4,4,1,0,ground,
FA,ordering_vs_input,1159,5,4,4,1,0,city,
FA,structuring_vs_ordering,1159,4,4,4,0,0,,
FA,structuring_vs_input,1159,5,4,4,1,0,city,
FA,ordering_vs_input,1160,2,2,2,0,0,,
FA,structuring_vs_ordering,1160,2,2,2,0,0,,
FA,structuring_vs_input,1160,2,2,2,0,0,,
FA,ordering_vs_input,1161,6,4,4,2,0,cinematography | gross,
FA,structuring_vs_ordering,1161,4,4,4,0,0,,
FA,structuring_vs_input,1161,6,4,4,2,0,cinematography | gross,
FA,ordering_vs_input,1162,2,2,2,0,0,,
FA,structuring_vs_ordering,1162,2,2,2,0,0,,
FA,structuring_vs_input,1162,2,2,2,0,0,,
FA,ordering_vs_input,1163,3,3,3,0,0,,
FA,structuring_vs_ordering,1163,3,3,3,0,0,,
FA,structuring_vs_input,1163,3,3,3,0,0,,
FA,ordering_vs_input,1164,3,2,2,1,0,producer,
FA,structuring_vs_ordering,1164,2,2,2,0,0,,
FA,structuring_vs_input,1164,3,2,2,1,0,producer,
FA,ordering_vs_input,1165,1,1,1,0,0,,
FA,structuring_vs_ordering,1165,1,1,1,0,0,,
FA,structuring_vs_input,1165,1,1,1,0,0,,
FA,ordering_vs_input,1166,1,1,1,0,0,,
FA,structuring_vs_ordering,1166,1,1,1,0,0,,
FA,structuring_vs_input,1166,1,1,1,0,0,,
FA,ordering_vs_input,1167,2,2,2,0,0,,
FA,structuring_vs_ordering,1167,2,2,2,0,0,,
FA,structuring_vs_input,1167,2,2,2,0,0,,
FA,ordering_vs_input,1168,4,4,4,0,0,,
FA,structuring_vs_ordering,1168,4,4,4,0,0,,
FA,structuring_vs_input,1168,4,4,4,0,0,,
FA,ordering_vs_input,1169,4,4,4,0,0,,
FA,structuring_vs_ordering,1169,4,4,4,0,0,,
FA,structuring_vs_input,1169,4,4,4,0,0,,
FA,ordering_vs_input,1170,5,5,5,0,0,,
FA,structuring_vs_ordering,1170,5,5,5,0,0,,
FA,structuring_vs_input,1170,5,5,5,0,0,,
FA,ordering_vs_input,1171,2,2,2,0,0,,
FA,structuring_vs_ordering,1171,2,2,2,0,0,,
FA,structuring_vs_input,1171,2,2,2,0,0,,
FA,ordering_vs_input,1172,3,2,2,1,0,training,
FA,structuring_vs_ordering,1172,2,2,2,0,0,,
FA,structuring_vs_input,1172,3,2,2,1,0,training,
FA,ordering_vs_input,1173,2,2,2,0,0,,
FA,structuring_vs_ordering,1173,2,2,2,0,0,,
FA,structuring_vs_input,1173,2,2,2,0,0,,
FA,ordering_vs_input,1174,7,6,6,1,0,citizenship,
FA,structuring_vs_ordering,1174,6,6,6,0,0,,
FA,structuring_vs_input,1174,7,6,6,1,0,citizenship,
FA,ordering_vs_input,1175,4,4,4,0,0,,
FA,structuring_vs_ordering,1175,4,4,4,0,0,,
FA,structuring_vs_input,1175,4,4,4,0,0,,
FA,ordering_vs_input,1176,1,1,1,0,0,,
FA,structuring_vs_ordering,1176,1,1,1,0,0,,
FA,structuring_vs_input,1176,1,1,1,0,0,,
FA,ordering_vs_input,1177,5,5,5,0,0,,
FA,structuring_vs_ordering,1177,5,5,5,0,0,,
FA,structuring_vs_input,1177,5,5,5,0,0,,
FA,ordering_vs_input,1178,1,1,1,0,0,,
FA,structuring_vs_ordering,1178,1,1,1,0,0,,
FA,structuring_vs_input,1178,1,1,1,0,0,,
FA,ordering_vs_input,1179,4,4,4,0,0,,
FA,structuring_vs_ordering,1179,4,4,4,0,0,,
FA,structuring_vs_input,1179,4,4,4,0,0,,
FA,ordering_vs_input,1180,1,1,1,0,0,,
FA,structuring_vs_ordering,1180,1,1,1,0,0,,
FA,structuring_vs_input,1180,1,1,1,0,0,,
FA,ordering_vs_input,1181,2,2,2,0,0,,
FA,structuring_vs_ordering,1181,2,2,2,0,0,,
FA,structuring_vs_input,1181,2,2,2,0,0,,
FA,ordering_vs_input,1182,1,1,1,0,0,,
FA,structuring_vs_ordering,1182,1,1,1,0,0,,
FA,structuring_vs_input,1182,1,1,1,0,0,,
FA,ordering_vs_input,1183,4,4,4,0,0,,
FA,structuring_vs_ordering,1183,4,4,4,0,0,,
FA,structuring_vs_input,1183,4,4,4,0,0,,
FA,ordering_vs_input,1184,1,1,1,0,0,,
FA,structuring_vs_ordering,1184,1,1,1,0,0,,
FA,structuring_vs_input,1184,1,1,1,0,0,,
FA,ordering_vs_input,1185,7,2,2,5,0,musicalBand | writer | runtime | writer | producer,
FA,structuring_vs_ordering,1185,2,2,2,0,0,,
FA,structuring_vs_input,1185,7,2,2,5,0,musicalBand | writer | runtime | writer | producer,
FA,ordering_vs_input,1186,5,4,4,1,0,city,
FA,structuring_vs_ordering,1186,4,4,4,0,0,,
FA,structuring_vs_input,1186,5,4,4,1,0,city,
FA,ordering_vs_input,1187,4,4,4,0,0,,
FA,structuring_vs_ordering,1187,4,4,4,0,0,,
FA,structuring_vs_input,1187,4,4,4,0,0,,
FA,ordering_vs_input,1188,3,3,3,0,0,,
FA,structuring_vs_ordering,1188,3,3,3,0,0,,
FA,structuring_vs_input,1188,3,3,3,0,0,,
FA,ordering_vs_input,1189,3,3,3,0,0,,
FA,structuring_vs_ordering,1189,3,3,3,0,0,,
FA,structuring_vs_input,1189,3,3,3,0,0,,
FA,ordering_vs_input,1190,1,1,1,0,0,,
FA,structuring_vs_ordering,1190,1,1,1,0,0,,
FA,structuring_vs_input,1190,1,1,1,0,0,,
FA,ordering_vs_input,1191,3,3,3,0,0,,
FA,structuring_vs_ordering,1191,3,3,3,0,0,,
FA,structuring_vs_input,1191,3,3,3,0,0,,
FA,ordering_vs_input,1192,1,1,1,0,0,,
FA,structuring_vs_ordering,1192,1,1,1,0,0,,
FA,structuring_vs_input,1192,1,1,1,0,0,,
FA,ordering_vs_input,1193,2,2,2,0,0,,
FA,structuring_vs_ordering,1193,2,2,2,0,0,,
FA,structuring_vs_input,1193,2,2,2,0,0,,
FA,ordering_vs_input,1194,1,1,1,0,0,,
FA,structuring_vs_ordering,1194,1,1,1,0,0,,
FA,structuring_vs_input,1194,1,1,1,0,0,,
FA,ordering_vs_input,1195,3,1,1,2,0,professionalField | professionalField,
FA,structuring_vs_ordering,1195,1,1,1,0,0,,
FA,structuring_vs_input,1195,3,1,1,2,0,professionalField | professionalField,
FA,ordering_vs_input,1196,2,2,2,0,0,,
FA,structuring_vs_ordering,1196,2,2,2,0,0,,
FA,structuring_vs_input,1196,2,2,2,0,0,,
FA,ordering_vs_input,1197,4,4,4,0,0,,
FA,structuring_vs_ordering,1197,4,4,4,0,0,,
FA,structuring_vs_input,1197,4,4,4,0,0,,
FA,ordering_vs_input,1198,1,1,1,0,0,,
FA,structuring_vs_ordering,1198,1,1,1,0,0,,
FA,structuring_vs_input,1198,1,1,1,0,0,,
FA,ordering_vs_input,1199,1,1,1,0,0,,
FA,structuring_vs_ordering,1199,1,1,1,0,0,,
FA,structuring_vs_input,1199,1,1,1,0,0,,
FA,ordering_vs_input,1200,7,5,5,2,0,location | city,
FA,structuring_vs_ordering,1200,5,5,5,0,0,,
FA,structuring_vs_input,1200,7,5,5,2,0,location | city,
FA,ordering_vs_input,1201,3,3,3,0,0,,
FA,structuring_vs_ordering,1201,3,3,3,0,0,,
FA,structuring_vs_input,1201,3,3,3,0,0,,
FA,ordering_vs_input,1202,1,1,1,0,0,,
FA,structuring_vs_ordering,1202,1,1,1,0,0,,
FA,structuring_vs_input,1202,1,1,1,0,0,,
FA,ordering_vs_input,1203,2,2,2,0,0,,
FA,structuring_vs_ordering,1203,2,2,2,0,0,,
FA,structuring_vs_input,1203,2,2,2,0,0,,
FA,ordering_vs_input,1204,1,1,1,0,0,,
FA,structuring_vs_ordering,1204,1,1,1,0,0,,
FA,structuring_vs_input,1204,1,1,1,0,0,,
FA,ordering_vs_input,1205,5,4,4,1,0,professionalField,
FA,structuring_vs_ordering,1205,4,4,4,0,0,,
FA,structuring_vs_input,1205,5,4,4,1,0,professionalField,
FA,ordering_vs_input,1206,1,1,1,0,0,,
FA,structuring_vs_ordering,1206,1,1,1,0,0,,
FA,structuring_vs_input,1206,1,1,1,0,0,,
FA,ordering_vs_input,1207,1,1,1,0,0,,
FA,structuring_vs_ordering,1207,1,1,1,0,0,,
FA,structuring_vs_input,1207,1,1,1,0,0,,
FA,ordering_vs_input,1208,2,2,2,0,0,,
FA,structuring_vs_ordering,1208,2,2,2,0,0,,
FA,structuring_vs_input,1208,2,2,2,0,0,,
FA,ordering_vs_input,1209,4,4,4,0,0,,
FA,structuring_vs_ordering,1209,4,4,4,0,0,,
FA,structuring_vs_input,1209,4,4,4,0,0,,
FA,ordering_vs_input,1210,1,1,1,0,0,,
FA,structuring_vs_ordering,1210,1,1,1,0,0,,
FA,structuring_vs_input,1210,1,1,1,0,0,,
FA,ordering_vs_input,1211,5,4,4,1,0,city,
FA,structuring_vs_ordering,1211,4,4,4,0,0,,
FA,structuring_vs_input,1211,5,4,4,1,0,city,
FA,ordering_vs_input,1212,6,6,6,0,0,,
FA,structuring_vs_ordering,1212,6,6,6,0,0,,
FA,structuring_vs_input,1212,6,6,6,0,0,,
FA,ordering_vs_input,1213,4,2,2,2,0,foundingDate | industry,
FA,structuring_vs_ordering,1213,2,2,2,0,0,,
FA,structuring_vs_input,1213,4,2,2,2,0,foundingDate | industry,
FA,ordering_vs_input,1214,2,2,2,0,0,,
FA,structuring_vs_ordering,1214,2,2,2,0,0,,
FA,structuring_vs_input,1214,2,2,2,0,0,,
FA,ordering_vs_input,1215,1,1,1,0,0,,
FA,structuring_vs_ordering,1215,1,1,1,0,0,,
FA,structuring_vs_input,1215,1,1,1,0,0,,
FA,ordering_vs_input,1216,2,2,2,0,0,,
FA,structuring_vs_ordering,1216,2,2,2,0,0,,
FA,structuring_vs_input,1216,2,2,2,0,0,,
FA,ordering_vs_input,1217,3,3,3,0,0,,
FA,structuring_vs_ordering,1217,3,3,3,0,0,,
FA,structuring_vs_input,1217,3,3,3,0,0,,
FA,ordering_vs_input,1218,1,1,1,0,0,,
FA,structuring_vs_ordering,1218,1,1,1,0,0,,
FA,structuring_vs_input,1218,1,1,1,0,0,,
FA,ordering_vs_input,1219,3,3,3,0,0,,
FA,structuring_vs_ordering,1219,3,3,3,0,0,,
FA,structuring_vs_input,1219,3,3,3,0,0,,
FA,ordering_vs_input,1220,2,2,2,0,0,,
FA,structuring_vs_ordering,1220,2,2,2,0,0,,
FA,structuring_vs_input,1220,2,2,2,0,0,,
FA,ordering_vs_input,1221,2,2,2,0,0,,
FA,structuring_vs_ordering,1221,2,2,2,0,0,,
FA,structuring_vs_input,1221,2,2,2,0,0,,
FA,ordering_vs_input,1222,4,3,3,1,0,professionalField,
FA,structuring_vs_ordering,1222,3,3,3,0,0,,
FA,structuring_vs_input,1222,4,3,3,1,0,professionalField,
FA,ordering_vs_input,1223,3,3,3,0,0,,
FA,structuring_vs_ordering,1223,3,3,3,0,0,,
FA,structuring_vs_input,1223,3,3,3,0,0,,
FA,ordering_vs_input,1224,2,1,1,1,0,writer,
FA,structuring_vs_ordering,1224,1,1,1,0,0,,
FA,structuring_vs_input,1224,2,1,1,1,0,writer,
FA,ordering_vs_input,1225,2,2,2,0,0,,
FA,structuring_vs_ordering,1225,2,2,2,0,0,,
FA,structuring_vs_input,1225,2,2,2,0,0,,
FA,ordering_vs_input,1226,3,3,3,0,0,,
FA,structuring_vs_ordering,1226,3,3,3,0,0,,
FA,structuring_vs_input,1226,3,3,3,0,0,,
FA,ordering_vs_input,1227,2,2,2,0,0,,
FA,structuring_vs_ordering,1227,2,2,2,0,0,,
FA,structuring_vs_input,1227,2,2,2,0,0,,
FA,ordering_vs_input,1228,5,5,5,0,0,,
FA,structuring_vs_ordering,1228,5,5,5,0,0,,
FA,structuring_vs_input,1228,5,5,5,0,0,,
FA,ordering_vs_input,1229,2,2,2,0,0,,
FA,structuring_vs_ordering,1229,2,2,2,0,0,,
FA,structuring_vs_input,1229,2,2,2,0,0,,
FA,ordering_vs_input,1230,6,5,5,1,0,knownFor,
FA,structuring_vs_ordering,1230,5,5,5,0,0,,
FA,structuring_vs_input,1230,6,5,5,1,0,knownFor,
FA,ordering_vs_input,1231,7,6,6,1,0,city,
FA,structuring_vs_ordering,1231,6,6,6,0,0,,
FA,structuring_vs_input,1231,7,6,6,1,0,city,
FA,ordering_vs_input,1232,3,3,3,0,0,,
FA,structuring_vs_ordering,1232,3,3,3,0,0,,
FA,structuring_vs_input,1232,3,3,3,0,0,,
FA,ordering_vs_input,1233,2,2,2,0,0,,
FA,structuring_vs_ordering,1233,2,2,2,0,0,,
FA,structuring_vs_input,1233,2,2,2,0,0,,
FA,ordering_vs_input,1234,3,3,3,0,0,,
FA,structuring_vs_ordering,1234,3,3,3,0,0,,
FA,structuring_vs_input,1234,3,3,3,0,0,,
FA,ordering_vs_input,1235,1,1,1,0,0,,
FA,structuring_vs_ordering,1235,1,1,1,0,0,,
FA,structuring_vs_input,1235,1,1,1,0,0,,
FA,ordering_vs_input,1236,4,4,4,0,0,,
FA,structuring_vs_ordering,1236,4,4,4,0,0,,
FA,structuring_vs_input,1236,4,4,4,0,0,,
FA,ordering_vs_input,1237,4,4,4,0,0,,
FA,structuring_vs_ordering,1237,4,4,4,0,0,,
FA,structuring_vs_input,1237,4,4,4,0,0,,
FA,ordering_vs_input,1238,1,1,1,0,0,,
FA,structuring_vs_ordering,1238,1,1,1,0,0,,
FA,structuring_vs_input,1238,1,1,1,0,0,,
FA,ordering_vs_input,1239,1,1,1,0,0,,
FA,structuring_vs_ordering,1239,1,1,1,0,0,,
FA,structuring_vs_input,1239,1,1,1,0,0,,
FA,ordering_vs_input,1240,2,2,2,0,0,,
FA,structuring_vs_ordering,1240,2,2,2,0,0,,
FA,structuring_vs_input,1240,2,2,2,0,0,,
FA,ordering_vs_input,1241,3,1,1,2,0,citizenship | professionalField,
FA,structuring_vs_ordering,1241,1,1,1,0,0,,
FA,structuring_vs_input,1241,3,1,1,2,0,citizenship | professionalField,
FA,ordering_vs_input,1242,4,4,4,0,0,,
FA,structuring_vs_ordering,1242,4,4,4,0,0,,
FA,structuring_vs_input,1242,4,4,4,0,0,,
FA,ordering_vs_input,1243,3,3,3,0,0,,
FA,structuring_vs_ordering,1243,3,3,3,0,0,,
FA,structuring_vs_input,1243,3,3,3,0,0,,
FA,ordering_vs_input,1244,6,3,3,3,0,writer | runtime | writer,
FA,structuring_vs_ordering,1244,3,3,3,0,0,,
FA,structuring_vs_input,1244,6,3,3,3,0,writer | runtime | writer,
FA,ordering_vs_input,1245,3,3,3,0,0,,
FA,structuring_vs_ordering,1245,3,3,3,0,0,,
FA,structuring_vs_input,1245,3,3,3,0,0,,
FA,ordering_vs_input,1246,2,2,2,0,0,,
FA,structuring_vs_ordering,1246,2,2,2,0,0,,
FA,structuring_vs_input,1246,2,2,2,0,0,,
FA,ordering_vs_input,1247,4,4,4,0,0,,
FA,structuring_vs_ordering,1247,4,4,4,0,0,,
FA,structuring_vs_input,1247,4,4,4,0,0,,
FA,ordering_vs_input,1248,4,4,4,0,0,,
FA,structuring_vs_ordering,1248,4,4,4,0,0,,
FA,structuring_vs_input,1248,4,4,4,0,0,,
FA,ordering_vs_input,1249,1,1,1,0,0,,
FA,structuring_vs_ordering,1249,1,1,1,0,0,,
FA,structuring_vs_input,1249,1,1,1,0,0,,
FA,ordering_vs_input,1250,5,4,4,1,0,editing,
FA,structuring_vs_ordering,1250,4,4,4,0,0,,
FA,structuring_vs_input,1250,5,4,4,1,0,editing,
FA,ordering_vs_input,1251,4,4,4,0,0,,
FA,structuring_vs_ordering,1251,4,4,4,0,0,,
FA,structuring_vs_input,1251,4,4,4,0,0,,
FA,ordering_vs_input,1252,2,2,2,0,0,,
FA,structuring_vs_ordering,1252,2,2,2,0,0,,
FA,structuring_vs_input,1252,2,2,2,0,0,,
FA,ordering_vs_input,1253,7,7,7,0,0,,
FA,structuring_vs_ordering,1253,7,7,7,0,0,,
FA,structuring_vs_input,1253,7,7,7,0,0,,
FA,ordering_vs_input,1254,4,4,4,0,0,,
FA,structuring_vs_ordering,1254,4,4,4,0,0,,
FA,structuring_vs_input,1254,4,4,4,0,0,,
FA,ordering_vs_input,1255,3,3,3,0,0,,
FA,structuring_vs_ordering,1255,3,3,3,0,0,,
FA,structuring_vs_input,1255,3,3,3,0,0,,
FA,ordering_vs_input,1256,3,2,2,1,0,training,
FA,structuring_vs_ordering,1256,2,2,2,0,0,,
FA,structuring_vs_input,1256,3,2,2,1,0,training,
FA,ordering_vs_input,1257,1,1,1,0,0,,
FA,structuring_vs_ordering,1257,1,1,1,0,0,,
FA,structuring_vs_input,1257,1,1,1,0,0,,
FA,ordering_vs_input,1258,1,1,1,0,0,,
FA,structuring_vs_ordering,1258,1,1,1,0,0,,
FA,structuring_vs_input,1258,1,1,1,0,0,,
FA,ordering_vs_input,1259,3,3,3,0,0,,
FA,structuring_vs_ordering,1259,3,3,3,0,0,,
FA,structuring_vs_input,1259,3,3,3,0,0,,
FA,ordering_vs_input,1260,5,4,4,1,0,type,
FA,structuring_vs_ordering,1260,4,4,4,0,0,,
FA,structuring_vs_input,1260,5,4,4,1,0,type,
FA,ordering_vs_input,1261,1,1,1,0,0,,
FA,structuring_vs_ordering,1261,1,1,1,0,0,,
FA,structuring_vs_input,1261,1,1,1,0,0,,
FA,ordering_vs_input,1262,1,1,1,0,0,,
FA,structuring_vs_ordering,1262,1,1,1,0,0,,
FA,structuring_vs_input,1262,1,1,1,0,0,,
FA,ordering_vs_input,1263,2,2,2,0,0,,
FA,structuring_vs_ordering,1263,2,2,2,0,0,,
FA,structuring_vs_input,1263,2,2,2,0,0,,
FA,ordering_vs_input,1264,3,3,3,0,0,,
FA,structuring_vs_ordering,1264,3,3,3,0,0,,
FA,structuring_vs_input,1264,3,3,3,0,0,,
FA,ordering_vs_input,1265,3,2,2,1,0,type,
FA,structuring_vs_ordering,1265,2,2,2,0,0,,
FA,structuring_vs_input,1265,3,2,2,1,0,type,
FA,ordering_vs_input,1266,5,5,5,0,0,,
FA,structuring_vs_ordering,1266,5,5,5,0,0,,
FA,structuring_vs_input,1266,5,5,5,0,0,,
FA,ordering_vs_input,1267,4,4,4,0,0,,
FA,structuring_vs_ordering,1267,4,4,4,0,0,,
FA,structuring_vs_input,1267,4,4,4,0,0,,
FA,ordering_vs_input,1268,6,6,6,0,0,,
FA,structuring_vs_ordering,1268,6,6,6,0,0,,
FA,structuring_vs_input,1268,6,6,6,0,0,,
FA,ordering_vs_input,1269,2,2,2,0,0,,
FA,structuring_vs_ordering,1269,2,2,2,0,0,,
FA,structuring_vs_input,1269,2,2,2,0,0,,
FA,ordering_vs_input,1270,3,3,3,0,0,,
FA,structuring_vs_ordering,1270,3,3,3,0,0,,
FA,structuring_vs_input,1270,3,3,3,0,0,,
FA,ordering_vs_input,1271,2,2,2,0,0,,
FA,structuring_vs_ordering,1271,2,2,2,0,0,,
FA,structuring_vs_input,1271,2,2,2,0,0,,
FA,ordering_vs_input,1272,1,1,1,0,0,,
FA,structuring_vs_ordering,1272,1,1,1,0,0,,
FA,structuring_vs_input,1272,1,1,1,0,0,,
FA,ordering_vs_input,1273,5,5,5,0,0,,
FA,structuring_vs_ordering,1273,5,5,5,0,0,,
FA,structuring_vs_input,1273,5,5,5,0,0,,
FA,ordering_vs_input,1274,3,3,3,0,0,,
FA,structuring_vs_ordering,1274,3,3,3,0,0,,
FA,structuring_vs_input,1274,3,3,3,0,0,,
FA,ordering_vs_input,1275,4,4,4,0,0,,
FA,structuring_vs_ordering,1275,4,4,4,0,0,,
FA,structuring_vs_input,1275,4,4,4,0,0,,
FA,ordering_vs_input,1276,4,2,2,2,0,citizenship | professionalField,
FA,structuring_vs_ordering,1276,2,2,2,0,0,,
FA,structuring_vs_input,1276,4,2,2,2,0,citizenship | professionalField,
FA,ordering_vs_input,1277,1,1,1,0,0,,
FA,structuring_vs_ordering,1277,1,1,1,0,0,,
FA,structuring_vs_input,1277,1,1,1,0,0,,
FA,ordering_vs_input,1278,4,4,4,0,0,,
FA,structuring_vs_ordering,1278,4,4,4,0,0,,
FA,structuring_vs_input,1278,4,4,4,0,0,,
FA,ordering_vs_input,1279,5,5,5,0,0,,
FA,structuring_vs_ordering,1279,5,5,5,0,0,,
FA,structuring_vs_input,1279,5,5,5,0,0,,
FA,ordering_vs_input,1280,2,2,2,0,0,,
FA,structuring_vs_ordering,1280,2,2,2,0,0,,
FA,structuring_vs_input,1280,2,2,2,0,0,,
FA,ordering_vs_input,1281,6,6,6,0,0,,
FA,structuring_vs_ordering,1281,6,6,6,0,0,,
FA,structuring_vs_input,1281,6,6,6,0,0,,
FA,ordering_vs_input,1282,1,1,1,0,0,,
FA,structuring_vs_ordering,1282,1,1,1,0,0,,
FA,structuring_vs_input,1282,1,1,1,0,0,,
FA,ordering_vs_input,1283,1,1,1,0,0,,
FA,structuring_vs_ordering,1283,1,1,1,0,0,,
FA,structuring_vs_input,1283,1,1,1,0,0,,
FA,ordering_vs_input,1284,1,1,1,0,0,,
FA,structuring_vs_ordering,1284,1,1,1,0,0,,
FA,structuring_vs_input,1284,1,1,1,0,0,,
FA,ordering_vs_input,1285,3,3,3,0,0,,
FA,structuring_vs_ordering,1285,3,3,3,0,0,,
FA,structuring_vs_input,1285,3,3,3,0,0,,
FA,ordering_vs_input,1286,1,1,1,0,0,,
FA,structuring_vs_ordering,1286,1,1,1,0,0,,
FA,structuring_vs_input,1286,1,1,1,0,0,,
FA,ordering_vs_input,1287,7,7,7,0,0,,
FA,structuring_vs_ordering,1287,7,7,7,0,0,,
FA,structuring_vs_input,1287,7,7,7,0,0,,
FA,ordering_vs_input,1288,2,2,2,0,0,,
FA,structuring_vs_ordering,1288,2,2,2,0,0,,
FA,structuring_vs_input,1288,2,2,2,0,0,,
FA,ordering_vs_input,1289,2,2,2,0,0,,
FA,structuring_vs_ordering,1289,2,2,2,0,0,,
FA,structuring_vs_input,1289,2,2,2,0,0,,
FA,ordering_vs_input,1290,1,1,1,0,0,,
FA,structuring_vs_ordering,1290,1,1,1,0,0,,
FA,structuring_vs_input,1290,1,1,1,0,0,,
FA,ordering_vs_input,1291,2,2,2,0,0,,
FA,structuring_vs_ordering,1291,2,2,2,0,0,,
FA,structuring_vs_input,1291,2,2,2,0,0,,
FA,ordering_vs_input,1292,5,5,5,0,0,,
FA,structuring_vs_ordering,1292,5,5,5,0,0,,
FA,structuring_vs_input,1292,5,5,5,0,0,,
FA,ordering_vs_input,1293,3,1,1,2,0,professionalField | professionalField,
FA,structuring_vs_ordering,1293,1,1,1,0,0,,
FA,structuring_vs_input,1293,3,1,1,2,0,professionalField | professionalField,
FA,ordering_vs_input,1294,1,1,1,0,0,,
FA,structuring_vs_ordering,1294,1,1,1,0,0,,
FA,structuring_vs_input,1294,1,1,1,0,0,,
FA,ordering_vs_input,1295,1,1,1,0,0,,
FA,structuring_vs_ordering,1295,1,1,1,0,0,,
FA,structuring_vs_input,1295,1,1,1,0,0,,
FA,ordering_vs_input,1296,5,4,4,1,0,type,
FA,structuring_vs_ordering,1296,4,4,4,0,0,,
FA,structuring_vs_input,1296,5,4,4,1,0,type,
FA,ordering_vs_input,1297,4,3,3,1,0,type,
FA,structuring_vs_ordering,1297,3,3,3,0,0,,
FA,structuring_vs_input,1297,4,3,3,1,0,type,
FA,ordering_vs_input,1298,2,2,2,0,0,,
FA,structuring_vs_ordering,1298,2,2,2,0,0,,
FA,structuring_vs_input,1298,2,2,2,0,0,,
FA,ordering_vs_input,1299,5,5,5,0,0,,
FA,structuring_vs_ordering,1299,5,5,5,0,0,,
FA,structuring_vs_input,1299,5,5,5,0,0,,
FA,ordering_vs_input,1300,4,4,4,0,0,,
FA,structuring_vs_ordering,1300,4,4,4,0,0,,
FA,structuring_vs_input,1300,4,4,4,0,0,,
FA,ordering_vs_input,1301,5,5,5,0,0,,
FA,structuring_vs_ordering,1301,5,5,5,0,0,,
FA,structuring_vs_input,1301,5,5,5,0,0,,
FA,ordering_vs_input,1302,3,3,3,0,0,,
FA,structuring_vs_ordering,1302,3,3,3,0,0,,
FA,structuring_vs_input,1302,3,3,3,0,0,,
FA,ordering_vs_input,1303,1,1,1,0,0,,
FA,structuring_vs_ordering,1303,1,1,1,0,0,,
FA,structuring_vs_input,1303,1,1,1,0,0,,
FA,ordering_vs_input,1304,3,3,3,0,0,,
FA,structuring_vs_ordering,1304,3,3,3,0,0,,
FA,structuring_vs_input,1304,3,3,3,0,0,,
FA,ordering_vs_input,1305,7,6,6,1,0,tenant,
FA,structuring_vs_ordering,1305,6,6,6,0,0,,
FA,structuring_vs_input,1305,7,6,6,1,0,tenant,
FA,ordering_vs_input,1306,3,3,3,0,0,,
FA,structuring_vs_ordering,1306,3,3,3,0,0,,
FA,structuring_vs_input,1306,3,3,3,0,0,,
FA,ordering_vs_input,1307,1,1,1,0,0,,
FA,structuring_vs_ordering,1307,1,1,1,0,0,,
FA,structuring_vs_input,1307,1,1,1,0,0,,
FA,ordering_vs_input,1308,2,2,2,0,0,,
FA,structuring_vs_ordering,1308,2,2,2,0,0,,
FA,structuring_vs_input,1308,2,2,2,0,0,,
FA,ordering_vs_input,1309,3,3,3,0,0,,
FA,structuring_vs_ordering,1309,3,3,3,0,0,,
FA,structuring_vs_input,1309,3,3,3,0,0,,
FA,ordering_vs_input,1310,1,1,1,0,0,,
FA,structuring_vs_ordering,1310,1,1,1,0,0,,
FA,structuring_vs_input,1310,1,1,1,0,0,,
FA,ordering_vs_input,1311,1,1,1,0,0,,
FA,structuring_vs_ordering,1311,1,1,1,0,0,,
FA,structuring_vs_input,1311,1,1,1,0,0,,
FA,ordering_vs_input,1312,4,3,3,1,0,type,
FA,structuring_vs_ordering,1312,3,3,3,0,0,,
FA,structuring_vs_input,1312,4,3,3,1,0,type,
FA,ordering_vs_input,1313,2,2,2,0,0,,
FA,structuring_vs_ordering,1313,2,2,2,0,0,,
FA,structuring_vs_input,1313,2,2,2,0,0,,
FA,ordering_vs_input,1314,3,3,3,0,0,,
FA,structuring_vs_ordering,1314,3,3,3,0,0,,
FA,structuring_vs_input,1314,3,3,3,0,0,,
FA,ordering_vs_input,1315,5,5,5,0,0,,
FA,structuring_vs_ordering,1315,5,5,5,0,0,,
FA,structuring_vs_input,1315,5,5,5,0,0,,
FA,ordering_vs_input,1316,1,1,1,0,0,,
FA,structuring_vs_ordering,1316,1,1,1,0,0,,
FA,structuring_vs_input,1316,1,1,1,0,0,,
FA,ordering_vs_input,1317,6,5,5,1,0,mainIngredient,
FA,structuring_vs_ordering,1317,5,5,5,0,0,,
FA,structuring_vs_input,1317,6,5,5,1,0,mainIngredient,
FA,ordering_vs_input,1318,4,4,4,0,0,,
FA,structuring_vs_ordering,1318,4,4,4,0,0,,
FA,structuring_vs_input,1318,4,4,4,0,0,,
FA,ordering_vs_input,1319,5,5,5,0,0,,
FA,structuring_vs_ordering,1319,5,5,5,0,0,,
FA,structuring_vs_input,1319,5,5,5,0,0,,
FA,ordering_vs_input,1320,5,5,5,0,0,,
FA,structuring_vs_ordering,1320,5,5,5,0,0,,
FA,structuring_vs_input,1320,5,5,5,0,0,,
FA,ordering_vs_input,1321,3,3,3,0,0,,
FA,structuring_vs_ordering,1321,3,3,3,0,0,,
FA,structuring_vs_input,1321,3,3,3,0,0,,
FA,ordering_vs_input,1322,1,1,1,0,0,,
FA,structuring_vs_ordering,1322,1,1,1,0,0,,
FA,structuring_vs_input,1322,1,1,1,0,0,,
FA,ordering_vs_input,1323,7,7,7,0,0,,
FA,structuring_vs_ordering,1323,7,7,7,0,0,,
FA,structuring_vs_input,1323,7,7,7,0,0,,
FA,ordering_vs_input,1324,1,1,1,0,0,,
FA,structuring_vs_ordering,1324,1,1,1,0,0,,
FA,structuring_vs_input,1324,1,1,1,0,0,,
FA,ordering_vs_input,1325,5,1,1,4,0,runtime | editing | producer | writer,
FA,structuring_vs_ordering,1325,1,1,1,0,0,,
FA,structuring_vs_input,1325,5,1,1,4,0,runtime | editing | producer | writer,
FA,ordering_vs_input,1326,1,1,1,0,0,,
FA,structuring_vs_ordering,1326,1,1,1,0,0,,
FA,structuring_vs_input,1326,1,1,1,0,0,,
FA,ordering_vs_input,1327,4,3,3,1,0,city,
FA,structuring_vs_ordering,1327,3,3,3,0,0,,
FA,structuring_vs_input,1327,4,3,3,1,0,city,
FA,ordering_vs_input,1328,3,1,1,2,0,producer | artist,
FA,structuring_vs_ordering,1328,1,1,1,0,0,,
FA,structuring_vs_input,1328,3,1,1,2,0,producer | artist,
FA,ordering_vs_input,1329,4,4,4,0,0,,
FA,structuring_vs_ordering,1329,4,4,4,0,0,,
FA,structuring_vs_input,1329,4,4,4,0,0,,
FA,ordering_vs_input,1330,5,5,5,0,0,,
FA,structuring_vs_ordering,1330,5,5,5,0,0,,
FA,structuring_vs_input,1330,5,5,5,0,0,,
FA,ordering_vs_input,1331,1,1,1,0,0,,
FA,structuring_vs_ordering,1331,1,1,1,0,0,,
FA,structuring_vs_input,1331,1,1,1,0,0,,
FA,ordering_vs_input,1332,3,2,2,1,0,type,
FA,structuring_vs_ordering,1332,2,2,2,0,0,,
FA,structuring_vs_input,1332,3,2,2,1,0,type,
FA,ordering_vs_input,1333,3,3,3,0,0,,
FA,structuring_vs_ordering,1333,3,3,3,0,0,,
FA,structuring_vs_input,1333,3,3,3,0,0,,
FA,ordering_vs_input,1334,4,2,2,2,0,runtime | artist,
FA,structuring_vs_ordering,1334,2,2,2,0,0,,
FA,structuring_vs_input,1334,4,2,2,2,0,runtime | artist,
FA,ordering_vs_input,1335,3,1,1,2,0,producer | writer,
FA,structuring_vs_ordering,1335,1,1,1,0,0,,
FA,structuring_vs_input,1335,3,1,1,2,0,producer | writer,
FA,ordering_vs_input,1336,4,4,4,0,0,,
FA,structuring_vs_ordering,1336,4,4,4,0,0,,
FA,structuring_vs_input,1336,4,4,4,0,0,,
FA,ordering_vs_input,1337,1,1,1,0,0,,
FA,structuring_vs_ordering,1337,1,1,1,0,0,,
FA,structuring_vs_input,1337,1,1,1,0,0,,
FA,ordering_vs_input,1338,2,2,2,0,0,,
FA,structuring_vs_ordering,1338,2,2,2,0,0,,
FA,structuring_vs_input,1338,2,2,2,0,0,,
FA,ordering_vs_input,1339,5,4,4,1,0,longName,
FA,structuring_vs_ordering,1339,4,4,4,0,0,,
FA,structuring_vs_input,1339,5,4,4,1,0,longName,
FA,ordering_vs_input,1340,5,5,5,0,0,,
FA,structuring_vs_ordering,1340,5,5,5,0,0,,
FA,structuring_vs_input,1340,5,5,5,0,0,,
FA,ordering_vs_input,1341,1,1,1,0,0,,
FA,structuring_vs_ordering,1341,1,1,1,0,0,,
FA,structuring_vs_input,1341,1,1,1,0,0,,
FA,ordering_vs_input,1342,1,1,1,0,0,,
FA,structuring_vs_ordering,1342,1,1,1,0,0,,
FA,structuring_vs_input,1342,1,1,1,0,0,,
FA,ordering_vs_input,1343,1,1,1,0,0,,
FA,structuring_vs_ordering,1343,1,1,1,0,0,,
FA,structuring_vs_input,1343,1,1,1,0,0,,
FA,ordering_vs_input,1344,5,4,4,1,0,city,
FA,structuring_vs_ordering,1344,4,4,4,0,0,,
FA,structuring_vs_input,1344,5,4,4,1,0,city,
FA,ordering_vs_input,1345,3,3,3,0,0,,
FA,structuring_vs_ordering,1345,3,3,3,0,0,,
FA,structuring_vs_input,1345,3,3,3,0,0,,
FA,ordering_vs_input,1346,3,3,3,0,0,,
FA,structuring_vs_ordering,1346,3,3,3,0,0,,
FA,structuring_vs_input,1346,3,3,3,0,0,,
FA,ordering_vs_input,1347,2,2,2,0,0,,
FA,structuring_vs_ordering,1347,2,2,2,0,0,,
FA,structuring_vs_input,1347,2,2,2,0,0,,
FA,ordering_vs_input,1348,2,2,2,0,0,,
FA,structuring_vs_ordering,1348,2,2,2,0,0,,
FA,structuring_vs_input,1348,2,2,2,0,0,,
FA,ordering_vs_input,1349,5,4,4,1,0,professionalField,
FA,structuring_vs_ordering,1349,4,4,4,0,0,,
FA,structuring_vs_input,1349,5,4,4,1,0,professionalField,
FA,ordering_vs_input,1350,1,1,1,0,0,,
FA,structuring_vs_ordering,1350,1,1,1,0,0,,
FA,structuring_vs_input,1350,1,1,1,0,0,,
FA,ordering_vs_input,1351,1,1,1,0,0,,
FA,structuring_vs_ordering,1351,1,1,1,0,0,,
FA,structuring_vs_input,1351,1,1,1,0,0,,
FA,ordering_vs_input,1352,4,3,3,1,0,citizenship,
FA,structuring_vs_ordering,1352,3,3,3,0,0,,
FA,structuring_vs_input,1352,4,3,3,1,0,citizenship,
FA,ordering_vs_input,1353,4,4,4,0,0,,
FA,structuring_vs_ordering,1353,4,4,4,0,0,,
FA,structuring_vs_input,1353,4,4,4,0,0,,
FA,ordering_vs_input,1354,2,2,2,0,0,,
FA,structuring_vs_ordering,1354,2,2,2,0,0,,
FA,structuring_vs_input,1354,2,2,2,0,0,,
FA,ordering_vs_input,1355,1,1,1,0,0,,
FA,structuring_vs_ordering,1355,1,1,1,0,0,,
FA,structuring_vs_input,1355,1,1,1,0,0,,
FA,ordering_vs_input,1356,1,1,1,0,0,,
FA,structuring_vs_ordering,1356,1,1,1,0,0,,
FA,structuring_vs_input,1356,1,1,1,0,0,,
FA,ordering_vs_input,1357,3,3,3,0,0,,
FA,structuring_vs_ordering,1357,3,3,3,0,0,,
FA,structuring_vs_input,1357,3,3,3,0,0,,
FA,ordering_vs_input,1358,4,4,4,0,0,,
FA,structuring_vs_ordering,1358,4,4,4,0,0,,
FA,structuring_vs_input,1358,4,4,4,0,0,,
FA,ordering_vs_input,1359,4,4,4,0,0,,
FA,structuring_vs_ordering,1359,4,4,4,0,0,,
FA,structuring_vs_input,1359,4,4,4,0,0,,
FA,ordering_vs_input,1360,6,6,6,0,0,,
FA,structuring_vs_ordering,1360,6,6,6,0,0,,
FA,structuring_vs_input,1360,6,6,6,0,0,,
FA,ordering_vs_input,1361,4,3,3,1,0,professionalField,
FA,structuring_vs_ordering,1361,3,3,3,0,0,,
FA,structuring_vs_input,1361,4,3,3,1,0,professionalField,
FA,ordering_vs_input,1362,5,5,5,0,0,,
FA,structuring_vs_ordering,1362,5,5,5,0,0,,
FA,structuring_vs_input,1362,5,5,5,0,0,,
FA,ordering_vs_input,1363,3,3,3,0,0,,
FA,structuring_vs_ordering,1363,3,3,3,0,0,,
FA,structuring_vs_input,1363,3,3,3,0,0,,
FA,ordering_vs_input,1364,7,4,4,3,0,editing | producer | writer,
FA,structuring_vs_ordering,1364,4,4,4,0,0,,
FA,structuring_vs_input,1364,7,4,4,3,0,editing | producer | writer,
FA,ordering_vs_input,1365,1,1,1,0,0,,
FA,structuring_vs_ordering,1365,1,1,1,0,0,,
FA,structuring_vs_input,1365,1,1,1,0,0,,
FA,ordering_vs_input,1366,3,3,3,0,0,,
FA,structuring_vs_ordering,1366,3,3,3,0,0,,
FA,structuring_vs_input,1366,3,3,3,0,0,,
FA,ordering_vs_input,1367,2,2,2,0,0,,
FA,structuring_vs_ordering,1367,2,2,2,0,0,,
FA,structuring_vs_input,1367,2,2,2,0,0,,
FA,ordering_vs_input,1368,5,5,5,0,0,,
FA,structuring_vs_ordering,1368,5,5,5,0,0,,
FA,structuring_vs_input,1368,5,5,5,0,0,,
FA,ordering_vs_input,1369,2,2,2,0,0,,
FA,structuring_vs_ordering,1369,2,2,2,0,0,,
FA,structuring_vs_input,1369,2,2,2,0,0,,
FA,ordering_vs_input,1370,3,3,3,0,0,,
FA,structuring_vs_ordering,1370,3,3,3,0,0,,
FA,structuring_vs_input,1370,3,3,3,0,0,,
FA,ordering_vs_input,1371,1,1,1,0,0,,
FA,structuring_vs_ordering,1371,1,1,1,0,0,,
FA,structuring_vs_input,1371,1,1,1,0,0,,
FA,ordering_vs_input,1372,4,3,3,1,0,industry,
FA,structuring_vs_ordering,1372,3,3,3,0,0,,
FA,structuring_vs_input,1372,4,3,3,1,0,industry,
FA,ordering_vs_input,1373,1,1,1,0,0,,
FA,structuring_vs_ordering,1373,1,1,1,0,0,,
FA,structuring_vs_input,1373,1,1,1,0,0,,
FA,ordering_vs_input,1374,1,1,1,0,0,,
FA,structuring_vs_ordering,1374,1,1,1,0,0,,
FA,structuring_vs_input,1374,1,1,1,0,0,,
FA,ordering_vs_input,1375,5,5,5,0,0,,
FA,structuring_vs_ordering,1375,5,5,5,0,0,,
FA,structuring_vs_input,1375,5,5,5,0,0,,
FA,ordering_vs_input,1376,6,6,6,0,0,,
FA,structuring_vs_ordering,1376,6,6,6,0,0,,
FA,structuring_vs_input,1376,6,6,6,0,0,,
FA,ordering_vs_input,1377,6,4,4,2,0,editing | producer,
FA,structuring_vs_ordering,1377,4,4,4,0,0,,
FA,structuring_vs_input,1377,6,4,4,2,0,editing | producer,
FA,ordering_vs_input,1378,5,2,2,3,0,editing | producer | writer,
FA,structuring_vs_ordering,1378,2,2,2,0,0,,
FA,structuring_vs_input,1378,5,2,2,3,0,editing | producer | writer,
FA,ordering_vs_input,1379,2,2,2,0,0,,
FA,structuring_vs_ordering,1379,2,2,2,0,0,,
FA,structuring_vs_input,1379,2,2,2,0,0,,
FA,ordering_vs_input,1380,4,4,4,0,0,,
FA,structuring_vs_ordering,1380,4,4,4,0,0,,
FA,structuring_vs_input,1380,4,4,4,0,0,,
FA,ordering_vs_input,1381,6,6,6,0,0,,
FA,structuring_vs_ordering,1381,6,6,6,0,0,,
FA,structuring_vs_input,1381,6,6,6,0,0,,
FA,ordering_vs_input,1382,5,3,3,2,0,staff | numberOfDoctoralStudents,
FA,structuring_vs_ordering,1382,3,3,3,0,0,,
FA,structuring_vs_input,1382,5,3,3,2,0,staff | numberOfDoctoralStudents,
FA,ordering_vs_input,1383,3,3,3,0,0,,
FA,structuring_vs_ordering,1383,3,3,3,0,0,,
FA,structuring_vs_input,1383,3,3,3,0,0,,
FA,ordering_vs_input,1384,1,1,1,0,0,,
FA,structuring_vs_ordering,1384,1,1,1,0,0,,
FA,structuring_vs_input,1384,1,1,1,0,0,,
FA,ordering_vs_input,1385,3,3,3,0,0,,
FA,structuring_vs_ordering,1385,3,3,3,0,0,,
FA,structuring_vs_input,1385,3,3,3,0,0,,
FA,ordering_vs_input,1386,2,2,2,0,0,,
FA,structuring_vs_ordering,1386,2,2,2,0,0,,
FA,structuring_vs_input,1386,2,2,2,0,0,,
FA,ordering_vs_input,1387,3,2,2,1,0,knownFor,
FA,structuring_vs_ordering,1387,2,2,2,0,0,,
FA,structuring_vs_input,1387,3,2,2,1,0,knownFor,
FA,ordering_vs_input,1388,1,1,1,0,0,,
FA,structuring_vs_ordering,1388,1,1,1,0,0,,
FA,structuring_vs_input,1388,1,1,1,0,0,,
FA,ordering_vs_input,1389,1,1,1,0,0,,
FA,structuring_vs_ordering,1389,1,1,1,0,0,,
FA,structuring_vs_input,1389,1,1,1,0,0,,
FA,ordering_vs_input,1390,2,2,2,0,0,,
FA,structuring_vs_ordering,1390,2,2,2,0,0,,
FA,structuring_vs_input,1390,2,2,2,0,0,,
FA,ordering_vs_input,1391,4,4,4,0,0,,
FA,structuring_vs_ordering,1391,4,4,4,0,0,,
FA,structuring_vs_input,1391,4,4,4,0,0,,
FA,ordering_vs_input,1392,1,1,1,0,0,,
FA,structuring_vs_ordering,1392,1,1,1,0,0,,
FA,structuring_vs_input,1392,1,1,1,0,0,,
FA,ordering_vs_input,1393,7,7,7,0,0,,
FA,structuring_vs_ordering,1393,7,7,7,0,0,,
FA,structuring_vs_input,1393,7,7,7,0,0,,
FA,ordering_vs_input,1394,4,3,3,1,0,citizenship,
FA,structuring_vs_ordering,1394,3,3,3,0,0,,
FA,structuring_vs_input,1394,4,3,3,1,0,citizenship,
FA,ordering_vs_input,1395,1,1,1,0,0,,
FA,structuring_vs_ordering,1395,1,1,1,0,0,,
FA,structuring_vs_input,1395,1,1,1,0,0,,
FA,ordering_vs_input,1396,1,1,1,0,0,,
FA,structuring_vs_ordering,1396,1,1,1,0,0,,
FA,structuring_vs_input,1396,1,1,1,0,0,,
FA,ordering_vs_input,1397,3,3,3,0,0,,
FA,structuring_vs_ordering,1397,3,3,3,0,0,,
FA,structuring_vs_input,1397,3,3,3,0,0,,
FA,ordering_vs_input,1398,3,3,3,0,0,,
FA,structuring_vs_ordering,1398,3,3,3,0,0,,
FA,structuring_vs_input,1398,3,3,3,0,0,,
FA,ordering_vs_input,1399,7,4,4,3,0,location | city | state,
FA,structuring_vs_ordering,1399,4,4,4,0,0,,
FA,structuring_vs_input,1399,7,4,4,3,0,location | city | state,
FA,ordering_vs_input,1400,7,6,6,1,0,status,
FA,structuring_vs_ordering,1400,6,6,6,0,0,,
FA,structuring_vs_input,1400,7,6,6,1,0,status,
FA,ordering_vs_input,1401,7,4,4,3,0,artist | producer | runtime,
FA,structuring_vs_ordering,1401,4,4,4,0,0,,
FA,structuring_vs_input,1401,7,4,4,3,0,artist | producer | runtime,
FA,ordering_vs_input,1402,4,4,4,0,0,,
FA,structuring_vs_ordering,1402,4,4,4,0,0,,
FA,structuring_vs_input,1402,4,4,4,0,0,,
FA,ordering_vs_input,1403,3,3,3,0,0,,
FA,structuring_vs_ordering,1403,3,3,3,0,0,,
FA,structuring_vs_input,1403,3,3,3,0,0,,
FA,ordering_vs_input,1404,1,1,1,0,0,,
FA,structuring_vs_ordering,1404,1,1,1,0,0,,
FA,structuring_vs_input,1404,1,1,1,0,0,,
FA,ordering_vs_input,1405,1,1,1,0,0,,
FA,structuring_vs_ordering,1405,1,1,1,0,0,,
FA,structuring_vs_input,1405,1,1,1,0,0,,
FA,ordering_vs_input,1406,3,2,2,1,0,releaseDate,
FA,structuring_vs_ordering,1406,2,2,2,0,0,,
FA,structuring_vs_input,1406,3,2,2,1,0,releaseDate,
FA,ordering_vs_input,1407,4,4,4,0,0,,
FA,structuring_vs_ordering,1407,4,4,4,0,0,,
FA,structuring_vs_input,1407,4,4,4,0,0,,
FA,ordering_vs_input,1408,2,1,1,1,0,mission,
FA,structuring_vs_ordering,1408,1,1,1,0,0,,
FA,structuring_vs_input,1408,2,1,1,1,0,mission,
FA,ordering_vs_input,1409,2,2,2,0,0,,
FA,structuring_vs_ordering,1409,2,2,2,0,0,,
FA,structuring_vs_input,1409,2,2,2,0,0,,
FA,ordering_vs_input,1410,5,5,5,0,0,,
FA,structuring_vs_ordering,1410,5,5,5,0,0,,
FA,structuring_vs_input,1410,5,5,5,0,0,,
FA,ordering_vs_input,1411,1,1,1,0,0,,
FA,structuring_vs_ordering,1411,1,1,1,0,0,,
FA,structuring_vs_input,1411,1,1,1,0,0,,
FA,ordering_vs_input,1412,2,2,2,0,0,,
FA,structuring_vs_ordering,1412,2,2,2,0,0,,
FA,structuring_vs_input,1412,2,2,2,0,0,,
FA,ordering_vs_input,1413,2,2,2,0,0,,
FA,structuring_vs_ordering,1413,2,2,2,0,0,,
FA,structuring_vs_input,1413,2,2,2,0,0,,
FA,ordering_vs_input,1414,1,1,1,0,0,,
FA,structuring_vs_ordering,1414,1,1,1,0,0,,
FA,structuring_vs_input,1414,1,1,1,0,0,,
FA,ordering_vs_input,1415,3,3,3,0,0,,
FA,structuring_vs_ordering,1415,3,3,3,0,0,,
FA,structuring_vs_input,1415,3,3,3,0,0,,
FA,ordering_vs_input,1416,2,2,2,0,0,,
FA,structuring_vs_ordering,1416,2,2,2,0,0,,
FA,structuring_vs_input,1416,2,2,2,0,0,,
FA,ordering_vs_input,1417,2,2,2,0,0,,
FA,structuring_vs_ordering,1417,2,2,2,0,0,,
FA,structuring_vs_input,1417,2,2,2,0,0,,
FA,ordering_vs_input,1418,3,3,3,0,0,,
FA,structuring_vs_ordering,1418,3,3,3,0,0,,
FA,structuring_vs_input,1418,3,3,3,0,0,,
FA,ordering_vs_input,1419,2,2,2,0,0,,
FA,structuring_vs_ordering,1419,2,2,2,0,0,,
FA,structuring_vs_input,1419,2,2,2,0,0,,
FA,ordering_vs_input,1420,3,3,3,0,0,,
FA,structuring_vs_ordering,1420,3,3,3,0,0,,
FA,structuring_vs_input,1420,3,3,3,0,0,,
FA,ordering_vs_input,1421,5,5,5,0,0,,
FA,structuring_vs_ordering,1421,5,5,5,0,0,,
FA,structuring_vs_input,1421,5,5,5,0,0,,
FA,ordering_vs_input,1422,2,2,2,0,0,,
FA,structuring_vs_ordering,1422,2,2,2,0,0,,
FA,structuring_vs_input,1422,2,2,2,0,0,,
FA,ordering_vs_input,1423,4,4,4,0,0,,
FA,structuring_vs_ordering,1423,4,4,4,0,0,,
FA,structuring_vs_input,1423,4,4,4,0,0,,
FA,ordering_vs_input,1424,1,1,1,0,0,,
FA,structuring_vs_ordering,1424,1,1,1,0,0,,
FA,structuring_vs_input,1424,1,1,1,0,0,,
FA,ordering_vs_input,1425,6,6,6,0,0,,
FA,structuring_vs_ordering,1425,6,6,6,0,0,,
FA,structuring_vs_input,1425,6,6,6,0,0,,
FA,ordering_vs_input,1426,6,3,3,3,0,editing | writer | gross,
FA,structuring_vs_ordering,1426,3,3,3,0,0,,
FA,structuring_vs_input,1426,6,3,3,3,0,editing | writer | gross,
FA,ordering_vs_input,1427,2,2,2,0,0,,
FA,structuring_vs_ordering,1427,2,2,2,0,0,,
FA,structuring_vs_input,1427,2,2,2,0,0,,
FA,ordering_vs_input,1428,4,4,4,0,0,,
FA,structuring_vs_ordering,1428,4,4,4,0,0,,
FA,structuring_vs_input,1428,4,4,4,0,0,,
FA,ordering_vs_input,1429,7,5,5,2,0,selectedByNasa | award,
FA,structuring_vs_ordering,1429,5,5,5,0,0,,
FA,structuring_vs_input,1429,7,5,5,2,0,selectedByNasa | award,
FA,ordering_vs_input,1430,3,3,3,0,0,,
FA,structuring_vs_ordering,1430,3,3,3,0,0,,
FA,structuring_vs_input,1430,3,3,3,0,0,,
FA,ordering_vs_input,1431,2,2,2,0,0,,
FA,structuring_vs_ordering,1431,2,2,2,0,0,,
FA,structuring_vs_input,1431,2,2,2,0,0,,
FA,ordering_vs_input,1432,4,3,3,1,0,artist,
FA,structuring_vs_ordering,1432,3,3,3,0,0,,
FA,structuring_vs_input,1432,4,3,3,1,0,artist,
FA,ordering_vs_input,1433,2,2,2,0,0,,
FA,structuring_vs_ordering,1433,2,2,2,0,0,,
FA,structuring_vs_input,1433,2,2,2,0,0,,
FA,ordering_vs_input,1434,6,5,5,1,0,citizenship,
FA,structuring_vs_ordering,1434,5,5,5,0,0,,
FA,structuring_vs_input,1434,6,5,5,1,0,citizenship,
FA,ordering_vs_input,1435,3,3,3,0,0,,
FA,structuring_vs_ordering,1435,3,3,3,0,0,,
FA,structuring_vs_input,1435,3,3,3,0,0,,
FA,ordering_vs_input,1436,2,2,2,0,0,,
FA,structuring_vs_ordering,1436,2,2,2,0,0,,
FA,structuring_vs_input,1436,2,2,2,0,0,,
FA,ordering_vs_input,1437,5,3,3,2,0,writer | producer,
FA,structuring_vs_ordering,1437,3,3,3,0,0,,
FA,structuring_vs_input,1437,5,3,3,2,0,writer | producer,
FA,ordering_vs_input,1438,4,4,4,0,0,,
FA,structuring_vs_ordering,1438,4,4,4,0,0,,
FA,structuring_vs_input,1438,4,4,4,0,0,,
FA,ordering_vs_input,1439,2,2,2,0,0,,
FA,structuring_vs_ordering,1439,2,2,2,0,0,,
FA,structuring_vs_input,1439,2,2,2,0,0,,
FA,ordering_vs_input,1440,3,3,3,0,0,,
FA,structuring_vs_ordering,1440,3,3,3,0,0,,
FA,structuring_vs_input,1440,3,3,3,0,0,,
FA,ordering_vs_input,1441,1,1,1,0,0,,
FA,structuring_vs_ordering,1441,1,1,1,0,0,,
FA,structuring_vs_input,1441,1,1,1,0,0,,
FA,ordering_vs_input,1442,3,3,3,0,0,,
FA,structuring_vs_ordering,1442,3,3,3,0,0,,
FA,structuring_vs_input,1442,3,3,3,0,0,,
FA,ordering_vs_input,1443,2,1,1,1,0,producer,
FA,structuring_vs_ordering,1443,1,1,1,0,0,,
FA,structuring_vs_input,1443,2,1,1,1,0,producer,
FA,ordering_vs_input,1444,2,2,2,0,0,,
FA,structuring_vs_ordering,1444,2,2,2,0,0,,
FA,structuring_vs_input,1444,2,2,2,0,0,,
FA,ordering_vs_input,1445,1,1,1,0,0,,
FA,structuring_vs_ordering,1445,1,1,1,0,0,,
FA,structuring_vs_input,1445,1,1,1,0,0,,
FA,ordering_vs_input,1446,4,4,4,0,0,,
FA,structuring_vs_ordering,1446,4,4,4,0,0,,
FA,structuring_vs_input,1446,4,4,4,0,0,,
FA,ordering_vs_input,1447,2,1,1,1,0,writer,
FA,structuring_vs_ordering,1447,1,1,1,0,0,,
FA,structuring_vs_input,1447,2,1,1,1,0,writer,
FA,ordering_vs_input,1448,1,1,1,0,0,,
FA,structuring_vs_ordering,1448,1,1,1,0,0,,
FA,structuring_vs_input,1448,1,1,1,0,0,,
FA,ordering_vs_input,1449,4,4,4,0,0,,
FA,structuring_vs_ordering,1449,4,4,4,0,0,,
FA,structuring_vs_input,1449,4,4,4,0,0,,
FA,ordering_vs_input,1450,6,5,5,1,0,city,
FA,structuring_vs_ordering,1450,5,5,5,0,0,,
FA,structuring_vs_input,1450,6,5,5,1,0,city,
FA,ordering_vs_input,1451,6,5,5,1,0,cinematography,
FA,structuring_vs_ordering,1451,5,5,5,0,0,,
FA,structuring_vs_input,1451,6,5,5,1,0,cinematography,
FA,ordering_vs_input,1452,2,2,2,0,0,,
FA,structuring_vs_ordering,1452,2,2,2,0,0,,
FA,structuring_vs_input,1452,2,2,2,0,0,,
FA,ordering_vs_input,1453,1,1,1,0,0,,
FA,structuring_vs_ordering,1453,1,1,1,0,0,,
FA,structuring_vs_input,1453,1,1,1,0,0,,
FA,ordering_vs_input,1454,5,5,5,0,0,,
FA,structuring_vs_ordering,1454,5,5,5,0,0,,
FA,structuring_vs_input,1454,5,5,5,0,0,,
FA,ordering_vs_input,1455,6,2,2,4,0,producer | runtime | artist | type,
FA,structuring_vs_ordering,1455,2,2,2,0,0,,
FA,structuring_vs_input,1455,6,2,2,4,0,producer | runtime | artist | type,
FA,ordering_vs_input,1456,3,3,3,0,0,,
FA,structuring_vs_ordering,1456,3,3,3,0,0,,
FA,structuring_vs_input,1456,3,3,3,0,0,,
FA,ordering_vs_input,1457,1,1,1,0,0,,
FA,structuring_vs_ordering,1457,1,1,1,0,0,,
FA,structuring_vs_input,1457,1,1,1,0,0,,
FA,ordering_vs_input,1458,5,5,5,0,0,,
FA,structuring_vs_ordering,1458,5,5,5,0,0,,
FA,structuring_vs_input,1458,5,5,5,0,0,,
FA,ordering_vs_input,1459,1,1,1,0,0,,
FA,structuring_vs_ordering,1459,1,1,1,0,0,,
FA,structuring_vs_input,1459,1,1,1,0,0,,
FA,ordering_vs_input,1460,4,4,4,0,0,,
FA,structuring_vs_ordering,1460,4,4,4,0,0,,
FA,structuring_vs_input,1460,4,4,4,0,0,,
FA,ordering_vs_input,1461,2,2,2,0,0,,
FA,structuring_vs_ordering,1461,2,2,2,0,0,,
FA,structuring_vs_input,1461,2,2,2,0,0,,
FA,ordering_vs_input,1462,5,5,5,0,0,,
FA,structuring_vs_ordering,1462,5,5,5,0,0,,
FA,structuring_vs_input,1462,5,5,5,0,0,,
FA,ordering_vs_input,1463,3,3,3,0,0,,
FA,structuring_vs_ordering,1463,3,3,3,0,0,,
FA,structuring_vs_input,1463,3,3,3,0,0,,
FA,ordering_vs_input,1464,7,6,6,1,0,mainIngredient,
FA,structuring_vs_ordering,1464,6,6,6,0,0,,
FA,structuring_vs_input,1464,7,6,6,1,0,mainIngredient,
FA,ordering_vs_input,1465,5,4,4,1,0,professionalField,
FA,structuring_vs_ordering,1465,4,4,4,0,0,,
FA,structuring_vs_input,1465,5,4,4,1,0,professionalField,
FA,ordering_vs_input,1466,1,1,1,0,0,,
FA,structuring_vs_ordering,1466,1,1,1,0,0,,
FA,structuring_vs_input,1466,1,1,1,0,0,,
FA,ordering_vs_input,1467,4,4,4,0,0,,
FA,structuring_vs_ordering,1467,4,4,4,0,0,,
FA,structuring_vs_input,1467,4,4,4,0,0,,
FA,ordering_vs_input,1468,3,3,3,0,0,,
FA,structuring_vs_ordering,1468,3,3,3,0,0,,
FA,structuring_vs_input,1468,3,3,3,0,0,,
FA,ordering_vs_input,1469,6,6,6,0,0,,
FA,structuring_vs_ordering,1469,6,6,6,0,0,,
FA,structuring_vs_input,1469,6,6,6,0,0,,
FA,ordering_vs_input,1470,2,1,1,1,0,mission,
FA,structuring_vs_ordering,1470,1,1,1,0,0,,
FA,structuring_vs_input,1470,2,1,1,1,0,mission,
FA,ordering_vs_input,1471,3,1,1,2,0,editing | producer,
FA,structuring_vs_ordering,1471,1,1,1,0,0,,
FA,structuring_vs_input,1471,3,1,1,2,0,editing | producer,
FA,ordering_vs_input,1472,3,3,3,0,0,,
FA,structuring_vs_ordering,1472,3,3,3,0,0,,
FA,structuring_vs_input,1472,3,3,3,0,0,,
FA,ordering_vs_input,1473,2,2,2,0,0,,
FA,structuring_vs_ordering,1473,2,2,2,0,0,,
FA,structuring_vs_input,1473,2,2,2,0,0,,
FA,ordering_vs_input,1474,2,1,1,1,0,professionalField,
FA,structuring_vs_ordering,1474,1,1,1,0,0,,
FA,structuring_vs_input,1474,2,1,1,1,0,professionalField,
FA,ordering_vs_input,1475,1,1,1,0,0,,
FA,structuring_vs_ordering,1475,1,1,1,0,0,,
FA,structuring_vs_input,1475,1,1,1,0,0,,
FA,ordering_vs_input,1476,4,4,4,0,0,,
FA,structuring_vs_ordering,1476,4,4,4,0,0,,
FA,structuring_vs_input,1476,4,4,4,0,0,,
FA,ordering_vs_input,1477,1,1,1,0,0,,
FA,structuring_vs_ordering,1477,1,1,1,0,0,,
FA,structuring_vs_input,1477,1,1,1,0,0,,
FA,ordering_vs_input,1478,6,6,6,0,0,,
FA,structuring_vs_ordering,1478,6,6,6,0,0,,
FA,structuring_vs_input,1478,6,6,6,0,0,,
FA,ordering_vs_input,1479,4,4,4,0,0,,
FA,structuring_vs_ordering,1479,4,4,4,0,0,,
FA,structuring_vs_input,1479,4,4,4,0,0,,
FA,ordering_vs_input,1480,6,4,4,2,0,location | city,
FA,structuring_vs_ordering,1480,4,4,4,0,0,,
FA,structuring_vs_input,1480,6,4,4,2,0,location | city,
FA,ordering_vs_input,1481,2,2,2,0,0,,
FA,structuring_vs_ordering,1481,2,2,2,0,0,,
FA,structuring_vs_input,1481,2,2,2,0,0,,
FA,ordering_vs_input,1482,3,3,3,0,0,,
FA,structuring_vs_ordering,1482,3,3,3,0,0,,
FA,structuring_vs_input,1482,3,3,3,0,0,,
FA,ordering_vs_input,1483,1,1,1,0,0,,
FA,structuring_vs_ordering,1483,1,1,1,0,0,,
FA,structuring_vs_input,1483,1,1,1,0,0,,
FA,ordering_vs_input,1484,5,5,5,0,0,,
FA,structuring_vs_ordering,1484,5,5,5,0,0,,
FA,structuring_vs_input,1484,5,5,5,0,0,,
FA,ordering_vs_input,1485,1,1,1,0,0,,
FA,structuring_vs_ordering,1485,1,1,1,0,0,,
FA,structuring_vs_input,1485,1,1,1,0,0,,
FA,ordering_vs_input,1486,5,5,5,0,0,,
FA,structuring_vs_ordering,1486,5,5,5,0,0,,
FA,structuring_vs_input,1486,5,5,5,0,0,,
FA,ordering_vs_input,1487,5,5,5,0,0,,
FA,structuring_vs_ordering,1487,5,5,5,0,0,,
FA,structuring_vs_input,1487,5,5,5,0,0,,
FA,ordering_vs_input,1488,1,1,1,0,0,,
FA,structuring_vs_ordering,1488,1,1,1,0,0,,
FA,structuring_vs_input,1488,1,1,1,0,0,,
FA,ordering_vs_input,1489,1,1,1,0,0,,
FA,structuring_vs_ordering,1489,1,1,1,0,0,,
FA,structuring_vs_input,1489,1,1,1,0,0,,
FA,ordering_vs_input,1490,1,1,1,0,0,,
FA,structuring_vs_ordering,1490,1,1,1,0,0,,
FA,structuring_vs_input,1490,1,1,1,0,0,,
FA,ordering_vs_input,1491,2,1,1,1,0,professionalField,
FA,structuring_vs_ordering,1491,1,1,1,0,0,,
FA,structuring_vs_input,1491,2,1,1,1,0,professionalField,
FA,ordering_vs_input,1492,7,6,6,1,0,city,
FA,structuring_vs_ordering,1492,6,6,6,0,0,,
FA,structuring_vs_input,1492,7,6,6,1,0,city,
FA,ordering_vs_input,1493,3,3,3,0,0,,
FA,structuring_vs_ordering,1493,3,3,3,0,0,,
FA,structuring_vs_input,1493,3,3,3,0,0,,
FA,ordering_vs_input,1494,5,5,5,0,0,,
FA,structuring_vs_ordering,1494,5,5,5,0,0,,
FA,structuring_vs_input,1494,5,5,5,0,0,,
FA,ordering_vs_input,1495,3,3,3,0,0,,
FA,structuring_vs_ordering,1495,3,3,3,0,0,,
FA,structuring_vs_input,1495,3,3,3,0,0,,
FA,ordering_vs_input,1496,1,1,1,0,0,,
FA,structuring_vs_ordering,1496,1,1,1,0,0,,
FA,structuring_vs_input,1496,1,1,1,0,0,,
FA,ordering_vs_input,1497,4,4,4,0,0,,
FA,structuring_vs_ordering,1497,4,4,4,0,0,,
FA,structuring_vs_input,1497,4,4,4,0,0,,
FA,ordering_vs_input,1498,2,2,2,0,0,,
FA,structuring_vs_ordering,1498,2,2,2,0,0,,
FA,structuring_vs_input,1498,2,2,2,0,0,,
FA,ordering_vs_input,1499,6,6,6,0,0,,
FA,structuring_vs_ordering,1499,6,6,6,0,0,,
FA,structuring_vs_input,1499,6,6,6,0,0,,
FA,ordering_vs_input,1500,7,7,7,0,0,,
FA,structuring_vs_ordering,1500,7,7,7,0,0,,
FA,structuring_vs_input,1500,7,7,7,0,0,,
FA,ordering_vs_input,1501,1,1,1,0,0,,
FA,structuring_vs_ordering,1501,1,1,1,0,0,,
FA,structuring_vs_input,1501,1,1,1,0,0,,
FA,ordering_vs_input,1502,4,4,4,0,0,,
FA,structuring_vs_ordering,1502,4,4,4,0,0,,
FA,structuring_vs_input,1502,4,4,4,0,0,,
FA,ordering_vs_input,1503,7,6,6,1,0,numberOfStudents,
FA,structuring_vs_ordering,1503,6,6,6,0,0,,
FA,structuring_vs_input,1503,7,6,6,1,0,numberOfStudents,
FA,ordering_vs_input,1504,2,2,2,0,0,,
FA,structuring_vs_ordering,1504,2,2,2,0,0,,
FA,structuring_vs_input,1504,2,2,2,0,0,,
FA,ordering_vs_input,1505,3,3,3,0,0,,
FA,structuring_vs_ordering,1505,3,3,3,0,0,,
FA,structuring_vs_input,1505,3,3,3,0,0,,
FA,ordering_vs_input,1506,2,2,2,0,0,,
FA,structuring_vs_ordering,1506,2,2,2,0,0,,
FA,structuring_vs_input,1506,2,2,2,0,0,,
FA,ordering_vs_input,1507,3,2,2,1,0,artist,
FA,structuring_vs_ordering,1507,2,2,2,0,0,,
FA,structuring_vs_input,1507,3,2,2,1,0,artist,
FA,ordering_vs_input,1508,3,3,3,0,0,,
FA,structuring_vs_ordering,1508,3,3,3,0,0,,
FA,structuring_vs_input,1508,3,3,3,0,0,,
FA,ordering_vs_input,1509,2,2,2,0,0,,
FA,structuring_vs_ordering,1509,2,2,2,0,0,,
FA,structuring_vs_input,1509,2,2,2,0,0,,
FA,ordering_vs_input,1510,1,1,1,0,0,,
FA,structuring_vs_ordering,1510,1,1,1,0,0,,
FA,structuring_vs_input,1510,1,1,1,0,0,,
FA,ordering_vs_input,1511,2,2,2,0,0,,
FA,structuring_vs_ordering,1511,2,2,2,0,0,,
FA,structuring_vs_input,1511,2,2,2,0,0,,
FA,ordering_vs_input,1512,2,2,2,0,0,,
FA,structuring_vs_ordering,1512,2,2,2,0,0,,
FA,structuring_vs_input,1512,2,2,2,0,0,,
FA,ordering_vs_input,1513,5,5,5,0,0,,
FA,structuring_vs_ordering,1513,5,5,5,0,0,,
FA,structuring_vs_input,1513,5,5,5,0,0,,
FA,ordering_vs_input,1514,6,5,5,1,0,type,
FA,structuring_vs_ordering,1514,5,5,5,0,0,,
FA,structuring_vs_input,1514,6,5,5,1,0,type,
FA,ordering_vs_input,1515,4,4,4,0,0,,
FA,structuring_vs_ordering,1515,4,4,4,0,0,,
FA,structuring_vs_input,1515,4,4,4,0,0,,
FA,ordering_vs_input,1516,3,2,2,1,0,training,
FA,structuring_vs_ordering,1516,2,2,2,0,0,,
FA,structuring_vs_input,1516,3,2,2,1,0,training,
FA,ordering_vs_input,1517,4,4,4,0,0,,
FA,structuring_vs_ordering,1517,4,4,4,0,0,,
FA,structuring_vs_input,1517,4,4,4,0,0,,
FA,ordering_vs_input,1518,2,2,2,0,0,,
FA,structuring_vs_ordering,1518,2,2,2,0,0,,
FA,structuring_vs_input,1518,2,2,2,0,0,,
FA,ordering_vs_input,1519,3,2,2,1,0,professionalField,
FA,structuring_vs_ordering,1519,2,2,2,0,0,,
FA,structuring_vs_input,1519,3,2,2,1,0,professionalField,
FA,ordering_vs_input,1520,3,1,1,2,0,producer | runtime,
FA,structuring_vs_ordering,1520,1,1,1,0,0,,
FA,structuring_vs_input,1520,3,1,1,2,0,producer | runtime,
FA,ordering_vs_input,1521,5,5,5,0,0,,
FA,structuring_vs_ordering,1521,5,5,5,0,0,,
FA,structuring_vs_input,1521,5,5,5,0,0,,
FA,ordering_vs_input,1522,3,3,3,0,0,,
FA,structuring_vs_ordering,1522,3,3,3,0,0,,
FA,structuring_vs_input,1522,3,3,3,0,0,,
FA,ordering_vs_input,1523,4,4,4,0,0,,
FA,structuring_vs_ordering,1523,4,4,4,0,0,,
FA,structuring_vs_input,1523,4,4,4,0,0,,
FA,ordering_vs_input,1524,7,7,7,0,0,,
FA,structuring_vs_ordering,1524,7,7,7,0,0,,
FA,structuring_vs_input,1524,7,7,7,0,0,,
FA,ordering_vs_input,1525,2,2,2,0,0,,
FA,structuring_vs_ordering,1525,2,2,2,0,0,,
FA,structuring_vs_input,1525,2,2,2,0,0,,
FA,ordering_vs_input,1526,5,4,4,1,0,icaoLocationIdentifier,
FA,structuring_vs_ordering,1526,4,4,4,0,0,,
FA,structuring_vs_input,1526,5,4,4,1,0,icaoLocationIdentifier,
FA,ordering_vs_input,1527,1,1,1,0,0,,
FA,structuring_vs_ordering,1527,1,1,1,0,0,,
FA,structuring_vs_input,1527,1,1,1,0,0,,
FA,ordering_vs_input,1528,1,1,1,0,0,,
FA,structuring_vs_ordering,1528,1,1,1,0,0,,
FA,structuring_vs_input,1528,1,1,1,0,0,,
FA,ordering_vs_input,1529,2,2,2,0,0,,
FA,structuring_vs_ordering,1529,2,2,2,0,0,,
FA,structuring_vs_input,1529,2,2,2,0,0,,
FA,ordering_vs_input,1530,4,4,4,0,0,,
FA,structuring_vs_ordering,1530,4,4,4,0,0,,
FA,structuring_vs_input,1530,4,4,4,0,0,,
FA,ordering_vs_input,1531,6,6,6,0,0,,
FA,structuring_vs_ordering,1531,6,6,6,0,0,,
FA,structuring_vs_input,1531,6,6,6,0,0,,
FA,ordering_vs_input,1532,3,2,2,1,0,industry,
FA,structuring_vs_ordering,1532,2,2,2,0,0,,
FA,structuring_vs_input,1532,3,2,2,1,0,industry,
FA,ordering_vs_input,1533,1,1,1,0,0,,
FA,structuring_vs_ordering,1533,1,1,1,0,0,,
FA,structuring_vs_input,1533,1,1,1,0,0,,
FA,ordering_vs_input,1534,3,3,3,0,0,,
FA,structuring_vs_ordering,1534,3,3,3,0,0,,
FA,structuring_vs_input,1534,3,3,3,0,0,,
FA,ordering_vs_input,1535,2,2,2,0,0,,
FA,structuring_vs_ordering,1535,2,2,2,0,0,,
FA,structuring_vs_input,1535,2,2,2,0,0,,
FA,ordering_vs_input,1536,2,2,2,0,0,,
FA,structuring_vs_ordering,1536,2,2,2,0,0,,
FA,structuring_vs_input,1536,2,2,2,0,0,,
FA,ordering_vs_input,1537,5,4,4,1,0,editing,
FA,structuring_vs_ordering,1537,4,4,4,0,0,,
FA,structuring_vs_input,1537,5,4,4,1,0,editing,
FA,ordering_vs_input,1538,1,1,1,0,0,,
FA,structuring_vs_ordering,1538,1,1,1,0,0,,
FA,structuring_vs_input,1538,1,1,1,0,0,,
FA,ordering_vs_input,1539,1,1,1,0,0,,
FA,structuring_vs_ordering,1539,1,1,1,0,0,,
FA,structuring_vs_input,1539,1,1,1,0,0,,
FA,ordering_vs_input,1540,4,4,4,0,0,,
FA,structuring_vs_ordering,1540,4,4,4,0,0,,
FA,structuring_vs_input,1540,4,4,4,0,0,,
FA,ordering_vs_input,1541,2,2,2,0,0,,
FA,structuring_vs_ordering,1541,2,2,2,0,0,,
FA,structuring_vs_input,1541,2,2,2,0,0,,
FA,ordering_vs_input,1542,6,4,4,2,0,citizenship | professionalField,
FA,structuring_vs_ordering,1542,4,4,4,0,0,,
FA,structuring_vs_input,1542,6,4,4,2,0,citizenship | professionalField,
FA,ordering_vs_input,1543,3,3,3,0,0,,
FA,structuring_vs_ordering,1543,3,3,3,0,0,,
FA,structuring_vs_input,1543,3,3,3,0,0,,
FA,ordering_vs_input,1544,6,3,3,3,0,professionalField | knownFor | knownFor,
FA,structuring_vs_ordering,1544,3,3,3,0,0,,
FA,structuring_vs_input,1544,6,3,3,3,0,professionalField | knownFor | knownFor,
FA,ordering_vs_input,1545,4,4,4,0,0,,
FA,structuring_vs_ordering,1545,4,4,4,0,0,,
FA,structuring_vs_input,1545,4,4,4,0,0,,
FA,ordering_vs_input,1546,1,1,1,0,0,,
FA,structuring_vs_ordering,1546,1,1,1,0,0,,
FA,structuring_vs_input,1546,1,1,1,0,0,,
FA,ordering_vs_input,1547,2,2,2,0,0,,
FA,structuring_vs_ordering,1547,2,2,2,0,0,,
FA,structuring_vs_input,1547,2,2,2,0,0,,
FA,ordering_vs_input,1548,1,1,1,0,0,,
FA,structuring_vs_ordering,1548,1,1,1,0,0,,
FA,structuring_vs_input,1548,1,1,1,0,0,,
FA,ordering_vs_input,1549,3,2,2,1,0,icaoLocationIdentifier,
FA,structuring_vs_ordering,1549,2,2,2,0,0,,
FA,structuring_vs_input,1549,3,2,2,1,0,icaoLocationIdentifier,
FA,ordering_vs_input,1550,2,2,2,0,0,,
FA,structuring_vs_ordering,1550,2,2,2,0,0,,
FA,structuring_vs_input,1550,2,2,2,0,0,,
FA,ordering_vs_input,1551,3,3,3,0,0,,
FA,structuring_vs_ordering,1551,3,3,3,0,0,,
FA,structuring_vs_input,1551,3,3,3,0,0,,
FA,ordering_vs_input,1552,7,7,7,0,0,,
FA,structuring_vs_ordering,1552,7,7,7,0,0,,
FA,structuring_vs_input,1552,7,7,7,0,0,,
FA,ordering_vs_input,1553,4,3,3,1,0,producer,
FA,structuring_vs_ordering,1553,3,3,3,0,0,,
FA,structuring_vs_input,1553,4,3,3,1,0,producer,
FA,ordering_vs_input,1554,4,4,4,0,0,,
FA,structuring_vs_ordering,1554,4,4,4,0,0,,
FA,structuring_vs_input,1554,4,4,4,0,0,,
FA,ordering_vs_input,1555,6,4,4,2,0,producer | artist,
FA,structuring_vs_ordering,1555,4,4,4,0,0,,
FA,structuring_vs_input,1555,6,4,4,2,0,producer | artist,
FA,ordering_vs_input,1556,5,5,5,0,0,,
FA,structuring_vs_ordering,1556,5,5,5,0,0,,
FA,structuring_vs_input,1556,5,5,5,0,0,,
FA,ordering_vs_input,1557,4,4,4,0,0,,
FA,structuring_vs_ordering,1557,4,4,4,0,0,,
FA,structuring_vs_input,1557,4,4,4,0,0,,
FA,ordering_vs_input,1558,5,4,4,1,0,producer,
FA,structuring_vs_ordering,1558,4,4,4,0,0,,
FA,structuring_vs_input,1558,5,4,4,1,0,producer,
FA,ordering_vs_input,1559,5,3,3,2,0,training | professionalField,
FA,structuring_vs_ordering,1559,3,3,3,0,0,,
FA,structuring_vs_input,1559,5,3,3,2,0,training | professionalField,
FA,ordering_vs_input,1560,2,2,2,0,0,,
FA,structuring_vs_ordering,1560,2,2,2,0,0,,
FA,structuring_vs_input,1560,2,2,2,0,0,,
FA,ordering_vs_input,1561,1,1,1,0,0,,
FA,structuring_vs_ordering,1561,1,1,1,0,0,,
FA,structuring_vs_input,1561,1,1,1,0,0,,
FA,ordering_vs_input,1562,5,4,4,1,0,citizenship,
FA,structuring_vs_ordering,1562,4,4,4,0,0,,
FA,structuring_vs_input,1562,5,4,4,1,0,citizenship,
FA,ordering_vs_input,1563,5,5,5,0,0,,
FA,structuring_vs_ordering,1563,5,5,5,0,0,,
FA,structuring_vs_input,1563,5,5,5,0,0,,
FA,ordering_vs_input,1564,3,3,3,0,0,,
FA,structuring_vs_ordering,1564,3,3,3,0,0,,
FA,structuring_vs_input,1564,3,3,3,0,0,,
FA,ordering_vs_input,1565,2,1,1,1,0,writer,
FA,structuring_vs_ordering,1565,1,1,1,0,0,,
FA,structuring_vs_input,1565,2,1,1,1,0,writer,
FA,ordering_vs_input,1566,2,2,2,0,0,,
FA,structuring_vs_ordering,1566,2,2,2,0,0,,
FA,structuring_vs_input,1566,2,2,2,0,0,,
FA,ordering_vs_input,1567,1,1,1,0,0,,
FA,structuring_vs_ordering,1567,1,1,1,0,0,,
FA,structuring_vs_input,1567,1,1,1,0,0,,
FA,ordering_vs_input,1568,3,3,3,0,0,,
FA,structuring_vs_ordering,1568,3,3,3,0,0,,
FA,structuring_vs_input,1568,3,3,3,0,0,,
FA,ordering_vs_input,1569,3,3,3,0,0,,
FA,structuring_vs_ordering,1569,3,3,3,0,0,,
FA,structuring_vs_input,1569,3,3,3,0,0,,
FA,ordering_vs_input,1570,1,1,1,0,0,,
FA,structuring_vs_ordering,1570,1,1,1,0,0,,
FA,structuring_vs_input,1570,1,1,1,0,0,,
FA,ordering_vs_input,1571,6,6,6,0,0,,
FA,structuring_vs_ordering,1571,6,6,6,0,0,,
FA,structuring_vs_input,1571,6,6,6,0,0,,
FA,ordering_vs_input,1572,3,2,2,1,0,producer,
FA,structuring_vs_ordering,1572,2,2,2,0,0,,
FA,structuring_vs_input,1572,3,2,2,1,0,producer,
FA,ordering_vs_input,1573,4,4,4,0,0,,
FA,structuring_vs_ordering,1573,4,4,4,0,0,,
FA,structuring_vs_input,1573,4,4,4,0,0,,
FA,ordering_vs_input,1574,4,4,4,0,0,,
FA,structuring_vs_ordering,1574,4,4,4,0,0,,
FA,structuring_vs_input,1574,4,4,4,0,0,,
FA,ordering_vs_input,1575,6,6,6,0,0,,
FA,structuring_vs_ordering,1575,6,6,6,0,0,,
FA,structuring_vs_input,1575,6,6,6,0,0,,
FA,ordering_vs_input,1576,1,1,1,0,0,,
FA,structuring_vs_ordering,1576,1,1,1,0,0,,
FA,structuring_vs_input,1576,1,1,1,0,0,,
FA,ordering_vs_input,1577,1,1,1,0,0,,
FA,structuring_vs_ordering,1577,1,1,1,0,0,,
FA,structuring_vs_input,1577,1,1,1,0,0,,
FA,ordering_vs_input,1578,4,4,4,0,0,,
FA,structuring_vs_ordering,1578,4,4,4,0,0,,
FA,structuring_vs_input,1578,4,4,4,0,0,,
FA,ordering_vs_input,1579,1,1,1,0,0,,
FA,structuring_vs_ordering,1579,1,1,1,0,0,,
FA,structuring_vs_input,1579,1,1,1,0,0,,
FA,ordering_vs_input,1580,3,3,3,0,0,,
FA,structuring_vs_ordering,1580,3,3,3,0,0,,
FA,structuring_vs_input,1580,3,3,3,0,0,,
FA,ordering_vs_input,1581,3,3,3,0,0,,
FA,structuring_vs_ordering,1581,3,3,3,0,0,,
FA,structuring_vs_input,1581,3,3,3,0,0,,
FA,ordering_vs_input,1582,4,3,3,1,0,professionalField,
FA,structuring_vs_ordering,1582,3,3,3,0,0,,
FA,structuring_vs_input,1582,4,3,3,1,0,professionalField,
FA,ordering_vs_input,1583,4,2,2,2,0,recordedIn | recordedIn,
FA,structuring_vs_ordering,1583,2,2,2,0,0,,
FA,structuring_vs_input,1583,4,2,2,2,0,recordedIn | recordedIn,
FA,ordering_vs_input,1584,2,2,2,0,0,,
FA,structuring_vs_ordering,1584,2,2,2,0,0,,
FA,structuring_vs_input,1584,2,2,2,0,0,,
FA,ordering_vs_input,1585,1,1,1,0,0,,
FA,structuring_vs_ordering,1585,1,1,1,0,0,,
FA,structuring_vs_input,1585,1,1,1,0,0,,
FA,ordering_vs_input,1586,2,2,2,0,0,,
FA,structuring_vs_ordering,1586,2,2,2,0,0,,
FA,structuring_vs_input,1586,2,2,2,0,0,,
FA,ordering_vs_input,1587,3,3,3,0,0,,
FA,structuring_vs_ordering,1587,3,3,3,0,0,,
FA,structuring_vs_input,1587,3,3,3,0,0,,
FA,ordering_vs_input,1588,2,2,2,0,0,,
FA,structuring_vs_ordering,1588,2,2,2,0,0,,
FA,structuring_vs_input,1588,2,2,2,0,0,,
FA,ordering_vs_input,1589,3,3,3,0,0,,
FA,structuring_vs_ordering,1589,3,3,3,0,0,,
FA,structuring_vs_input,1589,3,3,3,0,0,,
FA,ordering_vs_input,1590,2,2,2,0,0,,
FA,structuring_vs_ordering,1590,2,2,2,0,0,,
FA,structuring_vs_input,1590,2,2,2,0,0,,
FA,ordering_vs_input,1591,2,2,2,0,0,,
FA,structuring_vs_ordering,1591,2,2,2,0,0,,
FA,structuring_vs_input,1591,2,2,2,0,0,,
FA,ordering_vs_input,1592,5,5,5,0,0,,
FA,structuring_vs_ordering,1592,5,5,5,0,0,,
FA,structuring_vs_input,1592,5,5,5,0,0,,
FA,ordering_vs_input,1593,1,1,1,0,0,,
FA,structuring_vs_ordering,1593,1,1,1,0,0,,
FA,structuring_vs_input,1593,1,1,1,0,0,,
FA,ordering_vs_input,1594,2,2,2,0,0,,
FA,structuring_vs_ordering,1594,2,2,2,0,0,,
FA,structuring_vs_input,1594,2,2,2,0,0,,
FA,ordering_vs_input,1595,1,1,1,0,0,,
FA,structuring_vs_ordering,1595,1,1,1,0,0,,
FA,structuring_vs_input,1595,1,1,1,0,0,,
FA,ordering_vs_input,1596,3,3,3,0,0,,
FA,structuring_vs_ordering,1596,3,3,3,0,0,,
FA,structuring_vs_input,1596,3,3,3,0,0,,
FA,ordering_vs_input,1597,5,4,4,1,0,city,
FA,structuring_vs_ordering,1597,4,4,4,0,0,,
FA,structuring_vs_input,1597,5,4,4,1,0,city,
FA,ordering_vs_input,1598,2,2,2,0,0,,
FA,structuring_vs_ordering,1598,2,2,2,0,0,,
FA,structuring_vs_input,1598,2,2,2,0,0,,
FA,ordering_vs_input,1599,1,1,1,0,0,,
FA,structuring_vs_ordering,1599,1,1,1,0,0,,
FA,structuring_vs_input,1599,1,1,1,0,0,,
FA,ordering_vs_input,1600,2,2,2,0,0,,
FA,structuring_vs_ordering,1600,2,2,2,0,0,,
FA,structuring_vs_input,1600,2,2,2,0,0,,
FA,ordering_vs_input,1601,1,1,1,0,0,,
FA,structuring_vs_ordering,1601,1,1,1,0,0,,
FA,structuring_vs_input,1601,1,1,1,0,0,,
FA,ordering_vs_input,1602,2,2,2,0,0,,
FA,structuring_vs_ordering,1602,2,2,2,0,0,,
FA,structuring_vs_input,1602,2,2,2,0,0,,
FA,ordering_vs_input,1603,3,3,3,0,0,,
FA,structuring_vs_ordering,1603,3,3,3,0,0,,
FA,structuring_vs_input,1603,3,3,3,0,0,,
FA,ordering_vs_input,1604,2,2,2,0,0,,
FA,structuring_vs_ordering,1604,2,2,2,0,0,,
FA,structuring_vs_input,1604,2,2,2,0,0,,
FA,ordering_vs_input,1605,5,5,5,0,0,,
FA,structuring_vs_ordering,1605,5,5,5,0,0,,
FA,structuring_vs_input,1605,5,5,5,0,0,,
FA,ordering_vs_input,1606,5,4,4,1,0,artist,
FA,structuring_vs_ordering,1606,4,4,4,0,0,,
FA,structuring_vs_input,1606,5,4,4,1,0,artist,
FA,ordering_vs_input,1607,4,4,4,0,0,,
FA,structuring_vs_ordering,1607,4,4,4,0,0,,
FA,structuring_vs_input,1607,4,4,4,0,0,,
FA,ordering_vs_input,1608,4,4,4,0,0,,
FA,structuring_vs_ordering,1608,4,4,4,0,0,,
FA,structuring_vs_input,1608,4,4,4,0,0,,
FA,ordering_vs_input,1609,5,5,5,0,0,,
FA,structuring_vs_ordering,1609,5,5,5,0,0,,
FA,structuring_vs_input,1609,5,5,5,0,0,,
FA,ordering_vs_input,1610,5,5,5,0,0,,
FA,structuring_vs_ordering,1610,5,5,5,0,0,,
FA,structuring_vs_input,1610,5,5,5,0,0,,
FA,ordering_vs_input,1611,2,2,2,0,0,,
FA,structuring_vs_ordering,1611,2,2,2,0,0,,
FA,structuring_vs_input,1611,2,2,2,0,0,,
FA,ordering_vs_input,1612,4,3,3,1,0,citizenship,
FA,structuring_vs_ordering,1612,3,3,3,0,0,,
FA,structuring_vs_input,1612,4,3,3,1,0,citizenship,
FA,ordering_vs_input,1613,1,1,1,0,0,,
FA,structuring_vs_ordering,1613,1,1,1,0,0,,
FA,structuring_vs_input,1613,1,1,1,0,0,,
FA,ordering_vs_input,1614,3,3,3,0,0,,
FA,structuring_vs_ordering,1614,3,3,3,0,0,,
FA,structuring_vs_input,1614,3,3,3,0,0,,
FA,ordering_vs_input,1615,3,3,3,0,0,,
FA,structuring_vs_ordering,1615,3,2,2,1,0,leader,
FA,structuring_vs_input,1615,3,2,2,1,0,leader,
FA,ordering_vs_input,1616,2,1,1,1,0,mission,
FA,structuring_vs_ordering,1616,1,1,1,0,0,,
FA,structuring_vs_input,1616,2,1,1,1,0,mission,
FA,ordering_vs_input,1617,2,2,2,0,0,,
FA,structuring_vs_ordering,1617,2,2,2,0,0,,
FA,structuring_vs_input,1617,2,2,2,0,0,,
FA,ordering_vs_input,1618,2,2,2,0,0,,
FA,structuring_vs_ordering,1618,2,2,2,0,0,,
FA,structuring_vs_input,1618,2,2,2,0,0,,
FA,ordering_vs_input,1619,4,4,4,0,0,,
FA,structuring_vs_ordering,1619,4,4,4,0,0,,
FA,structuring_vs_input,1619,4,4,4,0,0,,
FA,ordering_vs_input,1620,3,3,3,0,0,,
FA,structuring_vs_ordering,1620,3,3,3,0,0,,
FA,structuring_vs_input,1620,3,3,3,0,0,,
FA,ordering_vs_input,1621,6,4,4,2,0,producer | artist,
FA,structuring_vs_ordering,1621,4,4,4,0,0,,
FA,structuring_vs_input,1621,6,4,4,2,0,producer | artist,
FA,ordering_vs_input,1622,5,5,5,0,0,,
FA,structuring_vs_ordering,1622,5,5,5,0,0,,
FA,structuring_vs_input,1622,5,5,5,0,0,,
FA,ordering_vs_input,1623,3,3,3,0,0,,
FA,structuring_vs_ordering,1623,3,3,3,0,0,,
FA,structuring_vs_input,1623,3,3,3,0,0,,
FA,ordering_vs_input,1624,2,2,2,0,0,,
FA,structuring_vs_ordering,1624,2,2,2,0,0,,
FA,structuring_vs_input,1624,2,2,2,0,0,,
FA,ordering_vs_input,1625,2,2,2,0,0,,
FA,structuring_vs_ordering,1625,2,2,2,0,0,,
FA,structuring_vs_input,1625,2,2,2,0,0,,
FA,ordering_vs_input,1626,3,3,3,0,0,,
FA,structuring_vs_ordering,1626,3,3,3,0,0,,
FA,structuring_vs_input,1626,3,3,3,0,0,,
FA,ordering_vs_input,1627,5,5,5,0,0,,
FA,structuring_vs_ordering,1627,5,5,5,0,0,,
FA,structuring_vs_input,1627,5,5,5,0,0,,
FA,ordering_vs_input,1628,5,5,5,0,0,,
FA,structuring_vs_ordering,1628,5,5,5,0,0,,
FA,structuring_vs_input,1628,5,5,5,0,0,,
FA,ordering_vs_input,1629,2,2,2,0,0,,
FA,structuring_vs_ordering,1629,2,2,2,0,0,,
FA,structuring_vs_input,1629,2,2,2,0,0,,
FA,ordering_vs_input,1630,3,3,3,0,0,,
FA,structuring_vs_ordering,1630,3,3,3,0,0,,
FA,structuring_vs_input,1630,3,3,3,0,0,,
FA,ordering_vs_input,1631,2,2,2,0,0,,
FA,structuring_vs_ordering,1631,2,2,2,0,0,,
FA,structuring_vs_input,1631,2,2,2,0,0,,
FA,ordering_vs_input,1632,4,4,4,0,0,,
FA,structuring_vs_ordering,1632,4,4,4,0,0,,
FA,structuring_vs_input,1632,4,4,4,0,0,,
FA,ordering_vs_input,1633,3,3,3,0,0,,
FA,structuring_vs_ordering,1633,3,3,3,0,0,,
FA,structuring_vs_input,1633,3,3,3,0,0,,
FA,ordering_vs_input,1634,7,7,7,0,0,,
FA,structuring_vs_ordering,1634,7,7,7,0,0,,
FA,structuring_vs_input,1634,7,7,7,0,0,,
FA,ordering_vs_input,1635,4,4,4,0,0,,
FA,structuring_vs_ordering,1635,4,4,4,0,0,,
FA,structuring_vs_input,1635,4,4,4,0,0,,
FA,ordering_vs_input,1636,2,2,2,0,0,,
FA,structuring_vs_ordering,1636,2,2,2,0,0,,
FA,structuring_vs_input,1636,2,2,2,0,0,,
FA,ordering_vs_input,1637,1,1,1,0,0,,
FA,structuring_vs_ordering,1637,1,1,1,0,0,,
FA,structuring_vs_input,1637,1,1,1,0,0,,
FA,ordering_vs_input,1638,4,2,2,2,0,producer | artist,
FA,structuring_vs_ordering,1638,2,2,2,0,0,,
FA,structuring_vs_input,1638,4,2,2,2,0,producer | artist,
FA,ordering_vs_input,1639,4,4,4,0,0,,
FA,structuring_vs_ordering,1639,4,4,4,0,0,,
FA,structuring_vs_input,1639,4,4,4,0,0,,
FA,ordering_vs_input,1640,2,1,1,1,0,citizenship,
FA,structuring_vs_ordering,1640,1,1,1,0,0,,
FA,structuring_vs_input,1640,2,1,1,1,0,citizenship,
FA,ordering_vs_input,1641,4,3,3,1,0,writer,
FA,structuring_vs_ordering,1641,3,3,3,0,0,,
FA,structuring_vs_input,1641,4,3,3,1,0,writer,
FA,ordering_vs_input,1642,4,4,4,0,0,,
FA,structuring_vs_ordering,1642,4,4,4,0,0,,
FA,structuring_vs_input,1642,4,4,4,0,0,,
FA,ordering_vs_input,1643,3,3,3,0,0,,
FA,structuring_vs_ordering,1643,3,3,3,0,0,,
FA,structuring_vs_input,1643,3,3,3,0,0,,
FA,ordering_vs_input,1644,1,1,1,0,0,,
FA,structuring_vs_ordering,1644,1,1,1,0,0,,
FA,structuring_vs_input,1644,1,1,1,0,0,,
FA,ordering_vs_input,1645,3,1,1,2,0,producer | writer,
FA,structuring_vs_ordering,1645,1,1,1,0,0,,
FA,structuring_vs_input,1645,3,1,1,2,0,producer | writer,
FA,ordering_vs_input,1646,4,4,4,0,0,,
FA,structuring_vs_ordering,1646,4,4,4,0,0,,
FA,structuring_vs_input,1646,4,4,4,0,0,,
FA,ordering_vs_input,1647,2,2,2,0,0,,
FA,structuring_vs_ordering,1647,2,2,2,0,0,,
FA,structuring_vs_input,1647,2,2,2,0,0,,
FA,ordering_vs_input,1648,3,3,3,0,0,,
FA,structuring_vs_ordering,1648,3,3,3,0,0,,
FA,structuring_vs_input,1648,3,3,3,0,0,,
FA,ordering_vs_input,1649,1,1,1,0,0,,
FA,structuring_vs_ordering,1649,1,1,1,0,0,,
FA,structuring_vs_input,1649,1,1,1,0,0,,
FA,ordering_vs_input,1650,2,2,2,0,0,,
FA,structuring_vs_ordering,1650,2,2,2,0,0,,
FA,structuring_vs_input,1650,2,2,2,0,0,,
FA,ordering_vs_input,1651,3,3,3,0,0,,
FA,structuring_vs_ordering,1651,3,3,3,0,0,,
FA,structuring_vs_input,1651,3,3,3,0,0,,
FA,ordering_vs_input,1652,2,2,2,0,0,,
FA,structuring_vs_ordering,1652,2,2,2,0,0,,
FA,structuring_vs_input,1652,2,2,2,0,0,,
FA,ordering_vs_input,1653,6,6,6,0,0,,
FA,structuring_vs_ordering,1653,6,6,6,0,0,,
FA,structuring_vs_input,1653,6,6,6,0,0,,
FA,ordering_vs_input,1654,4,4,4,0,0,,
FA,structuring_vs_ordering,1654,4,4,4,0,0,,
FA,structuring_vs_input,1654,4,4,4,0,0,,
FA,ordering_vs_input,1655,3,3,3,0,0,,
FA,structuring_vs_ordering,1655,3,3,3,0,0,,
FA,structuring_vs_input,1655,3,3,3,0,0,,
FA,ordering_vs_input,1656,1,1,1,0,0,,
FA,structuring_vs_ordering,1656,1,1,1,0,0,,
FA,structuring_vs_input,1656,1,1,1,0,0,,
FA,ordering_vs_input,1657,4,4,4,0,0,,
FA,structuring_vs_ordering,1657,4,4,4,0,0,,
FA,structuring_vs_input,1657,4,4,4,0,0,,
FA,ordering_vs_input,1658,1,1,1,0,0,,
FA,structuring_vs_ordering,1658,1,1,1,0,0,,
FA,structuring_vs_input,1658,1,1,1,0,0,,
FA,ordering_vs_input,1659,5,4,4,1,0,city,
FA,structuring_vs_ordering,1659,4,4,4,0,0,,
FA,structuring_vs_input,1659,5,4,4,1,0,city,
FA,ordering_vs_input,1660,4,2,2,2,0,mission | mission,
FA,structuring_vs_ordering,1660,2,2,2,0,0,,
FA,structuring_vs_input,1660,4,2,2,2,0,mission | mission,
FA,ordering_vs_input,1661,5,4,4,1,0,status,
FA,structuring_vs_ordering,1661,4,4,4,0,0,,
FA,structuring_vs_input,1661,5,4,4,1,0,status,
FA,ordering_vs_input,1662,1,1,1,0,0,,
FA,structuring_vs_ordering,1662,1,1,1,0,0,,
FA,structuring_vs_input,1662,1,1,1,0,0,,
FA,ordering_vs_input,1663,4,4,4,0,0,,
FA,structuring_vs_ordering,1663,4,4,4,0,0,,
FA,structuring_vs_input,1663,4,4,4,0,0,,
FA,ordering_vs_input,1664,3,3,3,0,0,,
FA,structuring_vs_ordering,1664,3,3,3,0,0,,
FA,structuring_vs_input,1664,3,3,3,0,0,,
FA,ordering_vs_input,1665,4,4,4,0,0,,
FA,structuring_vs_ordering,1665,4,4,4,0,0,,
FA,structuring_vs_input,1665,4,4,4,0,0,,
FA,ordering_vs_input,1666,3,3,3,0,0,,
FA,structuring_vs_ordering,1666,3,3,3,0,0,,
FA,structuring_vs_input,1666,3,3,3,0,0,,
FA,ordering_vs_input,1667,3,3,3,0,0,,
FA,structuring_vs_ordering,1667,3,3,3,0,0,,
FA,structuring_vs_input,1667,3,3,3,0,0,,
FA,ordering_vs_input,1668,4,4,4,0,0,,
FA,structuring_vs_ordering,1668,4,4,4,0,0,,
FA,structuring_vs_input,1668,4,4,4,0,0,,
FA,ordering_vs_input,1669,4,4,4,0,0,,
FA,structuring_vs_ordering,1669,4,4,4,0,0,,
FA,structuring_vs_input,1669,4,4,4,0,0,,
FA,ordering_vs_input,1670,1,1,1,0,0,,
FA,structuring_vs_ordering,1670,1,1,1,0,0,,
FA,structuring_vs_input,1670,1,1,1,0,0,,
FA,ordering_vs_input,1671,1,1,1,0,0,,
FA,structuring_vs_ordering,1671,1,1,1,0,0,,
FA,structuring_vs_input,1671,1,1,1,0,0,,
FA,ordering_vs_input,1672,4,2,2,2,0,producer | certification,
FA,structuring_vs_ordering,1672,2,2,2,0,0,,
FA,structuring_vs_input,1672,4,2,2,2,0,producer | certification,
FA,ordering_vs_input,1673,1,1,1,0,0,,
FA,structuring_vs_ordering,1673,1,1,1,0,0,,
FA,structuring_vs_input,1673,1,1,1,0,0,,
FA,ordering_vs_input,1674,2,2,2,0,0,,
FA,structuring_vs_ordering,1674,2,2,2,0,0,,
FA,structuring_vs_input,1674,2,2,2,0,0,,
FA,ordering_vs_input,1675,2,2,2,0,0,,
FA,structuring_vs_ordering,1675,2,2,2,0,0,,
FA,structuring_vs_input,1675,2,2,2,0,0,,
FA,ordering_vs_input,1676,6,6,6,0,0,,
FA,structuring_vs_ordering,1676,6,6,6,0,0,,
FA,structuring_vs_input,1676,6,6,6,0,0,,
FA,ordering_vs_input,1677,3,3,3,0,0,,
FA,structuring_vs_ordering,1677,3,3,3,0,0,,
FA,structuring_vs_input,1677,3,3,3,0,0,,
FA,ordering_vs_input,1678,2,2,2,0,0,,
FA,structuring_vs_ordering,1678,2,2,2,0,0,,
FA,structuring_vs_input,1678,2,2,2,0,0,,
FA,ordering_vs_input,1679,1,1,1,0,0,,
FA,structuring_vs_ordering,1679,1,1,1,0,0,,
FA,structuring_vs_input,1679,1,1,1,0,0,,
FA,ordering_vs_input,1680,4,3,3,1,0,type,
FA,structuring_vs_ordering,1680,3,3,3,0,0,,
FA,structuring_vs_input,1680,4,3,3,1,0,type,
FA,ordering_vs_input,1681,1,1,1,0,0,,
FA,structuring_vs_ordering,1681,1,1,1,0,0,,
FA,structuring_vs_input,1681,1,1,1,0,0,,
FA,ordering_vs_input,1682,2,2,2,0,0,,
FA,structuring_vs_ordering,1682,2,2,2,0,0,,
FA,structuring_vs_input,1682,2,2,2,0,0,,
FA,ordering_vs_input,1683,1,1,1,0,0,,
FA,structuring_vs_ordering,1683,1,1,1,0,0,,
FA,structuring_vs_input,1683,1,1,1,0,0,,
FA,ordering_vs_input,1684,2,2,2,0,0,,
FA,structuring_vs_ordering,1684,2,2,2,0,0,,
FA,structuring_vs_input,1684,2,2,2,0,0,,
FA,ordering_vs_input,1685,4,4,4,0,0,,
FA,structuring_vs_ordering,1685,4,4,4,0,0,,
FA,structuring_vs_input,1685,4,4,4,0,0,,
FA,ordering_vs_input,1686,5,5,5,0,0,,
FA,structuring_vs_ordering,1686,5,5,5,0,0,,
FA,structuring_vs_input,1686,5,5,5,0,0,,
FA,ordering_vs_input,1687,1,1,1,0,0,,
FA,structuring_vs_ordering,1687,1,1,1,0,0,,
FA,structuring_vs_input,1687,1,1,1,0,0,,
FA,ordering_vs_input,1688,1,1,1,0,0,,
FA,structuring_vs_ordering,1688,1,1,1,0,0,,
FA,structuring_vs_input,1688,1,1,1,0,0,,
FA,ordering_vs_input,1689,2,2,2,0,0,,
FA,structuring_vs_ordering,1689,2,2,2,0,0,,
FA,structuring_vs_input,1689,2,2,2,0,0,,
FA,ordering_vs_input,1690,4,4,4,0,0,,
FA,structuring_vs_ordering,1690,4,4,4,0,0,,
FA,structuring_vs_input,1690,4,4,4,0,0,,
FA,ordering_vs_input,1691,3,2,2,1,0,type,
FA,structuring_vs_ordering,1691,2,2,2,0,0,,
FA,structuring_vs_input,1691,3,2,2,1,0,type,
FA,ordering_vs_input,1692,2,2,2,0,0,,
FA,structuring_vs_ordering,1692,2,2,2,0,0,,
FA,structuring_vs_input,1692,2,2,2,0,0,,
FA,ordering_vs_input,1693,4,4,4,0,0,,
FA,structuring_vs_ordering,1693,4,4,4,0,0,,
FA,structuring_vs_input,1693,4,4,4,0,0,,
FA,ordering_vs_input,1694,1,1,1,0,0,,
FA,structuring_vs_ordering,1694,1,1,1,0,0,,
FA,structuring_vs_input,1694,1,1,1,0,0,,
FA,ordering_vs_input,1695,1,1,1,0,0,,
FA,structuring_vs_ordering,1695,1,1,1,0,0,,
FA,structuring_vs_input,1695,1,1,1,0,0,,
FA,ordering_vs_input,1696,4,4,4,0,0,,
FA,structuring_vs_ordering,1696,4,4,4,0,0,,
FA,structuring_vs_input,1696,4,4,4,0,0,,
FA,ordering_vs_input,1697,6,6,6,0,0,,
FA,structuring_vs_ordering,1697,6,6,6,0,0,,
FA,structuring_vs_input,1697,6,6,6,0,0,,
FA,ordering_vs_input,1698,1,1,1,0,0,,
FA,structuring_vs_ordering,1698,1,1,1,0,0,,
FA,structuring_vs_input,1698,1,1,1,0,0,,
FA,ordering_vs_input,1699,3,3,3,0,0,,
FA,structuring_vs_ordering,1699,3,3,3,0,0,,
FA,structuring_vs_input,1699,3,3,3,0,0,,
FA,ordering_vs_input,1700,1,1,1,0,0,,
FA,structuring_vs_ordering,1700,1,1,1,0,0,,
FA,structuring_vs_input,1700,1,1,1,0,0,,
FA,ordering_vs_input,1701,4,2,2,2,0,editing | producer,
FA,structuring_vs_ordering,1701,2,2,2,0,0,,
FA,structuring_vs_input,1701,4,2,2,2,0,editing | producer,
FA,ordering_vs_input,1702,1,1,1,0,0,,
FA,structuring_vs_ordering,1702,1,1,1,0,0,,
FA,structuring_vs_input,1702,1,1,1,0,0,,
FA,ordering_vs_input,1703,1,1,1,0,0,,
FA,structuring_vs_ordering,1703,1,1,1,0,0,,
FA,structuring_vs_input,1703,1,1,1,0,0,,
FA,ordering_vs_input,1704,5,3,3,2,0,industry | type,
FA,structuring_vs_ordering,1704,3,3,3,0,0,,
FA,structuring_vs_input,1704,5,3,3,2,0,industry | type,
FA,ordering_vs_input,1705,1,1,1,0,0,,
FA,structuring_vs_ordering,1705,1,1,1,0,0,,
FA,structuring_vs_input,1705,1,1,1,0,0,,
FA,ordering_vs_input,1706,3,3,3,0,0,,
FA,structuring_vs_ordering,1706,3,3,3,0,0,,
FA,structuring_vs_input,1706,3,3,3,0,0,,
FA,ordering_vs_input,1707,3,3,3,0,0,,
FA,structuring_vs_ordering,1707,3,3,3,0,0,,
FA,structuring_vs_input,1707,3,3,3,0,0,,
FA,ordering_vs_input,1708,3,3,3,0,0,,
FA,structuring_vs_ordering,1708,3,3,3,0,0,,
FA,structuring_vs_input,1708,3,3,3,0,0,,
FA,ordering_vs_input,1709,1,1,1,0,0,,
FA,structuring_vs_ordering,1709,1,1,1,0,0,,
FA,structuring_vs_input,1709,1,1,1,0,0,,
FA,ordering_vs_input,1710,4,4,4,0,0,,
FA,structuring_vs_ordering,1710,4,4,4,0,0,,
FA,structuring_vs_input,1710,4,4,4,0,0,,
FA,ordering_vs_input,1711,7,5,5,2,0,runtime | producer,
FA,structuring_vs_ordering,1711,5,5,5,0,0,,
FA,structuring_vs_input,1711,7,5,5,2,0,runtime | producer,
FA,ordering_vs_input,1712,1,1,1,0,0,,
FA,structuring_vs_ordering,1712,1,1,1,0,0,,
FA,structuring_vs_input,1712,1,1,1,0,0,,
FA,ordering_vs_input,1713,4,4,4,0,0,,
FA,structuring_vs_ordering,1713,4,4,4,0,0,,
FA,structuring_vs_input,1713,4,4,4,0,0,,
FA,ordering_vs_input,1714,3,3,3,0,0,,
FA,structuring_vs_ordering,1714,3,3,3,0,0,,
FA,structuring_vs_input,1714,3,3,3,0,0,,
FA,ordering_vs_input,1715,3,3,3,0,0,,
FA,structuring_vs_ordering,1715,3,3,3,0,0,,
FA,structuring_vs_input,1715,3,3,3,0,0,,
FA,ordering_vs_input,1716,7,7,7,0,0,,
FA,structuring_vs_ordering,1716,7,7,7,0,0,,
FA,structuring_vs_input,1716,7,7,7,0,0,,
FA,ordering_vs_input,1717,2,2,2,0,0,,
FA,structuring_vs_ordering,1717,2,2,2,0,0,,
FA,structuring_vs_input,1717,2,2,2,0,0,,
FA,ordering_vs_input,1718,1,1,1,0,0,,
FA,structuring_vs_ordering,1718,1,1,1,0,0,,
FA,structuring_vs_input,1718,1,1,1,0,0,,
FA,ordering_vs_input,1719,5,5,5,0,0,,
FA,structuring_vs_ordering,1719,5,5,5,0,0,,
FA,structuring_vs_input,1719,5,5,5,0,0,,
FA,ordering_vs_input,1720,7,7,7,0,0,,
FA,structuring_vs_ordering,1720,7,7,7,0,0,,
FA,structuring_vs_input,1720,7,7,7,0,0,,
FA,ordering_vs_input,1721,4,4,4,0,0,,
FA,structuring_vs_ordering,1721,4,4,4,0,0,,
FA,structuring_vs_input,1721,4,4,4,0,0,,
FA,ordering_vs_input,1722,2,2,2,0,0,,
FA,structuring_vs_ordering,1722,2,2,2,0,0,,
FA,structuring_vs_input,1722,2,2,2,0,0,,
FA,ordering_vs_input,1723,5,5,5,0,0,,
FA,structuring_vs_ordering,1723,5,5,5,0,0,,
FA,structuring_vs_input,1723,5,5,5,0,0,,
FA,ordering_vs_input,1724,1,1,1,0,0,,
FA,structuring_vs_ordering,1724,1,1,1,0,0,,
FA,structuring_vs_input,1724,1,1,1,0,0,,
FA,ordering_vs_input,1725,5,4,4,1,0,writer,
FA,structuring_vs_ordering,1725,4,4,4,0,0,,
FA,structuring_vs_input,1725,5,4,4,1,0,writer,
FA,ordering_vs_input,1726,1,1,1,0,0,,
FA,structuring_vs_ordering,1726,1,1,1,0,0,,
FA,structuring_vs_input,1726,1,1,1,0,0,,
FA,ordering_vs_input,1727,3,3,3,0,0,,
FA,structuring_vs_ordering,1727,3,3,3,0,0,,
FA,structuring_vs_input,1727,3,3,3,0,0,,
FA,ordering_vs_input,1728,3,1,1,2,0,type | industry,
FA,structuring_vs_ordering,1728,1,1,1,0,0,,
FA,structuring_vs_input,1728,3,1,1,2,0,type | industry,
FA,ordering_vs_input,1729,3,3,3,0,0,,
FA,structuring_vs_ordering,1729,3,3,3,0,0,,
FA,structuring_vs_input,1729,3,3,3,0,0,,
FA,ordering_vs_input,1730,5,5,5,0,0,,
FA,structuring_vs_ordering,1730,5,5,5,0,0,,
FA,structuring_vs_input,1730,5,5,5,0,0,,
FA,ordering_vs_input,1731,1,1,1,0,0,,
FA,structuring_vs_ordering,1731,1,1,1,0,0,,
FA,structuring_vs_input,1731,1,1,1,0,0,,
FA,ordering_vs_input,1732,7,4,4,3,0,editing | runtime | writer,
FA,structuring_vs_ordering,1732,4,4,4,0,0,,
FA,structuring_vs_input,1732,7,4,4,3,0,editing | runtime | writer,
FA,ordering_vs_input,1733,5,5,5,0,0,,
FA,structuring_vs_ordering,1733,5,5,5,0,0,,
FA,structuring_vs_input,1733,5,5,5,0,0,,
FA,ordering_vs_input,1734,2,2,2,0,0,,
FA,structuring_vs_ordering,1734,2,2,2,0,0,,
FA,structuring_vs_input,1734,2,2,2,0,0,,
FA,ordering_vs_input,1735,7,7,7,0,0,,
FA,structuring_vs_ordering,1735,7,7,7,0,0,,
FA,structuring_vs_input,1735,7,7,7,0,0,,
FA,ordering_vs_input,1736,5,5,5,0,0,,
FA,structuring_vs_ordering,1736,5,5,5,0,0,,
FA,structuring_vs_input,1736,5,5,5,0,0,,
FA,ordering_vs_input,1737,3,3,3,0,0,,
FA,structuring_vs_ordering,1737,3,3,3,0,0,,
FA,structuring_vs_input,1737,3,3,3,0,0,,
FA,ordering_vs_input,1738,1,1,1,0,0,,
FA,structuring_vs_ordering,1738,1,1,1,0,0,,
FA,structuring_vs_input,1738,1,1,1,0,0,,
FA,ordering_vs_input,1739,4,4,4,0,0,,
FA,structuring_vs_ordering,1739,4,4,4,0,0,,
FA,structuring_vs_input,1739,4,4,4,0,0,,
FA,ordering_vs_input,1740,3,3,3,0,0,,
FA,structuring_vs_ordering,1740,3,3,3,0,0,,
FA,structuring_vs_input,1740,3,3,3,0,0,,
FA,ordering_vs_input,1741,4,4,4,0,0,,
FA,structuring_vs_ordering,1741,4,4,4,0,0,,
FA,structuring_vs_input,1741,4,4,4,0,0,,
FA,ordering_vs_input,1742,4,2,2,2,0,producer | runtime,
FA,structuring_vs_ordering,1742,2,2,2,0,0,,
FA,structuring_vs_input,1742,4,2,2,2,0,producer | runtime,
FA,ordering_vs_input,1743,3,2,2,1,0,artist,
FA,structuring_vs_ordering,1743,2,2,2,0,0,,
FA,structuring_vs_input,1743,3,2,2,1,0,artist,
FA,ordering_vs_input,1744,3,2,2,1,0,industry,
FA,structuring_vs_ordering,1744,2,2,2,0,0,,
FA,structuring_vs_input,1744,3,2,2,1,0,industry,
FA,ordering_vs_input,1745,2,2,2,0,0,,
FA,structuring_vs_ordering,1745,2,2,2,0,0,,
FA,structuring_vs_input,1745,2,2,2,0,0,,
FA,ordering_vs_input,1746,2,2,2,0,0,,
FA,structuring_vs_ordering,1746,2,2,2,0,0,,
FA,structuring_vs_input,1746,2,2,2,0,0,,
FA,ordering_vs_input,1747,1,1,1,0,0,,
FA,structuring_vs_ordering,1747,1,1,1,0,0,,
FA,structuring_vs_input,1747,1,1,1,0,0,,
FA,ordering_vs_input,1748,2,2,2,0,0,,
FA,structuring_vs_ordering,1748,2,2,2,0,0,,
FA,structuring_vs_input,1748,2,2,2,0,0,,
FA,ordering_vs_input,1749,5,5,5,0,0,,
FA,structuring_vs_ordering,1749,5,5,5,0,0,,
FA,structuring_vs_input,1749,5,5,5,0,0,,
FA,ordering_vs_input,1750,6,6,6,0,0,,
FA,structuring_vs_ordering,1750,6,6,6,0,0,,
FA,structuring_vs_input,1750,6,6,6,0,0,,
FA,ordering_vs_input,1751,2,2,2,0,0,,
FA,structuring_vs_ordering,1751,2,2,2,0,0,,
FA,structuring_vs_input,1751,2,2,2,0,0,,
FA,ordering_vs_input,1752,1,1,1,0,0,,
FA,structuring_vs_ordering,1752,1,1,1,0,0,,
FA,structuring_vs_input,1752,1,1,1,0,0,,
FA,ordering_vs_input,1753,2,2,2,0,0,,
FA,structuring_vs_ordering,1753,2,2,2,0,0,,
FA,structuring_vs_input,1753,2,2,2,0,0,,
FA,ordering_vs_input,1754,1,1,1,0,0,,
FA,structuring_vs_ordering,1754,1,1,1,0,0,,
FA,structuring_vs_input,1754,1,1,1,0,0,,
FA,ordering_vs_input,1755,1,1,1,0,0,,
FA,structuring_vs_ordering,1755,1,1,1,0,0,,
FA,structuring_vs_input,1755,1,1,1,0,0,,
FA,ordering_vs_input,1756,1,1,1,0,0,,
FA,structuring_vs_ordering,1756,1,1,1,0,0,,
FA,structuring_vs_input,1756,1,1,1,0,0,,
FA,ordering_vs_input,1757,3,3,3,0,0,,
FA,structuring_vs_ordering,1757,3,3,3,0,0,,
FA,structuring_vs_input,1757,3,3,3,0,0,,
FA,ordering_vs_input,1758,5,4,4,1,0,writer,
FA,structuring_vs_ordering,1758,4,4,4,0,0,,
FA,structuring_vs_input,1758,5,4,4,1,0,writer,
FA,ordering_vs_input,1759,4,4,4,0,0,,
FA,structuring_vs_ordering,1759,4,4,4,0,0,,
FA,structuring_vs_input,1759,4,4,4,0,0,,
FA,ordering_vs_input,1760,3,3,3,0,0,,
FA,structuring_vs_ordering,1760,3,3,3,0,0,,
FA,structuring_vs_input,1760,3,3,3,0,0,,
FA,ordering_vs_input,1761,5,3,3,2,0,producer | runtime,
FA,structuring_vs_ordering,1761,3,3,3,0,0,,
FA,structuring_vs_input,1761,5,3,3,2,0,producer | runtime,
FA,ordering_vs_input,1762,3,1,1,2,0,writer | writer,
FA,structuring_vs_ordering,1762,1,1,1,0,0,,
FA,structuring_vs_input,1762,3,1,1,2,0,writer | writer,
FA,ordering_vs_input,1763,1,1,1,0,0,,
FA,structuring_vs_ordering,1763,1,1,1,0,0,,
FA,structuring_vs_input,1763,1,1,1,0,0,,
FA,ordering_vs_input,1764,5,5,5,0,0,,
FA,structuring_vs_ordering,1764,5,5,5,0,0,,
FA,structuring_vs_input,1764,5,5,5,0,0,,
FA,ordering_vs_input,1765,3,3,3,0,0,,
FA,structuring_vs_ordering,1765,3,3,3,0,0,,
FA,structuring_vs_input,1765,3,3,3,0,0,,
FA,ordering_vs_input,1766,1,1,1,0,0,,
FA,structuring_vs_ordering,1766,1,1,1,0,0,,
FA,structuring_vs_input,1766,1,1,1,0,0,,
FA,ordering_vs_input,1767,7,6,6,1,0,icaoLocationIdentifier,
FA,structuring_vs_ordering,1767,6,6,6,0,0,,
FA,structuring_vs_input,1767,7,6,6,1,0,icaoLocationIdentifier,
FA,ordering_vs_input,1768,7,4,4,3,0,citizenship | professionalField | knownFor,
FA,structuring_vs_ordering,1768,4,4,4,0,0,,
FA,structuring_vs_input,1768,7,4,4,3,0,citizenship | professionalField | knownFor,
FA,ordering_vs_input,1769,1,1,1,0,0,,
FA,structuring_vs_ordering,1769,1,1,1,0,0,,
FA,structuring_vs_input,1769,1,1,1,0,0,,
FA,ordering_vs_input,1770,3,3,3,0,0,,
FA,structuring_vs_ordering,1770,3,3,3,0,0,,
FA,structuring_vs_input,1770,3,3,3,0,0,,
FA,ordering_vs_input,1771,3,3,3,0,0,,
FA,structuring_vs_ordering,1771,3,3,3,0,0,,
FA,structuring_vs_input,1771,3,3,3,0,0,,
FA,ordering_vs_input,1772,2,2,2,0,0,,
FA,structuring_vs_ordering,1772,2,2,2,0,0,,
FA,structuring_vs_input,1772,2,2,2,0,0,,
FA,ordering_vs_input,1773,2,2,2,0,0,,
FA,structuring_vs_ordering,1773,2,2,2,0,0,,
FA,structuring_vs_input,1773,2,2,2,0,0,,
FA,ordering_vs_input,1774,1,1,1,0,0,,
FA,structuring_vs_ordering,1774,1,1,1,0,0,,
FA,structuring_vs_input,1774,1,1,1,0,0,,
FA,ordering_vs_input,1775,1,1,1,0,0,,
FA,structuring_vs_ordering,1775,1,1,1,0,0,,
FA,structuring_vs_input,1775,1,1,1,0,0,,
FA,ordering_vs_input,1776,3,2,2,1,0,industry,
FA,structuring_vs_ordering,1776,2,2,2,0,0,,
FA,structuring_vs_input,1776,3,2,2,1,0,industry,
FA,ordering_vs_input,1777,2,1,1,1,0,producer,
FA,structuring_vs_ordering,1777,1,1,1,0,0,,
FA,structuring_vs_input,1777,2,1,1,1,0,producer,
FA,ordering_vs_input,1778,3,3,3,0,0,,
FA,structuring_vs_ordering,1778,3,3,3,0,0,,
FA,structuring_vs_input,1778,3,3,3,0,0,,
FI,ordering_vs_input,0,5,5,5,0,0,,
FI,structuring_vs_ordering,0,5,5,5,0,0,,
FI,structuring_vs_input,0,5,5,5,0,0,,
FI,ordering_vs_input,1,2,2,2,0,0,,
FI,structuring_vs_ordering,1,2,2,2,0,0,,
FI,structuring_vs_input,1,2,2,2,0,0,,
FI,ordering_vs_input,2,1,1,1,0,0,,
FI,structuring_vs_ordering,2,1,1,1,0,0,,
FI,structuring_vs_input,2,1,1,1,0,0,,
FI,ordering_vs_input,3,3,3,3,0,0,,
FI,structuring_vs_ordering,3,3,3,3,0,0,,
FI,structuring_vs_input,3,3,3,3,0,0,,
FI,ordering_vs_input,4,5,4,4,1,0,type,
FI,structuring_vs_ordering,4,4,4,4,0,0,,
FI,structuring_vs_input,4,5,4,4,1,0,type,
FI,ordering_vs_input,5,2,2,2,0,0,,
FI,structuring_vs_ordering,5,2,2,2,0,0,,
FI,structuring_vs_input,5,2,2,2,0,0,,
FI,ordering_vs_input,6,5,5,5,0,0,,
FI,structuring_vs_ordering,6,5,5,5,0,0,,
FI,structuring_vs_input,6,5,5,5,0,0,,
FI,ordering_vs_input,7,1,1,1,0,0,,
FI,structuring_vs_ordering,7,1,1,1,0,0,,
FI,structuring_vs_input,7,1,1,1,0,0,,
FI,ordering_vs_input,8,3,3,3,0,0,,
FI,structuring_vs_ordering,8,3,3,3,0,0,,
FI,structuring_vs_input,8,3,3,3,0,0,,
FI,ordering_vs_input,9,1,1,1,0,0,,
FI,structuring_vs_ordering,9,1,1,1,0,0,,
FI,structuring_vs_input,9,1,1,1,0,0,,
FI,ordering_vs_input,10,1,1,1,0,0,,
FI,structuring_vs_ordering,10,1,1,1,0,0,,
FI,structuring_vs_input,10,1,1,1,0,0,,
FI,ordering_vs_input,11,1,1,1,0,0,,
FI,structuring_vs_ordering,11,1,1,1,0,0,,
FI,structuring_vs_input,11,1,1,1,0,0,,
FI,ordering_vs_input,12,6,6,6,0,0,,
FI,structuring_vs_ordering,12,6,6,6,0,0,,
FI,structuring_vs_input,12,6,6,6,0,0,,
FI,ordering_vs_input,13,1,1,1,0,0,,
FI,structuring_vs_ordering,13,1,1,1,0,0,,
FI,structuring_vs_input,13,1,1,1,0,0,,
FI,ordering_vs_input,14,3,3,3,0,0,,
FI,structuring_vs_ordering,14,3,3,3,0,0,,
FI,structuring_vs_input,14,3,3,3,0,0,,
FI,ordering_vs_input,15,2,2,2,0,0,,
FI,structuring_vs_ordering,15,2,2,2,0,0,,
FI,structuring_vs_input,15,2,2,2,0,0,,
FI,ordering_vs_input,16,4,3,3,1,0,industry,
FI,structuring_vs_ordering,16,3,3,3,0,0,,
FI,structuring_vs_input,16,4,3,3,1,0,industry,
FI,ordering_vs_input,17,3,3,3,0,0,,
FI,structuring_vs_ordering,17,3,3,3,0,0,,
FI,structuring_vs_input,17,3,3,3,0,0,,
FI,ordering_vs_input,18,4,4,4,0,0,,
FI,structuring_vs_ordering,18,4,4,4,0,0,,
FI,structuring_vs_input,18,4,4,4,0,0,,
FI,ordering_vs_input,19,3,3,3,0,0,,
FI,structuring_vs_ordering,19,3,3,3,0,0,,
FI,structuring_vs_input,19,3,3,3,0,0,,
FI,ordering_vs_input,20,7,2,2,5,0,artist | producer | runtime | recordedIn | recordedIn,
FI,structuring_vs_ordering,20,2,2,2,0,0,,
FI,structuring_vs_input,20,7,2,2,5,0,artist | producer | runtime | recordedIn | recordedIn,
FI,ordering_vs_input,21,2,2,2,0,0,,
FI,structuring_vs_ordering,21,2,2,2,0,0,,
FI,structuring_vs_input,21,2,2,2,0,0,,
FI,ordering_vs_input,22,3,3,3,0,0,,
FI,structuring_vs_ordering,22,3,3,3,0,0,,
FI,structuring_vs_input,22,3,3,3,0,0,,
FI,ordering_vs_input,23,3,1,1,2,0,producer | album,
FI,structuring_vs_ordering,23,1,1,1,0,0,,
FI,structuring_vs_input,23,3,1,1,2,0,producer | album,
FI,ordering_vs_input,24,5,5,5,0,0,,
FI,structuring_vs_ordering,24,5,5,5,0,0,,
FI,structuring_vs_input,24,5,5,5,0,0,,
FI,ordering_vs_input,25,2,2,2,0,0,,
FI,structuring_vs_ordering,25,2,2,2,0,0,,
FI,structuring_vs_input,25,2,2,2,0,0,,
FI,ordering_vs_input,26,3,1,1,2,0,writer | runtime,
FI,structuring_vs_ordering,26,1,1,1,0,0,,
FI,structuring_vs_input,26,3,1,1,2,0,writer | runtime,
FI,ordering_vs_input,27,3,2,2,1,0,professionalField,
FI,structuring_vs_ordering,27,2,2,2,0,0,,
FI,structuring_vs_input,27,3,2,2,1,0,professionalField,
FI,ordering_vs_input,28,2,2,2,0,0,,
FI,structuring_vs_ordering,28,2,2,2,0,0,,
FI,structuring_vs_input,28,2,2,2,0,0,,
FI,ordering_vs_input,29,5,4,4,1,0,training,
FI,structuring_vs_ordering,29,4,4,4,0,0,,
FI,structuring_vs_input,29,5,4,4,1,0,training,
FI,ordering_vs_input,30,1,1,1,0,0,,
FI,structuring_vs_ordering,30,1,1,1,0,0,,
FI,structuring_vs_input,30,1,1,1,0,0,,
FI,ordering_vs_input,31,6,4,4,2,0,writer | writer,
FI,structuring_vs_ordering,31,4,4,4,0,0,,
FI,structuring_vs_input,31,6,4,4,2,0,writer | writer,
FI,ordering_vs_input,32,3,2,2,1,0,writer,
FI,structuring_vs_ordering,32,2,2,2,0,0,,
FI,structuring_vs_input,32,3,2,2,1,0,writer,
FI,ordering_vs_input,33,5,5,5,0,0,,
FI,structuring_vs_ordering,33,5,5,5,0,0,,
FI,structuring_vs_input,33,5,5,5,0,0,,
FI,ordering_vs_input,34,5,5,5,0,0,,
FI,structuring_vs_ordering,34,5,5,5,0,0,,
FI,structuring_vs_input,34,5,5,5,0,0,,
FI,ordering_vs_input,35,5,4,4,1,0,producer,
FI,structuring_vs_ordering,35,4,4,4,0,0,,
FI,structuring_vs_input,35,5,4,4,1,0,producer,
FI,ordering_vs_input,36,6,6,6,0,0,,
FI,structuring_vs_ordering,36,6,6,6,0,0,,
FI,structuring_vs_input,36,6,6,6,0,0,,
FI,ordering_vs_input,37,6,5,5,1,0,writer,
FI,structuring_vs_ordering,37,5,5,5,0,0,,
FI,structuring_vs_input,37,6,5,5,1,0,writer,
FI,ordering_vs_input,38,1,1,1,0,0,,
FI,structuring_vs_ordering,38,1,1,1,0,0,,
FI,structuring_vs_input,38,1,1,1,0,0,,
FI,ordering_vs_input,39,2,1,1,1,0,writer,
FI,structuring_vs_ordering,39,1,1,1,0,0,,
FI,structuring_vs_input,39,2,1,1,1,0,writer,
FI,ordering_vs_input,40,7,6,6,1,0,course,
FI,structuring_vs_ordering,40,6,6,6,0,0,,
FI,structuring_vs_input,40,7,6,6,1,0,course,
FI,ordering_vs_input,41,3,3,3,0,0,,
FI,structuring_vs_ordering,41,3,3,3,0,0,,
FI,structuring_vs_input,41,3,3,3,0,0,,
FI,ordering_vs_input,42,5,5,5,0,0,,
FI,structuring_vs_ordering,42,5,5,5,0,0,,
FI,structuring_vs_input,42,5,5,5,0,0,,
FI,ordering_vs_input,43,4,4,4,0,0,,
FI,structuring_vs_ordering,43,4,4,4,0,0,,
FI,structuring_vs_input,43,4,4,4,0,0,,
FI,ordering_vs_input,44,2,2,2,0,0,,
FI,structuring_vs_ordering,44,2,2,2,0,0,,
FI,structuring_vs_input,44,2,2,2,0,0,,
FI,ordering_vs_input,45,2,2,2,0,0,,
FI,structuring_vs_ordering,45,2,2,2,0,0,,
FI,structuring_vs_input,45,2,2,2,0,0,,
FI,ordering_vs_input,46,2,2,2,0,0,,
FI,structuring_vs_ordering,46,2,2,2,0,0,,
FI,structuring_vs_input,46,2,2,2,0,0,,
FI,ordering_vs_input,47,3,3,3,0,0,,
FI,structuring_vs_ordering,47,3,3,3,0,0,,
FI,structuring_vs_input,47,3,3,3,0,0,,
FI,ordering_vs_input,48,5,5,5,0,0,,
FI,structuring_vs_ordering,48,5,5,5,0,0,,
FI,structuring_vs_input,48,5,5,5,0,0,,
FI,ordering_vs_input,49,2,2,2,0,0,,
FI,structuring_vs_ordering,49,2,2,2,0,0,,
FI,structuring_vs_input,49,2,2,2,0,0,,
FI,ordering_vs_input,50,4,3,3,1,0,mission,
FI,structuring_vs_ordering,50,3,3,3,0,0,,
FI,structuring_vs_input,50,4,3,3,1,0,mission,
FI,ordering_vs_input,51,3,3,3,0,0,,
FI,structuring_vs_ordering,51,3,3,3,0,0,,
FI,structuring_vs_input,51,3,3,3,0,0,,
FI,ordering_vs_input,52,4,3,3,1,0,knownFor,
FI,structuring_vs_ordering,52,3,3,3,0,0,,
FI,structuring_vs_input,52,4,3,3,1,0,knownFor,
FI,ordering_vs_input,53,4,4,4,0,0,,
FI,structuring_vs_ordering,53,4,4,4,0,0,,
FI,structuring_vs_input,53,4,4,4,0,0,,
FI,ordering_vs_input,54,5,2,2,3,0,writer | writer | producer,
FI,structuring_vs_ordering,54,2,2,2,0,0,,
FI,structuring_vs_input,54,5,2,2,3,0,writer | writer | producer,
FI,ordering_vs_input,55,5,4,4,1,0,runtime,
FI,structuring_vs_ordering,55,4,4,4,0,0,,
FI,structuring_vs_input,55,5,4,4,1,0,runtime,
FI,ordering_vs_input,56,5,5,5,0,0,,
FI,structuring_vs_ordering,56,5,5,5,0,0,,
FI,structuring_vs_input,56,5,5,5,0,0,,
FI,ordering_vs_input,57,4,4,4,0,0,,
FI,structuring_vs_ordering,57,4,4,4,0,0,,
FI,structuring_vs_input,57,4,4,4,0,0,,
FI,ordering_vs_input,58,6,4,4,2,0,industry | netIncome,
FI,structuring_vs_ordering,58,4,4,4,0,0,,
FI,structuring_vs_input,58,6,4,4,2,0,industry | netIncome,
FI,ordering_vs_input,59,4,4,4,0,0,,
FI,structuring_vs_ordering,59,4,4,4,0,0,,
FI,structuring_vs_input,59,4,4,4,0,0,,
FI,ordering_vs_input,60,4,4,4,0,0,,
FI,structuring_vs_ordering,60,4,4,4,0,0,,
FI,structuring_vs_input,60,4,4,4,0,0,,
FI,ordering_vs_input,61,2,2,2,0,0,,
FI,structuring_vs_ordering,61,2,2,2,0,0,,
FI,structuring_vs_input,61,2,2,2,0,0,,
FI,ordering_vs_input,62,1,1,1,0,0,,
FI,structuring_vs_ordering,62,1,1,1,0,0,,
FI,structuring_vs_input,62,1,1,1,0,0,,
FI,ordering_vs_input,63,4,4,4,0,0,,
FI,structuring_vs_ordering,63,4,4,4,0,0,,
FI,structuring_vs_input,63,4,4,4,0,0,,
FI,ordering_vs_input,64,3,3,3,0,0,,
FI,structuring_vs_ordering,64,3,3,3,0,0,,
FI,structuring_vs_input,64,3,3,3,0,0,,
FI,ordering_vs_input,65,4,1,1,3,0,producer | recordedIn | recordedIn,
FI,structuring_vs_ordering,65,1,1,1,0,0,,
FI,structuring_vs_input,65,4,1,1,3,0,producer | recordedIn | recordedIn,
FI,ordering_vs_input,66,1,1,1,0,0,,
FI,structuring_vs_ordering,66,1,1,1,0,0,,
FI,structuring_vs_input,66,1,1,1,0,0,,
FI,ordering_vs_input,67,2,2,2,0,0,,
FI,structuring_vs_ordering,67,2,2,2,0,0,,
FI,structuring_vs_input,67,2,2,2,0,0,,
FI,ordering_vs_input,68,3,3,3,0,0,,
FI,structuring_vs_ordering,68,3,3,3,0,0,,
FI,structuring_vs_input,68,3,3,3,0,0,,
FI,ordering_vs_input,69,3,3,3,0,0,,
FI,structuring_vs_ordering,69,3,3,3,0,0,,
FI,structuring_vs_input,69,3,3,3,0,0,,
FI,ordering_vs_input,70,3,3,3,0,0,,
FI,structuring_vs_ordering,70,3,3,3,0,0,,
FI,structuring_vs_input,70,3,3,3,0,0,,
FI,ordering_vs_input,71,1,1,1,0,0,,
FI,structuring_vs_ordering,71,1,1,1,0,0,,
FI,structuring_vs_input,71,1,1,1,0,0,,
FI,ordering_vs_input,72,4,4,4,0,0,,
FI,structuring_vs_ordering,72,4,4,4,0,0,,
FI,structuring_vs_input,72,4,4,4,0,0,,
FI,ordering_vs_input,73,1,1,1,0,0,,
FI,structuring_vs_ordering,73,1,1,1,0,0,,
FI,structuring_vs_input,73,1,1,1,0,0,,
FI,ordering_vs_input,74,1,1,1,0,0,,
FI,structuring_vs_ordering,74,1,1,1,0,0,,
FI,structuring_vs_input,74,1,1,1,0,0,,
FI,ordering_vs_input,75,1,1,1,0,0,,
FI,structuring_vs_ordering,75,1,1,1,0,0,,
FI,structuring_vs_input,75,1,1,1,0,0,,
FI,ordering_vs_input,76,5,5,5,0,0,,
FI,structuring_vs_ordering,76,5,5,5,0,0,,
FI,structuring_vs_input,76,5,5,5,0,0,,
FI,ordering_vs_input,77,2,2,2,0,0,,
FI,structuring_vs_ordering,77,2,2,2,0,0,,
FI,structuring_vs_input,77,2,2,2,0,0,,
FI,ordering_vs_input,78,3,3,3,0,0,,
FI,structuring_vs_ordering,78,3,3,3,0,0,,
FI,structuring_vs_input,78,3,3,3,0,0,,
FI,ordering_vs_input,79,1,1,1,0,0,,
FI,structuring_vs_ordering,79,1,1,1,0,0,,
FI,structuring_vs_input,79,1,1,1,0,0,,
FI,ordering_vs_input,80,1,1,1,0,0,,
FI,structuring_vs_ordering,80,1,1,1,0,0,,
FI,structuring_vs_input,80,1,1,1,0,0,,
FI,ordering_vs_input,81,7,5,5,2,0,producer | artist,
FI,structuring_vs_ordering,81,5,5,5,0,0,,
FI,structuring_vs_input,81,7,5,5,2,0,producer | artist,
FI,ordering_vs_input,82,4,2,2,2,0,certification | producer,
FI,structuring_vs_ordering,82,2,2,2,0,0,,
FI,structuring_vs_input,82,4,2,2,2,0,certification | producer,
FI,ordering_vs_input,83,4,4,4,0,0,,
FI,structuring_vs_ordering,83,4,4,4,0,0,,
FI,structuring_vs_input,83,4,4,4,0,0,,
FI,ordering_vs_input,84,1,1,1,0,0,,
FI,structuring_vs_ordering,84,1,1,1,0,0,,
FI,structuring_vs_input,84,1,1,1,0,0,,
FI,ordering_vs_input,85,2,2,2,0,0,,
FI,structuring_vs_ordering,85,2,2,2,0,0,,
FI,structuring_vs_input,85,2,2,2,0,0,,
FI,ordering_vs_input,86,1,1,1,0,0,,
FI,structuring_vs_ordering,86,1,1,1,0,0,,
FI,structuring_vs_input,86,1,1,1,0,0,,
FI,ordering_vs_input,87,2,2,2,0,0,,
FI,structuring_vs_ordering,87,2,2,2,0,0,,
FI,structuring_vs_input,87,2,2,2,0,0,,
FI,ordering_vs_input,88,5,1,1,4,0,artist | producer | runtime | recordedIn,
FI,structuring_vs_ordering,88,1,1,1,0,0,,
FI,structuring_vs_input,88,5,1,1,4,0,artist | producer | runtime | recordedIn,
FI,ordering_vs_input,89,5,5,5,0,0,,
FI,structuring_vs_ordering,89,5,5,5,0,0,,
FI,structuring_vs_input,89,5,5,5,0,0,,
FI,ordering_vs_input,90,1,1,1,0,0,,
FI,structuring_vs_ordering,90,1,1,1,0,0,,
FI,structuring_vs_input,90,1,1,1,0,0,,
FI,ordering_vs_input,91,3,3,3,0,0,,
FI,structuring_vs_ordering,91,3,3,3,0,0,,
FI,structuring_vs_input,91,3,3,3,0,0,,
FI,ordering_vs_input,92,1,1,1,0,0,,
FI,structuring_vs_ordering,92,1,1,1,0,0,,
FI,structuring_vs_input,92,1,1,1,0,0,,
FI,ordering_vs_input,93,4,4,4,0,0,,
FI,structuring_vs_ordering,93,4,4,4,0,0,,
FI,structuring_vs_input,93,4,4,4,0,0,,
FI,ordering_vs_input,94,5,3,3,2,0,writer | writer,
FI,structuring_vs_ordering,94,3,3,3,0,0,,
FI,structuring_vs_input,94,5,3,3,2,0,writer | writer,
FI,ordering_vs_input,95,2,2,2,0,0,,
FI,structuring_vs_ordering,95,2,2,2,0,0,,
FI,structuring_vs_input,95,2,2,2,0,0,,
FI,ordering_vs_input,96,4,4,4,0,0,,
FI,structuring_vs_ordering,96,4,4,4,0,0,,
FI,structuring_vs_input,96,4,4,4,0,0,,
FI,ordering_vs_input,97,1,1,1,0,0,,
FI,structuring_vs_ordering,97,1,1,1,0,0,,
FI,structuring_vs_input,97,1,1,1,0,0,,
FI,ordering_vs_input,98,2,2,2,0,0,,
FI,structuring_vs_ordering,98,2,2,2,0,0,,
FI,structuring_vs_input,98,2,2,2,0,0,,
FI,ordering_vs_input,99,1,1,1,0,0,,
FI,structuring_vs_ordering,99,1,1,1,0,0,,
FI,structuring_vs_input,99,1,1,1,0,0,,
FI,ordering_vs_input,100,3,3,3,0,0,,
FI,structuring_vs_ordering,100,3,3,3,0,0,,
FI,structuring_vs_input,100,3,3,3,0,0,,
FI,ordering_vs_input,101,2,2,2,0,0,,
FI,structuring_vs_ordering,101,2,2,2,0,0,,
FI,structuring_vs_input,101,2,2,2,0,0,,
FI,ordering_vs_input,102,1,1,1,0,0,,
FI,structuring_vs_ordering,102,1,1,1,0,0,,
FI,structuring_vs_input,102,1,1,1,0,0,,
FI,ordering_vs_input,103,2,2,2,0,0,,
FI,structuring_vs_ordering,103,2,2,2,0,0,,
FI,structuring_vs_input,103,2,2,2,0,0,,
FI,ordering_vs_input,104,4,4,4,0,0,,
FI,structuring_vs_ordering,104,4,4,4,0,0,,
FI,structuring_vs_input,104,4,4,4,0,0,,
FI,ordering_vs_input,105,5,5,5,0,0,,
FI,structuring_vs_ordering,105,5,5,5,0,0,,
FI,structuring_vs_input,105,5,5,5,0,0,,
FI,ordering_vs_input,106,6,6,6,0,0,,
FI,structuring_vs_ordering,106,6,6,6,0,0,,
FI,structuring_vs_input,106,6,6,6,0,0,,
FI,ordering_vs_input,107,2,2,2,0,0,,
FI,structuring_vs_ordering,107,2,2,2,0,0,,
FI,structuring_vs_input,107,2,2,2,0,0,,
FI,ordering_vs_input,108,1,1,1,0,0,,
FI,structuring_vs_ordering,108,1,1,1,0,0,,
FI,structuring_vs_input,108,1,1,1,0,0,,
FI,ordering_vs_input,109,5,5,5,0,0,,
FI,structuring_vs_ordering,109,5,5,5,0,0,,
FI,structuring_vs_input,109,5,5,5,0,0,,
FI,ordering_vs_input,110,2,2,2,0,0,,
FI,structuring_vs_ordering,110,2,2,2,0,0,,
FI,structuring_vs_input,110,2,2,2,0,0,,
FI,ordering_vs_input,111,5,5,5,0,0,,
FI,structuring_vs_ordering,111,5,5,5,0,0,,
FI,structuring_vs_input,111,5,5,5,0,0,,
FI,ordering_vs_input,112,4,4,4,0,0,,
FI,structuring_vs_ordering,112,4,4,4,0,0,,
FI,structuring_vs_input,112,4,4,4,0,0,,
FI,ordering_vs_input,113,5,3,3,2,0,writer | writer,
FI,structuring_vs_ordering,113,3,3,3,0,0,,
FI,structuring_vs_input,113,5,3,3,2,0,writer | writer,
FI,ordering_vs_input,114,2,2,2,0,0,,
FI,structuring_vs_ordering,114,2,2,2,0,0,,
FI,structuring_vs_input,114,2,2,2,0,0,,
FI,ordering_vs_input,115,1,1,1,0,0,,
FI,structuring_vs_ordering,115,1,1,1,0,0,,
FI,structuring_vs_input,115,1,1,1,0,0,,
FI,ordering_vs_input,116,1,1,1,0,0,,
FI,structuring_vs_ordering,116,1,1,1,0,0,,
FI,structuring_vs_input,116,1,1,1,0,0,,
FI,ordering_vs_input,117,7,5,5,2,0,industry | type,
FI,structuring_vs_ordering,117,5,5,5,0,0,,
FI,structuring_vs_input,117,7,5,5,2,0,industry | type,
FI,ordering_vs_input,118,3,3,3,0,0,,
FI,structuring_vs_ordering,118,3,3,3,0,0,,
FI,structuring_vs_input,118,3,3,3,0,0,,
FI,ordering_vs_input,119,3,3,3,0,0,,
FI,structuring_vs_ordering,119,3,3,3,0,0,,
FI,structuring_vs_input,119,3,3,3,0,0,,
FI,ordering_vs_input,120,1,1,1,0,0,,
FI,structuring_vs_ordering,120,1,1,1,0,0,,
FI,structuring_vs_input,120,1,1,1,0,0,,
FI,ordering_vs_input,121,3,2,2,1,0,writer,
FI,structuring_vs_ordering,121,2,2,2,0,0,,
FI,structuring_vs_input,121,3,2,2,1,0,writer,
FI,ordering_vs_input,122,4,3,3,1,0,writer,
FI,structuring_vs_ordering,122,3,3,3,0,0,,
FI,structuring_vs_input,122,4,3,3,1,0,writer,
FI,ordering_vs_input,123,2,2,2,0,0,,
FI,structuring_vs_ordering,123,2,2,2,0,0,,
FI,structuring_vs_input,123,2,2,2,0,0,,
FI,ordering_vs_input,124,3,3,3,0,0,,
FI,structuring_vs_ordering,124,3,3,3,0,0,,
FI,structuring_vs_input,124,3,3,3,0,0,,
FI,ordering_vs_input,125,2,2,2,0,0,,
FI,structuring_vs_ordering,125,2,2,2,0,0,,
FI,structuring_vs_input,125,2,2,2,0,0,,
FI,ordering_vs_input,126,2,2,2,0,0,,
FI,structuring_vs_ordering,126,2,2,2,0,0,,
FI,structuring_vs_input,126,2,2,2,0,0,,
FI,ordering_vs_input,127,1,1,1,0,0,,
FI,structuring_vs_ordering,127,1,1,1,0,0,,
FI,structuring_vs_input,127,1,1,1,0,0,,
FI,ordering_vs_input,128,3,3,3,0,0,,
FI,structuring_vs_ordering,128,3,3,3,0,0,,
FI,structuring_vs_input,128,3,3,3,0,0,,
FI,ordering_vs_input,129,5,5,5,0,0,,
FI,structuring_vs_ordering,129,5,5,5,0,0,,
FI,structuring_vs_input,129,5,5,5,0,0,,
FI,ordering_vs_input,130,3,1,1,2,0,writer | producer,
FI,structuring_vs_ordering,130,1,1,1,0,0,,
FI,structuring_vs_input,130,3,1,1,2,0,writer | producer,
FI,ordering_vs_input,131,5,5,5,0,0,,
FI,structuring_vs_ordering,131,5,5,5,0,0,,
FI,structuring_vs_input,131,5,5,5,0,0,,
FI,ordering_vs_input,132,3,3,3,0,0,,
FI,structuring_vs_ordering,132,3,3,3,0,0,,
FI,structuring_vs_input,132,3,3,3,0,0,,
FI,ordering_vs_input,133,1,1,1,0,0,,
FI,structuring_vs_ordering,133,1,1,1,0,0,,
FI,structuring_vs_input,133,1,1,1,0,0,,
FI,ordering_vs_input,134,2,2,2,0,0,,
FI,structuring_vs_ordering,134,2,2,2,0,0,,
FI,structuring_vs_input,134,2,2,2,0,0,,
FI,ordering_vs_input,135,4,3,3,1,0,producer,
FI,structuring_vs_ordering,135,3,3,3,0,0,,
FI,structuring_vs_input,135,4,3,3,1,0,producer,
FI,ordering_vs_input,136,4,4,4,0,0,,
FI,structuring_vs_ordering,136,4,4,4,0,0,,
FI,structuring_vs_input,136,4,4,4,0,0,,
FI,ordering_vs_input,137,2,2,2,0,0,,
FI,structuring_vs_ordering,137,2,2,2,0,0,,
FI,structuring_vs_input,137,2,2,2,0,0,,
FI,ordering_vs_input,138,1,1,1,0,0,,
FI,structuring_vs_ordering,138,1,1,1,0,0,,
FI,structuring_vs_input,138,1,1,1,0,0,,
FI,ordering_vs_input,139,2,2,2,0,0,,
FI,structuring_vs_ordering,139,2,2,2,0,0,,
FI,structuring_vs_input,139,2,2,2,0,0,,
FI,ordering_vs_input,140,2,2,2,0,0,,
FI,structuring_vs_ordering,140,2,2,2,0,0,,
FI,structuring_vs_input,140,2,2,2,0,0,,
FI,ordering_vs_input,141,5,5,5,0,0,,
FI,structuring_vs_ordering,141,5,5,5,0,0,,
FI,structuring_vs_input,141,5,5,5,0,0,,
FI,ordering_vs_input,142,2,2,2,0,0,,
FI,structuring_vs_ordering,142,2,2,2,0,0,,
FI,structuring_vs_input,142,2,2,2,0,0,,
FI,ordering_vs_input,143,3,3,3,0,0,,
FI,structuring_vs_ordering,143,3,3,3,0,0,,
FI,structuring_vs_input,143,3,3,3,0,0,,
FI,ordering_vs_input,144,6,6,6,0,0,,
FI,structuring_vs_ordering,144,6,6,6,0,0,,
FI,structuring_vs_input,144,6,6,6,0,0,,
FI,ordering_vs_input,145,3,2,2,1,0,mission,
FI,structuring_vs_ordering,145,2,2,2,0,0,,
FI,structuring_vs_input,145,3,2,2,1,0,mission,
FI,ordering_vs_input,146,1,1,1,0,0,,
FI,structuring_vs_ordering,146,1,1,1,0,0,,
FI,structuring_vs_input,146,1,1,1,0,0,,
FI,ordering_vs_input,147,2,2,2,0,0,,
FI,structuring_vs_ordering,147,2,2,2,0,0,,
FI,structuring_vs_input,147,2,2,2,0,0,,
FI,ordering_vs_input,148,5,4,4,1,0,producer,
FI,structuring_vs_ordering,148,4,4,4,0,0,,
FI,structuring_vs_input,148,5,4,4,1,0,producer,
FI,ordering_vs_input,149,2,2,2,0,0,,
FI,structuring_vs_ordering,149,2,2,2,0,0,,
FI,structuring_vs_input,149,2,2,2,0,0,,
FI,ordering_vs_input,150,5,3,3,2,0,producer | artist,
FI,structuring_vs_ordering,150,3,3,3,0,0,,
FI,structuring_vs_input,150,5,3,3,2,0,producer | artist,
FI,ordering_vs_input,151,4,2,2,2,0,producer | artist,
FI,structuring_vs_ordering,151,2,2,2,0,0,,
FI,structuring_vs_input,151,4,2,2,2,0,producer | artist,
FI,ordering_vs_input,152,2,2,2,0,0,,
FI,structuring_vs_ordering,152,2,2,2,0,0,,
FI,structuring_vs_input,152,2,2,2,0,0,,
FI,ordering_vs_input,153,1,1,1,0,0,,
FI,structuring_vs_ordering,153,1,1,1,0,0,,
FI,structuring_vs_input,153,1,1,1,0,0,,
FI,ordering_vs_input,154,2,2,2,0,0,,
FI,structuring_vs_ordering,154,2,2,2,0,0,,
FI,structuring_vs_input,154,2,2,2,0,0,,
FI,ordering_vs_input,155,3,3,3,0,0,,
FI,structuring_vs_ordering,155,3,3,3,0,0,,
FI,structuring_vs_input,155,3,3,3,0,0,,
FI,ordering_vs_input,156,1,1,1,0,0,,
FI,structuring_vs_ordering,156,1,1,1,0,0,,
FI,structuring_vs_input,156,1,1,1,0,0,,
FI,ordering_vs_input,157,3,3,3,0,0,,
FI,structuring_vs_ordering,157,3,3,3,0,0,,
FI,structuring_vs_input,157,3,3,3,0,0,,
FI,ordering_vs_input,158,3,3,3,0,0,,
FI,structuring_vs_ordering,158,3,3,3,0,0,,
FI,structuring_vs_input,158,3,3,3,0,0,,
FI,ordering_vs_input,159,5,2,2,3,0,writer | runtime | editing,
FI,structuring_vs_ordering,159,2,2,2,0,0,,
FI,structuring_vs_input,159,5,2,2,3,0,writer | runtime | editing,
FI,ordering_vs_input,160,6,6,6,0,0,,
FI,structuring_vs_ordering,160,6,6,6,0,0,,
FI,structuring_vs_input,160,6,6,6,0,0,,
FI,ordering_vs_input,161,3,3,3,0,0,,
FI,structuring_vs_ordering,161,3,3,3,0,0,,
FI,structuring_vs_input,161,3,3,3,0,0,,
FI,ordering_vs_input,162,3,3,3,0,0,,
FI,structuring_vs_ordering,162,3,3,3,0,0,,
FI,structuring_vs_input,162,3,3,3,0,0,,
FI,ordering_vs_input,163,6,6,6,0,0,,
FI,structuring_vs_ordering,163,6,6,6,0,0,,
FI,structuring_vs_input,163,6,6,6,0,0,,
FI,ordering_vs_input,164,5,5,5,0,0,,
FI,structuring_vs_ordering,164,5,5,5,0,0,,
FI,structuring_vs_input,164,5,5,5,0,0,,
FI,ordering_vs_input,165,6,6,6,0,0,,
FI,structuring_vs_ordering,165,6,6,6,0,0,,
FI,structuring_vs_input,165,6,6,6,0,0,,
FI,ordering_vs_input,166,3,3,3,0,0,,
FI,structuring_vs_ordering,166,3,3,3,0,0,,
FI,structuring_vs_input,166,3,3,3,0,0,,
FI,ordering_vs_input,167,5,5,5,0,0,,
FI,structuring_vs_ordering,167,5,5,5,0,0,,
FI,structuring_vs_input,167,5,5,5,0,0,,
FI,ordering_vs_input,168,3,3,3,0,0,,
FI,structuring_vs_ordering,168,3,3,3,0,0,,
FI,structuring_vs_input,168,3,3,3,0,0,,
FI,ordering_vs_input,169,1,1,1,0,0,,
FI,structuring_vs_ordering,169,1,1,1,0,0,,
FI,structuring_vs_input,169,1,1,1,0,0,,
FI,ordering_vs_input,170,3,3,3,0,0,,
FI,structuring_vs_ordering,170,3,3,3,0,0,,
FI,structuring_vs_input,170,3,3,3,0,0,,
FI,ordering_vs_input,171,4,1,1,3,0,releaseDate | editing | producer,
FI,structuring_vs_ordering,171,1,1,1,0,0,,
FI,structuring_vs_input,171,4,1,1,3,0,releaseDate | editing | producer,
FI,ordering_vs_input,172,2,2,2,0,0,,
FI,structuring_vs_ordering,172,2,2,2,0,0,,
FI,structuring_vs_input,172,2,2,2,0,0,,
FI,ordering_vs_input,173,4,4,4,0,0,,
FI,structuring_vs_ordering,173,4,4,4,0,0,,
FI,structuring_vs_input,173,4,4,4,0,0,,
FI,ordering_vs_input,174,2,2,2,0,0,,
FI,structuring_vs_ordering,174,2,2,2,0,0,,
FI,structuring_vs_input,174,2,2,2,0,0,,
FI,ordering_vs_input,175,5,5,5,0,0,,
FI,structuring_vs_ordering,175,5,5,5,0,0,,
FI,structuring_vs_input,175,5,5,5,0,0,,
FI,ordering_vs_input,176,4,3,3,1,0,type,
FI,structuring_vs_ordering,176,3,3,3,0,0,,
FI,structuring_vs_input,176,4,3,3,1,0,type,
FI,ordering_vs_input,177,1,1,1,0,0,,
FI,structuring_vs_ordering,177,1,1,1,0,0,,
FI,structuring_vs_input,177,1,1,1,0,0,,
FI,ordering_vs_input,178,2,2,2,0,0,,
FI,structuring_vs_ordering,178,2,2,2,0,0,,
FI,structuring_vs_input,178,2,2,2,0,0,,
FI,ordering_vs_input,179,3,1,1,2,0,producer | runtime,
FI,structuring_vs_ordering,179,1,1,1,0,0,,
FI,structuring_vs_input,179,3,1,1,2,0,producer | runtime,
FI,ordering_vs_input,180,4,4,4,0,0,,
FI,structuring_vs_ordering,180,4,4,4,0,0,,
FI,structuring_vs_input,180,4,4,4,0,0,,
FI,ordering_vs_input,181,3,3,3,0,0,,
FI,structuring_vs_ordering,181,3,3,3,0,0,,
FI,structuring_vs_input,181,3,3,3,0,0,,
FI,ordering_vs_input,182,6,6,6,0,0,,
FI,structuring_vs_ordering,182,6,6,6,0,0,,
FI,structuring_vs_input,182,6,6,6,0,0,,
FI,ordering_vs_input,183,4,3,3,1,0,writer,
FI,structuring_vs_ordering,183,3,3,3,0,0,,
FI,structuring_vs_input,183,4,3,3,1,0,writer,
FI,ordering_vs_input,184,3,3,3,0,0,,
FI,structuring_vs_ordering,184,3,3,3,0,0,,
FI,structuring_vs_input,184,3,3,3,0,0,,
FI,ordering_vs_input,185,1,1,1,0,0,,
FI,structuring_vs_ordering,185,1,1,1,0,0,,
FI,structuring_vs_input,185,1,1,1,0,0,,
FI,ordering_vs_input,186,4,4,4,0,0,,
FI,structuring_vs_ordering,186,4,4,4,0,0,,
FI,structuring_vs_input,186,4,4,4,0,0,,
FI,ordering_vs_input,187,3,3,3,0,0,,
FI,structuring_vs_ordering,187,3,3,3,0,0,,
FI,structuring_vs_input,187,3,3,3,0,0,,
FI,ordering_vs_input,188,4,4,4,0,0,,
FI,structuring_vs_ordering,188,4,4,4,0,0,,
FI,structuring_vs_input,188,4,4,4,0,0,,
FI,ordering_vs_input,189,4,3,3,1,0,meaning,
FI,structuring_vs_ordering,189,3,3,3,0,0,,
FI,structuring_vs_input,189,4,3,3,1,0,meaning,
FI,ordering_vs_input,190,6,5,5,1,0,professionalField,
FI,structuring_vs_ordering,190,5,5,5,0,0,,
FI,structuring_vs_input,190,6,5,5,1,0,professionalField,
FI,ordering_vs_input,191,1,1,1,0,0,,
FI,structuring_vs_ordering,191,1,1,1,0,0,,
FI,structuring_vs_input,191,1,1,1,0,0,,
FI,ordering_vs_input,192,5,3,3,2,0,type | runtime,
FI,structuring_vs_ordering,192,3,3,3,0,0,,
FI,structuring_vs_input,192,5,3,3,2,0,type | runtime,
FI,ordering_vs_input,193,5,5,5,0,0,,
FI,structuring_vs_ordering,193,5,5,5,0,0,,
FI,structuring_vs_input,193,5,5,5,0,0,,
FI,ordering_vs_input,194,4,4,4,0,0,,
FI,structuring_vs_ordering,194,4,4,4,0,0,,
FI,structuring_vs_input,194,4,4,4,0,0,,
FI,ordering_vs_input,195,1,1,1,0,0,,
FI,structuring_vs_ordering,195,1,1,1,0,0,,
FI,structuring_vs_input,195,1,1,1,0,0,,
FI,ordering_vs_input,196,1,1,1,0,0,,
FI,structuring_vs_ordering,196,1,1,1,0,0,,
FI,structuring_vs_input,196,1,1,1,0,0,,
FI,ordering_vs_input,197,5,5,5,0,0,,
FI,structuring_vs_ordering,197,5,5,5,0,0,,
FI,structuring_vs_input,197,5,5,5,0,0,,
FI,ordering_vs_input,198,5,5,5,0,0,,
FI,structuring_vs_ordering,198,5,5,5,0,0,,
FI,structuring_vs_input,198,5,5,5,0,0,,
FI,ordering_vs_input,199,3,3,3,0,0,,
FI,structuring_vs_ordering,199,3,3,3,0,0,,
FI,structuring_vs_input,199,3,3,3,0,0,,
FI,ordering_vs_input,200,5,5,5,0,0,,
FI,structuring_vs_ordering,200,5,5,5,0,0,,
FI,structuring_vs_input,200,5,5,5,0,0,,
FI,ordering_vs_input,201,2,2,2,0,0,,
FI,structuring_vs_ordering,201,2,2,2,0,0,,
FI,structuring_vs_input,201,2,2,2,0,0,,
FI,ordering_vs_input,202,4,4,4,0,0,,
FI,structuring_vs_ordering,202,4,4,4,0,0,,
FI,structuring_vs_input,202,4,4,4,0,0,,
FI,ordering_vs_input,203,3,3,3,0,0,,
FI,structuring_vs_ordering,203,3,3,3,0,0,,
FI,structuring_vs_input,203,3,3,3,0,0,,
FI,ordering_vs_input,204,1,1,1,0,0,,
FI,structuring_vs_ordering,204,1,1,1,0,0,,
FI,structuring_vs_input,204,1,1,1,0,0,,
FI,ordering_vs_input,205,2,2,2,0,0,,
FI,structuring_vs_ordering,205,2,2,2,0,0,,
FI,structuring_vs_input,205,2,2,2,0,0,,
FI,ordering_vs_input,206,5,3,3,2,0,areaOfWater | citizenship,
FI,structuring_vs_ordering,206,3,3,3,0,0,,
FI,structuring_vs_input,206,5,3,3,2,0,areaOfWater | citizenship,
FI,ordering_vs_input,207,2,2,2,0,0,,
FI,structuring_vs_ordering,207,2,2,2,0,0,,
FI,structuring_vs_input,207,2,2,2,0,0,,
FI,ordering_vs_input,208,2,2,2,0,0,,
FI,structuring_vs_ordering,208,2,2,2,0,0,,
FI,structuring_vs_input,208,2,2,2,0,0,,
FI,ordering_vs_input,209,5,5,5,0,0,,
FI,structuring_vs_ordering,209,5,5,5,0,0,,
FI,structuring_vs_input,209,5,5,5,0,0,,
FI,ordering_vs_input,210,1,1,1,0,0,,
FI,structuring_vs_ordering,210,1,1,1,0,0,,
FI,structuring_vs_input,210,1,1,1,0,0,,
FI,ordering_vs_input,211,3,3,3,0,0,,
FI,structuring_vs_ordering,211,3,3,3,0,0,,
FI,structuring_vs_input,211,3,3,3,0,0,,
FI,ordering_vs_input,212,4,1,1,3,0,runtime | editing | producer,
FI,structuring_vs_ordering,212,1,1,1,0,0,,
FI,structuring_vs_input,212,4,1,1,3,0,runtime | editing | producer,
FI,ordering_vs_input,213,5,4,4,1,0,professionalField,
FI,structuring_vs_ordering,213,4,4,4,0,0,,
FI,structuring_vs_input,213,5,4,4,1,0,professionalField,
FI,ordering_vs_input,214,1,1,1,0,0,,
FI,structuring_vs_ordering,214,1,1,1,0,0,,
FI,structuring_vs_input,214,1,1,1,0,0,,
FI,ordering_vs_input,215,3,1,1,2,0,runtime | producer,
FI,structuring_vs_ordering,215,1,1,1,0,0,,
FI,structuring_vs_input,215,3,1,1,2,0,runtime | producer,
FI,ordering_vs_input,216,4,4,4,0,0,,
FI,structuring_vs_ordering,216,4,4,4,0,0,,
FI,structuring_vs_input,216,4,4,4,0,0,,
FI,ordering_vs_input,217,1,1,1,0,0,,
FI,structuring_vs_ordering,217,1,1,1,0,0,,
FI,structuring_vs_input,217,1,1,1,0,0,,
FI,ordering_vs_input,218,1,1,1,0,0,,
FI,structuring_vs_ordering,218,1,1,1,0,0,,
FI,structuring_vs_input,218,1,1,1,0,0,,
FI,ordering_vs_input,219,3,3,3,0,0,,
FI,structuring_vs_ordering,219,3,3,3,0,0,,
FI,structuring_vs_input,219,3,3,3,0,0,,
FI,ordering_vs_input,220,4,2,2,2,0,artist | producer,
FI,structuring_vs_ordering,220,2,2,2,0,0,,
FI,structuring_vs_input,220,4,2,2,2,0,artist | producer,
FI,ordering_vs_input,221,5,4,4,1,0,professionalField,
FI,structuring_vs_ordering,221,4,4,4,0,0,,
FI,structuring_vs_input,221,5,4,4,1,0,professionalField,
FI,ordering_vs_input,222,3,3,3,0,0,,
FI,structuring_vs_ordering,222,3,3,3,0,0,,
FI,structuring_vs_input,222,3,3,3,0,0,,
FI,ordering_vs_input,223,1,1,1,0,0,,
FI,structuring_vs_ordering,223,1,1,1,0,0,,
FI,structuring_vs_input,223,1,1,1,0,0,,
FI,ordering_vs_input,224,1,1,1,0,0,,
FI,structuring_vs_ordering,224,1,1,1,0,0,,
FI,structuring_vs_input,224,1,1,1,0,0,,
FI,ordering_vs_input,225,3,3,3,0,0,,
FI,structuring_vs_ordering,225,3,3,3,0,0,,
FI,structuring_vs_input,225,3,3,3,0,0,,
FI,ordering_vs_input,226,2,2,2,0,0,,
FI,structuring_vs_ordering,226,2,2,2,0,0,,
FI,structuring_vs_input,226,2,2,2,0,0,,
FI,ordering_vs_input,227,4,4,4,0,0,,
FI,structuring_vs_ordering,227,4,4,4,0,0,,
FI,structuring_vs_input,227,4,4,4,0,0,,
FI,ordering_vs_input,228,3,3,3,0,0,,
FI,structuring_vs_ordering,228,3,3,3,0,0,,
FI,structuring_vs_input,228,3,3,3,0,0,,
FI,ordering_vs_input,229,2,2,2,0,0,,
FI,structuring_vs_ordering,229,2,2,2,0,0,,
FI,structuring_vs_input,229,2,2,2,0,0,,
FI,ordering_vs_input,230,2,2,2,0,0,,
FI,structuring_vs_ordering,230,2,2,2,0,0,,
FI,structuring_vs_input,230,2,2,2,0,0,,
FI,ordering_vs_input,231,4,2,2,2,0,editing | producer,
FI,structuring_vs_ordering,231,2,2,2,0,0,,
FI,structuring_vs_input,231,4,2,2,2,0,editing | producer,
FI,ordering_vs_input,232,1,1,1,0,0,,
FI,structuring_vs_ordering,232,1,1,1,0,0,,
FI,structuring_vs_input,232,1,1,1,0,0,,
FI,ordering_vs_input,233,5,5,5,0,0,,
FI,structuring_vs_ordering,233,5,5,5,0,0,,
FI,structuring_vs_input,233,5,5,5,0,0,,
FI,ordering_vs_input,234,6,2,2,4,0,producer | runtime | artist | type,
FI,structuring_vs_ordering,234,2,2,2,0,0,,
FI,structuring_vs_input,234,6,2,2,4,0,producer | runtime | artist | type,
FI,ordering_vs_input,235,3,3,3,0,0,,
FI,structuring_vs_ordering,235,3,3,3,0,0,,
FI,structuring_vs_input,235,3,3,3,0,0,,
FI,ordering_vs_input,236,5,5,5,0,0,,
FI,structuring_vs_ordering,236,5,5,5,0,0,,
FI,structuring_vs_input,236,5,5,5,0,0,,
FI,ordering_vs_input,237,7,6,6,1,0,architect,
FI,structuring_vs_ordering,237,6,6,6,0,0,,
FI,structuring_vs_input,237,7,6,6,1,0,architect,
FI,ordering_vs_input,238,6,6,6,0,0,,
FI,structuring_vs_ordering,238,6,6,6,0,0,,
FI,structuring_vs_input,238,6,6,6,0,0,,
FI,ordering_vs_input,239,4,4,4,0,0,,
FI,structuring_vs_ordering,239,4,4,4,0,0,,
FI,structuring_vs_input,239,4,4,4,0,0,,
FI,ordering_vs_input,240,3,3,3,0,0,,
FI,structuring_vs_ordering,240,3,3,3,0,0,,
FI,structuring_vs_input,240,3,3,3,0,0,,
FI,ordering_vs_input,241,2,2,2,0,0,,
FI,structuring_vs_ordering,241,2,2,2,0,0,,
FI,structuring_vs_input,241,2,2,2,0,0,,
FI,ordering_vs_input,242,4,3,3,1,0,professionalField,
FI,structuring_vs_ordering,242,3,3,3,0,0,,
FI,structuring_vs_input,242,4,3,3,1,0,professionalField,
FI,ordering_vs_input,243,7,6,6,1,0,populationMetro,
FI,structuring_vs_ordering,243,6,6,6,0,0,,
FI,structuring_vs_input,243,7,6,6,1,0,populationMetro,
FI,ordering_vs_input,244,6,6,6,0,0,,
FI,structuring_vs_ordering,244,6,6,6,0,0,,
FI,structuring_vs_input,244,6,6,6,0,0,,
FI,ordering_vs_input,245,4,4,4,0,0,,
FI,structuring_vs_ordering,245,4,4,4,0,0,,
FI,structuring_vs_input,245,4,4,4,0,0,,
FI,ordering_vs_input,246,6,6,6,0,0,,
FI,structuring_vs_ordering,246,6,6,6,0,0,,
FI,structuring_vs_input,246,6,6,6,0,0,,
FI,ordering_vs_input,247,1,1,1,0,0,,
FI,structuring_vs_ordering,247,1,1,1,0,0,,
FI,structuring_vs_input,247,1,1,1,0,0,,
FI,ordering_vs_input,248,3,3,3,0,0,,
FI,structuring_vs_ordering,248,3,3,3,0,0,,
FI,structuring_vs_input,248,3,3,3,0,0,,
FI,ordering_vs_input,249,1,1,1,0,0,,
FI,structuring_vs_ordering,249,1,1,1,0,0,,
FI,structuring_vs_input,249,1,1,1,0,0,,
FI,ordering_vs_input,250,2,2,2,0,0,,
FI,structuring_vs_ordering,250,2,2,2,0,0,,
FI,structuring_vs_input,250,2,2,2,0,0,,
FI,ordering_vs_input,251,5,5,5,0,0,,
FI,structuring_vs_ordering,251,5,5,5,0,0,,
FI,structuring_vs_input,251,5,5,5,0,0,,
FI,ordering_vs_input,252,2,2,2,0,0,,
FI,structuring_vs_ordering,252,2,2,2,0,0,,
FI,structuring_vs_input,252,2,2,2,0,0,,
FI,ordering_vs_input,253,2,2,2,0,0,,
FI,structuring_vs_ordering,253,2,2,2,0,0,,
FI,structuring_vs_input,253,2,2,2,0,0,,
FI,ordering_vs_input,254,4,4,4,0,0,,
FI,structuring_vs_ordering,254,4,4,4,0,0,,
FI,structuring_vs_input,254,4,4,4,0,0,,
FI,ordering_vs_input,255,7,3,3,4,0,recordedIn | recordedIn | releaseDate | runtime,
FI,structuring_vs_ordering,255,3,3,3,0,0,,
FI,structuring_vs_input,255,7,3,3,4,0,recordedIn | recordedIn | releaseDate | runtime,
FI,ordering_vs_input,256,5,5,5,0,0,,
FI,structuring_vs_ordering,256,5,5,5,0,0,,
FI,structuring_vs_input,256,5,5,5,0,0,,
FI,ordering_vs_input,257,1,1,1,0,0,,
FI,structuring_vs_ordering,257,1,1,1,0,0,,
FI,structuring_vs_input,257,1,1,1,0,0,,
FI,ordering_vs_input,258,4,4,4,0,0,,
FI,structuring_vs_ordering,258,4,4,4,0,0,,
FI,structuring_vs_input,258,4,4,4,0,0,,
FI,ordering_vs_input,259,3,2,2,1,0,releaseDate,
FI,structuring_vs_ordering,259,2,2,2,0,0,,
FI,structuring_vs_input,259,3,2,2,1,0,releaseDate,
FI,ordering_vs_input,260,3,3,3,0,0,,
FI,structuring_vs_ordering,260,3,3,3,0,0,,
FI,structuring_vs_input,260,3,3,3,0,0,,
FI,ordering_vs_input,261,6,2,2,4,0,runtime | artist | producer | producer,
FI,structuring_vs_ordering,261,2,2,2,0,0,,
FI,structuring_vs_input,261,6,2,2,4,0,runtime | artist | producer | producer,
FI,ordering_vs_input,262,2,2,2,0,0,,
FI,structuring_vs_ordering,262,2,2,2,0,0,,
FI,structuring_vs_input,262,2,2,2,0,0,,
FI,ordering_vs_input,263,1,1,1,0,0,,
FI,structuring_vs_ordering,263,1,1,1,0,0,,
FI,structuring_vs_input,263,1,1,1,0,0,,
FI,ordering_vs_input,264,2,1,1,1,0,professionalField,
FI,structuring_vs_ordering,264,1,1,1,0,0,,
FI,structuring_vs_input,264,2,1,1,1,0,professionalField,
FI,ordering_vs_input,265,5,4,4,1,0,bodyStyle,
FI,structuring_vs_ordering,265,4,4,4,0,0,,
FI,structuring_vs_input,265,5,4,4,1,0,bodyStyle,
FI,ordering_vs_input,266,2,2,2,0,0,,
FI,structuring_vs_ordering,266,2,2,2,0,0,,
FI,structuring_vs_input,266,2,2,2,0,0,,
FI,ordering_vs_input,267,4,4,4,0,0,,
FI,structuring_vs_ordering,267,4,4,4,0,0,,
FI,structuring_vs_input,267,4,4,4,0,0,,
FI,ordering_vs_input,268,4,4,4,0,0,,
FI,structuring_vs_ordering,268,4,4,4,0,0,,
FI,structuring_vs_input,268,4,4,4,0,0,,
FI,ordering_vs_input,269,4,4,4,0,0,,
FI,structuring_vs_ordering,269,4,4,4,0,0,,
FI,structuring_vs_input,269,4,4,4,0,0,,
FI,ordering_vs_input,270,6,6,6,0,0,,
FI,structuring_vs_ordering,270,6,6,6,0,0,,
FI,structuring_vs_input,270,6,6,6,0,0,,
FI,ordering_vs_input,271,1,1,1,0,0,,
FI,structuring_vs_ordering,271,1,1,1,0,0,,
FI,structuring_vs_input,271,1,1,1,0,0,,
FI,ordering_vs_input,272,2,2,2,0,0,,
FI,structuring_vs_ordering,272,2,2,2,0,0,,
FI,structuring_vs_input,272,2,2,2,0,0,,
FI,ordering_vs_input,273,1,1,1,0,0,,
FI,structuring_vs_ordering,273,1,1,1,0,0,,
FI,structuring_vs_input,273,1,1,1,0,0,,
FI,ordering_vs_input,274,5,5,5,0,0,,
FI,structuring_vs_ordering,274,5,5,5,0,0,,
FI,structuring_vs_input,274,5,5,5,0,0,,
FI,ordering_vs_input,275,2,2,2,0,0,,
FI,structuring_vs_ordering,275,2,2,2,0,0,,
FI,structuring_vs_input,275,2,2,2,0,0,,
FI,ordering_vs_input,276,4,4,4,0,0,,
FI,structuring_vs_ordering,276,4,4,4,0,0,,
FI,structuring_vs_input,276,4,4,4,0,0,,
FI,ordering_vs_input,277,1,1,1,0,0,,
FI,structuring_vs_ordering,277,1,1,1,0,0,,
FI,structuring_vs_input,277,1,1,1,0,0,,
FI,ordering_vs_input,278,6,6,6,0,0,,
FI,structuring_vs_ordering,278,6,6,6,0,0,,
FI,structuring_vs_input,278,6,6,6,0,0,,
FI,ordering_vs_input,279,4,3,3,1,0,type,
FI,structuring_vs_ordering,279,3,3,3,0,0,,
FI,structuring_vs_input,279,4,3,3,1,0,type,
FI,ordering_vs_input,280,4,4,4,0,0,,
FI,structuring_vs_ordering,280,4,4,4,0,0,,
FI,structuring_vs_input,280,4,4,4,0,0,,
FI,ordering_vs_input,281,5,5,5,0,0,,
FI,structuring_vs_ordering,281,5,5,5,0,0,,
FI,structuring_vs_input,281,5,5,5,0,0,,
FI,ordering_vs_input,282,1,1,1,0,0,,
FI,structuring_vs_ordering,282,1,1,1,0,0,,
FI,structuring_vs_input,282,1,1,1,0,0,,
FI,ordering_vs_input,283,5,5,5,0,0,,
FI,structuring_vs_ordering,283,5,5,5,0,0,,
FI,structuring_vs_input,283,5,5,5,0,0,,
FI,ordering_vs_input,284,5,5,5,0,0,,
FI,structuring_vs_ordering,284,5,5,5,0,0,,
FI,structuring_vs_input,284,5,5,5,0,0,,
FI,ordering_vs_input,285,2,2,2,0,0,,
FI,structuring_vs_ordering,285,2,2,2,0,0,,
FI,structuring_vs_input,285,2,2,2,0,0,,
FI,ordering_vs_input,286,3,3,3,0,0,,
FI,structuring_vs_ordering,286,3,3,3,0,0,,
FI,structuring_vs_input,286,3,3,3,0,0,,
FI,ordering_vs_input,287,2,2,2,0,0,,
FI,structuring_vs_ordering,287,2,2,2,0,0,,
FI,structuring_vs_input,287,2,2,2,0,0,,
FI,ordering_vs_input,288,3,3,3,0,0,,
FI,structuring_vs_ordering,288,3,3,3,0,0,,
FI,structuring_vs_input,288,3,3,3,0,0,,
FI,ordering_vs_input,289,3,3,3,0,0,,
FI,structuring_vs_ordering,289,3,3,3,0,0,,
FI,structuring_vs_input,289,3,3,3,0,0,,
FI,ordering_vs_input,290,2,2,2,0,0,,
FI,structuring_vs_ordering,290,2,2,2,0,0,,
FI,structuring_vs_input,290,2,2,2,0,0,,
FI,ordering_vs_input,291,4,4,4,0,0,,
FI,structuring_vs_ordering,291,4,4,4,0,0,,
FI,structuring_vs_input,291,4,4,4,0,0,,
FI,ordering_vs_input,292,4,3,3,1,0,citizenship,
FI,structuring_vs_ordering,292,3,3,3,0,0,,
FI,structuring_vs_input,292,4,3,3,1,0,citizenship,
FI,ordering_vs_input,293,4,4,4,0,0,,
FI,structuring_vs_ordering,293,4,4,4,0,0,,
FI,structuring_vs_input,293,4,4,4,0,0,,
FI,ordering_vs_input,294,3,3,3,0,0,,
FI,structuring_vs_ordering,294,3,3,3,0,0,,
FI,structuring_vs_input,294,3,3,3,0,0,,
FI,ordering_vs_input,295,5,2,2,3,0,runtime | artist | producer,
FI,structuring_vs_ordering,295,2,2,2,0,0,,
FI,structuring_vs_input,295,5,2,2,3,0,runtime | artist | producer,
FI,ordering_vs_input,296,5,5,5,0,0,,
FI,structuring_vs_ordering,296,5,5,5,0,0,,
FI,structuring_vs_input,296,5,5,5,0,0,,
FI,ordering_vs_input,297,3,3,3,0,0,,
FI,structuring_vs_ordering,297,3,3,3,0,0,,
FI,structuring_vs_input,297,3,3,3,0,0,,
FI,ordering_vs_input,298,4,4,4,0,0,,
FI,structuring_vs_ordering,298,4,4,4,0,0,,
FI,structuring_vs_input,298,4,4,4,0,0,,
FI,ordering_vs_input,299,1,1,1,0,0,,
FI,structuring_vs_ordering,299,1,1,1,0,0,,
FI,structuring_vs_input,299,1,1,1,0,0,,
FI,ordering_vs_input,300,6,6,6,0,0,,
FI,structuring_vs_ordering,300,6,6,6,0,0,,
FI,structuring_vs_input,300,6,6,6,0,0,,
FI,ordering_vs_input,301,3,3,3,0,0,,
FI,structuring_vs_ordering,301,3,3,3,0,0,,
FI,structuring_vs_input,301,3,3,3,0,0,,
FI,ordering_vs_input,302,4,4,4,0,0,,
FI,structuring_vs_ordering,302,4,4,4,0,0,,
FI,structuring_vs_input,302,4,4,4,0,0,,
FI,ordering_vs_input,303,1,1,1,0,0,,
FI,structuring_vs_ordering,303,1,1,1,0,0,,
FI,structuring_vs_input,303,1,1,1,0,0,,
FI,ordering_vs_input,304,2,2,2,0,0,,
FI,structuring_vs_ordering,304,2,2,2,0,0,,
FI,structuring_vs_input,304,2,2,2,0,0,,
FI,ordering_vs_input,305,4,2,2,2,0,industry | industry,
FI,structuring_vs_ordering,305,2,2,2,0,0,,
FI,structuring_vs_input,305,4,2,2,2,0,industry | industry,
FI,ordering_vs_input,306,3,3,3,0,0,,
FI,structuring_vs_ordering,306,3,3,3,0,0,,
FI,structuring_vs_input,306,3,3,3,0,0,,
FI,ordering_vs_input,307,3,3,3,0,0,,
FI,structuring_vs_ordering,307,3,3,3,0,0,,
FI,structuring_vs_input,307,3,3,3,0,0,,
FI,ordering_vs_input,308,3,3,3,0,0,,
FI,structuring_vs_ordering,308,3,3,3,0,0,,
FI,structuring_vs_input,308,3,3,3,0,0,,
FI,ordering_vs_input,309,5,5,5,0,0,,
FI,structuring_vs_ordering,309,5,5,5,0,0,,
FI,structuring_vs_input,309,5,5,5,0,0,,
FI,ordering_vs_input,310,4,3,3,1,0,cosparId,
FI,structuring_vs_ordering,310,3,3,3,0,0,,
FI,structuring_vs_input,310,4,3,3,1,0,cosparId,
FI,ordering_vs_input,311,3,3,3,0,0,,
FI,structuring_vs_ordering,311,3,3,3,0,0,,
FI,structuring_vs_input,311,3,3,3,0,0,,
FI,ordering_vs_input,312,3,3,3,0,0,,
FI,structuring_vs_ordering,312,3,3,3,0,0,,
FI,structuring_vs_input,312,3,3,3,0,0,,
FI,ordering_vs_input,313,2,2,2,0,0,,
FI,structuring_vs_ordering,313,2,2,2,0,0,,
FI,structuring_vs_input,313,2,2,2,0,0,,
FI,ordering_vs_input,314,4,4,4,0,0,,
FI,structuring_vs_ordering,314,4,4,4,0,0,,
FI,structuring_vs_input,314,4,4,4,0,0,,
FI,ordering_vs_input,315,2,2,2,0,0,,
FI,structuring_vs_ordering,315,2,2,2,0,0,,
FI,structuring_vs_input,315,2,2,2,0,0,,
FI,ordering_vs_input,316,1,1,1,0,0,,
FI,structuring_vs_ordering,316,1,1,1,0,0,,
FI,structuring_vs_input,316,1,1,1,0,0,,
FI,ordering_vs_input,317,1,1,1,0,0,,
FI,structuring_vs_ordering,317,1,1,1,0,0,,
FI,structuring_vs_input,317,1,1,1,0,0,,
FI,ordering_vs_input,318,4,3,3,1,0,writer,
FI,structuring_vs_ordering,318,3,3,3,0,0,,
FI,structuring_vs_input,318,4,3,3,1,0,writer,
FI,ordering_vs_input,319,4,4,4,0,0,,
FI,structuring_vs_ordering,319,4,4,4,0,0,,
FI,structuring_vs_input,319,4,4,4,0,0,,
FI,ordering_vs_input,320,1,1,1,0,0,,
FI,structuring_vs_ordering,320,1,1,1,0,0,,
FI,structuring_vs_input,320,1,1,1,0,0,,
FI,ordering_vs_input,321,3,3,3,0,0,,
FI,structuring_vs_ordering,321,3,3,3,0,0,,
FI,structuring_vs_input,321,3,3,3,0,0,,
FI,ordering_vs_input,322,4,4,4,0,0,,
FI,structuring_vs_ordering,322,4,4,4,0,0,,
FI,structuring_vs_input,322,4,4,4,0,0,,
FI,ordering_vs_input,323,5,3,3,2,0,releaseDate | producer,
FI,structuring_vs_ordering,323,3,3,3,0,0,,
FI,structuring_vs_input,323,5,3,3,2,0,releaseDate | producer,
FI,ordering_vs_input,324,4,4,4,0,0,,
FI,structuring_vs_ordering,324,4,4,4,0,0,,
FI,structuring_vs_input,324,4,4,4,0,0,,
FI,ordering_vs_input,325,1,1,1,0,0,,
FI,structuring_vs_ordering,325,1,1,1,0,0,,
FI,structuring_vs_input,325,1,1,1,0,0,,
FI,ordering_vs_input,326,3,3,3,0,0,,
FI,structuring_vs_ordering,326,3,3,3,0,0,,
FI,structuring_vs_input,326,3,3,3,0,0,,
FI,ordering_vs_input,327,2,1,1,1,0,writer,
FI,structuring_vs_ordering,327,1,1,1,0,0,,
FI,structuring_vs_input,327,2,1,1,1,0,writer,
FI,ordering_vs_input,328,5,4,4,1,0,icaoLocationIdentifier,
FI,structuring_vs_ordering,328,4,4,4,0,0,,
FI,structuring_vs_input,328,5,4,4,1,0,icaoLocationIdentifier,
FI,ordering_vs_input,329,2,2,2,0,0,,
FI,structuring_vs_ordering,329,2,2,2,0,0,,
FI,structuring_vs_input,329,2,2,2,0,0,,
FI,ordering_vs_input,330,5,5,5,0,0,,
FI,structuring_vs_ordering,330,5,5,5,0,0,,
FI,structuring_vs_input,330,5,5,5,0,0,,
FI,ordering_vs_input,331,6,3,3,3,0,runtime | editing | writer,
FI,structuring_vs_ordering,331,3,3,3,0,0,,
FI,structuring_vs_input,331,6,3,3,3,0,runtime | editing | writer,
FI,ordering_vs_input,332,5,5,5,0,0,,
FI,structuring_vs_ordering,332,5,5,5,0,0,,
FI,structuring_vs_input,332,5,5,5,0,0,,
FI,ordering_vs_input,333,2,2,2,0,0,,
FI,structuring_vs_ordering,333,2,2,2,0,0,,
FI,structuring_vs_input,333,2,2,2,0,0,,
FI,ordering_vs_input,334,3,1,1,2,0,producer | runtime,
FI,structuring_vs_ordering,334,1,1,1,0,0,,
FI,structuring_vs_input,334,3,1,1,2,0,producer | runtime,
FI,ordering_vs_input,335,1,1,1,0,0,,
FI,structuring_vs_ordering,335,1,1,1,0,0,,
FI,structuring_vs_input,335,1,1,1,0,0,,
FI,ordering_vs_input,336,4,3,3,1,0,professionalField,
FI,structuring_vs_ordering,336,3,3,3,0,0,,
FI,structuring_vs_input,336,4,3,3,1,0,professionalField,
FI,ordering_vs_input,337,1,1,1,0,0,,
FI,structuring_vs_ordering,337,1,1,1,0,0,,
FI,structuring_vs_input,337,1,1,1,0,0,,
FI,ordering_vs_input,338,1,1,1,0,0,,
FI,structuring_vs_ordering,338,1,1,1,0,0,,
FI,structuring_vs_input,338,1,1,1,0,0,,
FI,ordering_vs_input,339,3,3,3,0,0,,
FI,structuring_vs_ordering,339,3,3,3,0,0,,
FI,structuring_vs_input,339,3,3,3,0,0,,
FI,ordering_vs_input,340,1,1,1,0,0,,
FI,structuring_vs_ordering,340,1,1,1,0,0,,
FI,structuring_vs_input,340,1,1,1,0,0,,
FI,ordering_vs_input,341,3,3,3,0,0,,
FI,structuring_vs_ordering,341,3,3,3,0,0,,
FI,structuring_vs_input,341,3,3,3,0,0,,
FI,ordering_vs_input,342,5,4,4,1,0,icaoLocationIdentifier,
FI,structuring_vs_ordering,342,4,4,4,0,0,,
FI,structuring_vs_input,342,5,4,4,1,0,icaoLocationIdentifier,
FI,ordering_vs_input,343,4,3,3,1,0,writer,
FI,structuring_vs_ordering,343,3,3,3,0,0,,
FI,structuring_vs_input,343,4,3,3,1,0,writer,
FI,ordering_vs_input,344,1,1,1,0,0,,
FI,structuring_vs_ordering,344,1,1,1,0,0,,
FI,structuring_vs_input,344,1,1,1,0,0,,
FI,ordering_vs_input,345,6,5,5,1,0,writer,
FI,structuring_vs_ordering,345,5,5,5,0,0,,
FI,structuring_vs_input,345,6,5,5,1,0,writer,
FI,ordering_vs_input,346,3,2,2,1,0,type,
FI,structuring_vs_ordering,346,2,2,2,0,0,,
FI,structuring_vs_input,346,3,2,2,1,0,type,
FI,ordering_vs_input,347,4,4,4,0,0,,
FI,structuring_vs_ordering,347,4,4,4,0,0,,
FI,structuring_vs_input,347,4,4,4,0,0,,
FI,ordering_vs_input,348,4,4,4,0,0,,
FI,structuring_vs_ordering,348,4,4,4,0,0,,
FI,structuring_vs_input,348,4,4,4,0,0,,
FI,ordering_vs_input,349,2,2,2,0,0,,
FI,structuring_vs_ordering,349,2,2,2,0,0,,
FI,structuring_vs_input,349,2,2,2,0,0,,
FI,ordering_vs_input,350,2,2,2,0,0,,
FI,structuring_vs_ordering,350,2,2,2,0,0,,
FI,structuring_vs_input,350,2,2,2,0,0,,
FI,ordering_vs_input,351,1,1,1,0,0,,
FI,structuring_vs_ordering,351,1,1,1,0,0,,
FI,structuring_vs_input,351,1,1,1,0,0,,
FI,ordering_vs_input,352,3,3,3,0,0,,
FI,structuring_vs_ordering,352,3,3,3,0,0,,
FI,structuring_vs_input,352,3,3,3,0,0,,
FI,ordering_vs_input,353,4,4,4,0,0,,
FI,structuring_vs_ordering,353,4,4,4,0,0,,
FI,structuring_vs_input,353,4,4,4,0,0,,
FI,ordering_vs_input,354,4,4,4,0,0,,
FI,structuring_vs_ordering,354,4,4,4,0,0,,
FI,structuring_vs_input,354,4,4,4,0,0,,
FI,ordering_vs_input,355,6,6,6,0,0,,
FI,structuring_vs_ordering,355,6,6,6,0,0,,
FI,structuring_vs_input,355,6,6,6,0,0,,
FI,ordering_vs_input,356,1,1,1,0,0,,
FI,structuring_vs_ordering,356,1,1,1,0,0,,
FI,structuring_vs_input,356,1,1,1,0,0,,
FI,ordering_vs_input,357,2,2,2,0,0,,
FI,structuring_vs_ordering,357,2,2,2,0,0,,
FI,structuring_vs_input,357,2,2,2,0,0,,
FI,ordering_vs_input,358,2,2,2,0,0,,
FI,structuring_vs_ordering,358,2,2,2,0,0,,
FI,structuring_vs_input,358,2,2,2,0,0,,
FI,ordering_vs_input,359,2,2,2,0,0,,
FI,structuring_vs_ordering,359,2,2,2,0,0,,
FI,structuring_vs_input,359,2,2,2,0,0,,
FI,ordering_vs_input,360,4,4,4,0,0,,
FI,structuring_vs_ordering,360,4,4,4,0,0,,
FI,structuring_vs_input,360,4,4,4,0,0,,
FI,ordering_vs_input,361,1,1,1,0,0,,
FI,structuring_vs_ordering,361,1,1,1,0,0,,
FI,structuring_vs_input,361,1,1,1,0,0,,
FI,ordering_vs_input,362,1,1,1,0,0,,
FI,structuring_vs_ordering,362,1,1,1,0,0,,
FI,structuring_vs_input,362,1,1,1,0,0,,
FI,ordering_vs_input,363,7,6,6,1,0,cinematography,
FI,structuring_vs_ordering,363,6,6,6,0,0,,
FI,structuring_vs_input,363,7,6,6,1,0,cinematography,
FI,ordering_vs_input,364,1,1,1,0,0,,
FI,structuring_vs_ordering,364,1,1,1,0,0,,
FI,structuring_vs_input,364,1,1,1,0,0,,
FI,ordering_vs_input,365,1,1,1,0,0,,
FI,structuring_vs_ordering,365,1,1,1,0,0,,
FI,structuring_vs_input,365,1,1,1,0,0,,
FI,ordering_vs_input,366,4,4,4,0,0,,
FI,structuring_vs_ordering,366,4,4,4,0,0,,
FI,structuring_vs_input,366,4,4,4,0,0,,
FI,ordering_vs_input,367,3,3,3,0,0,,
FI,structuring_vs_ordering,367,3,3,3,0,0,,
FI,structuring_vs_input,367,3,3,3,0,0,,
FI,ordering_vs_input,368,6,6,6,0,0,,
FI,structuring_vs_ordering,368,6,6,6,0,0,,
FI,structuring_vs_input,368,6,6,6,0,0,,
FI,ordering_vs_input,369,4,1,1,3,0,runtime | artist | producer,
FI,structuring_vs_ordering,369,1,1,1,0,0,,
FI,structuring_vs_input,369,4,1,1,3,0,runtime | artist | producer,
FI,ordering_vs_input,370,3,3,3,0,0,,
FI,structuring_vs_ordering,370,3,3,3,0,0,,
FI,structuring_vs_input,370,3,3,3,0,0,,
FI,ordering_vs_input,371,1,1,1,0,0,,
FI,structuring_vs_ordering,371,1,1,1,0,0,,
FI,structuring_vs_input,371,1,1,1,0,0,,
FI,ordering_vs_input,372,7,6,6,1,0,architect,
FI,structuring_vs_ordering,372,6,6,6,0,0,,
FI,structuring_vs_input,372,7,6,6,1,0,architect,
FI,ordering_vs_input,373,4,4,4,0,0,,
FI,structuring_vs_ordering,373,4,4,4,0,0,,
FI,structuring_vs_input,373,4,4,4,0,0,,
FI,ordering_vs_input,374,5,5,5,0,0,,
FI,structuring_vs_ordering,374,5,5,5,0,0,,
FI,structuring_vs_input,374,5,5,5,0,0,,
FI,ordering_vs_input,375,4,4,4,0,0,,
FI,structuring_vs_ordering,375,4,4,4,0,0,,
FI,structuring_vs_input,375,4,4,4,0,0,,
FI,ordering_vs_input,376,4,4,4,0,0,,
FI,structuring_vs_ordering,376,4,4,4,0,0,,
FI,structuring_vs_input,376,4,4,4,0,0,,
FI,ordering_vs_input,377,2,2,2,0,0,,
FI,structuring_vs_ordering,377,2,2,2,0,0,,
FI,structuring_vs_input,377,2,2,2,0,0,,
FI,ordering_vs_input,378,4,4,4,0,0,,
FI,structuring_vs_ordering,378,4,4,4,0,0,,
FI,structuring_vs_input,378,4,4,4,0,0,,
FI,ordering_vs_input,379,4,3,3,1,0,citizenship,
FI,structuring_vs_ordering,379,3,3,3,0,0,,
FI,structuring_vs_input,379,4,3,3,1,0,citizenship,
FI,ordering_vs_input,380,3,2,2,1,0,training,
FI,structuring_vs_ordering,380,2,2,2,0,0,,
FI,structuring_vs_input,380,3,2,2,1,0,training,
FI,ordering_vs_input,381,3,3,3,0,0,,
FI,structuring_vs_ordering,381,3,3,3,0,0,,
FI,structuring_vs_input,381,3,3,3,0,0,,
FI,ordering_vs_input,382,1,1,1,0,0,,
FI,structuring_vs_ordering,382,1,1,1,0,0,,
FI,structuring_vs_input,382,1,1,1,0,0,,
FI,ordering_vs_input,383,5,5,5,0,0,,
FI,structuring_vs_ordering,383,5,5,5,0,0,,
FI,structuring_vs_input,383,5,5,5,0,0,,
FI,ordering_vs_input,384,6,6,6,0,0,,
FI,structuring_vs_ordering,384,6,6,6,0,0,,
FI,structuring_vs_input,384,6,6,6,0,0,,
FI,ordering_vs_input,385,6,6,6,0,0,,
FI,structuring_vs_ordering,385,6,6,6,0,0,,
FI,structuring_vs_input,385,6,6,6,0,0,,
FI,ordering_vs_input,386,4,4,4,0,0,,
FI,structuring_vs_ordering,386,4,4,4,0,0,,
FI,structuring_vs_input,386,4,4,4,0,0,,
FI,ordering_vs_input,387,1,1,1,0,0,,
FI,structuring_vs_ordering,387,1,1,1,0,0,,
FI,structuring_vs_input,387,1,1,1,0,0,,
FI,ordering_vs_input,388,5,3,3,2,0,producer | producer,
FI,structuring_vs_ordering,388,3,3,3,0,0,,
FI,structuring_vs_input,388,5,3,3,2,0,producer | producer,
FI,ordering_vs_input,389,3,3,3,0,0,,
FI,structuring_vs_ordering,389,3,3,3,0,0,,
FI,structuring_vs_input,389,3,3,3,0,0,,
FI,ordering_vs_input,390,1,1,1,0,0,,
FI,structuring_vs_ordering,390,1,1,1,0,0,,
FI,structuring_vs_input,390,1,1,1,0,0,,
FI,ordering_vs_input,391,3,3,3,0,0,,
FI,structuring_vs_ordering,391,3,3,3,0,0,,
FI,structuring_vs_input,391,3,3,3,0,0,,
FI,ordering_vs_input,392,7,7,7,0,0,,
FI,structuring_vs_ordering,392,7,7,7,0,0,,
FI,structuring_vs_input,392,7,7,7,0,0,,
FI,ordering_vs_input,393,3,3,3,0,0,,
FI,structuring_vs_ordering,393,3,3,3,0,0,,
FI,structuring_vs_input,393,3,3,3,0,0,,
FI,ordering_vs_input,394,4,4,4,0,0,,
FI,structuring_vs_ordering,394,4,4,4,0,0,,
FI,structuring_vs_input,394,4,4,4,0,0,,
FI,ordering_vs_input,395,3,2,2,1,0,professionalField,
FI,structuring_vs_ordering,395,2,2,2,0,0,,
FI,structuring_vs_input,395,3,2,2,1,0,professionalField,
FI,ordering_vs_input,396,2,2,2,0,0,,
FI,structuring_vs_ordering,396,2,2,2,0,0,,
FI,structuring_vs_input,396,2,2,2,0,0,,
FI,ordering_vs_input,397,5,5,5,0,0,,
FI,structuring_vs_ordering,397,5,5,5,0,0,,
FI,structuring_vs_input,397,5,5,5,0,0,,
FI,ordering_vs_input,398,5,5,5,0,0,,
FI,structuring_vs_ordering,398,5,5,5,0,0,,
FI,structuring_vs_input,398,5,5,5,0,0,,
FI,ordering_vs_input,399,3,3,3,0,0,,
FI,structuring_vs_ordering,399,3,3,3,0,0,,
FI,structuring_vs_input,399,3,3,3,0,0,,
FI,ordering_vs_input,400,4,4,4,0,0,,
FI,structuring_vs_ordering,400,4,4,4,0,0,,
FI,structuring_vs_input,400,4,4,4,0,0,,
FI,ordering_vs_input,401,5,5,5,0,0,,
FI,structuring_vs_ordering,401,5,5,5,0,0,,
FI,structuring_vs_input,401,5,5,5,0,0,,
FI,ordering_vs_input,402,2,2,2,0,0,,
FI,structuring_vs_ordering,402,2,2,2,0,0,,
FI,structuring_vs_input,402,2,2,2,0,0,,
FI,ordering_vs_input,403,2,2,2,0,0,,
FI,structuring_vs_ordering,403,2,2,2,0,0,,
FI,structuring_vs_input,403,2,2,2,0,0,,
FI,ordering_vs_input,404,4,4,4,0,0,,
FI,structuring_vs_ordering,404,4,4,4,0,0,,
FI,structuring_vs_input,404,4,4,4,0,0,,
FI,ordering_vs_input,405,7,6,6,1,0,location,
FI,structuring_vs_ordering,405,6,6,6,0,0,,
FI,structuring_vs_input,405,7,6,6,1,0,location,
FI,ordering_vs_input,406,1,1,1,0,0,,
FI,structuring_vs_ordering,406,1,1,1,0,0,,
FI,structuring_vs_input,406,1,1,1,0,0,,
FI,ordering_vs_input,407,4,4,4,0,0,,
FI,structuring_vs_ordering,407,4,4,4,0,0,,
FI,structuring_vs_input,407,4,4,4,0,0,,
FI,ordering_vs_input,408,2,2,2,0,0,,
FI,structuring_vs_ordering,408,2,2,2,0,0,,
FI,structuring_vs_input,408,2,2,2,0,0,,
FI,ordering_vs_input,409,2,2,2,0,0,,
FI,structuring_vs_ordering,409,2,2,2,0,0,,
FI,structuring_vs_input,409,2,2,2,0,0,,
FI,ordering_vs_input,410,4,4,4,0,0,,
FI,structuring_vs_ordering,410,4,4,4,0,0,,
FI,structuring_vs_input,410,4,4,4,0,0,,
FI,ordering_vs_input,411,6,6,6,0,0,,
FI,structuring_vs_ordering,411,6,6,6,0,0,,
FI,structuring_vs_input,411,6,6,6,0,0,,
FI,ordering_vs_input,412,5,5,5,0,0,,
FI,structuring_vs_ordering,412,5,5,5,0,0,,
FI,structuring_vs_input,412,5,5,5,0,0,,
FI,ordering_vs_input,413,2,2,2,0,0,,
FI,structuring_vs_ordering,413,2,2,2,0,0,,
FI,structuring_vs_input,413,2,2,2,0,0,,
FI,ordering_vs_input,414,5,4,4,1,0,citizenship,
FI,structuring_vs_ordering,414,4,4,4,0,0,,
FI,structuring_vs_input,414,5,4,4,1,0,citizenship,
FI,ordering_vs_input,415,4,4,4,0,0,,
FI,structuring_vs_ordering,415,4,4,4,0,0,,
FI,structuring_vs_input,415,4,4,4,0,0,,
FI,ordering_vs_input,416,2,2,2,0,0,,
FI,structuring_vs_ordering,416,2,2,2,0,0,,
FI,structuring_vs_input,416,2,2,2,0,0,,
FI,ordering_vs_input,417,5,5,5,0,0,,
FI,structuring_vs_ordering,417,5,5,5,0,0,,
FI,structuring_vs_input,417,5,5,5,0,0,,
FI,ordering_vs_input,418,4,4,4,0,0,,
FI,structuring_vs_ordering,418,4,4,4,0,0,,
FI,structuring_vs_input,418,4,4,4,0,0,,
FI,ordering_vs_input,419,1,1,1,0,0,,
FI,structuring_vs_ordering,419,1,1,1,0,0,,
FI,structuring_vs_input,419,1,1,1,0,0,,
FI,ordering_vs_input,420,4,4,4,0,0,,
FI,structuring_vs_ordering,420,4,4,4,0,0,,
FI,structuring_vs_input,420,4,4,4,0,0,,
FI,ordering_vs_input,421,3,3,3,0,0,,
FI,structuring_vs_ordering,421,3,3,3,0,0,,
FI,structuring_vs_input,421,3,3,3,0,0,,
FI,ordering_vs_input,422,5,2,2,3,0,releaseDate | producer | writer,
FI,structuring_vs_ordering,422,2,2,2,0,0,,
FI,structuring_vs_input,422,5,2,2,3,0,releaseDate | producer | writer,
FI,ordering_vs_input,423,4,4,4,0,0,,
FI,structuring_vs_ordering,423,4,4,4,0,0,,
FI,structuring_vs_input,423,4,4,4,0,0,,
FI,ordering_vs_input,424,1,1,1,0,0,,
FI,structuring_vs_ordering,424,1,1,1,0,0,,
FI,structuring_vs_input,424,1,1,1,0,0,,
FI,ordering_vs_input,425,2,1,1,1,0,training,
FI,structuring_vs_ordering,425,1,1,1,0,0,,
FI,structuring_vs_input,425,2,1,1,1,0,training,
FI,ordering_vs_input,426,3,3,3,0,0,,
FI,structuring_vs_ordering,426,3,3,3,0,0,,
FI,structuring_vs_input,426,3,3,3,0,0,,
FI,ordering_vs_input,427,3,3,3,0,0,,
FI,structuring_vs_ordering,427,3,3,3,0,0,,
FI,structuring_vs_input,427,3,3,3,0,0,,
FI,ordering_vs_input,428,6,6,6,0,0,,
FI,structuring_vs_ordering,428,6,6,6,0,0,,
FI,structuring_vs_input,428,6,6,6,0,0,,
FI,ordering_vs_input,429,1,1,1,0,0,,
FI,structuring_vs_ordering,429,1,1,1,0,0,,
FI,structuring_vs_input,429,1,1,1,0,0,,
FI,ordering_vs_input,430,6,6,6,0,0,,
FI,structuring_vs_ordering,430,6,6,6,0,0,,
FI,structuring_vs_input,430,6,6,6,0,0,,
FI,ordering_vs_input,431,2,1,1,1,0,citizenship,
FI,structuring_vs_ordering,431,1,1,1,0,0,,
FI,structuring_vs_input,431,2,1,1,1,0,citizenship,
FI,ordering_vs_input,432,5,5,5,0,0,,
FI,structuring_vs_ordering,432,5,5,5,0,0,,
FI,structuring_vs_input,432,5,5,5,0,0,,
FI,ordering_vs_input,433,7,6,6,1,0,icaoLocationIdentifier,
FI,structuring_vs_ordering,433,6,6,6,0,0,,
FI,structuring_vs_input,433,7,6,6,1,0,icaoLocationIdentifier,
FI,ordering_vs_input,434,7,6,6,1,0,ingredient,
FI,structuring_vs_ordering,434,6,6,6,0,0,,
FI,structuring_vs_input,434,7,6,6,1,0,ingredient,
FI,ordering_vs_input,435,3,3,3,0,0,,
FI,structuring_vs_ordering,435,3,3,3,0,0,,
FI,structuring_vs_input,435,3,3,3,0,0,,
FI,ordering_vs_input,436,1,1,1,0,0,,
FI,structuring_vs_ordering,436,1,1,1,0,0,,
FI,structuring_vs_input,436,1,1,1,0,0,,
FI,ordering_vs_input,437,3,3,3,0,0,,
FI,structuring_vs_ordering,437,3,3,3,0,0,,
FI,structuring_vs_input,437,3,3,3,0,0,,
FI,ordering_vs_input,438,4,4,4,0,0,,
FI,structuring_vs_ordering,438,4,4,4,0,0,,
FI,structuring_vs_input,438,4,4,4,0,0,,
FI,ordering_vs_input,439,2,2,2,0,0,,
FI,structuring_vs_ordering,439,2,2,2,0,0,,
FI,structuring_vs_input,439,2,2,2,0,0,,
FI,ordering_vs_input,440,3,3,3,0,0,,
FI,structuring_vs_ordering,440,3,3,3,0,0,,
FI,structuring_vs_input,440,3,3,3,0,0,,
FI,ordering_vs_input,441,5,5,5,0,0,,
FI,structuring_vs_ordering,441,5,5,5,0,0,,
FI,structuring_vs_input,441,5,5,5,0,0,,
FI,ordering_vs_input,442,1,1,1,0,0,,
FI,structuring_vs_ordering,442,1,1,1,0,0,,
FI,structuring_vs_input,442,1,1,1,0,0,,
FI,ordering_vs_input,443,2,1,1,1,0,producer,
FI,structuring_vs_ordering,443,1,1,1,0,0,,
FI,structuring_vs_input,443,2,1,1,1,0,producer,
FI,ordering_vs_input,444,2,2,2,0,0,,
FI,structuring_vs_ordering,444,2,2,2,0,0,,
FI,structuring_vs_input,444,2,2,2,0,0,,
FI,ordering_vs_input,445,3,3,3,0,0,,
FI,structuring_vs_ordering,445,3,3,3,0,0,,
FI,structuring_vs_input,445,3,3,3,0,0,,
FI,ordering_vs_input,446,2,2,2,0,0,,
FI,structuring_vs_ordering,446,2,2,2,0,0,,
FI,structuring_vs_input,446,2,2,2,0,0,,
FI,ordering_vs_input,447,6,3,3,3,0,releaseDate | writer | runtime,
FI,structuring_vs_ordering,447,3,3,3,0,0,,
FI,structuring_vs_input,447,6,3,3,3,0,releaseDate | writer | runtime,
FI,ordering_vs_input,448,5,4,4,1,0,industry,
FI,structuring_vs_ordering,448,4,4,4,0,0,,
FI,structuring_vs_input,448,5,4,4,1,0,industry,
FI,ordering_vs_input,449,2,2,2,0,0,,
FI,structuring_vs_ordering,449,2,2,2,0,0,,
FI,structuring_vs_input,449,2,2,2,0,0,,
FI,ordering_vs_input,450,7,6,6,1,0,professionalField,
FI,structuring_vs_ordering,450,6,6,6,0,0,,
FI,structuring_vs_input,450,7,6,6,1,0,professionalField,
FI,ordering_vs_input,451,3,3,3,0,0,,
FI,structuring_vs_ordering,451,3,3,3,0,0,,
FI,structuring_vs_input,451,3,3,3,0,0,,
FI,ordering_vs_input,452,2,2,2,0,0,,
FI,structuring_vs_ordering,452,2,2,2,0,0,,
FI,structuring_vs_input,452,2,2,2,0,0,,
FI,ordering_vs_input,453,4,4,4,0,0,,
FI,structuring_vs_ordering,453,4,4,4,0,0,,
FI,structuring_vs_input,453,4,4,4,0,0,,
FI,ordering_vs_input,454,4,4,4,0,0,,
FI,structuring_vs_ordering,454,4,4,4,0,0,,
FI,structuring_vs_input,454,4,4,4,0,0,,
FI,ordering_vs_input,455,4,4,4,0,0,,
FI,structuring_vs_ordering,455,4,4,4,0,0,,
FI,structuring_vs_input,455,4,4,4,0,0,,
FI,ordering_vs_input,456,2,2,2,0,0,,
FI,structuring_vs_ordering,456,2,2,2,0,0,,
FI,structuring_vs_input,456,2,2,2,0,0,,
FI,ordering_vs_input,457,4,4,4,0,0,,
FI,structuring_vs_ordering,457,4,4,4,0,0,,
FI,structuring_vs_input,457,4,4,4,0,0,,
FI,ordering_vs_input,458,2,2,2,0,0,,
FI,structuring_vs_ordering,458,2,2,2,0,0,,
FI,structuring_vs_input,458,2,2,2,0,0,,
FI,ordering_vs_input,459,1,1,1,0,0,,
FI,structuring_vs_ordering,459,1,1,1,0,0,,
FI,structuring_vs_input,459,1,1,1,0,0,,
FI,ordering_vs_input,460,5,5,5,0,0,,
FI,structuring_vs_ordering,460,5,5,5,0,0,,
FI,structuring_vs_input,460,5,5,5,0,0,,
FI,ordering_vs_input,461,3,3,3,0,0,,
FI,structuring_vs_ordering,461,3,3,3,0,0,,
FI,structuring_vs_input,461,3,3,3,0,0,,
FI,ordering_vs_input,462,1,1,1,0,0,,
FI,structuring_vs_ordering,462,1,1,1,0,0,,
FI,structuring_vs_input,462,1,1,1,0,0,,
FI,ordering_vs_input,463,3,3,3,0,0,,
FI,structuring_vs_ordering,463,3,3,3,0,0,,
FI,structuring_vs_input,463,3,3,3,0,0,,
FI,ordering_vs_input,464,2,2,2,0,0,,
FI,structuring_vs_ordering,464,2,2,2,0,0,,
FI,structuring_vs_input,464,2,2,2,0,0,,
FI,ordering_vs_input,465,5,4,4,1,0,artist,
FI,structuring_vs_ordering,465,4,4,4,0,0,,
FI,structuring_vs_input,465,5,4,4,1,0,artist,
FI,ordering_vs_input,466,4,4,4,0,0,,
FI,structuring_vs_ordering,466,4,4,4,0,0,,
FI,structuring_vs_input,466,4,4,4,0,0,,
FI,ordering_vs_input,467,1,1,1,0,0,,
FI,structuring_vs_ordering,467,1,1,1,0,0,,
FI,structuring_vs_input,467,1,1,1,0,0,,
FI,ordering_vs_input,468,4,3,3,1,0,writer,
FI,structuring_vs_ordering,468,3,3,3,0,0,,
FI,structuring_vs_input,468,4,3,3,1,0,writer,
FI,ordering_vs_input,469,5,5,5,0,0,,
FI,structuring_vs_ordering,469,5,5,5,0,0,,
FI,structuring_vs_input,469,5,5,5,0,0,,
FI,ordering_vs_input,470,1,1,1,0,0,,
FI,structuring_vs_ordering,470,1,1,1,0,0,,
FI,structuring_vs_input,470,1,1,1,0,0,,
FI,ordering_vs_input,471,2,2,2,0,0,,
FI,structuring_vs_ordering,471,2,2,2,0,0,,
FI,structuring_vs_input,471,2,2,2,0,0,,
FI,ordering_vs_input,472,4,3,3,1,0,professionalField,
FI,structuring_vs_ordering,472,3,3,3,0,0,,
FI,structuring_vs_input,472,4,3,3,1,0,professionalField,
FI,ordering_vs_input,473,3,3,3,0,0,,
FI,structuring_vs_ordering,473,3,3,3,0,0,,
FI,structuring_vs_input,473,3,3,3,0,0,,
FI,ordering_vs_input,474,2,2,2,0,0,,
FI,structuring_vs_ordering,474,2,2,2,0,0,,
FI,structuring_vs_input,474,2,2,2,0,0,,
FI,ordering_vs_input,475,3,3,3,0,0,,
FI,structuring_vs_ordering,475,3,3,3,0,0,,
FI,structuring_vs_input,475,3,3,3,0,0,,
FI,ordering_vs_input,476,2,2,2,0,0,,
FI,structuring_vs_ordering,476,2,2,2,0,0,,
FI,structuring_vs_input,476,2,2,2,0,0,,
FI,ordering_vs_input,477,1,1,1,0,0,,
FI,structuring_vs_ordering,477,1,1,1,0,0,,
FI,structuring_vs_input,477,1,1,1,0,0,,
FI,ordering_vs_input,478,4,4,4,0,0,,
FI,structuring_vs_ordering,478,4,4,4,0,0,,
FI,structuring_vs_input,478,4,4,4,0,0,,
FI,ordering_vs_input,479,7,6,6,1,0,governmentType,
FI,structuring_vs_ordering,479,6,6,6,0,0,,
FI,structuring_vs_input,479,7,6,6,1,0,governmentType,
FI,ordering_vs_input,480,5,5,5,0,0,,
FI,structuring_vs_ordering,480,5,5,5,0,0,,
FI,structuring_vs_input,480,5,5,5,0,0,,
FI,ordering_vs_input,481,1,1,1,0,0,,
FI,structuring_vs_ordering,481,1,1,1,0,0,,
FI,structuring_vs_input,481,1,1,1,0,0,,
FI,ordering_vs_input,482,3,3,3,0,0,,
FI,structuring_vs_ordering,482,3,3,3,0,0,,
FI,structuring_vs_input,482,3,3,3,0,0,,
FI,ordering_vs_input,483,3,3,3,0,0,,
FI,structuring_vs_ordering,483,3,3,3,0,0,,
FI,structuring_vs_input,483,3,3,3,0,0,,
FI,ordering_vs_input,484,1,1,1,0,0,,
FI,structuring_vs_ordering,484,1,1,1,0,0,,
FI,structuring_vs_input,484,1,1,1,0,0,,
FI,ordering_vs_input,485,2,2,2,0,0,,
FI,structuring_vs_ordering,485,2,2,2,0,0,,
FI,structuring_vs_input,485,2,2,2,0,0,,
FI,ordering_vs_input,486,4,4,4,0,0,,
FI,structuring_vs_ordering,486,4,4,4,0,0,,
FI,structuring_vs_input,486,4,4,4,0,0,,
FI,ordering_vs_input,487,3,3,3,0,0,,
FI,structuring_vs_ordering,487,3,3,3,0,0,,
FI,structuring_vs_input,487,3,3,3,0,0,,
FI,ordering_vs_input,488,2,2,2,0,0,,
FI,structuring_vs_ordering,488,2,2,2,0,0,,
FI,structuring_vs_input,488,2,2,2,0,0,,
FI,ordering_vs_input,489,2,2,2,0,0,,
FI,structuring_vs_ordering,489,2,2,2,0,0,,
FI,structuring_vs_input,489,2,2,2,0,0,,
FI,ordering_vs_input,490,3,3,3,0,0,,
FI,structuring_vs_ordering,490,3,3,3,0,0,,
FI,structuring_vs_input,490,3,3,3,0,0,,
FI,ordering_vs_input,491,2,2,2,0,0,,
FI,structuring_vs_ordering,491,2,2,2,0,0,,
FI,structuring_vs_input,491,2,2,2,0,0,,
FI,ordering_vs_input,492,1,1,1,0,0,,
FI,structuring_vs_ordering,492,1,1,1,0,0,,
FI,structuring_vs_input,492,1,1,1,0,0,,
FI,ordering_vs_input,493,2,2,2,0,0,,
FI,structuring_vs_ordering,493,2,2,2,0,0,,
FI,structuring_vs_input,493,2,2,2,0,0,,
FI,ordering_vs_input,494,1,1,1,0,0,,
FI,structuring_vs_ordering,494,1,1,1,0,0,,
FI,structuring_vs_input,494,1,1,1,0,0,,
FI,ordering_vs_input,495,3,3,3,0,0,,
FI,structuring_vs_ordering,495,3,3,3,0,0,,
FI,structuring_vs_input,495,3,3,3,0,0,,
FI,ordering_vs_input,496,4,4,4,0,0,,
FI,structuring_vs_ordering,496,4,4,4,0,0,,
FI,structuring_vs_input,496,4,4,4,0,0,,
FI,ordering_vs_input,497,2,2,2,0,0,,
FI,structuring_vs_ordering,497,2,2,2,0,0,,
FI,structuring_vs_input,497,2,2,2,0,0,,
FI,ordering_vs_input,498,2,1,1,1,0,imdbId,
FI,structuring_vs_ordering,498,1,1,1,0,0,,
FI,structuring_vs_input,498,2,1,1,1,0,imdbId,
FI,ordering_vs_input,499,1,1,1,0,0,,
FI,structuring_vs_ordering,499,1,1,1,0,0,,
FI,structuring_vs_input,499,1,1,1,0,0,,
FI,ordering_vs_input,500,7,7,7,0,0,,
FI,structuring_vs_ordering,500,7,7,7,0,0,,
FI,structuring_vs_input,500,7,7,7,0,0,,
FI,ordering_vs_input,501,1,1,1,0,0,,
FI,structuring_vs_ordering,501,1,1,1,0,0,,
FI,structuring_vs_input,501,1,1,1,0,0,,
FI,ordering_vs_input,502,3,3,3,0,0,,
FI,structuring_vs_ordering,502,3,3,3,0,0,,
FI,structuring_vs_input,502,3,3,3,0,0,,
FI,ordering_vs_input,503,3,2,2,1,0,type,
FI,structuring_vs_ordering,503,2,2,2,0,0,,
FI,structuring_vs_input,503,3,2,2,1,0,type,
FI,ordering_vs_input,504,2,2,2,0,0,,
FI,structuring_vs_ordering,504,2,2,2,0,0,,
FI,structuring_vs_input,504,2,2,2,0,0,,
FI,ordering_vs_input,505,1,1,1,0,0,,
FI,structuring_vs_ordering,505,1,1,1,0,0,,
FI,structuring_vs_input,505,1,1,1,0,0,,
FI,ordering_vs_input,506,3,3,3,0,0,,
FI,structuring_vs_ordering,506,3,3,3,0,0,,
FI,structuring_vs_input,506,3,3,3,0,0,,
FI,ordering_vs_input,507,4,4,4,0,0,,
FI,structuring_vs_ordering,507,4,4,4,0,0,,
FI,structuring_vs_input,507,4,4,4,0,0,,
FI,ordering_vs_input,508,3,3,3,0,0,,
FI,structuring_vs_ordering,508,3,3,3,0,0,,
FI,structuring_vs_input,508,3,3,3,0,0,,
FI,ordering_vs_input,509,2,2,2,0,0,,
FI,structuring_vs_ordering,509,2,2,2,0,0,,
FI,structuring_vs_input,509,2,2,2,0,0,,
FI,ordering_vs_input,510,2,2,2,0,0,,
FI,structuring_vs_ordering,510,2,2,2,0,0,,
FI,structuring_vs_input,510,2,2,2,0,0,,
FI,ordering_vs_input,511,4,3,3,1,0,recordedIn,
FI,structuring_vs_ordering,511,3,3,3,0,0,,
FI,structuring_vs_input,511,4,3,3,1,0,recordedIn,
FI,ordering_vs_input,512,5,5,5,0,0,,
FI,structuring_vs_ordering,512,5,5,5,0,0,,
FI,structuring_vs_input,512,5,5,5,0,0,,
FI,ordering_vs_input,513,2,1,1,1,0,producer,
FI,structuring_vs_ordering,513,1,1,1,0,0,,
FI,structuring_vs_input,513,2,1,1,1,0,producer,
FI,ordering_vs_input,514,4,4,4,0,0,,
FI,structuring_vs_ordering,514,4,4,4,0,0,,
FI,structuring_vs_input,514,4,4,4,0,0,,
FI,ordering_vs_input,515,4,2,2,2,0,producer | runtime,
FI,structuring_vs_ordering,515,2,2,2,0,0,,
FI,structuring_vs_input,515,4,2,2,2,0,producer | runtime,
FI,ordering_vs_input,516,2,2,2,0,0,,
FI,structuring_vs_ordering,516,2,2,2,0,0,,
FI,structuring_vs_input,516,2,2,2,0,0,,
FI,ordering_vs_input,517,2,2,2,0,0,,
FI,structuring_vs_ordering,517,2,2,2,0,0,,
FI,structuring_vs_input,517,2,2,2,0,0,,
FI,ordering_vs_input,518,3,3,3,0,0,,
FI,structuring_vs_ordering,518,3,3,3,0,0,,
FI,structuring_vs_input,518,3,3,3,0,0,,
FI,ordering_vs_input,519,5,5,5,0,0,,
FI,structuring_vs_ordering,519,5,5,5,0,0,,
FI,structuring_vs_input,519,5,5,5,0,0,,
FI,ordering_vs_input,520,2,2,2,0,0,,
FI,structuring_vs_ordering,520,2,2,2,0,0,,
FI,structuring_vs_input,520,2,2,2,0,0,,
FI,ordering_vs_input,521,2,2,2,0,0,,
FI,structuring_vs_ordering,521,2,2,2,0,0,,
FI,structuring_vs_input,521,2,2,2,0,0,,
FI,ordering_vs_input,522,1,1,1,0,0,,
FI,structuring_vs_ordering,522,1,1,1,0,0,,
FI,structuring_vs_input,522,1,1,1,0,0,,
FI,ordering_vs_input,523,1,1,1,0,0,,
FI,structuring_vs_ordering,523,1,1,1,0,0,,
FI,structuring_vs_input,523,1,1,1,0,0,,
FI,ordering_vs_input,524,6,5,5,1,0,numberOfStudents,
FI,structuring_vs_ordering,524,5,5,5,0,0,,
FI,structuring_vs_input,524,6,5,5,1,0,numberOfStudents,
FI,ordering_vs_input,525,6,1,1,5,0,releaseDate | producer | writer | writer | runtime,
FI,structuring_vs_ordering,525,1,1,1,0,0,,
FI,structuring_vs_input,525,6,1,1,5,0,releaseDate | producer | writer | writer | runtime,
FI,ordering_vs_input,526,2,2,2,0,0,,
FI,structuring_vs_ordering,526,2,2,2,0,0,,
FI,structuring_vs_input,526,2,2,2,0,0,,
FI,ordering_vs_input,527,7,7,7,0,0,,
FI,structuring_vs_ordering,527,7,7,7,0,0,,
FI,structuring_vs_input,527,7,7,7,0,0,,
FI,ordering_vs_input,528,7,6,6,1,0,location,
FI,structuring_vs_ordering,528,6,6,6,0,0,,
FI,structuring_vs_input,528,7,6,6,1,0,location,
FI,ordering_vs_input,529,7,7,7,0,0,,
FI,structuring_vs_ordering,529,7,7,7,0,0,,
FI,structuring_vs_input,529,7,7,7,0,0,,
FI,ordering_vs_input,530,2,2,2,0,0,,
FI,structuring_vs_ordering,530,2,2,2,0,0,,
FI,structuring_vs_input,530,2,2,2,0,0,,
FI,ordering_vs_input,531,4,4,4,0,0,,
FI,structuring_vs_ordering,531,4,4,4,0,0,,
FI,structuring_vs_input,531,4,4,4,0,0,,
FI,ordering_vs_input,532,4,4,4,0,0,,
FI,structuring_vs_ordering,532,4,4,4,0,0,,
FI,structuring_vs_input,532,4,4,4,0,0,,
FI,ordering_vs_input,533,1,1,1,0,0,,
FI,structuring_vs_ordering,533,1,1,1,0,0,,
FI,structuring_vs_input,533,1,1,1,0,0,,
FI,ordering_vs_input,534,4,3,3,1,0,industry,
FI,structuring_vs_ordering,534,3,3,3,0,0,,
FI,structuring_vs_input,534,4,3,3,1,0,industry,
FI,ordering_vs_input,535,6,5,5,1,0,producer,
FI,structuring_vs_ordering,535,5,5,5,0,0,,
FI,structuring_vs_input,535,6,5,5,1,0,producer,
FI,ordering_vs_input,536,5,1,1,4,0,producer | album | writer | format,
FI,structuring_vs_ordering,536,1,1,1,0,0,,
FI,structuring_vs_input,536,5,1,1,4,0,producer | album | writer | format,
FI,ordering_vs_input,537,1,1,1,0,0,,
FI,structuring_vs_ordering,537,1,1,1,0,0,,
FI,structuring_vs_input,537,1,1,1,0,0,,
FI,ordering_vs_input,538,6,6,6,0,0,,
FI,structuring_vs_ordering,538,6,6,6,0,0,,
FI,structuring_vs_input,538,6,6,6,0,0,,
FI,ordering_vs_input,539,1,1,1,0,0,,
FI,structuring_vs_ordering,539,1,1,1,0,0,,
FI,structuring_vs_input,539,1,1,1,0,0,,
FI,ordering_vs_input,540,2,2,2,0,0,,
FI,structuring_vs_ordering,540,2,2,2,0,0,,
FI,structuring_vs_input,540,2,2,2,0,0,,
FI,ordering_vs_input,541,1,1,1,0,0,,
FI,structuring_vs_ordering,541,1,1,1,0,0,,
FI,structuring_vs_input,541,1,1,1,0,0,,
FI,ordering_vs_input,542,3,3,3,0,0,,
FI,structuring_vs_ordering,542,3,3,3,0,0,,
FI,structuring_vs_input,542,3,3,3,0,0,,
FI,ordering_vs_input,543,5,3,3,2,0,professionalField | professionalField,
FI,structuring_vs_ordering,543,3,3,3,0,0,,
FI,structuring_vs_input,543,5,3,3,2,0,professionalField | professionalField,
FI,ordering_vs_input,544,4,4,4,0,0,,
FI,structuring_vs_ordering,544,4,4,4,0,0,,
FI,structuring_vs_input,544,4,4,4,0,0,,
FI,ordering_vs_input,545,4,4,4,0,0,,
FI,structuring_vs_ordering,545,4,4,4,0,0,,
FI,structuring_vs_input,545,4,4,4,0,0,,
FI,ordering_vs_input,546,1,1,1,0,0,,
FI,structuring_vs_ordering,546,1,1,1,0,0,,
FI,structuring_vs_input,546,1,1,1,0,0,,
FI,ordering_vs_input,547,2,2,2,0,0,,
FI,structuring_vs_ordering,547,2,2,2,0,0,,
FI,structuring_vs_input,547,2,2,2,0,0,,
FI,ordering_vs_input,548,2,2,2,0,0,,
FI,structuring_vs_ordering,548,2,2,2,0,0,,
FI,structuring_vs_input,548,2,2,2,0,0,,
FI,ordering_vs_input,549,4,3,3,1,0,editing,
FI,structuring_vs_ordering,549,3,3,3,0,0,,
FI,structuring_vs_input,549,4,3,3,1,0,editing,
FI,ordering_vs_input,550,6,6,6,0,0,,
FI,structuring_vs_ordering,550,6,6,6,0,0,,
FI,structuring_vs_input,550,6,6,6,0,0,,
FI,ordering_vs_input,551,2,2,2,0,0,,
FI,structuring_vs_ordering,551,2,2,2,0,0,,
FI,structuring_vs_input,551,2,2,2,0,0,,
FI,ordering_vs_input,552,1,1,1,0,0,,
FI,structuring_vs_ordering,552,1,1,1,0,0,,
FI,structuring_vs_input,552,1,1,1,0,0,,
FI,ordering_vs_input,553,5,5,5,0,0,,
FI,structuring_vs_ordering,553,5,5,5,0,0,,
FI,structuring_vs_input,553,5,5,5,0,0,,
FI,ordering_vs_input,554,6,6,6,0,0,,
FI,structuring_vs_ordering,554,6,6,6,0,0,,
FI,structuring_vs_input,554,6,6,6,0,0,,
FI,ordering_vs_input,555,3,3,3,0,0,,
FI,structuring_vs_ordering,555,3,3,3,0,0,,
FI,structuring_vs_input,555,3,3,3,0,0,,
FI,ordering_vs_input,556,2,2,2,0,0,,
FI,structuring_vs_ordering,556,2,2,2,0,0,,
FI,structuring_vs_input,556,2,2,2,0,0,,
FI,ordering_vs_input,557,4,4,4,0,0,,
FI,structuring_vs_ordering,557,4,4,4,0,0,,
FI,structuring_vs_input,557,4,4,4,0,0,,
FI,ordering_vs_input,558,4,4,4,0,0,,
FI,structuring_vs_ordering,558,4,4,4,0,0,,
FI,structuring_vs_input,558,4,4,4,0,0,,
FI,ordering_vs_input,559,4,4,4,0,0,,
FI,structuring_vs_ordering,559,4,4,4,0,0,,
FI,structuring_vs_input,559,4,4,4,0,0,,
FI,ordering_vs_input,560,1,1,1,0,0,,
FI,structuring_vs_ordering,560,1,1,1,0,0,,
FI,structuring_vs_input,560,1,1,1,0,0,,
FI,ordering_vs_input,561,5,3,3,2,0,writer | producer,
FI,structuring_vs_ordering,561,3,2,2,1,0,imdbId,
FI,structuring_vs_input,561,5,2,2,3,0,imdbId | writer | producer,
FI,ordering_vs_input,562,6,5,5,1,0,producer,
FI,structuring_vs_ordering,562,5,5,5,0,0,,
FI,structuring_vs_input,562,6,5,5,1,0,producer,
FI,ordering_vs_input,563,1,1,1,0,0,,
FI,structuring_vs_ordering,563,1,1,1,0,0,,
FI,structuring_vs_input,563,1,1,1,0,0,,
FI,ordering_vs_input,564,1,1,1,0,0,,
FI,structuring_vs_ordering,564,1,1,1,0,0,,
FI,structuring_vs_input,564,1,1,1,0,0,,
FI,ordering_vs_input,565,3,3,3,0,0,,
FI,structuring_vs_ordering,565,3,3,3,0,0,,
FI,structuring_vs_input,565,3,3,3,0,0,,
FI,ordering_vs_input,566,2,2,2,0,0,,
FI,structuring_vs_ordering,566,2,2,2,0,0,,
FI,structuring_vs_input,566,2,2,2,0,0,,
FI,ordering_vs_input,567,4,4,4,0,0,,
FI,structuring_vs_ordering,567,4,4,4,0,0,,
FI,structuring_vs_input,567,4,4,4,0,0,,
FI,ordering_vs_input,568,4,4,4,0,0,,
FI,structuring_vs_ordering,568,4,4,4,0,0,,
FI,structuring_vs_input,568,4,4,4,0,0,,
FI,ordering_vs_input,569,4,4,4,0,0,,
FI,structuring_vs_ordering,569,4,4,4,0,0,,
FI,structuring_vs_input,569,4,4,4,0,0,,
FI,ordering_vs_input,570,2,2,2,0,0,,
FI,structuring_vs_ordering,570,2,2,2,0,0,,
FI,structuring_vs_input,570,2,2,2,0,0,,
FI,ordering_vs_input,571,4,4,4,0,0,,
FI,structuring_vs_ordering,571,4,4,4,0,0,,
FI,structuring_vs_input,571,4,4,4,0,0,,
FI,ordering_vs_input,572,2,2,2,0,0,,
FI,structuring_vs_ordering,572,2,2,2,0,0,,
FI,structuring_vs_input,572,2,2,2,0,0,,
FI,ordering_vs_input,573,2,2,2,0,0,,
FI,structuring_vs_ordering,573,2,2,2,0,0,,
FI,structuring_vs_input,573,2,2,2,0,0,,
FI,ordering_vs_input,574,6,5,5,1,0,professionalField,
FI,structuring_vs_ordering,574,5,5,5,0,0,,
FI,structuring_vs_input,574,6,5,5,1,0,professionalField,
FI,ordering_vs_input,575,1,1,1,0,0,,
FI,structuring_vs_ordering,575,1,1,1,0,0,,
FI,structuring_vs_input,575,1,1,1,0,0,,
FI,ordering_vs_input,576,7,5,5,2,0,cinematography | writer,
FI,structuring_vs_ordering,576,5,5,5,0,0,,
FI,structuring_vs_input,576,7,5,5,2,0,cinematography | writer,
FI,ordering_vs_input,577,4,4,4,0,0,,
FI,structuring_vs_ordering,577,4,4,4,0,0,,
FI,structuring_vs_input,577,4,4,4,0,0,,
FI,ordering_vs_input,578,1,1,1,0,0,,
FI,structuring_vs_ordering,578,1,1,1,0,0,,
FI,structuring_vs_input,578,1,1,1,0,0,,
FI,ordering_vs_input,579,3,3,3,0,0,,
FI,structuring_vs_ordering,579,3,3,3,0,0,,
FI,structuring_vs_input,579,3,3,3,0,0,,
FI,ordering_vs_input,580,1,1,1,0,0,,
FI,structuring_vs_ordering,580,1,1,1,0,0,,
FI,structuring_vs_input,580,1,1,1,0,0,,
FI,ordering_vs_input,581,2,2,2,0,0,,
FI,structuring_vs_ordering,581,2,2,2,0,0,,
FI,structuring_vs_input,581,2,2,2,0,0,,
FI,ordering_vs_input,582,1,1,1,0,0,,
FI,structuring_vs_ordering,582,1,1,1,0,0,,
FI,structuring_vs_input,582,1,1,1,0,0,,
FI,ordering_vs_input,583,3,3,3,0,0,,
FI,structuring_vs_ordering,583,3,3,3,0,0,,
FI,structuring_vs_input,583,3,3,3,0,0,,
FI,ordering_vs_input,584,3,3,3,0,0,,
FI,structuring_vs_ordering,584,3,3,3,0,0,,
FI,structuring_vs_input,584,3,3,3,0,0,,
FI,ordering_vs_input,585,6,6,6,0,0,,
FI,structuring_vs_ordering,585,6,6,6,0,0,,
FI,structuring_vs_input,585,6,6,6,0,0,,
FI,ordering_vs_input,586,5,5,5,0,0,,
FI,structuring_vs_ordering,586,5,5,5,0,0,,
FI,structuring_vs_input,586,5,5,5,0,0,,
FI,ordering_vs_input,587,1,1,1,0,0,,
FI,structuring_vs_ordering,587,1,1,1,0,0,,
FI,structuring_vs_input,587,1,1,1,0,0,,
FI,ordering_vs_input,588,5,5,5,0,0,,
FI,structuring_vs_ordering,588,5,5,5,0,0,,
FI,structuring_vs_input,588,5,5,5,0,0,,
FI,ordering_vs_input,589,2,2,2,0,0,,
FI,structuring_vs_ordering,589,2,2,2,0,0,,
FI,structuring_vs_input,589,2,2,2,0,0,,
FI,ordering_vs_input,590,4,3,3,1,0,type,
FI,structuring_vs_ordering,590,3,3,3,0,0,,
FI,structuring_vs_input,590,4,3,3,1,0,type,
FI,ordering_vs_input,591,4,4,4,0,0,,
FI,structuring_vs_ordering,591,4,4,4,0,0,,
FI,structuring_vs_input,591,4,4,4,0,0,,
FI,ordering_vs_input,592,2,2,2,0,0,,
FI,structuring_vs_ordering,592,2,2,2,0,0,,
FI,structuring_vs_input,592,2,2,2,0,0,,
FI,ordering_vs_input,593,5,3,3,2,0,dissolutionYear | gridReference,
FI,structuring_vs_ordering,593,3,3,3,0,0,,
FI,structuring_vs_input,593,5,3,3,2,0,dissolutionYear | gridReference,
FI,ordering_vs_input,594,5,5,5,0,0,,
FI,structuring_vs_ordering,594,5,5,5,0,0,,
FI,structuring_vs_input,594,5,5,5,0,0,,
FI,ordering_vs_input,595,1,1,1,0,0,,
FI,structuring_vs_ordering,595,1,1,1,0,0,,
FI,structuring_vs_input,595,1,1,1,0,0,,
FI,ordering_vs_input,596,2,2,2,0,0,,
FI,structuring_vs_ordering,596,2,2,2,0,0,,
FI,structuring_vs_input,596,2,2,2,0,0,,
FI,ordering_vs_input,597,1,1,1,0,0,,
FI,structuring_vs_ordering,597,1,1,1,0,0,,
FI,structuring_vs_input,597,1,1,1,0,0,,
FI,ordering_vs_input,598,1,1,1,0,0,,
FI,structuring_vs_ordering,598,1,1,1,0,0,,
FI,structuring_vs_input,598,1,1,1,0,0,,
FI,ordering_vs_input,599,7,6,6,1,0,type,
FI,structuring_vs_ordering,599,6,6,6,0,0,,
FI,structuring_vs_input,599,7,6,6,1,0,type,
FI,ordering_vs_input,600,4,3,3,1,0,writer,
FI,structuring_vs_ordering,600,3,3,3,0,0,,
FI,structuring_vs_input,600,4,3,3,1,0,writer,
FI,ordering_vs_input,601,6,5,5,1,0,editing,
FI,structuring_vs_ordering,601,5,5,5,0,0,,
FI,structuring_vs_input,601,6,5,5,1,0,editing,
FI,ordering_vs_input,602,3,3,3,0,0,,
FI,structuring_vs_ordering,602,3,3,3,0,0,,
FI,structuring_vs_input,602,3,3,3,0,0,,
FI,ordering_vs_input,603,3,3,3,0,0,,
FI,structuring_vs_ordering,603,3,3,3,0,0,,
FI,structuring_vs_input,603,3,3,3,0,0,,
FI,ordering_vs_input,604,6,4,4,2,0,artist | producer,
FI,structuring_vs_ordering,604,4,4,4,0,0,,
FI,structuring_vs_input,604,6,4,4,2,0,artist | producer,
FI,ordering_vs_input,605,3,3,3,0,0,,
FI,structuring_vs_ordering,605,3,3,3,0,0,,
FI,structuring_vs_input,605,3,3,3,0,0,,
FI,ordering_vs_input,606,4,2,2,2,0,professionalField | professionalField,
FI,structuring_vs_ordering,606,2,2,2,0,0,,
FI,structuring_vs_input,606,4,2,2,2,0,professionalField | professionalField,
FI,ordering_vs_input,607,6,5,5,1,0,staff,
FI,structuring_vs_ordering,607,5,5,5,0,0,,
FI,structuring_vs_input,607,6,5,5,1,0,staff,
FI,ordering_vs_input,608,1,1,1,0,0,,
FI,structuring_vs_ordering,608,1,1,1,0,0,,
FI,structuring_vs_input,608,1,1,1,0,0,,
FI,ordering_vs_input,609,5,3,3,2,0,producer | format,
FI,structuring_vs_ordering,609,3,3,3,0,0,,
FI,structuring_vs_input,609,5,3,3,2,0,producer | format,
FI,ordering_vs_input,610,4,4,4,0,0,,
FI,structuring_vs_ordering,610,4,4,4,0,0,,
FI,structuring_vs_input,610,4,4,4,0,0,,
FI,ordering_vs_input,611,2,2,2,0,0,,
FI,structuring_vs_ordering,611,2,2,2,0,0,,
FI,structuring_vs_input,611,2,2,2,0,0,,
FI,ordering_vs_input,612,1,1,1,0,0,,
FI,structuring_vs_ordering,612,1,1,1,0,0,,
FI,structuring_vs_input,612,1,1,1,0,0,,
FI,ordering_vs_input,613,3,3,3,0,0,,
FI,structuring_vs_ordering,613,3,3,3,0,0,,
FI,structuring_vs_input,613,3,3,3,0,0,,
FI,ordering_vs_input,614,7,6,6,1,0,hasToItsNorth,
FI,structuring_vs_ordering,614,6,6,6,0,0,,
FI,structuring_vs_input,614,7,6,6,1,0,hasToItsNorth,
FI,ordering_vs_input,615,6,6,6,0,0,,
FI,structuring_vs_ordering,615,6,6,6,0,0,,
FI,structuring_vs_input,615,6,6,6,0,0,,
FI,ordering_vs_input,616,2,2,2,0,0,,
FI,structuring_vs_ordering,616,2,2,2,0,0,,
FI,structuring_vs_input,616,2,2,2,0,0,,
FI,ordering_vs_input,617,2,2,2,0,0,,
FI,structuring_vs_ordering,617,2,2,2,0,0,,
FI,structuring_vs_input,617,2,2,2,0,0,,
FI,ordering_vs_input,618,4,4,4,0,0,,
FI,structuring_vs_ordering,618,4,4,4,0,0,,
FI,structuring_vs_input,618,4,4,4,0,0,,
FI,ordering_vs_input,619,1,1,1,0,0,,
FI,structuring_vs_ordering,619,1,1,1,0,0,,
FI,structuring_vs_input,619,1,1,1,0,0,,
FI,ordering_vs_input,620,3,3,3,0,0,,
FI,structuring_vs_ordering,620,3,3,3,0,0,,
FI,structuring_vs_input,620,3,3,3,0,0,,
FI,ordering_vs_input,621,1,1,1,0,0,,
FI,structuring_vs_ordering,621,1,1,1,0,0,,
FI,structuring_vs_input,621,1,1,1,0,0,,
FI,ordering_vs_input,622,3,3,3,0,0,,
FI,structuring_vs_ordering,622,3,3,3,0,0,,
FI,structuring_vs_input,622,3,3,3,0,0,,
FI,ordering_vs_input,623,4,3,3,1,0,icaoLocationIdentifier,
FI,structuring_vs_ordering,623,3,3,3,0,0,,
FI,structuring_vs_input,623,4,3,3,1,0,icaoLocationIdentifier,
FI,ordering_vs_input,624,1,1,1,0,0,,
FI,structuring_vs_ordering,624,1,1,1,0,0,,
FI,structuring_vs_input,624,1,1,1,0,0,,
FI,ordering_vs_input,625,1,1,1,0,0,,
FI,structuring_vs_ordering,625,1,1,1,0,0,,
FI,structuring_vs_input,625,1,1,1,0,0,,
FI,ordering_vs_input,626,1,1,1,0,0,,
FI,structuring_vs_ordering,626,1,1,1,0,0,,
FI,structuring_vs_input,626,1,1,1,0,0,,
FI,ordering_vs_input,627,2,2,2,0,0,,
FI,structuring_vs_ordering,627,2,2,2,0,0,,
FI,structuring_vs_input,627,2,2,2,0,0,,
FI,ordering_vs_input,628,2,2,2,0,0,,
FI,structuring_vs_ordering,628,2,2,2,0,0,,
FI,structuring_vs_input,628,2,2,2,0,0,,
FI,ordering_vs_input,629,2,2,2,0,0,,
FI,structuring_vs_ordering,629,2,2,2,0,0,,
FI,structuring_vs_input,629,2,2,2,0,0,,
FI,ordering_vs_input,630,2,2,2,0,0,,
FI,structuring_vs_ordering,630,2,2,2,0,0,,
FI,structuring_vs_input,630,2,2,2,0,0,,
FI,ordering_vs_input,631,4,1,1,3,0,recordedIn | releaseDate | runtime,
FI,structuring_vs_ordering,631,1,1,1,0,0,,
FI,structuring_vs_input,631,4,1,1,3,0,recordedIn | releaseDate | runtime,
FI,ordering_vs_input,632,2,2,2,0,0,,
FI,structuring_vs_ordering,632,2,2,2,0,0,,
FI,structuring_vs_input,632,2,2,2,0,0,,
FI,ordering_vs_input,633,1,1,1,0,0,,
FI,structuring_vs_ordering,633,1,1,1,0,0,,
FI,structuring_vs_input,633,1,1,1,0,0,,
FI,ordering_vs_input,634,4,4,4,0,0,,
FI,structuring_vs_ordering,634,4,4,4,0,0,,
FI,structuring_vs_input,634,4,4,4,0,0,,
FI,ordering_vs_input,635,3,2,2,1,0,producer,
FI,structuring_vs_ordering,635,2,2,2,0,0,,
FI,structuring_vs_input,635,3,2,2,1,0,producer,
FI,ordering_vs_input,636,3,3,3,0,0,,
FI,structuring_vs_ordering,636,3,3,3,0,0,,
FI,structuring_vs_input,636,3,3,3,0,0,,
FI,ordering_vs_input,637,3,3,3,0,0,,
FI,structuring_vs_ordering,637,3,3,3,0,0,,
FI,structuring_vs_input,637,3,3,3,0,0,,
FI,ordering_vs_input,638,3,3,3,0,0,,
FI,structuring_vs_ordering,638,3,3,3,0,0,,
FI,structuring_vs_input,638,3,3,3,0,0,,
FI,ordering_vs_input,639,5,5,5,0,0,,
FI,structuring_vs_ordering,639,5,5,5,0,0,,
FI,structuring_vs_input,639,5,5,5,0,0,,
FI,ordering_vs_input,640,3,3,3,0,0,,
FI,structuring_vs_ordering,640,3,3,3,0,0,,
FI,structuring_vs_input,640,3,3,3,0,0,,
FI,ordering_vs_input,641,2,2,2,0,0,,
FI,structuring_vs_ordering,641,2,2,2,0,0,,
FI,structuring_vs_input,641,2,2,2,0,0,,
FI,ordering_vs_input,642,4,4,4,0,0,,
FI,structuring_vs_ordering,642,4,4,4,0,0,,
FI,structuring_vs_input,642,4,4,4,0,0,,
FI,ordering_vs_input,643,6,5,5,1,0,artist,
FI,structuring_vs_ordering,643,5,5,5,0,0,,
FI,structuring_vs_input,643,6,5,5,1,0,artist,
FI,ordering_vs_input,644,5,3,3,2,0,producer | artist,
FI,structuring_vs_ordering,644,3,3,3,0,0,,
FI,structuring_vs_input,644,5,3,3,2,0,producer | artist,
FI,ordering_vs_input,645,7,7,7,0,0,,
FI,structuring_vs_ordering,645,7,7,7,0,0,,
FI,structuring_vs_input,645,7,7,7,0,0,,
FI,ordering_vs_input,646,7,7,7,0,0,,
FI,structuring_vs_ordering,646,7,7,7,0,0,,
FI,structuring_vs_input,646,7,7,7,0,0,,
FI,ordering_vs_input,647,5,5,5,0,0,,
FI,structuring_vs_ordering,647,5,5,5,0,0,,
FI,structuring_vs_input,647,5,5,5,0,0,,
FI,ordering_vs_input,648,7,7,7,0,0,,
FI,structuring_vs_ordering,648,7,7,7,0,0,,
FI,structuring_vs_input,648,7,7,7,0,0,,
FI,ordering_vs_input,649,7,7,7,0,0,,
FI,structuring_vs_ordering,649,7,7,7,0,0,,
FI,structuring_vs_input,649,7,7,7,0,0,,
FI,ordering_vs_input,650,4,4,4,0,0,,
FI,structuring_vs_ordering,650,4,4,4,0,0,,
FI,structuring_vs_input,650,4,4,4,0,0,,
FI,ordering_vs_input,651,4,2,2,2,0,releaseDate | producer,
FI,structuring_vs_ordering,651,2,2,2,0,0,,
FI,structuring_vs_input,651,4,2,2,2,0,releaseDate | producer,
FI,ordering_vs_input,652,7,5,5,2,0,status | award,
FI,structuring_vs_ordering,652,5,5,5,0,0,,
FI,structuring_vs_input,652,7,5,5,2,0,status | award,
FI,ordering_vs_input,653,2,2,2,0,0,,
FI,structuring_vs_ordering,653,2,2,2,0,0,,
FI,structuring_vs_input,653,2,2,2,0,0,,
FI,ordering_vs_input,654,1,1,1,0,0,,
FI,structuring_vs_ordering,654,1,1,1,0,0,,
FI,structuring_vs_input,654,1,1,1,0,0,,
FI,ordering_vs_input,655,3,3,3,0,0,,
FI,structuring_vs_ordering,655,3,3,3,0,0,,
FI,structuring_vs_input,655,3,3,3,0,0,,
FI,ordering_vs_input,656,5,4,4,1,0,citizenship,
FI,structuring_vs_ordering,656,4,4,4,0,0,,
FI,structuring_vs_input,656,5,4,4,1,0,citizenship,
FI,ordering_vs_input,657,6,4,4,2,0,writer | editing,
FI,structuring_vs_ordering,657,4,4,4,0,0,,
FI,structuring_vs_input,657,6,4,4,2,0,writer | editing,
FI,ordering_vs_input,658,6,5,5,1,0,icaoLocationIdentifier,
FI,structuring_vs_ordering,658,5,5,5,0,0,,
FI,structuring_vs_input,658,6,5,5,1,0,icaoLocationIdentifier,
FI,ordering_vs_input,659,3,3,3,0,0,,
FI,structuring_vs_ordering,659,3,3,3,0,0,,
FI,structuring_vs_input,659,3,3,3,0,0,,
FI,ordering_vs_input,660,1,1,1,0,0,,
FI,structuring_vs_ordering,660,1,1,1,0,0,,
FI,structuring_vs_input,660,1,1,1,0,0,,
FI,ordering_vs_input,661,3,3,3,0,0,,
FI,structuring_vs_ordering,661,3,3,3,0,0,,
FI,structuring_vs_input,661,3,3,3,0,0,,
FI,ordering_vs_input,662,3,3,3,0,0,,
FI,structuring_vs_ordering,662,3,3,3,0,0,,
FI,structuring_vs_input,662,3,3,3,0,0,,
FI,ordering_vs_input,663,2,2,2,0,0,,
FI,structuring_vs_ordering,663,2,2,2,0,0,,
FI,structuring_vs_input,663,2,2,2,0,0,,
FI,ordering_vs_input,664,1,1,1,0,0,,
FI,structuring_vs_ordering,664,1,1,1,0,0,,
FI,structuring_vs_input,664,1,1,1,0,0,,
FI,ordering_vs_input,665,2,1,1,1,0,writer,
FI,structuring_vs_ordering,665,1,1,1,0,0,,
FI,structuring_vs_input,665,2,1,1,1,0,writer,
FI,ordering_vs_input,666,6,6,6,0,0,,
FI,structuring_vs_ordering,666,6,6,6,0,0,,
FI,structuring_vs_input,666,6,6,6,0,0,,
FI,ordering_vs_input,667,3,3,3,0,0,,
FI,structuring_vs_ordering,667,3,3,3,0,0,,
FI,structuring_vs_input,667,3,3,3,0,0,,
FI,ordering_vs_input,668,3,3,3,0,0,,
FI,structuring_vs_ordering,668,3,3,3,0,0,,
FI,structuring_vs_input,668,3,3,3,0,0,,
FI,ordering_vs_input,669,1,1,1,0,0,,
FI,structuring_vs_ordering,669,1,1,1,0,0,,
FI,structuring_vs_input,669,1,1,1,0,0,,
FI,ordering_vs_input,670,4,4,4,0,0,,
FI,structuring_vs_ordering,670,4,4,4,0,0,,
FI,structuring_vs_input,670,4,4,4,0,0,,
FI,ordering_vs_input,671,7,6,6,1,0,region,
FI,structuring_vs_ordering,671,6,6,6,0,0,,
FI,structuring_vs_input,671,7,6,6,1,0,region,
FI,ordering_vs_input,672,1,1,1,0,0,,
FI,structuring_vs_ordering,672,1,1,1,0,0,,
FI,structuring_vs_input,672,1,1,1,0,0,,
FI,ordering_vs_input,673,4,2,2,2,0,releaseDate | producer,
FI,structuring_vs_ordering,673,2,2,2,0,0,,
FI,structuring_vs_input,673,4,2,2,2,0,releaseDate | producer,
FI,ordering_vs_input,674,5,5,5,0,0,,
FI,structuring_vs_ordering,674,5,5,5,0,0,,
FI,structuring_vs_input,674,5,5,5,0,0,,
FI,ordering_vs_input,675,4,4,4,0,0,,
FI,structuring_vs_ordering,675,4,4,4,0,0,,
FI,structuring_vs_input,675,4,4,4,0,0,,
FI,ordering_vs_input,676,1,1,1,0,0,,
FI,structuring_vs_ordering,676,1,1,1,0,0,,
FI,structuring_vs_input,676,1,1,1,0,0,,
FI,ordering_vs_input,677,1,1,1,0,0,,
FI,structuring_vs_ordering,677,1,1,1,0,0,,
FI,structuring_vs_input,677,1,1,1,0,0,,
FI,ordering_vs_input,678,1,1,1,0,0,,
FI,structuring_vs_ordering,678,1,1,1,0,0,,
FI,structuring_vs_input,678,1,1,1,0,0,,
FI,ordering_vs_input,679,2,2,2,0,0,,
FI,structuring_vs_ordering,679,2,2,2,0,0,,
FI,structuring_vs_input,679,2,2,2,0,0,,
FI,ordering_vs_input,680,4,3,3,1,0,professionalField,
FI,structuring_vs_ordering,680,3,3,3,0,0,,
FI,structuring_vs_input,680,4,3,3,1,0,professionalField,
FI,ordering_vs_input,681,5,5,5,0,0,,
FI,structuring_vs_ordering,681,5,5,5,0,0,,
FI,structuring_vs_input,681,5,5,5,0,0,,
FI,ordering_vs_input,682,4,4,4,0,0,,
FI,structuring_vs_ordering,682,4,4,4,0,0,,
FI,structuring_vs_input,682,4,4,4,0,0,,
FI,ordering_vs_input,683,6,6,6,0,0,,
FI,structuring_vs_ordering,683,6,6,6,0,0,,
FI,structuring_vs_input,683,6,6,6,0,0,,
FI,ordering_vs_input,684,2,2,2,0,0,,
FI,structuring_vs_ordering,684,2,2,2,0,0,,
FI,structuring_vs_input,684,2,2,2,0,0,,
FI,ordering_vs_input,685,5,5,5,0,0,,
FI,structuring_vs_ordering,685,5,5,5,0,0,,
FI,structuring_vs_input,685,5,5,5,0,0,,
FI,ordering_vs_input,686,5,5,5,0,0,,
FI,structuring_vs_ordering,686,5,5,5,0,0,,
FI,structuring_vs_input,686,5,5,5,0,0,,
FI,ordering_vs_input,687,1,1,1,0,0,,
FI,structuring_vs_ordering,687,1,1,1,0,0,,
FI,structuring_vs_input,687,1,1,1,0,0,,
FI,ordering_vs_input,688,1,1,1,0,0,,
FI,structuring_vs_ordering,688,1,1,1,0,0,,
FI,structuring_vs_input,688,1,1,1,0,0,,
FI,ordering_vs_input,689,5,3,3,2,0,recordedIn | recordedIn,
FI,structuring_vs_ordering,689,3,3,3,0,0,,
FI,structuring_vs_input,689,5,3,3,2,0,recordedIn | recordedIn,
FI,ordering_vs_input,690,3,2,2,1,0,artist,
FI,structuring_vs_ordering,690,2,2,2,0,0,,
FI,structuring_vs_input,690,3,2,2,1,0,artist,
FI,ordering_vs_input,691,6,5,5,1,0,location,
FI,structuring_vs_ordering,691,5,5,5,0,0,,
FI,structuring_vs_input,691,6,5,5,1,0,location,
FI,ordering_vs_input,692,4,3,3,1,0,writer,
FI,structuring_vs_ordering,692,3,3,3,0,0,,
FI,structuring_vs_input,692,4,3,3,1,0,writer,
FI,ordering_vs_input,693,4,4,4,0,0,,
FI,structuring_vs_ordering,693,4,4,4,0,0,,
FI,structuring_vs_input,693,4,4,4,0,0,,
FI,ordering_vs_input,694,4,4,4,0,0,,
FI,structuring_vs_ordering,694,4,4,4,0,0,,
FI,structuring_vs_input,694,4,4,4,0,0,,
FI,ordering_vs_input,695,1,1,1,0,0,,
FI,structuring_vs_ordering,695,1,1,1,0,0,,
FI,structuring_vs_input,695,1,1,1,0,0,,
FI,ordering_vs_input,696,3,3,3,0,0,,
FI,structuring_vs_ordering,696,3,3,3,0,0,,
FI,structuring_vs_input,696,3,3,3,0,0,,
FI,ordering_vs_input,697,7,7,7,0,0,,
FI,structuring_vs_ordering,697,7,7,7,0,0,,
FI,structuring_vs_input,697,7,7,7,0,0,,
FI,ordering_vs_input,698,4,3,3,1,0,type,
FI,structuring_vs_ordering,698,3,3,3,0,0,,
FI,structuring_vs_input,698,4,3,3,1,0,type,
FI,ordering_vs_input,699,3,3,3,0,0,,
FI,structuring_vs_ordering,699,3,3,3,0,0,,
FI,structuring_vs_input,699,3,3,3,0,0,,
FI,ordering_vs_input,700,5,5,5,0,0,,
FI,structuring_vs_ordering,700,5,5,5,0,0,,
FI,structuring_vs_input,700,5,5,5,0,0,,
FI,ordering_vs_input,701,6,6,6,0,0,,
FI,structuring_vs_ordering,701,6,6,6,0,0,,
FI,structuring_vs_input,701,6,6,6,0,0,,
FI,ordering_vs_input,702,1,1,1,0,0,,
FI,structuring_vs_ordering,702,1,1,1,0,0,,
FI,structuring_vs_input,702,1,1,1,0,0,,
FI,ordering_vs_input,703,2,2,2,0,0,,
FI,structuring_vs_ordering,703,2,2,2,0,0,,
FI,structuring_vs_input,703,2,2,2,0,0,,
FI,ordering_vs_input,704,1,1,1,0,0,,
FI,structuring_vs_ordering,704,1,1,1,0,0,,
FI,structuring_vs_input,704,1,1,1,0,0,,
FI,ordering_vs_input,705,5,4,4,1,0,citizenship,
FI,structuring_vs_ordering,705,4,4,4,0,0,,
FI,structuring_vs_input,705,5,4,4,1,0,citizenship,
FI,ordering_vs_input,706,6,4,4,2,0,citizenship | professionalField,
FI,structuring_vs_ordering,706,4,4,4,0,0,,
FI,structuring_vs_input,706,6,4,4,2,0,citizenship | professionalField,
FI,ordering_vs_input,707,3,2,2,1,0,recordedIn,
FI,structuring_vs_ordering,707,2,2,2,0,0,,
FI,structuring_vs_input,707,3,2,2,1,0,recordedIn,
FI,ordering_vs_input,708,7,7,7,0,0,,
FI,structuring_vs_ordering,708,7,7,7,0,0,,
FI,structuring_vs_input,708,7,7,7,0,0,,
FI,ordering_vs_input,709,5,4,4,1,0,training,
FI,structuring_vs_ordering,709,4,4,4,0,0,,
FI,structuring_vs_input,709,5,4,4,1,0,training,
FI,ordering_vs_input,710,2,2,2,0,0,,
FI,structuring_vs_ordering,710,2,2,2,0,0,,
FI,structuring_vs_input,710,2,2,2,0,0,,
FI,ordering_vs_input,711,6,6,6,0,0,,
FI,structuring_vs_ordering,711,6,6,6,0,0,,
FI,structuring_vs_input,711,6,6,6,0,0,,
FI,ordering_vs_input,712,2,2,2,0,0,,
FI,structuring_vs_ordering,712,2,2,2,0,0,,
FI,structuring_vs_input,712,2,2,2,0,0,,
FI,ordering_vs_input,713,2,2,2,0,0,,
FI,structuring_vs_ordering,713,2,2,2,0,0,,
FI,structuring_vs_input,713,2,2,2,0,0,,
FI,ordering_vs_input,714,3,3,3,0,0,,
FI,structuring_vs_ordering,714,3,3,3,0,0,,
FI,structuring_vs_input,714,3,3,3,0,0,,
FI,ordering_vs_input,715,1,1,1,0,0,,
FI,structuring_vs_ordering,715,1,1,1,0,0,,
FI,structuring_vs_input,715,1,1,1,0,0,,
FI,ordering_vs_input,716,3,3,3,0,0,,
FI,structuring_vs_ordering,716,3,3,3,0,0,,
FI,structuring_vs_input,716,3,3,3,0,0,,
FI,ordering_vs_input,717,2,2,2,0,0,,
FI,structuring_vs_ordering,717,2,2,2,0,0,,
FI,structuring_vs_input,717,2,2,2,0,0,,
FI,ordering_vs_input,718,2,1,1,1,0,writer,
FI,structuring_vs_ordering,718,1,1,1,0,0,,
FI,structuring_vs_input,718,2,1,1,1,0,writer,
FI,ordering_vs_input,719,1,1,1,0,0,,
FI,structuring_vs_ordering,719,1,1,1,0,0,,
FI,structuring_vs_input,719,1,1,1,0,0,,
FI,ordering_vs_input,720,3,3,3,0,0,,
FI,structuring_vs_ordering,720,3,3,3,0,0,,
FI,structuring_vs_input,720,3,3,3,0,0,,
FI,ordering_vs_input,721,2,2,2,0,0,,
FI,structuring_vs_ordering,721,2,2,2,0,0,,
FI,structuring_vs_input,721,2,2,2,0,0,,
FI,ordering_vs_input,722,2,2,2,0,0,,
FI,structuring_vs_ordering,722,2,2,2,0,0,,
FI,structuring_vs_input,722,2,2,2,0,0,,
FI,ordering_vs_input,723,1,1,1,0,0,,
FI,structuring_vs_ordering,723,1,1,1,0,0,,
FI,structuring_vs_input,723,1,1,1,0,0,,
FI,ordering_vs_input,724,2,2,2,0,0,,
FI,structuring_vs_ordering,724,2,2,2,0,0,,
FI,structuring_vs_input,724,2,2,2,0,0,,
FI,ordering_vs_input,725,3,2,2,1,0,gross,
FI,structuring_vs_ordering,725,2,2,2,0,0,,
FI,structuring_vs_input,725,3,2,2,1,0,gross,
FI,ordering_vs_input,726,1,1,1,0,0,,
FI,structuring_vs_ordering,726,1,1,1,0,0,,
FI,structuring_vs_input,726,1,1,1,0,0,,
FI,ordering_vs_input,727,6,6,6,0,0,,
FI,structuring_vs_ordering,727,6,6,6,0,0,,
FI,structuring_vs_input,727,6,6,6,0,0,,
FI,ordering_vs_input,728,1,1,1,0,0,,
FI,structuring_vs_ordering,728,1,1,1,0,0,,
FI,structuring_vs_input,728,1,1,1,0,0,,
FI,ordering_vs_input,729,1,1,1,0,0,,
FI,structuring_vs_ordering,729,1,1,1,0,0,,
FI,structuring_vs_input,729,1,1,1,0,0,,
FI,ordering_vs_input,730,4,3,3,1,0,producer,
FI,structuring_vs_ordering,730,3,3,3,0,0,,
FI,structuring_vs_input,730,4,3,3,1,0,producer,
FI,ordering_vs_input,731,6,6,6,0,0,,
FI,structuring_vs_ordering,731,6,6,6,0,0,,
FI,structuring_vs_input,731,6,6,6,0,0,,
FI,ordering_vs_input,732,5,1,1,4,0,runtime | artist | producer | producer,
FI,structuring_vs_ordering,732,1,1,1,0,0,,
FI,structuring_vs_input,732,5,1,1,4,0,runtime | artist | producer | producer,
FI,ordering_vs_input,733,6,6,6,0,0,,
FI,structuring_vs_ordering,733,6,6,6,0,0,,
FI,structuring_vs_input,733,6,6,6,0,0,,
FI,ordering_vs_input,734,3,3,3,0,0,,
FI,structuring_vs_ordering,734,3,3,3,0,0,,
FI,structuring_vs_input,734,3,3,3,0,0,,
FI,ordering_vs_input,735,7,7,7,0,0,,
FI,structuring_vs_ordering,735,7,7,7,0,0,,
FI,structuring_vs_input,735,7,7,7,0,0,,
FI,ordering_vs_input,736,4,3,3,1,0,citizenship,
FI,structuring_vs_ordering,736,3,3,3,0,0,,
FI,structuring_vs_input,736,4,3,3,1,0,citizenship,
FI,ordering_vs_input,737,3,3,3,0,0,,
FI,structuring_vs_ordering,737,3,3,3,0,0,,
FI,structuring_vs_input,737,3,3,3,0,0,,
FI,ordering_vs_input,738,3,3,3,0,0,,
FI,structuring_vs_ordering,738,3,3,3,0,0,,
FI,structuring_vs_input,738,3,3,3,0,0,,
FI,ordering_vs_input,739,3,3,3,0,0,,
FI,structuring_vs_ordering,739,3,3,3,0,0,,
FI,structuring_vs_input,739,3,3,3,0,0,,
FI,ordering_vs_input,740,3,3,3,0,0,,
FI,structuring_vs_ordering,740,3,3,3,0,0,,
FI,structuring_vs_input,740,3,3,3,0,0,,
FI,ordering_vs_input,741,7,5,5,2,0,editing | writer,
FI,structuring_vs_ordering,741,5,5,5,0,0,,
FI,structuring_vs_input,741,7,5,5,2,0,editing | writer,
FI,ordering_vs_input,742,5,4,4,1,0,professionalField,
FI,structuring_vs_ordering,742,4,4,4,0,0,,
FI,structuring_vs_input,742,5,4,4,1,0,professionalField,
FI,ordering_vs_input,743,4,4,4,0,0,,
FI,structuring_vs_ordering,743,4,4,4,0,0,,
FI,structuring_vs_input,743,4,4,4,0,0,,
FI,ordering_vs_input,744,3,3,3,0,0,,
FI,structuring_vs_ordering,744,3,3,3,0,0,,
FI,structuring_vs_input,744,3,3,3,0,0,,
FI,ordering_vs_input,745,7,6,6,1,0,selectedByNasa,
FI,structuring_vs_ordering,745,6,6,6,0,0,,
FI,structuring_vs_input,745,7,6,6,1,0,selectedByNasa,
FI,ordering_vs_input,746,2,2,2,0,0,,
FI,structuring_vs_ordering,746,2,2,2,0,0,,
FI,structuring_vs_input,746,2,2,2,0,0,,
FI,ordering_vs_input,747,7,5,5,2,0,mission | award,
FI,structuring_vs_ordering,747,5,5,5,0,0,,
FI,structuring_vs_input,747,7,5,5,2,0,mission | award,
FI,ordering_vs_input,748,3,2,2,1,0,producer,
FI,structuring_vs_ordering,748,2,2,2,0,0,,
FI,structuring_vs_input,748,3,2,2,1,0,producer,
FI,ordering_vs_input,749,3,3,3,0,0,,
FI,structuring_vs_ordering,749,3,3,3,0,0,,
FI,structuring_vs_input,749,3,3,3,0,0,,
FI,ordering_vs_input,750,3,3,3,0,0,,
FI,structuring_vs_ordering,750,3,3,3,0,0,,
FI,structuring_vs_input,750,3,3,3,0,0,,
FI,ordering_vs_input,751,2,2,2,0,0,,
FI,structuring_vs_ordering,751,2,2,2,0,0,,
FI,structuring_vs_input,751,2,2,2,0,0,,
FI,ordering_vs_input,752,5,5,5,0,0,,
FI,structuring_vs_ordering,752,5,5,5,0,0,,
FI,structuring_vs_input,752,5,5,5,0,0,,
FI,ordering_vs_input,753,7,2,2,5,0,artist | producer | runtime | recordedIn | recordedIn,
FI,structuring_vs_ordering,753,2,2,2,0,0,,
FI,structuring_vs_input,753,7,2,2,5,0,artist | producer | runtime | recordedIn | recordedIn,
FI,ordering_vs_input,754,4,3,3,1,0,imdbId,
FI,structuring_vs_ordering,754,3,3,3,0,0,,
FI,structuring_vs_input,754,4,3,3,1,0,imdbId,
FI,ordering_vs_input,755,4,3,3,1,0,professionalField,
FI,structuring_vs_ordering,755,3,3,3,0,0,,
FI,structuring_vs_input,755,4,3,3,1,0,professionalField,
FI,ordering_vs_input,756,2,2,2,0,0,,
FI,structuring_vs_ordering,756,2,2,2,0,0,,
FI,structuring_vs_input,756,2,2,2,0,0,,
FI,ordering_vs_input,757,3,3,3,0,0,,
FI,structuring_vs_ordering,757,3,3,3,0,0,,
FI,structuring_vs_input,757,3,3,3,0,0,,
FI,ordering_vs_input,758,2,2,2,0,0,,
FI,structuring_vs_ordering,758,2,2,2,0,0,,
FI,structuring_vs_input,758,2,2,2,0,0,,
FI,ordering_vs_input,759,4,4,4,0,0,,
FI,structuring_vs_ordering,759,4,4,4,0,0,,
FI,structuring_vs_input,759,4,4,4,0,0,,
FI,ordering_vs_input,760,2,2,2,0,0,,
FI,structuring_vs_ordering,760,2,2,2,0,0,,
FI,structuring_vs_input,760,2,2,2,0,0,,
FI,ordering_vs_input,761,2,2,2,0,0,,
FI,structuring_vs_ordering,761,2,2,2,0,0,,
FI,structuring_vs_input,761,2,2,2,0,0,,
FI,ordering_vs_input,762,5,5,5,0,0,,
FI,structuring_vs_ordering,762,5,5,5,0,0,,
FI,structuring_vs_input,762,5,5,5,0,0,,
FI,ordering_vs_input,763,5,4,4,1,0,training,
FI,structuring_vs_ordering,763,4,4,4,0,0,,
FI,structuring_vs_input,763,5,4,4,1,0,training,
FI,ordering_vs_input,764,6,6,6,0,0,,
FI,structuring_vs_ordering,764,6,6,6,0,0,,
FI,structuring_vs_input,764,6,6,6,0,0,,
FI,ordering_vs_input,765,1,1,1,0,0,,
FI,structuring_vs_ordering,765,1,1,1,0,0,,
FI,structuring_vs_input,765,1,1,1,0,0,,
FI,ordering_vs_input,766,5,3,3,2,0,writer | writer,
FI,structuring_vs_ordering,766,3,3,3,0,0,,
FI,structuring_vs_input,766,5,3,3,2,0,writer | writer,
FI,ordering_vs_input,767,6,5,5,1,0,location,
FI,structuring_vs_ordering,767,5,5,5,0,0,,
FI,structuring_vs_input,767,6,5,5,1,0,location,
FI,ordering_vs_input,768,3,3,3,0,0,,
FI,structuring_vs_ordering,768,3,3,3,0,0,,
FI,structuring_vs_input,768,3,3,3,0,0,,
FI,ordering_vs_input,769,6,5,5,1,0,location,
FI,structuring_vs_ordering,769,5,5,5,0,0,,
FI,structuring_vs_input,769,6,5,5,1,0,location,
FI,ordering_vs_input,770,2,2,2,0,0,,
FI,structuring_vs_ordering,770,2,2,2,0,0,,
FI,structuring_vs_input,770,2,2,2,0,0,,
FI,ordering_vs_input,771,6,2,2,4,0,writer | writer | producer | format,
FI,structuring_vs_ordering,771,2,2,2,0,0,,
FI,structuring_vs_input,771,6,2,2,4,0,writer | writer | producer | format,
FI,ordering_vs_input,772,1,1,1,0,0,,
FI,structuring_vs_ordering,772,1,1,1,0,0,,
FI,structuring_vs_input,772,1,1,1,0,0,,
FI,ordering_vs_input,773,6,6,6,0,0,,
FI,structuring_vs_ordering,773,6,6,6,0,0,,
FI,structuring_vs_input,773,6,6,6,0,0,,
FI,ordering_vs_input,774,4,4,4,0,0,,
FI,structuring_vs_ordering,774,4,4,4,0,0,,
FI,structuring_vs_input,774,4,4,4,0,0,,
FI,ordering_vs_input,775,2,2,2,0,0,,
FI,structuring_vs_ordering,775,2,2,2,0,0,,
FI,structuring_vs_input,775,2,2,2,0,0,,
FI,ordering_vs_input,776,3,1,1,2,0,writer | writer,
FI,structuring_vs_ordering,776,1,1,1,0,0,,
FI,structuring_vs_input,776,3,1,1,2,0,writer | writer,
FI,ordering_vs_input,777,2,2,2,0,0,,
FI,structuring_vs_ordering,777,2,2,2,0,0,,
FI,structuring_vs_input,777,2,2,2,0,0,,
FI,ordering_vs_input,778,3,3,3,0,0,,
FI,structuring_vs_ordering,778,3,3,3,0,0,,
FI,structuring_vs_input,778,3,3,3,0,0,,
FI,ordering_vs_input,779,2,2,2,0,0,,
FI,structuring_vs_ordering,779,2,2,2,0,0,,
FI,structuring_vs_input,779,2,2,2,0,0,,
FI,ordering_vs_input,780,2,2,2,0,0,,
FI,structuring_vs_ordering,780,2,2,2,0,0,,
FI,structuring_vs_input,780,2,2,2,0,0,,
FI,ordering_vs_input,781,2,2,2,0,0,,
FI,structuring_vs_ordering,781,2,2,2,0,0,,
FI,structuring_vs_input,781,2,2,2,0,0,,
FI,ordering_vs_input,782,4,4,4,0,0,,
FI,structuring_vs_ordering,782,4,4,4,0,0,,
FI,structuring_vs_input,782,4,4,4,0,0,,
FI,ordering_vs_input,783,3,2,2,1,0,recordedIn,
FI,structuring_vs_ordering,783,2,2,2,0,0,,
FI,structuring_vs_input,783,3,2,2,1,0,recordedIn,
FI,ordering_vs_input,784,2,2,2,0,0,,
FI,structuring_vs_ordering,784,2,2,2,0,0,,
FI,structuring_vs_input,784,2,2,2,0,0,,
FI,ordering_vs_input,785,2,2,2,0,0,,
FI,structuring_vs_ordering,785,2,2,2,0,0,,
FI,structuring_vs_input,785,2,2,2,0,0,,
FI,ordering_vs_input,786,3,2,2,1,0,training,
FI,structuring_vs_ordering,786,2,2,2,0,0,,
FI,structuring_vs_input,786,3,2,2,1,0,training,
FI,ordering_vs_input,787,1,1,1,0,0,,
FI,structuring_vs_ordering,787,1,1,1,0,0,,
FI,structuring_vs_input,787,1,1,1,0,0,,
FI,ordering_vs_input,788,6,6,6,0,0,,
FI,structuring_vs_ordering,788,6,6,6,0,0,,
FI,structuring_vs_input,788,6,6,6,0,0,,
FI,ordering_vs_input,789,4,1,1,3,0,producer | runtime | artist,
FI,structuring_vs_ordering,789,1,1,1,0,0,,
FI,structuring_vs_input,789,4,1,1,3,0,producer | runtime | artist,
FI,ordering_vs_input,790,1,1,1,0,0,,
FI,structuring_vs_ordering,790,1,1,1,0,0,,
FI,structuring_vs_input,790,1,1,1,0,0,,
FI,ordering_vs_input,791,3,3,3,0,0,,
FI,structuring_vs_ordering,791,3,3,3,0,0,,
FI,structuring_vs_input,791,3,3,3,0,0,,
FI,ordering_vs_input,792,1,1,1,0,0,,
FI,structuring_vs_ordering,792,1,1,1,0,0,,
FI,structuring_vs_input,792,1,1,1,0,0,,
FI,ordering_vs_input,793,2,1,1,1,0,producer,
FI,structuring_vs_ordering,793,1,1,1,0,0,,
FI,structuring_vs_input,793,2,1,1,1,0,producer,
FI,ordering_vs_input,794,4,4,4,0,0,,
FI,structuring_vs_ordering,794,4,4,4,0,0,,
FI,structuring_vs_input,794,4,4,4,0,0,,
FI,ordering_vs_input,795,1,1,1,0,0,,
FI,structuring_vs_ordering,795,1,1,1,0,0,,
FI,structuring_vs_input,795,1,1,1,0,0,,
FI,ordering_vs_input,796,1,1,1,0,0,,
FI,structuring_vs_ordering,796,1,1,1,0,0,,
FI,structuring_vs_input,796,1,1,1,0,0,,
FI,ordering_vs_input,797,1,1,1,0,0,,
FI,structuring_vs_ordering,797,1,1,1,0,0,,
FI,structuring_vs_input,797,1,1,1,0,0,,
FI,ordering_vs_input,798,3,3,3,0,0,,
FI,structuring_vs_ordering,798,3,3,3,0,0,,
FI,structuring_vs_input,798,3,3,3,0,0,,
FI,ordering_vs_input,799,4,4,4,0,0,,
FI,structuring_vs_ordering,799,4,4,4,0,0,,
FI,structuring_vs_input,799,4,4,4,0,0,,
FI,ordering_vs_input,800,4,4,4,0,0,,
FI,structuring_vs_ordering,800,4,4,4,0,0,,
FI,structuring_vs_input,800,4,4,4,0,0,,
FI,ordering_vs_input,801,2,2,2,0,0,,
FI,structuring_vs_ordering,801,2,2,2,0,0,,
FI,structuring_vs_input,801,2,2,2,0,0,,
FI,ordering_vs_input,802,4,4,4,0,0,,
FI,structuring_vs_ordering,802,4,4,4,0,0,,
FI,structuring_vs_input,802,4,4,4,0,0,,
FI,ordering_vs_input,803,1,1,1,0,0,,
FI,structuring_vs_ordering,803,1,1,1,0,0,,
FI,structuring_vs_input,803,1,1,1,0,0,,
FI,ordering_vs_input,804,1,1,1,0,0,,
FI,structuring_vs_ordering,804,1,1,1,0,0,,
FI,structuring_vs_input,804,1,1,1,0,0,,
FI,ordering_vs_input,805,4,4,4,0,0,,
FI,structuring_vs_ordering,805,4,4,4,0,0,,
FI,structuring_vs_input,805,4,4,4,0,0,,
FI,ordering_vs_input,806,1,1,1,0,0,,
FI,structuring_vs_ordering,806,1,1,1,0,0,,
FI,structuring_vs_input,806,1,1,1,0,0,,
FI,ordering_vs_input,807,1,1,1,0,0,,
FI,structuring_vs_ordering,807,1,1,1,0,0,,
FI,structuring_vs_input,807,1,1,1,0,0,,
FI,ordering_vs_input,808,2,2,2,0,0,,
FI,structuring_vs_ordering,808,2,2,2,0,0,,
FI,structuring_vs_input,808,2,2,2,0,0,,
FI,ordering_vs_input,809,2,2,2,0,0,,
FI,structuring_vs_ordering,809,2,2,2,0,0,,
FI,structuring_vs_input,809,2,2,2,0,0,,
FI,ordering_vs_input,810,5,5,5,0,0,,
FI,structuring_vs_ordering,810,5,5,5,0,0,,
FI,structuring_vs_input,810,5,5,5,0,0,,
FI,ordering_vs_input,811,5,1,1,4,0,producer | runtime | artist | type,
FI,structuring_vs_ordering,811,1,1,1,0,0,,
FI,structuring_vs_input,811,5,1,1,4,0,producer | runtime | artist | type,
FI,ordering_vs_input,812,3,3,3,0,0,,
FI,structuring_vs_ordering,812,3,3,3,0,0,,
FI,structuring_vs_input,812,3,3,3,0,0,,
FI,ordering_vs_input,813,4,4,4,0,0,,
FI,structuring_vs_ordering,813,4,4,4,0,0,,
FI,structuring_vs_input,813,4,4,4,0,0,,
FI,ordering_vs_input,814,5,5,5,0,0,,
FI,structuring_vs_ordering,814,5,5,5,0,0,,
FI,structuring_vs_input,814,5,5,5,0,0,,
FI,ordering_vs_input,815,1,1,1,0,0,,
FI,structuring_vs_ordering,815,1,1,1,0,0,,
FI,structuring_vs_input,815,1,1,1,0,0,,
FI,ordering_vs_input,816,3,3,3,0,0,,
FI,structuring_vs_ordering,816,3,3,3,0,0,,
FI,structuring_vs_input,816,3,3,3,0,0,,
FI,ordering_vs_input,817,2,2,2,0,0,,
FI,structuring_vs_ordering,817,2,2,2,0,0,,
FI,structuring_vs_input,817,2,2,2,0,0,,
FI,ordering_vs_input,818,1,1,1,0,0,,
FI,structuring_vs_ordering,818,1,1,1,0,0,,
FI,structuring_vs_input,818,1,1,1,0,0,,
FI,ordering_vs_input,819,1,1,1,0,0,,
FI,structuring_vs_ordering,819,1,1,1,0,0,,
FI,structuring_vs_input,819,1,1,1,0,0,,
FI,ordering_vs_input,820,4,4,4,0,0,,
FI,structuring_vs_ordering,820,4,4,4,0,0,,
FI,structuring_vs_input,820,4,4,4,0,0,,
FI,ordering_vs_input,821,2,2,2,0,0,,
FI,structuring_vs_ordering,821,2,2,2,0,0,,
FI,structuring_vs_input,821,2,2,2,0,0,,
FI,ordering_vs_input,822,1,1,1,0,0,,
FI,structuring_vs_ordering,822,1,1,1,0,0,,
FI,structuring_vs_input,822,1,1,1,0,0,,
FI,ordering_vs_input,823,3,3,3,0,0,,
FI,structuring_vs_ordering,823,3,3,3,0,0,,
FI,structuring_vs_input,823,3,3,3,0,0,,
FI,ordering_vs_input,824,1,1,1,0,0,,
FI,structuring_vs_ordering,824,1,1,1,0,0,,
FI,structuring_vs_input,824,1,1,1,0,0,,
FI,ordering_vs_input,825,2,2,2,0,0,,
FI,structuring_vs_ordering,825,2,2,2,0,0,,
FI,structuring_vs_input,825,2,2,2,0,0,,
FI,ordering_vs_input,826,5,5,5,0,0,,
FI,structuring_vs_ordering,826,5,5,5,0,0,,
FI,structuring_vs_input,826,5,5,5,0,0,,
FI,ordering_vs_input,827,3,2,2,1,0,writer,
FI,structuring_vs_ordering,827,2,2,2,0,0,,
FI,structuring_vs_input,827,3,2,2,1,0,writer,
FI,ordering_vs_input,828,4,4,4,0,0,,
FI,structuring_vs_ordering,828,4,4,4,0,0,,
FI,structuring_vs_input,828,4,4,4,0,0,,
FI,ordering_vs_input,829,1,1,1,0,0,,
FI,structuring_vs_ordering,829,1,1,1,0,0,,
FI,structuring_vs_input,829,1,1,1,0,0,,
FI,ordering_vs_input,830,3,3,3,0,0,,
FI,structuring_vs_ordering,830,3,3,3,0,0,,
FI,structuring_vs_input,830,3,3,3,0,0,,
FI,ordering_vs_input,831,1,1,1,0,0,,
FI,structuring_vs_ordering,831,1,1,1,0,0,,
FI,structuring_vs_input,831,1,1,1,0,0,,
FI,ordering_vs_input,832,1,1,1,0,0,,
FI,structuring_vs_ordering,832,1,1,1,0,0,,
FI,structuring_vs_input,832,1,1,1,0,0,,
FI,ordering_vs_input,833,7,7,7,0,0,,
FI,structuring_vs_ordering,833,7,7,7,0,0,,
FI,structuring_vs_input,833,7,7,7,0,0,,
FI,ordering_vs_input,834,3,3,3,0,0,,
FI,structuring_vs_ordering,834,3,3,3,0,0,,
FI,structuring_vs_input,834,3,3,3,0,0,,
FI,ordering_vs_input,835,6,5,5,1,0,type,
FI,structuring_vs_ordering,835,5,5,5,0,0,,
FI,structuring_vs_input,835,6,5,5,1,0,type,
FI,ordering_vs_input,836,7,6,6,1,0,professionalField,
FI,structuring_vs_ordering,836,6,6,6,0,0,,
FI,structuring_vs_input,836,7,6,6,1,0,professionalField,
FI,ordering_vs_input,837,4,4,4,0,0,,
FI,structuring_vs_ordering,837,4,4,4,0,0,,
FI,structuring_vs_input,837,4,4,4,0,0,,
FI,ordering_vs_input,838,1,1,1,0,0,,
FI,structuring_vs_ordering,838,1,1,1,0,0,,
FI,structuring_vs_input,838,1,1,1,0,0,,
FI,ordering_vs_input,839,4,4,4,0,0,,
FI,structuring_vs_ordering,839,4,4,4,0,0,,
FI,structuring_vs_input,839,4,4,4,0,0,,
FI,ordering_vs_input,840,6,6,6,0,0,,
FI,structuring_vs_ordering,840,6,6,6,0,0,,
FI,structuring_vs_input,840,6,6,6,0,0,,
FI,ordering_vs_input,841,2,2,2,0,0,,
FI,structuring_vs_ordering,841,2,2,2,0,0,,
FI,structuring_vs_input,841,2,2,2,0,0,,
FI,ordering_vs_input,842,3,1,1,2,0,training | professionalField,
FI,structuring_vs_ordering,842,1,1,1,0,0,,
FI,structuring_vs_input,842,3,1,1,2,0,training | professionalField,
FI,ordering_vs_input,843,2,2,2,0,0,,
FI,structuring_vs_ordering,843,2,2,2,0,0,,
FI,structuring_vs_input,843,2,2,2,0,0,,
FI,ordering_vs_input,844,2,2,2,0,0,,
FI,structuring_vs_ordering,844,2,2,2,0,0,,
FI,structuring_vs_input,844,2,2,2,0,0,,
FI,ordering_vs_input,845,2,2,2,0,0,,
FI,structuring_vs_ordering,845,2,2,2,0,0,,
FI,structuring_vs_input,845,2,2,2,0,0,,
FI,ordering_vs_input,846,4,2,2,2,0,writer | writer,
FI,structuring_vs_ordering,846,2,2,2,0,0,,
FI,structuring_vs_input,846,4,2,2,2,0,writer | writer,
FI,ordering_vs_input,847,2,2,2,0,0,,
FI,structuring_vs_ordering,847,2,2,2,0,0,,
FI,structuring_vs_input,847,2,2,2,0,0,,
FI,ordering_vs_input,848,5,5,5,0,0,,
FI,structuring_vs_ordering,848,5,5,5,0,0,,
FI,structuring_vs_input,848,5,5,5,0,0,,
FI,ordering_vs_input,849,7,6,6,1,0,location,
FI,structuring_vs_ordering,849,6,6,6,0,0,,
FI,structuring_vs_input,849,7,6,6,1,0,location,
FI,ordering_vs_input,850,4,4,4,0,0,,
FI,structuring_vs_ordering,850,4,4,4,0,0,,
FI,structuring_vs_input,850,4,4,4,0,0,,
FI,ordering_vs_input,851,7,3,3,4,0,producer | runtime | artist | type,
FI,structuring_vs_ordering,851,3,3,3,0,0,,
FI,structuring_vs_input,851,7,3,3,4,0,producer | runtime | artist | type,
FI,ordering_vs_input,852,2,2,2,0,0,,
FI,structuring_vs_ordering,852,2,2,2,0,0,,
FI,structuring_vs_input,852,2,2,2,0,0,,
FI,ordering_vs_input,853,5,5,5,0,0,,
FI,structuring_vs_ordering,853,5,5,5,0,0,,
FI,structuring_vs_input,853,5,5,5,0,0,,
FI,ordering_vs_input,854,5,5,5,0,0,,
FI,structuring_vs_ordering,854,5,5,5,0,0,,
FI,structuring_vs_input,854,5,5,5,0,0,,
FI,ordering_vs_input,855,3,3,3,0,0,,
FI,structuring_vs_ordering,855,3,3,3,0,0,,
FI,structuring_vs_input,855,3,3,3,0,0,,
FI,ordering_vs_input,856,4,4,4,0,0,,
FI,structuring_vs_ordering,856,4,4,4,0,0,,
FI,structuring_vs_input,856,4,4,4,0,0,,
FI,ordering_vs_input,857,7,7,7,0,0,,
FI,structuring_vs_ordering,857,7,7,7,0,0,,
FI,structuring_vs_input,857,7,7,7,0,0,,
FI,ordering_vs_input,858,4,4,4,0,0,,
FI,structuring_vs_ordering,858,4,4,4,0,0,,
FI,structuring_vs_input,858,4,4,4,0,0,,
FI,ordering_vs_input,859,1,1,1,0,0,,
FI,structuring_vs_ordering,859,1,1,1,0,0,,
FI,structuring_vs_input,859,1,1,1,0,0,,
FI,ordering_vs_input,860,2,2,2,0,0,,
FI,structuring_vs_ordering,860,2,2,2,0,0,,
FI,structuring_vs_input,860,2,2,2,0,0,,
FI,ordering_vs_input,861,2,2,2,0,0,,
FI,structuring_vs_ordering,861,2,2,2,0,0,,
FI,structuring_vs_input,861,2,2,2,0,0,,
FI,ordering_vs_input,862,4,4,4,0,0,,
FI,structuring_vs_ordering,862,4,4,4,0,0,,
FI,structuring_vs_input,862,4,4,4,0,0,,
FI,ordering_vs_input,863,4,4,4,0,0,,
FI,structuring_vs_ordering,863,4,4,4,0,0,,
FI,structuring_vs_input,863,4,4,4,0,0,,
FI,ordering_vs_input,864,2,2,2,0,0,,
FI,structuring_vs_ordering,864,2,2,2,0,0,,
FI,structuring_vs_input,864,2,2,2,0,0,,
FI,ordering_vs_input,865,4,3,3,1,0,producer,
FI,structuring_vs_ordering,865,3,3,3,0,0,,
FI,structuring_vs_input,865,4,3,3,1,0,producer,
FI,ordering_vs_input,866,1,1,1,0,0,,
FI,structuring_vs_ordering,866,1,1,1,0,0,,
FI,structuring_vs_input,866,1,1,1,0,0,,
FI,ordering_vs_input,867,1,1,1,0,0,,
FI,structuring_vs_ordering,867,1,1,1,0,0,,
FI,structuring_vs_input,867,1,1,1,0,0,,
FI,ordering_vs_input,868,2,2,2,0,0,,
FI,structuring_vs_ordering,868,2,2,2,0,0,,
FI,structuring_vs_input,868,2,2,2,0,0,,
FI,ordering_vs_input,869,4,4,4,0,0,,
FI,structuring_vs_ordering,869,4,4,4,0,0,,
FI,structuring_vs_input,869,4,4,4,0,0,,
FI,ordering_vs_input,870,6,6,6,0,0,,
FI,structuring_vs_ordering,870,6,6,6,0,0,,
FI,structuring_vs_input,870,6,6,6,0,0,,
FI,ordering_vs_input,871,3,3,3,0,0,,
FI,structuring_vs_ordering,871,3,3,3,0,0,,
FI,structuring_vs_input,871,3,3,3,0,0,,
FI,ordering_vs_input,872,5,3,3,2,0,professionalField | professionalField,
FI,structuring_vs_ordering,872,3,3,3,0,0,,
FI,structuring_vs_input,872,5,3,3,2,0,professionalField | professionalField,
FI,ordering_vs_input,873,3,3,3,0,0,,
FI,structuring_vs_ordering,873,3,3,3,0,0,,
FI,structuring_vs_input,873,3,3,3,0,0,,
FI,ordering_vs_input,874,1,1,1,0,0,,
FI,structuring_vs_ordering,874,1,1,1,0,0,,
FI,structuring_vs_input,874,1,1,1,0,0,,
FI,ordering_vs_input,875,5,5,5,0,0,,
FI,structuring_vs_ordering,875,5,5,5,0,0,,
FI,structuring_vs_input,875,5,5,5,0,0,,
FI,ordering_vs_input,876,3,3,3,0,0,,
FI,structuring_vs_ordering,876,3,3,3,0,0,,
FI,structuring_vs_input,876,3,3,3,0,0,,
FI,ordering_vs_input,877,2,2,2,0,0,,
FI,structuring_vs_ordering,877,2,2,2,0,0,,
FI,structuring_vs_input,877,2,2,2,0,0,,
FI,ordering_vs_input,878,1,1,1,0,0,,
FI,structuring_vs_ordering,878,1,1,1,0,0,,
FI,structuring_vs_input,878,1,1,1,0,0,,
FI,ordering_vs_input,879,1,1,1,0,0,,
FI,structuring_vs_ordering,879,1,1,1,0,0,,
FI,structuring_vs_input,879,1,1,1,0,0,,
FI,ordering_vs_input,880,3,3,3,0,0,,
FI,structuring_vs_ordering,880,3,3,3,0,0,,
FI,structuring_vs_input,880,3,3,3,0,0,,
FI,ordering_vs_input,881,2,2,2,0,0,,
FI,structuring_vs_ordering,881,2,2,2,0,0,,
FI,structuring_vs_input,881,2,2,2,0,0,,
FI,ordering_vs_input,882,6,6,6,0,0,,
FI,structuring_vs_ordering,882,6,6,6,0,0,,
FI,structuring_vs_input,882,6,6,6,0,0,,
FI,ordering_vs_input,883,5,5,5,0,0,,
FI,structuring_vs_ordering,883,5,5,5,0,0,,
FI,structuring_vs_input,883,5,5,5,0,0,,
FI,ordering_vs_input,884,5,5,5,0,0,,
FI,structuring_vs_ordering,884,5,5,5,0,0,,
FI,structuring_vs_input,884,5,5,5,0,0,,
FI,ordering_vs_input,885,3,3,3,0,0,,
FI,structuring_vs_ordering,885,3,3,3,0,0,,
FI,structuring_vs_input,885,3,3,3,0,0,,
FI,ordering_vs_input,886,3,3,3,0,0,,
FI,structuring_vs_ordering,886,3,3,3,0,0,,
FI,structuring_vs_input,886,3,3,3,0,0,,
FI,ordering_vs_input,887,6,5,5,1,0,architect,
FI,structuring_vs_ordering,887,5,5,5,0,0,,
FI,structuring_vs_input,887,6,5,5,1,0,architect,
FI,ordering_vs_input,888,4,4,4,0,0,,
FI,structuring_vs_ordering,888,4,4,4,0,0,,
FI,structuring_vs_input,888,4,4,4,0,0,,
FI,ordering_vs_input,889,7,7,7,0,0,,
FI,structuring_vs_ordering,889,7,7,7,0,0,,
FI,structuring_vs_input,889,7,7,7,0,0,,
FI,ordering_vs_input,890,2,2,2,0,0,,
FI,structuring_vs_ordering,890,2,2,2,0,0,,
FI,structuring_vs_input,890,2,2,2,0,0,,
FI,ordering_vs_input,891,3,2,2,1,0,professionalField,
FI,structuring_vs_ordering,891,2,2,2,0,0,,
FI,structuring_vs_input,891,3,2,2,1,0,professionalField,
FI,ordering_vs_input,892,5,3,3,2,0,imdbId | writer,
FI,structuring_vs_ordering,892,3,3,3,0,0,,
FI,structuring_vs_input,892,5,3,3,2,0,imdbId | writer,
FI,ordering_vs_input,893,3,2,2,1,0,professionalField,
FI,structuring_vs_ordering,893,2,2,2,0,0,,
FI,structuring_vs_input,893,3,2,2,1,0,professionalField,
FI,ordering_vs_input,894,2,2,2,0,0,,
FI,structuring_vs_ordering,894,2,2,2,0,0,,
FI,structuring_vs_input,894,2,2,2,0,0,,
FI,ordering_vs_input,895,1,1,1,0,0,,
FI,structuring_vs_ordering,895,1,1,1,0,0,,
FI,structuring_vs_input,895,1,1,1,0,0,,
FI,ordering_vs_input,896,2,2,2,0,0,,
FI,structuring_vs_ordering,896,2,2,2,0,0,,
FI,structuring_vs_input,896,2,2,2,0,0,,
FI,ordering_vs_input,897,7,7,7,0,0,,
FI,structuring_vs_ordering,897,7,7,7,0,0,,
FI,structuring_vs_input,897,7,7,7,0,0,,
FI,ordering_vs_input,898,6,6,6,0,0,,
FI,structuring_vs_ordering,898,6,6,6,0,0,,
FI,structuring_vs_input,898,6,6,6,0,0,,
FI,ordering_vs_input,899,1,1,1,0,0,,
FI,structuring_vs_ordering,899,1,1,1,0,0,,
FI,structuring_vs_input,899,1,1,1,0,0,,
FI,ordering_vs_input,900,5,5,5,0,0,,
FI,structuring_vs_ordering,900,5,5,5,0,0,,
FI,structuring_vs_input,900,5,5,5,0,0,,
FI,ordering_vs_input,901,3,3,3,0,0,,
FI,structuring_vs_ordering,901,3,3,3,0,0,,
FI,structuring_vs_input,901,3,3,3,0,0,,
FI,ordering_vs_input,902,4,3,3,1,0,writer,
FI,structuring_vs_ordering,902,3,3,3,0,0,,
FI,structuring_vs_input,902,4,3,3,1,0,writer,
FI,ordering_vs_input,903,3,3,3,0,0,,
FI,structuring_vs_ordering,903,3,3,3,0,0,,
FI,structuring_vs_input,903,3,3,3,0,0,,
FI,ordering_vs_input,904,3,3,3,0,0,,
FI,structuring_vs_ordering,904,3,3,3,0,0,,
FI,structuring_vs_input,904,3,3,3,0,0,,
FI,ordering_vs_input,905,5,4,4,1,0,tenant,
FI,structuring_vs_ordering,905,4,4,4,0,0,,
FI,structuring_vs_input,905,5,4,4,1,0,tenant,
FI,ordering_vs_input,906,1,1,1,0,0,,
FI,structuring_vs_ordering,906,1,1,1,0,0,,
FI,structuring_vs_input,906,1,1,1,0,0,,
FI,ordering_vs_input,907,5,5,5,0,0,,
FI,structuring_vs_ordering,907,5,5,5,0,0,,
FI,structuring_vs_input,907,5,5,5,0,0,,
FI,ordering_vs_input,908,1,1,1,0,0,,
FI,structuring_vs_ordering,908,1,1,1,0,0,,
FI,structuring_vs_input,908,1,1,1,0,0,,
FI,ordering_vs_input,909,3,3,3,0,0,,
FI,structuring_vs_ordering,909,3,3,3,0,0,,
FI,structuring_vs_input,909,3,3,3,0,0,,
FI,ordering_vs_input,910,3,3,3,0,0,,
FI,structuring_vs_ordering,910,3,3,3,0,0,,
FI,structuring_vs_input,910,3,3,3,0,0,,
FI,ordering_vs_input,911,2,2,2,0,0,,
FI,structuring_vs_ordering,911,2,2,2,0,0,,
FI,structuring_vs_input,911,2,2,2,0,0,,
FI,ordering_vs_input,912,6,5,5,1,0,producer,
FI,structuring_vs_ordering,912,5,5,5,0,0,,
FI,structuring_vs_input,912,6,5,5,1,0,producer,
FI,ordering_vs_input,913,3,3,3,0,0,,
FI,structuring_vs_ordering,913,3,3,3,0,0,,
FI,structuring_vs_input,913,3,3,3,0,0,,
FI,ordering_vs_input,914,2,2,2,0,0,,
FI,structuring_vs_ordering,914,2,2,2,0,0,,
FI,structuring_vs_input,914,2,2,2,0,0,,
FI,ordering_vs_input,915,1,1,1,0,0,,
FI,structuring_vs_ordering,915,1,1,1,0,0,,
FI,structuring_vs_input,915,1,1,1,0,0,,
FI,ordering_vs_input,916,3,3,3,0,0,,
FI,structuring_vs_ordering,916,3,3,3,0,0,,
FI,structuring_vs_input,916,3,3,3,0,0,,
FI,ordering_vs_input,917,5,5,5,0,0,,
FI,structuring_vs_ordering,917,5,5,5,0,0,,
FI,structuring_vs_input,917,5,5,5,0,0,,
FI,ordering_vs_input,918,5,4,4,1,0,type,
FI,structuring_vs_ordering,918,4,4,4,0,0,,
FI,structuring_vs_input,918,5,4,4,1,0,type,
FI,ordering_vs_input,919,2,1,1,1,0,producer,
FI,structuring_vs_ordering,919,1,1,1,0,0,,
FI,structuring_vs_input,919,2,1,1,1,0,producer,
FI,ordering_vs_input,920,1,1,1,0,0,,
FI,structuring_vs_ordering,920,1,1,1,0,0,,
FI,structuring_vs_input,920,1,1,1,0,0,,
FI,ordering_vs_input,921,2,2,2,0,0,,
FI,structuring_vs_ordering,921,2,2,2,0,0,,
FI,structuring_vs_input,921,2,2,2,0,0,,
FI,ordering_vs_input,922,4,3,3,1,0,type,
FI,structuring_vs_ordering,922,3,3,3,0,0,,
FI,structuring_vs_input,922,4,3,3,1,0,type,
FI,ordering_vs_input,923,1,1,1,0,0,,
FI,structuring_vs_ordering,923,1,1,1,0,0,,
FI,structuring_vs_input,923,1,1,1,0,0,,
FI,ordering_vs_input,924,4,4,4,0,0,,
FI,structuring_vs_ordering,924,4,4,4,0,0,,
FI,structuring_vs_input,924,4,4,4,0,0,,
FI,ordering_vs_input,925,1,1,1,0,0,,
FI,structuring_vs_ordering,925,1,1,1,0,0,,
FI,structuring_vs_input,925,1,1,1,0,0,,
FI,ordering_vs_input,926,7,6,6,1,0,editing,
FI,structuring_vs_ordering,926,6,6,6,0,0,,
FI,structuring_vs_input,926,7,6,6,1,0,editing,
FI,ordering_vs_input,927,4,4,4,0,0,,
FI,structuring_vs_ordering,927,4,4,4,0,0,,
FI,structuring_vs_input,927,4,4,4,0,0,,
FI,ordering_vs_input,928,6,4,4,2,0,musicalBand | producer,
FI,structuring_vs_ordering,928,4,4,4,0,0,,
FI,structuring_vs_input,928,6,4,4,2,0,musicalBand | producer,
FI,ordering_vs_input,929,5,3,3,2,0,citizenship | professionalField,
FI,structuring_vs_ordering,929,3,3,3,0,0,,
FI,structuring_vs_input,929,5,3,3,2,0,citizenship | professionalField,
FI,ordering_vs_input,930,1,1,1,0,0,,
FI,structuring_vs_ordering,930,1,1,1,0,0,,
FI,structuring_vs_input,930,1,1,1,0,0,,
FI,ordering_vs_input,931,2,2,2,0,0,,
FI,structuring_vs_ordering,931,2,2,2,0,0,,
FI,structuring_vs_input,931,2,2,2,0,0,,
FI,ordering_vs_input,932,5,4,4,1,0,percentageOfAreaWater,
FI,structuring_vs_ordering,932,4,4,4,0,0,,
FI,structuring_vs_input,932,5,4,4,1,0,percentageOfAreaWater,
FI,ordering_vs_input,933,3,2,2,1,0,writer,
FI,structuring_vs_ordering,933,2,2,2,0,0,,
FI,structuring_vs_input,933,3,2,2,1,0,writer,
FI,ordering_vs_input,934,1,1,1,0,0,,
FI,structuring_vs_ordering,934,1,1,1,0,0,,
FI,structuring_vs_input,934,1,1,1,0,0,,
FI,ordering_vs_input,935,2,2,2,0,0,,
FI,structuring_vs_ordering,935,2,2,2,0,0,,
FI,structuring_vs_input,935,2,2,2,0,0,,
FI,ordering_vs_input,936,4,4,4,0,0,,
FI,structuring_vs_ordering,936,4,4,4,0,0,,
FI,structuring_vs_input,936,4,4,4,0,0,,
FI,ordering_vs_input,937,1,1,1,0,0,,
FI,structuring_vs_ordering,937,1,1,1,0,0,,
FI,structuring_vs_input,937,1,1,1,0,0,,
FI,ordering_vs_input,938,3,3,3,0,0,,
FI,structuring_vs_ordering,938,3,3,3,0,0,,
FI,structuring_vs_input,938,3,3,3,0,0,,
FI,ordering_vs_input,939,2,2,2,0,0,,
FI,structuring_vs_ordering,939,2,2,2,0,0,,
FI,structuring_vs_input,939,2,2,2,0,0,,
FI,ordering_vs_input,940,1,1,1,0,0,,
FI,structuring_vs_ordering,940,1,1,1,0,0,,
FI,structuring_vs_input,940,1,1,1,0,0,,
FI,ordering_vs_input,941,3,3,3,0,0,,
FI,structuring_vs_ordering,941,3,3,3,0,0,,
FI,structuring_vs_input,941,3,3,3,0,0,,
FI,ordering_vs_input,942,1,1,1,0,0,,
FI,structuring_vs_ordering,942,1,1,1,0,0,,
FI,structuring_vs_input,942,1,1,1,0,0,,
FI,ordering_vs_input,943,3,3,3,0,0,,
FI,structuring_vs_ordering,943,3,3,3,0,0,,
FI,structuring_vs_input,943,3,3,3,0,0,,
FI,ordering_vs_input,944,3,3,3,0,0,,
FI,structuring_vs_ordering,944,3,3,3,0,0,,
FI,structuring_vs_input,944,3,3,3,0,0,,
FI,ordering_vs_input,945,2,1,1,1,0,producer,
FI,structuring_vs_ordering,945,1,1,1,0,0,,
FI,structuring_vs_input,945,2,1,1,1,0,producer,
FI,ordering_vs_input,946,6,4,4,2,0,industry | type,
FI,structuring_vs_ordering,946,4,4,4,0,0,,
FI,structuring_vs_input,946,6,4,4,2,0,industry | type,
FI,ordering_vs_input,947,4,4,4,0,0,,
FI,structuring_vs_ordering,947,4,4,4,0,0,,
FI,structuring_vs_input,947,4,4,4,0,0,,
FI,ordering_vs_input,948,3,2,2,1,0,professionalField,
FI,structuring_vs_ordering,948,2,2,2,0,0,,
FI,structuring_vs_input,948,3,2,2,1,0,professionalField,
FI,ordering_vs_input,949,2,2,2,0,0,,
FI,structuring_vs_ordering,949,2,2,2,0,0,,
FI,structuring_vs_input,949,2,2,2,0,0,,
FI,ordering_vs_input,950,5,5,5,0,0,,
FI,structuring_vs_ordering,950,5,5,5,0,0,,
FI,structuring_vs_input,950,5,5,5,0,0,,
FI,ordering_vs_input,951,6,5,5,1,0,tenant,
FI,structuring_vs_ordering,951,5,5,5,0,0,,
FI,structuring_vs_input,951,6,5,5,1,0,tenant,
FI,ordering_vs_input,952,3,3,3,0,0,,
FI,structuring_vs_ordering,952,3,3,3,0,0,,
FI,structuring_vs_input,952,3,3,3,0,0,,
FI,ordering_vs_input,953,3,3,3,0,0,,
FI,structuring_vs_ordering,953,3,3,3,0,0,,
FI,structuring_vs_input,953,3,3,3,0,0,,
FI,ordering_vs_input,954,1,1,1,0,0,,
FI,structuring_vs_ordering,954,1,1,1,0,0,,
FI,structuring_vs_input,954,1,1,1,0,0,,
FI,ordering_vs_input,955,3,3,3,0,0,,
FI,structuring_vs_ordering,955,3,3,3,0,0,,
FI,structuring_vs_input,955,3,3,3,0,0,,
FI,ordering_vs_input,956,6,6,6,0,0,,
FI,structuring_vs_ordering,956,6,6,6,0,0,,
FI,structuring_vs_input,956,6,6,6,0,0,,
FI,ordering_vs_input,957,4,1,1,3,0,runtime | producer | producer,
FI,structuring_vs_ordering,957,1,1,1,0,0,,
FI,structuring_vs_input,957,4,1,1,3,0,runtime | producer | producer,
FI,ordering_vs_input,958,4,3,3,1,0,knownFor,
FI,structuring_vs_ordering,958,3,3,3,0,0,,
FI,structuring_vs_input,958,4,3,3,1,0,knownFor,
FI,ordering_vs_input,959,7,7,7,0,0,,
FI,structuring_vs_ordering,959,7,7,7,0,0,,
FI,structuring_vs_input,959,7,7,7,0,0,,
FI,ordering_vs_input,960,3,3,3,0,0,,
FI,structuring_vs_ordering,960,3,3,3,0,0,,
FI,structuring_vs_input,960,3,3,3,0,0,,
FI,ordering_vs_input,961,1,1,1,0,0,,
FI,structuring_vs_ordering,961,1,1,1,0,0,,
FI,structuring_vs_input,961,1,1,1,0,0,,
FI,ordering_vs_input,962,3,1,1,2,0,producer | format,
FI,structuring_vs_ordering,962,1,1,1,0,0,,
FI,structuring_vs_input,962,3,1,1,2,0,producer | format,
FI,ordering_vs_input,963,7,6,6,1,0,location,
FI,structuring_vs_ordering,963,6,6,6,0,0,,
FI,structuring_vs_input,963,7,6,6,1,0,location,
FI,ordering_vs_input,964,4,4,4,0,0,,
FI,structuring_vs_ordering,964,4,4,4,0,0,,
FI,structuring_vs_input,964,4,4,4,0,0,,
FI,ordering_vs_input,965,4,3,3,1,0,citizenship,
FI,structuring_vs_ordering,965,3,3,3,0,0,,
FI,structuring_vs_input,965,4,3,3,1,0,citizenship,
FI,ordering_vs_input,966,1,1,1,0,0,,
FI,structuring_vs_ordering,966,1,1,1,0,0,,
FI,structuring_vs_input,966,1,1,1,0,0,,
FI,ordering_vs_input,967,1,1,1,0,0,,
FI,structuring_vs_ordering,967,1,1,1,0,0,,
FI,structuring_vs_input,967,1,1,1,0,0,,
FI,ordering_vs_input,968,7,4,4,3,0,imdbId | writer | producer,
FI,structuring_vs_ordering,968,4,4,4,0,0,,
FI,structuring_vs_input,968,7,4,4,3,0,imdbId | writer | producer,
FI,ordering_vs_input,969,1,1,1,0,0,,
FI,structuring_vs_ordering,969,1,1,1,0,0,,
FI,structuring_vs_input,969,1,1,1,0,0,,
FI,ordering_vs_input,970,4,4,4,0,0,,
FI,structuring_vs_ordering,970,4,4,4,0,0,,
FI,structuring_vs_input,970,4,4,4,0,0,,
FI,ordering_vs_input,971,5,4,4,1,0,icaoLocationIdentifier,
FI,structuring_vs_ordering,971,4,4,4,0,0,,
FI,structuring_vs_input,971,5,4,4,1,0,icaoLocationIdentifier,
FI,ordering_vs_input,972,2,1,1,1,0,writer,
FI,structuring_vs_ordering,972,1,1,1,0,0,,
FI,structuring_vs_input,972,2,1,1,1,0,writer,
FI,ordering_vs_input,973,4,4,4,0,0,,
FI,structuring_vs_ordering,973,4,4,4,0,0,,
FI,structuring_vs_input,973,4,4,4,0,0,,
FI,ordering_vs_input,974,2,2,2,0,0,,
FI,structuring_vs_ordering,974,2,2,2,0,0,,
FI,structuring_vs_input,974,2,2,2,0,0,,
FI,ordering_vs_input,975,1,1,1,0,0,,
FI,structuring_vs_ordering,975,1,1,1,0,0,,
FI,structuring_vs_input,975,1,1,1,0,0,,
FI,ordering_vs_input,976,2,2,2,0,0,,
FI,structuring_vs_ordering,976,2,2,2,0,0,,
FI,structuring_vs_input,976,2,2,2,0,0,,
FI,ordering_vs_input,977,5,4,4,1,0,type,
FI,structuring_vs_ordering,977,4,4,4,0,0,,
FI,structuring_vs_input,977,5,4,4,1,0,type,
FI,ordering_vs_input,978,6,6,6,0,0,,
FI,structuring_vs_ordering,978,6,6,6,0,0,,
FI,structuring_vs_input,978,6,6,6,0,0,,
FI,ordering_vs_input,979,1,1,1,0,0,,
FI,structuring_vs_ordering,979,1,1,1,0,0,,
FI,structuring_vs_input,979,1,1,1,0,0,,
FI,ordering_vs_input,980,4,4,4,0,0,,
FI,structuring_vs_ordering,980,4,4,4,0,0,,
FI,structuring_vs_input,980,4,4,4,0,0,,
FI,ordering_vs_input,981,2,2,2,0,0,,
FI,structuring_vs_ordering,981,2,2,2,0,0,,
FI,structuring_vs_input,981,2,2,2,0,0,,
FI,ordering_vs_input,982,2,2,2,0,0,,
FI,structuring_vs_ordering,982,2,2,2,0,0,,
FI,structuring_vs_input,982,2,2,2,0,0,,
FI,ordering_vs_input,983,2,2,2,0,0,,
FI,structuring_vs_ordering,983,2,2,2,0,0,,
FI,structuring_vs_input,983,2,2,2,0,0,,
FI,ordering_vs_input,984,1,1,1,0,0,,
FI,structuring_vs_ordering,984,1,1,1,0,0,,
FI,structuring_vs_input,984,1,1,1,0,0,,
FI,ordering_vs_input,985,3,2,2,1,0,professionalField,
FI,structuring_vs_ordering,985,2,2,2,0,0,,
FI,structuring_vs_input,985,3,2,2,1,0,professionalField,
FI,ordering_vs_input,986,3,3,3,0,0,,
FI,structuring_vs_ordering,986,3,3,3,0,0,,
FI,structuring_vs_input,986,3,3,3,0,0,,
FI,ordering_vs_input,987,1,1,1,0,0,,
FI,structuring_vs_ordering,987,1,1,1,0,0,,
FI,structuring_vs_input,987,1,1,1,0,0,,
FI,ordering_vs_input,988,3,3,3,0,0,,
FI,structuring_vs_ordering,988,3,3,3,0,0,,
FI,structuring_vs_input,988,3,3,3,0,0,,
FI,ordering_vs_input,989,1,1,1,0,0,,
FI,structuring_vs_ordering,989,1,1,1,0,0,,
FI,structuring_vs_input,989,1,1,1,0,0,,
FI,ordering_vs_input,990,2,2,2,0,0,,
FI,structuring_vs_ordering,990,2,2,2,0,0,,
FI,structuring_vs_input,990,2,2,2,0,0,,
FI,ordering_vs_input,991,4,4,4,0,0,,
FI,structuring_vs_ordering,991,4,4,4,0,0,,
FI,structuring_vs_input,991,4,4,4,0,0,,
FI,ordering_vs_input,992,6,6,6,0,0,,
FI,structuring_vs_ordering,992,6,6,6,0,0,,
FI,structuring_vs_input,992,6,6,6,0,0,,
FI,ordering_vs_input,993,4,1,1,3,0,producer | type | runtime,
FI,structuring_vs_ordering,993,1,1,1,0,0,,
FI,structuring_vs_input,993,4,1,1,3,0,producer | type | runtime,
FI,ordering_vs_input,994,4,4,4,0,0,,
FI,structuring_vs_ordering,994,4,4,4,0,0,,
FI,structuring_vs_input,994,4,4,4,0,0,,
FI,ordering_vs_input,995,2,2,2,0,0,,
FI,structuring_vs_ordering,995,2,2,2,0,0,,
FI,structuring_vs_input,995,2,2,2,0,0,,
FI,ordering_vs_input,996,2,2,2,0,0,,
FI,structuring_vs_ordering,996,2,2,2,0,0,,
FI,structuring_vs_input,996,2,2,2,0,0,,
FI,ordering_vs_input,997,5,5,5,0,0,,
FI,structuring_vs_ordering,997,5,5,5,0,0,,
FI,structuring_vs_input,997,5,5,5,0,0,,
FI,ordering_vs_input,998,1,1,1,0,0,,
FI,structuring_vs_ordering,998,1,1,1,0,0,,
FI,structuring_vs_input,998,1,1,1,0,0,,
FI,ordering_vs_input,999,3,3,3,0,0,,
FI,structuring_vs_ordering,999,3,3,3,0,0,,
FI,structuring_vs_input,999,3,3,3,0,0,,
FI,ordering_vs_input,1000,4,4,4,0,0,,
FI,structuring_vs_ordering,1000,4,4,4,0,0,,
FI,structuring_vs_input,1000,4,4,4,0,0,,
FI,ordering_vs_input,1001,3,3,3,0,0,,
FI,structuring_vs_ordering,1001,3,3,3,0,0,,
FI,structuring_vs_input,1001,3,3,3,0,0,,
FI,ordering_vs_input,1002,3,3,3,0,0,,
FI,structuring_vs_ordering,1002,3,3,3,0,0,,
FI,structuring_vs_input,1002,3,3,3,0,0,,
FI,ordering_vs_input,1003,4,4,4,0,0,,
FI,structuring_vs_ordering,1003,4,4,4,0,0,,
FI,structuring_vs_input,1003,4,4,4,0,0,,
FI,ordering_vs_input,1004,5,4,4,1,0,mission,
FI,structuring_vs_ordering,1004,4,4,4,0,0,,
FI,structuring_vs_input,1004,5,4,4,1,0,mission,
FI,ordering_vs_input,1005,5,5,5,0,0,,
FI,structuring_vs_ordering,1005,5,5,5,0,0,,
FI,structuring_vs_input,1005,5,5,5,0,0,,
FI,ordering_vs_input,1006,3,3,3,0,0,,
FI,structuring_vs_ordering,1006,3,3,3,0,0,,
FI,structuring_vs_input,1006,3,3,3,0,0,,
FI,ordering_vs_input,1007,3,3,3,0,0,,
FI,structuring_vs_ordering,1007,3,3,3,0,0,,
FI,structuring_vs_input,1007,3,3,3,0,0,,
FI,ordering_vs_input,1008,2,2,2,0,0,,
FI,structuring_vs_ordering,1008,2,2,2,0,0,,
FI,structuring_vs_input,1008,2,2,2,0,0,,
FI,ordering_vs_input,1009,2,2,2,0,0,,
FI,structuring_vs_ordering,1009,2,2,2,0,0,,
FI,structuring_vs_input,1009,2,2,2,0,0,,
FI,ordering_vs_input,1010,3,3,3,0,0,,
FI,structuring_vs_ordering,1010,3,3,3,0,0,,
FI,structuring_vs_input,1010,3,3,3,0,0,,
FI,ordering_vs_input,1011,3,3,3,0,0,,
FI,structuring_vs_ordering,1011,3,3,3,0,0,,
FI,structuring_vs_input,1011,3,3,3,0,0,,
FI,ordering_vs_input,1012,4,4,4,0,0,,
FI,structuring_vs_ordering,1012,4,4,4,0,0,,
FI,structuring_vs_input,1012,4,4,4,0,0,,
FI,ordering_vs_input,1013,4,4,4,0,0,,
FI,structuring_vs_ordering,1013,4,3,3,1,0,icaoLocationIdentifier,
FI,structuring_vs_input,1013,4,3,3,1,0,icaoLocationIdentifier,
FI,ordering_vs_input,1014,2,2,2,0,0,,
FI,structuring_vs_ordering,1014,2,2,2,0,0,,
FI,structuring_vs_input,1014,2,2,2,0,0,,
FI,ordering_vs_input,1015,3,3,3,0,0,,
FI,structuring_vs_ordering,1015,3,3,3,0,0,,
FI,structuring_vs_input,1015,3,3,3,0,0,,
FI,ordering_vs_input,1016,2,2,2,0,0,,
FI,structuring_vs_ordering,1016,2,2,2,0,0,,
FI,structuring_vs_input,1016,2,2,2,0,0,,
FI,ordering_vs_input,1017,3,3,3,0,0,,
FI,structuring_vs_ordering,1017,3,3,3,0,0,,
FI,structuring_vs_input,1017,3,3,3,0,0,,
FI,ordering_vs_input,1018,5,5,5,0,0,,
FI,structuring_vs_ordering,1018,5,5,5,0,0,,
FI,structuring_vs_input,1018,5,5,5,0,0,,
FI,ordering_vs_input,1019,2,2,2,0,0,,
FI,structuring_vs_ordering,1019,2,2,2,0,0,,
FI,structuring_vs_input,1019,2,2,2,0,0,,
FI,ordering_vs_input,1020,3,2,2,1,0,professionalField,
FI,structuring_vs_ordering,1020,2,2,2,0,0,,
FI,structuring_vs_input,1020,3,2,2,1,0,professionalField,
FI,ordering_vs_input,1021,5,5,5,0,0,,
FI,structuring_vs_ordering,1021,5,5,5,0,0,,
FI,structuring_vs_input,1021,5,5,5,0,0,,
FI,ordering_vs_input,1022,5,5,5,0,0,,
FI,structuring_vs_ordering,1022,5,5,5,0,0,,
FI,structuring_vs_input,1022,5,5,5,0,0,,
FI,ordering_vs_input,1023,5,5,5,0,0,,
FI,structuring_vs_ordering,1023,5,5,5,0,0,,
FI,structuring_vs_input,1023,5,5,5,0,0,,
FI,ordering_vs_input,1024,1,1,1,0,0,,
FI,structuring_vs_ordering,1024,1,1,1,0,0,,
FI,structuring_vs_input,1024,1,1,1,0,0,,
FI,ordering_vs_input,1025,6,6,6,0,0,,
FI,structuring_vs_ordering,1025,6,6,6,0,0,,
FI,structuring_vs_input,1025,6,6,6,0,0,,
FI,ordering_vs_input,1026,2,2,2,0,0,,
FI,structuring_vs_ordering,1026,2,2,2,0,0,,
FI,structuring_vs_input,1026,2,2,2,0,0,,
FI,ordering_vs_input,1027,2,2,2,0,0,,
FI,structuring_vs_ordering,1027,2,2,2,0,0,,
FI,structuring_vs_input,1027,2,2,2,0,0,,
FI,ordering_vs_input,1028,2,2,2,0,0,,
FI,structuring_vs_ordering,1028,2,2,2,0,0,,
FI,structuring_vs_input,1028,2,2,2,0,0,,
FI,ordering_vs_input,1029,3,1,1,2,0,imdbId | writer,
FI,structuring_vs_ordering,1029,1,1,1,0,0,,
FI,structuring_vs_input,1029,3,1,1,2,0,imdbId | writer,
FI,ordering_vs_input,1030,1,1,1,0,0,,
FI,structuring_vs_ordering,1030,1,1,1,0,0,,
FI,structuring_vs_input,1030,1,1,1,0,0,,
FI,ordering_vs_input,1031,3,2,2,1,0,producer,
FI,structuring_vs_ordering,1031,2,2,2,0,0,,
FI,structuring_vs_input,1031,3,2,2,1,0,producer,
FI,ordering_vs_input,1032,3,3,3,0,0,,
FI,structuring_vs_ordering,1032,3,3,3,0,0,,
FI,structuring_vs_input,1032,3,3,3,0,0,,
FI,ordering_vs_input,1033,1,1,1,0,0,,
FI,structuring_vs_ordering,1033,1,1,1,0,0,,
FI,structuring_vs_input,1033,1,1,1,0,0,,
FI,ordering_vs_input,1034,1,1,1,0,0,,
FI,structuring_vs_ordering,1034,1,1,1,0,0,,
FI,structuring_vs_input,1034,1,1,1,0,0,,
FI,ordering_vs_input,1035,1,1,1,0,0,,
FI,structuring_vs_ordering,1035,1,1,1,0,0,,
FI,structuring_vs_input,1035,1,1,1,0,0,,
FI,ordering_vs_input,1036,2,2,2,0,0,,
FI,structuring_vs_ordering,1036,2,2,2,0,0,,
FI,structuring_vs_input,1036,2,2,2,0,0,,
FI,ordering_vs_input,1037,1,1,1,0,0,,
FI,structuring_vs_ordering,1037,1,1,1,0,0,,
FI,structuring_vs_input,1037,1,1,1,0,0,,
FI,ordering_vs_input,1038,4,2,2,2,0,runtime | producer,
FI,structuring_vs_ordering,1038,2,2,2,0,0,,
FI,structuring_vs_input,1038,4,2,2,2,0,runtime | producer,
FI,ordering_vs_input,1039,4,4,4,0,0,,
FI,structuring_vs_ordering,1039,4,4,4,0,0,,
FI,structuring_vs_input,1039,4,4,4,0,0,,
FI,ordering_vs_input,1040,4,4,4,0,0,,
FI,structuring_vs_ordering,1040,4,4,4,0,0,,
FI,structuring_vs_input,1040,4,4,4,0,0,,
FI,ordering_vs_input,1041,2,2,2,0,0,,
FI,structuring_vs_ordering,1041,2,2,2,0,0,,
FI,structuring_vs_input,1041,2,2,2,0,0,,
FI,ordering_vs_input,1042,2,2,2,0,0,,
FI,structuring_vs_ordering,1042,2,2,2,0,0,,
FI,structuring_vs_input,1042,2,2,2,0,0,,
FI,ordering_vs_input,1043,3,3,3,0,0,,
FI,structuring_vs_ordering,1043,3,3,3,0,0,,
FI,structuring_vs_input,1043,3,3,3,0,0,,
FI,ordering_vs_input,1044,1,1,1,0,0,,
FI,structuring_vs_ordering,1044,1,1,1,0,0,,
FI,structuring_vs_input,1044,1,1,1,0,0,,
FI,ordering_vs_input,1045,5,4,4,1,0,mission,
FI,structuring_vs_ordering,1045,4,4,4,0,0,,
FI,structuring_vs_input,1045,5,4,4,1,0,mission,
FI,ordering_vs_input,1046,1,1,1,0,0,,
FI,structuring_vs_ordering,1046,1,1,1,0,0,,
FI,structuring_vs_input,1046,1,1,1,0,0,,
FI,ordering_vs_input,1047,7,7,7,0,0,,
FI,structuring_vs_ordering,1047,7,7,7,0,0,,
FI,structuring_vs_input,1047,7,7,7,0,0,,
FI,ordering_vs_input,1048,4,4,4,0,0,,
FI,structuring_vs_ordering,1048,4,4,4,0,0,,
FI,structuring_vs_input,1048,4,4,4,0,0,,
FI,ordering_vs_input,1049,2,2,2,0,0,,
FI,structuring_vs_ordering,1049,2,2,2,0,0,,
FI,structuring_vs_input,1049,2,2,2,0,0,,
FI,ordering_vs_input,1050,6,5,5,1,0,icaoLocationIdentifier,
FI,structuring_vs_ordering,1050,5,5,5,0,0,,
FI,structuring_vs_input,1050,6,5,5,1,0,icaoLocationIdentifier,
FI,ordering_vs_input,1051,3,3,3,0,0,,
FI,structuring_vs_ordering,1051,3,3,3,0,0,,
FI,structuring_vs_input,1051,3,3,3,0,0,,
FI,ordering_vs_input,1052,2,2,2,0,0,,
FI,structuring_vs_ordering,1052,2,2,2,0,0,,
FI,structuring_vs_input,1052,2,2,2,0,0,,
FI,ordering_vs_input,1053,4,4,4,0,0,,
FI,structuring_vs_ordering,1053,4,4,4,0,0,,
FI,structuring_vs_input,1053,4,4,4,0,0,,
FI,ordering_vs_input,1054,3,3,3,0,0,,
FI,structuring_vs_ordering,1054,3,3,3,0,0,,
FI,structuring_vs_input,1054,3,3,3,0,0,,
FI,ordering_vs_input,1055,1,1,1,0,0,,
FI,structuring_vs_ordering,1055,1,1,1,0,0,,
FI,structuring_vs_input,1055,1,1,1,0,0,,
FI,ordering_vs_input,1056,3,3,3,0,0,,
FI,structuring_vs_ordering,1056,3,3,3,0,0,,
FI,structuring_vs_input,1056,3,3,3,0,0,,
FI,ordering_vs_input,1057,4,3,3,1,0,producer,
FI,structuring_vs_ordering,1057,3,3,3,0,0,,
FI,structuring_vs_input,1057,4,3,3,1,0,producer,
FI,ordering_vs_input,1058,1,1,1,0,0,,
FI,structuring_vs_ordering,1058,1,1,1,0,0,,
FI,structuring_vs_input,1058,1,1,1,0,0,,
FI,ordering_vs_input,1059,4,4,4,0,0,,
FI,structuring_vs_ordering,1059,4,4,4,0,0,,
FI,structuring_vs_input,1059,4,4,4,0,0,,
FI,ordering_vs_input,1060,1,1,1,0,0,,
FI,structuring_vs_ordering,1060,1,1,1,0,0,,
FI,structuring_vs_input,1060,1,1,1,0,0,,
FI,ordering_vs_input,1061,2,2,2,0,0,,
FI,structuring_vs_ordering,1061,2,2,2,0,0,,
FI,structuring_vs_input,1061,2,2,2,0,0,,
FI,ordering_vs_input,1062,1,1,1,0,0,,
FI,structuring_vs_ordering,1062,1,1,1,0,0,,
FI,structuring_vs_input,1062,1,1,1,0,0,,
FI,ordering_vs_input,1063,3,2,2,1,0,producer,
FI,structuring_vs_ordering,1063,2,2,2,0,0,,
FI,structuring_vs_input,1063,3,2,2,1,0,producer,
FI,ordering_vs_input,1064,2,2,2,0,0,,
FI,structuring_vs_ordering,1064,2,2,2,0,0,,
FI,structuring_vs_input,1064,2,2,2,0,0,,
FI,ordering_vs_input,1065,1,1,1,0,0,,
FI,structuring_vs_ordering,1065,1,1,1,0,0,,
FI,structuring_vs_input,1065,1,1,1,0,0,,
FI,ordering_vs_input,1066,6,6,6,0,0,,
FI,structuring_vs_ordering,1066,6,6,6,0,0,,
FI,structuring_vs_input,1066,6,6,6,0,0,,
FI,ordering_vs_input,1067,6,6,6,0,0,,
FI,structuring_vs_ordering,1067,6,5,5,1,0,producer,
FI,structuring_vs_input,1067,6,5,5,1,0,producer,
FI,ordering_vs_input,1068,4,4,4,0,0,,
FI,structuring_vs_ordering,1068,4,4,4,0,0,,
FI,structuring_vs_input,1068,4,4,4,0,0,,
FI,ordering_vs_input,1069,4,3,3,1,0,writer,
FI,structuring_vs_ordering,1069,3,3,3,0,0,,
FI,structuring_vs_input,1069,4,3,3,1,0,writer,
FI,ordering_vs_input,1070,3,3,3,0,0,,
FI,structuring_vs_ordering,1070,3,3,3,0,0,,
FI,structuring_vs_input,1070,3,3,3,0,0,,
FI,ordering_vs_input,1071,2,2,2,0,0,,
FI,structuring_vs_ordering,1071,2,2,2,0,0,,
FI,structuring_vs_input,1071,2,2,2,0,0,,
FI,ordering_vs_input,1072,5,5,5,0,0,,
FI,structuring_vs_ordering,1072,5,5,5,0,0,,
FI,structuring_vs_input,1072,5,5,5,0,0,,
FI,ordering_vs_input,1073,1,1,1,0,0,,
FI,structuring_vs_ordering,1073,1,1,1,0,0,,
FI,structuring_vs_input,1073,1,1,1,0,0,,
FI,ordering_vs_input,1074,6,5,5,1,0,artist,
FI,structuring_vs_ordering,1074,5,5,5,0,0,,
FI,structuring_vs_input,1074,6,5,5,1,0,artist,
FI,ordering_vs_input,1075,4,4,4,0,0,,
FI,structuring_vs_ordering,1075,4,4,4,0,0,,
FI,structuring_vs_input,1075,4,4,4,0,0,,
FI,ordering_vs_input,1076,2,2,2,0,0,,
FI,structuring_vs_ordering,1076,2,2,2,0,0,,
FI,structuring_vs_input,1076,2,2,2,0,0,,
FI,ordering_vs_input,1077,1,1,1,0,0,,
FI,structuring_vs_ordering,1077,1,1,1,0,0,,
FI,structuring_vs_input,1077,1,1,1,0,0,,
FI,ordering_vs_input,1078,2,2,2,0,0,,
FI,structuring_vs_ordering,1078,2,2,2,0,0,,
FI,structuring_vs_input,1078,2,2,2,0,0,,
FI,ordering_vs_input,1079,2,2,2,0,0,,
FI,structuring_vs_ordering,1079,2,2,2,0,0,,
FI,structuring_vs_input,1079,2,2,2,0,0,,
FI,ordering_vs_input,1080,1,1,1,0,0,,
FI,structuring_vs_ordering,1080,1,1,1,0,0,,
FI,structuring_vs_input,1080,1,1,1,0,0,,
FI,ordering_vs_input,1081,1,1,1,0,0,,
FI,structuring_vs_ordering,1081,1,1,1,0,0,,
FI,structuring_vs_input,1081,1,1,1,0,0,,
FI,ordering_vs_input,1082,1,1,1,0,0,,
FI,structuring_vs_ordering,1082,1,1,1,0,0,,
FI,structuring_vs_input,1082,1,1,1,0,0,,
FI,ordering_vs_input,1083,3,3,3,0,0,,
FI,structuring_vs_ordering,1083,3,3,3,0,0,,
FI,structuring_vs_input,1083,3,3,3,0,0,,
FI,ordering_vs_input,1084,4,4,4,0,0,,
FI,structuring_vs_ordering,1084,4,4,4,0,0,,
FI,structuring_vs_input,1084,4,4,4,0,0,,
FI,ordering_vs_input,1085,4,3,3,1,0,training,
FI,structuring_vs_ordering,1085,3,3,3,0,0,,
FI,structuring_vs_input,1085,4,3,3,1,0,training,
FI,ordering_vs_input,1086,6,6,6,0,0,,
FI,structuring_vs_ordering,1086,6,6,6,0,0,,
FI,structuring_vs_input,1086,6,6,6,0,0,,
FI,ordering_vs_input,1087,3,3,3,0,0,,
FI,structuring_vs_ordering,1087,3,3,3,0,0,,
FI,structuring_vs_input,1087,3,3,3,0,0,,
FI,ordering_vs_input,1088,1,1,1,0,0,,
FI,structuring_vs_ordering,1088,1,1,1,0,0,,
FI,structuring_vs_input,1088,1,1,1,0,0,,
FI,ordering_vs_input,1089,7,7,7,0,0,,
FI,structuring_vs_ordering,1089,7,7,7,0,0,,
FI,structuring_vs_input,1089,7,7,7,0,0,,
FI,ordering_vs_input,1090,1,1,1,0,0,,
FI,structuring_vs_ordering,1090,1,1,1,0,0,,
FI,structuring_vs_input,1090,1,1,1,0,0,,
FI,ordering_vs_input,1091,2,2,2,0,0,,
FI,structuring_vs_ordering,1091,2,2,2,0,0,,
FI,structuring_vs_input,1091,2,2,2,0,0,,
FI,ordering_vs_input,1092,3,3,3,0,0,,
FI,structuring_vs_ordering,1092,3,3,3,0,0,,
FI,structuring_vs_input,1092,3,3,3,0,0,,
FI,ordering_vs_input,1093,5,5,5,0,0,,
FI,structuring_vs_ordering,1093,5,5,5,0,0,,
FI,structuring_vs_input,1093,5,5,5,0,0,,
FI,ordering_vs_input,1094,3,3,3,0,0,,
FI,structuring_vs_ordering,1094,3,3,3,0,0,,
FI,structuring_vs_input,1094,3,3,3,0,0,,
FI,ordering_vs_input,1095,3,2,2,1,0,professionalField,
FI,structuring_vs_ordering,1095,2,2,2,0,0,,
FI,structuring_vs_input,1095,3,2,2,1,0,professionalField,
FI,ordering_vs_input,1096,1,1,1,0,0,,
FI,structuring_vs_ordering,1096,1,1,1,0,0,,
FI,structuring_vs_input,1096,1,1,1,0,0,,
FI,ordering_vs_input,1097,3,3,3,0,0,,
FI,structuring_vs_ordering,1097,3,3,3,0,0,,
FI,structuring_vs_input,1097,3,3,3,0,0,,
FI,ordering_vs_input,1098,5,5,5,0,0,,
FI,structuring_vs_ordering,1098,5,5,5,0,0,,
FI,structuring_vs_input,1098,5,5,5,0,0,,
FI,ordering_vs_input,1099,2,2,2,0,0,,
FI,structuring_vs_ordering,1099,2,2,2,0,0,,
FI,structuring_vs_input,1099,2,2,2,0,0,,
FI,ordering_vs_input,1100,7,7,7,0,0,,
FI,structuring_vs_ordering,1100,7,7,7,0,0,,
FI,structuring_vs_input,1100,7,7,7,0,0,,
FI,ordering_vs_input,1101,4,4,4,0,0,,
FI,structuring_vs_ordering,1101,4,4,4,0,0,,
FI,structuring_vs_input,1101,4,4,4,0,0,,
FI,ordering_vs_input,1102,3,3,3,0,0,,
FI,structuring_vs_ordering,1102,3,3,3,0,0,,
FI,structuring_vs_input,1102,3,3,3,0,0,,
FI,ordering_vs_input,1103,2,2,2,0,0,,
FI,structuring_vs_ordering,1103,2,2,2,0,0,,
FI,structuring_vs_input,1103,2,2,2,0,0,,
FI,ordering_vs_input,1104,1,1,1,0,0,,
FI,structuring_vs_ordering,1104,1,1,1,0,0,,
FI,structuring_vs_input,1104,1,1,1,0,0,,
FI,ordering_vs_input,1105,2,2,2,0,0,,
FI,structuring_vs_ordering,1105,2,2,2,0,0,,
FI,structuring_vs_input,1105,2,2,2,0,0,,
FI,ordering_vs_input,1106,3,2,2,1,0,professionalField,
FI,structuring_vs_ordering,1106,2,2,2,0,0,,
FI,structuring_vs_input,1106,3,2,2,1,0,professionalField,
FI,ordering_vs_input,1107,5,5,5,0,0,,
FI,structuring_vs_ordering,1107,5,5,5,0,0,,
FI,structuring_vs_input,1107,5,5,5,0,0,,
FI,ordering_vs_input,1108,1,1,1,0,0,,
FI,structuring_vs_ordering,1108,1,1,1,0,0,,
FI,structuring_vs_input,1108,1,1,1,0,0,,
FI,ordering_vs_input,1109,3,3,3,0,0,,
FI,structuring_vs_ordering,1109,3,3,3,0,0,,
FI,structuring_vs_input,1109,3,3,3,0,0,,
FI,ordering_vs_input,1110,5,1,1,4,0,producer | runtime | recordedIn | recordedIn,
FI,structuring_vs_ordering,1110,1,1,1,0,0,,
FI,structuring_vs_input,1110,5,1,1,4,0,producer | runtime | recordedIn | recordedIn,
FI,ordering_vs_input,1111,5,5,5,0,0,,
FI,structuring_vs_ordering,1111,5,5,5,0,0,,
FI,structuring_vs_input,1111,5,5,5,0,0,,
FI,ordering_vs_input,1112,2,2,2,0,0,,
FI,structuring_vs_ordering,1112,2,2,2,0,0,,
FI,structuring_vs_input,1112,2,2,2,0,0,,
FI,ordering_vs_input,1113,1,1,1,0,0,,
FI,structuring_vs_ordering,1113,1,1,1,0,0,,
FI,structuring_vs_input,1113,1,1,1,0,0,,
FI,ordering_vs_input,1114,4,4,4,0,0,,
FI,structuring_vs_ordering,1114,4,4,4,0,0,,
FI,structuring_vs_input,1114,4,4,4,0,0,,
FI,ordering_vs_input,1115,3,1,1,2,0,artist | producer,
FI,structuring_vs_ordering,1115,1,1,1,0,0,,
FI,structuring_vs_input,1115,3,1,1,2,0,artist | producer,
FI,ordering_vs_input,1116,4,4,4,0,0,,
FI,structuring_vs_ordering,1116,4,4,4,0,0,,
FI,structuring_vs_input,1116,4,4,4,0,0,,
FI,ordering_vs_input,1117,4,4,4,0,0,,
FI,structuring_vs_ordering,1117,4,4,4,0,0,,
FI,structuring_vs_input,1117,4,4,4,0,0,,
FI,ordering_vs_input,1118,1,1,1,0,0,,
FI,structuring_vs_ordering,1118,1,1,1,0,0,,
FI,structuring_vs_input,1118,1,1,1,0,0,,
FI,ordering_vs_input,1119,1,1,1,0,0,,
FI,structuring_vs_ordering,1119,1,1,1,0,0,,
FI,structuring_vs_input,1119,1,1,1,0,0,,
FI,ordering_vs_input,1120,1,1,1,0,0,,
FI,structuring_vs_ordering,1120,1,1,1,0,0,,
FI,structuring_vs_input,1120,1,1,1,0,0,,
FI,ordering_vs_input,1121,2,2,2,0,0,,
FI,structuring_vs_ordering,1121,2,2,2,0,0,,
FI,structuring_vs_input,1121,2,2,2,0,0,,
FI,ordering_vs_input,1122,1,1,1,0,0,,
FI,structuring_vs_ordering,1122,1,1,1,0,0,,
FI,structuring_vs_input,1122,1,1,1,0,0,,
FI,ordering_vs_input,1123,3,3,3,0,0,,
FI,structuring_vs_ordering,1123,3,3,3,0,0,,
FI,structuring_vs_input,1123,3,3,3,0,0,,
FI,ordering_vs_input,1124,5,4,4,1,0,cinematography,
FI,structuring_vs_ordering,1124,4,4,4,0,0,,
FI,structuring_vs_input,1124,5,4,4,1,0,cinematography,
FI,ordering_vs_input,1125,1,1,1,0,0,,
FI,structuring_vs_ordering,1125,1,1,1,0,0,,
FI,structuring_vs_input,1125,1,1,1,0,0,,
FI,ordering_vs_input,1126,3,3,3,0,0,,
FI,structuring_vs_ordering,1126,3,3,3,0,0,,
FI,structuring_vs_input,1126,3,3,3,0,0,,
FI,ordering_vs_input,1127,7,7,7,0,0,,
FI,structuring_vs_ordering,1127,7,7,7,0,0,,
FI,structuring_vs_input,1127,7,7,7,0,0,,
FI,ordering_vs_input,1128,3,3,3,0,0,,
FI,structuring_vs_ordering,1128,3,3,3,0,0,,
FI,structuring_vs_input,1128,3,3,3,0,0,,
FI,ordering_vs_input,1129,3,3,3,0,0,,
FI,structuring_vs_ordering,1129,3,3,3,0,0,,
FI,structuring_vs_input,1129,3,3,3,0,0,,
FI,ordering_vs_input,1130,3,1,1,2,0,writer | editing,
FI,structuring_vs_ordering,1130,1,1,1,0,0,,
FI,structuring_vs_input,1130,3,1,1,2,0,writer | editing,
FI,ordering_vs_input,1131,4,4,4,0,0,,
FI,structuring_vs_ordering,1131,4,4,4,0,0,,
FI,structuring_vs_input,1131,4,4,4,0,0,,
FI,ordering_vs_input,1132,2,2,2,0,0,,
FI,structuring_vs_ordering,1132,2,2,2,0,0,,
FI,structuring_vs_input,1132,2,2,2,0,0,,
FI,ordering_vs_input,1133,4,3,3,1,0,citizenship,
FI,structuring_vs_ordering,1133,3,3,3,0,0,,
FI,structuring_vs_input,1133,4,3,3,1,0,citizenship,
FI,ordering_vs_input,1134,2,2,2,0,0,,
FI,structuring_vs_ordering,1134,2,2,2,0,0,,
FI,structuring_vs_input,1134,2,2,2,0,0,,
FI,ordering_vs_input,1135,2,2,2,0,0,,
FI,structuring_vs_ordering,1135,2,2,2,0,0,,
FI,structuring_vs_input,1135,2,2,2,0,0,,
FI,ordering_vs_input,1136,2,1,1,1,0,writer,
FI,structuring_vs_ordering,1136,1,1,1,0,0,,
FI,structuring_vs_input,1136,2,1,1,1,0,writer,
FI,ordering_vs_input,1137,1,1,1,0,0,,
FI,structuring_vs_ordering,1137,1,1,1,0,0,,
FI,structuring_vs_input,1137,1,1,1,0,0,,
FI,ordering_vs_input,1138,4,4,4,0,0,,
FI,structuring_vs_ordering,1138,4,4,4,0,0,,
FI,structuring_vs_input,1138,4,4,4,0,0,,
FI,ordering_vs_input,1139,1,1,1,0,0,,
FI,structuring_vs_ordering,1139,1,1,1,0,0,,
FI,structuring_vs_input,1139,1,1,1,0,0,,
FI,ordering_vs_input,1140,1,1,1,0,0,,
FI,structuring_vs_ordering,1140,1,1,1,0,0,,
FI,structuring_vs_input,1140,1,1,1,0,0,,
FI,ordering_vs_input,1141,1,1,1,0,0,,
FI,structuring_vs_ordering,1141,1,1,1,0,0,,
FI,structuring_vs_input,1141,1,1,1,0,0,,
FI,ordering_vs_input,1142,4,4,4,0,0,,
FI,structuring_vs_ordering,1142,4,4,4,0,0,,
FI,structuring_vs_input,1142,4,4,4,0,0,,
FI,ordering_vs_input,1143,4,4,4,0,0,,
FI,structuring_vs_ordering,1143,4,4,4,0,0,,
FI,structuring_vs_input,1143,4,4,4,0,0,,
FI,ordering_vs_input,1144,4,4,4,0,0,,
FI,structuring_vs_ordering,1144,4,4,4,0,0,,
FI,structuring_vs_input,1144,4,4,4,0,0,,
FI,ordering_vs_input,1145,6,5,5,1,0,icaoLocationIdentifier,
FI,structuring_vs_ordering,1145,5,5,5,0,0,,
FI,structuring_vs_input,1145,6,5,5,1,0,icaoLocationIdentifier,
FI,ordering_vs_input,1146,4,3,3,1,0,staff,
FI,structuring_vs_ordering,1146,3,3,3,0,0,,
FI,structuring_vs_input,1146,4,3,3,1,0,staff,
FI,ordering_vs_input,1147,1,1,1,0,0,,
FI,structuring_vs_ordering,1147,1,1,1,0,0,,
FI,structuring_vs_input,1147,1,1,1,0,0,,
FI,ordering_vs_input,1148,2,2,2,0,0,,
FI,structuring_vs_ordering,1148,2,2,2,0,0,,
FI,structuring_vs_input,1148,2,2,2,0,0,,
FI,ordering_vs_input,1149,1,1,1,0,0,,
FI,structuring_vs_ordering,1149,1,1,1,0,0,,
FI,structuring_vs_input,1149,1,1,1,0,0,,
FI,ordering_vs_input,1150,4,3,3,1,0,city,
FI,structuring_vs_ordering,1150,3,3,3,0,0,,
FI,structuring_vs_input,1150,4,3,3,1,0,city,
FI,ordering_vs_input,1151,3,3,3,0,0,,
FI,structuring_vs_ordering,1151,3,3,3,0,0,,
FI,structuring_vs_input,1151,3,3,3,0,0,,
FI,ordering_vs_input,1152,3,3,3,0,0,,
FI,structuring_vs_ordering,1152,3,3,3,0,0,,
FI,structuring_vs_input,1152,3,3,3,0,0,,
FI,ordering_vs_input,1153,4,2,2,2,0,writer | producer,
FI,structuring_vs_ordering,1153,2,2,2,0,0,,
FI,structuring_vs_input,1153,4,2,2,2,0,writer | producer,
FI,ordering_vs_input,1154,3,3,3,0,0,,
FI,structuring_vs_ordering,1154,3,3,3,0,0,,
FI,structuring_vs_input,1154,3,3,3,0,0,,
FI,ordering_vs_input,1155,3,3,3,0,0,,
FI,structuring_vs_ordering,1155,3,3,3,0,0,,
FI,structuring_vs_input,1155,3,3,3,0,0,,
FI,ordering_vs_input,1156,7,7,7,0,0,,
FI,structuring_vs_ordering,1156,7,7,7,0,0,,
FI,structuring_vs_input,1156,7,7,7,0,0,,
FI,ordering_vs_input,1157,1,1,1,0,0,,
FI,structuring_vs_ordering,1157,1,1,1,0,0,,
FI,structuring_vs_input,1157,1,1,1,0,0,,
FI,ordering_vs_input,1158,5,5,5,0,0,,
FI,structuring_vs_ordering,1158,5,5,5,0,0,,
FI,structuring_vs_input,1158,5,5,5,0,0,,
FI,ordering_vs_input,1159,5,5,5,0,0,,
FI,structuring_vs_ordering,1159,5,5,5,0,0,,
FI,structuring_vs_input,1159,5,5,5,0,0,,
FI,ordering_vs_input,1160,2,2,2,0,0,,
FI,structuring_vs_ordering,1160,2,2,2,0,0,,
FI,structuring_vs_input,1160,2,2,2,0,0,,
FI,ordering_vs_input,1161,6,5,5,1,0,cinematography,
FI,structuring_vs_ordering,1161,5,5,5,0,0,,
FI,structuring_vs_input,1161,6,5,5,1,0,cinematography,
FI,ordering_vs_input,1162,2,2,2,0,0,,
FI,structuring_vs_ordering,1162,2,2,2,0,0,,
FI,structuring_vs_input,1162,2,2,2,0,0,,
FI,ordering_vs_input,1163,3,3,3,0,0,,
FI,structuring_vs_ordering,1163,3,3,3,0,0,,
FI,structuring_vs_input,1163,3,3,3,0,0,,
FI,ordering_vs_input,1164,3,3,3,0,0,,
FI,structuring_vs_ordering,1164,3,3,3,0,0,,
FI,structuring_vs_input,1164,3,3,3,0,0,,
FI,ordering_vs_input,1165,1,1,1,0,0,,
FI,structuring_vs_ordering,1165,1,1,1,0,0,,
FI,structuring_vs_input,1165,1,1,1,0,0,,
FI,ordering_vs_input,1166,1,1,1,0,0,,
FI,structuring_vs_ordering,1166,1,1,1,0,0,,
FI,structuring_vs_input,1166,1,1,1,0,0,,
FI,ordering_vs_input,1167,2,2,2,0,0,,
FI,structuring_vs_ordering,1167,2,2,2,0,0,,
FI,structuring_vs_input,1167,2,2,2,0,0,,
FI,ordering_vs_input,1168,4,4,4,0,0,,
FI,structuring_vs_ordering,1168,4,4,4,0,0,,
FI,structuring_vs_input,1168,4,4,4,0,0,,
FI,ordering_vs_input,1169,4,4,4,0,0,,
FI,structuring_vs_ordering,1169,4,4,4,0,0,,
FI,structuring_vs_input,1169,4,4,4,0,0,,
FI,ordering_vs_input,1170,5,5,5,0,0,,
FI,structuring_vs_ordering,1170,5,5,5,0,0,,
FI,structuring_vs_input,1170,5,5,5,0,0,,
FI,ordering_vs_input,1171,2,2,2,0,0,,
FI,structuring_vs_ordering,1171,2,2,2,0,0,,
FI,structuring_vs_input,1171,2,2,2,0,0,,
FI,ordering_vs_input,1172,3,2,2,1,0,training,
FI,structuring_vs_ordering,1172,2,2,2,0,0,,
FI,structuring_vs_input,1172,3,2,2,1,0,training,
FI,ordering_vs_input,1173,2,2,2,0,0,,
FI,structuring_vs_ordering,1173,2,2,2,0,0,,
FI,structuring_vs_input,1173,2,2,2,0,0,,
FI,ordering_vs_input,1174,7,6,6,1,0,citizenship,
FI,structuring_vs_ordering,1174,6,6,6,0,0,,
FI,structuring_vs_input,1174,7,6,6,1,0,citizenship,
FI,ordering_vs_input,1175,4,4,4,0,0,,
FI,structuring_vs_ordering,1175,4,4,4,0,0,,
FI,structuring_vs_input,1175,4,4,4,0,0,,
FI,ordering_vs_input,1176,1,1,1,0,0,,
FI,structuring_vs_ordering,1176,1,1,1,0,0,,
FI,structuring_vs_input,1176,1,1,1,0,0,,
FI,ordering_vs_input,1177,5,5,5,0,0,,
FI,structuring_vs_ordering,1177,5,5,5,0,0,,
FI,structuring_vs_input,1177,5,5,5,0,0,,
FI,ordering_vs_input,1178,1,1,1,0,0,,
FI,structuring_vs_ordering,1178,1,1,1,0,0,,
FI,structuring_vs_input,1178,1,1,1,0,0,,
FI,ordering_vs_input,1179,4,4,4,0,0,,
FI,structuring_vs_ordering,1179,4,4,4,0,0,,
FI,structuring_vs_input,1179,4,4,4,0,0,,
FI,ordering_vs_input,1180,1,1,1,0,0,,
FI,structuring_vs_ordering,1180,1,1,1,0,0,,
FI,structuring_vs_input,1180,1,1,1,0,0,,
FI,ordering_vs_input,1181,2,2,2,0,0,,
FI,structuring_vs_ordering,1181,2,2,2,0,0,,
FI,structuring_vs_input,1181,2,2,2,0,0,,
FI,ordering_vs_input,1182,1,1,1,0,0,,
FI,structuring_vs_ordering,1182,1,1,1,0,0,,
FI,structuring_vs_input,1182,1,1,1,0,0,,
FI,ordering_vs_input,1183,4,4,4,0,0,,
FI,structuring_vs_ordering,1183,4,4,4,0,0,,
FI,structuring_vs_input,1183,4,4,4,0,0,,
FI,ordering_vs_input,1184,1,1,1,0,0,,
FI,structuring_vs_ordering,1184,1,1,1,0,0,,
FI,structuring_vs_input,1184,1,1,1,0,0,,
FI,ordering_vs_input,1185,7,5,5,2,0,musicalBand | producer,
FI,structuring_vs_ordering,1185,5,4,4,1,0,writer,
FI,structuring_vs_input,1185,7,4,4,3,0,musicalBand | writer | producer,
FI,ordering_vs_input,1186,5,5,5,0,0,,
FI,structuring_vs_ordering,1186,5,5,5,0,0,,
FI,structuring_vs_input,1186,5,5,5,0,0,,
FI,ordering_vs_input,1187,4,4,4,0,0,,
FI,structuring_vs_ordering,1187,4,4,4,0,0,,
FI,structuring_vs_input,1187,4,4,4,0,0,,
FI,ordering_vs_input,1188,3,3,3,0,0,,
FI,structuring_vs_ordering,1188,3,3,3,0,0,,
FI,structuring_vs_input,1188,3,3,3,0,0,,
FI,ordering_vs_input,1189,3,3,3,0,0,,
FI,structuring_vs_ordering,1189,3,3,3,0,0,,
FI,structuring_vs_input,1189,3,3,3,0,0,,
FI,ordering_vs_input,1190,1,1,1,0,0,,
FI,structuring_vs_ordering,1190,1,1,1,0,0,,
FI,structuring_vs_input,1190,1,1,1,0,0,,
FI,ordering_vs_input,1191,3,3,3,0,0,,
FI,structuring_vs_ordering,1191,3,3,3,0,0,,
FI,structuring_vs_input,1191,3,3,3,0,0,,
FI,ordering_vs_input,1192,1,1,1,0,0,,
FI,structuring_vs_ordering,1192,1,1,1,0,0,,
FI,structuring_vs_input,1192,1,1,1,0,0,,
FI,ordering_vs_input,1193,2,2,2,0,0,,
FI,structuring_vs_ordering,1193,2,2,2,0,0,,
FI,structuring_vs_input,1193,2,2,2,0,0,,
FI,ordering_vs_input,1194,1,1,1,0,0,,
FI,structuring_vs_ordering,1194,1,1,1,0,0,,
FI,structuring_vs_input,1194,1,1,1,0,0,,
FI,ordering_vs_input,1195,3,1,1,2,0,professionalField | professionalField,
FI,structuring_vs_ordering,1195,1,1,1,0,0,,
FI,structuring_vs_input,1195,3,1,1,2,0,professionalField | professionalField,
FI,ordering_vs_input,1196,2,2,2,0,0,,
FI,structuring_vs_ordering,1196,2,2,2,0,0,,
FI,structuring_vs_input,1196,2,2,2,0,0,,
FI,ordering_vs_input,1197,4,4,4,0,0,,
FI,structuring_vs_ordering,1197,4,4,4,0,0,,
FI,structuring_vs_input,1197,4,4,4,0,0,,
FI,ordering_vs_input,1198,1,1,1,0,0,,
FI,structuring_vs_ordering,1198,1,1,1,0,0,,
FI,structuring_vs_input,1198,1,1,1,0,0,,
FI,ordering_vs_input,1199,1,1,1,0,0,,
FI,structuring_vs_ordering,1199,1,1,1,0,0,,
FI,structuring_vs_input,1199,1,1,1,0,0,,
FI,ordering_vs_input,1200,7,6,6,1,0,city,
FI,structuring_vs_ordering,1200,6,6,6,0,0,,
FI,structuring_vs_input,1200,7,6,6,1,0,city,
FI,ordering_vs_input,1201,3,3,3,0,0,,
FI,structuring_vs_ordering,1201,3,3,3,0,0,,
FI,structuring_vs_input,1201,3,3,3,0,0,,
FI,ordering_vs_input,1202,1,1,1,0,0,,
FI,structuring_vs_ordering,1202,1,1,1,0,0,,
FI,structuring_vs_input,1202,1,1,1,0,0,,
FI,ordering_vs_input,1203,2,2,2,0,0,,
FI,structuring_vs_ordering,1203,2,2,2,0,0,,
FI,structuring_vs_input,1203,2,2,2,0,0,,
FI,ordering_vs_input,1204,1,1,1,0,0,,
FI,structuring_vs_ordering,1204,1,1,1,0,0,,
FI,structuring_vs_input,1204,1,1,1,0,0,,
FI,ordering_vs_input,1205,5,4,4,1,0,professionalField,
FI,structuring_vs_ordering,1205,4,4,4,0,0,,
FI,structuring_vs_input,1205,5,4,4,1,0,professionalField,
FI,ordering_vs_input,1206,1,1,1,0,0,,
FI,structuring_vs_ordering,1206,1,1,1,0,0,,
FI,structuring_vs_input,1206,1,1,1,0,0,,
FI,ordering_vs_input,1207,1,1,1,0,0,,
FI,structuring_vs_ordering,1207,1,1,1,0,0,,
FI,structuring_vs_input,1207,1,1,1,0,0,,
FI,ordering_vs_input,1208,2,2,2,0,0,,
FI,structuring_vs_ordering,1208,2,2,2,0,0,,
FI,structuring_vs_input,1208,2,2,2,0,0,,
FI,ordering_vs_input,1209,4,4,4,0,0,,
FI,structuring_vs_ordering,1209,4,4,4,0,0,,
FI,structuring_vs_input,1209,4,4,4,0,0,,
FI,ordering_vs_input,1210,1,1,1,0,0,,
FI,structuring_vs_ordering,1210,1,1,1,0,0,,
FI,structuring_vs_input,1210,1,1,1,0,0,,
FI,ordering_vs_input,1211,5,5,5,0,0,,
FI,structuring_vs_ordering,1211,5,5,5,0,0,,
FI,structuring_vs_input,1211,5,5,5,0,0,,
FI,ordering_vs_input,1212,6,6,6,0,0,,
FI,structuring_vs_ordering,1212,6,6,6,0,0,,
FI,structuring_vs_input,1212,6,6,6,0,0,,
FI,ordering_vs_input,1213,4,3,3,1,0,industry,
FI,structuring_vs_ordering,1213,3,3,3,0,0,,
FI,structuring_vs_input,1213,4,3,3,1,0,industry,
FI,ordering_vs_input,1214,2,2,2,0,0,,
FI,structuring_vs_ordering,1214,2,2,2,0,0,,
FI,structuring_vs_input,1214,2,2,2,0,0,,
FI,ordering_vs_input,1215,1,1,1,0,0,,
FI,structuring_vs_ordering,1215,1,1,1,0,0,,
FI,structuring_vs_input,1215,1,1,1,0,0,,
FI,ordering_vs_input,1216,2,2,2,0,0,,
FI,structuring_vs_ordering,1216,2,2,2,0,0,,
FI,structuring_vs_input,1216,2,2,2,0,0,,
FI,ordering_vs_input,1217,3,3,3,0,0,,
FI,structuring_vs_ordering,1217,3,3,3,0,0,,
FI,structuring_vs_input,1217,3,3,3,0,0,,
FI,ordering_vs_input,1218,1,1,1,0,0,,
FI,structuring_vs_ordering,1218,1,1,1,0,0,,
FI,structuring_vs_input,1218,1,1,1,0,0,,
FI,ordering_vs_input,1219,3,3,3,0,0,,
FI,structuring_vs_ordering,1219,3,3,3,0,0,,
FI,structuring_vs_input,1219,3,3,3,0,0,,
FI,ordering_vs_input,1220,2,2,2,0,0,,
FI,structuring_vs_ordering,1220,2,2,2,0,0,,
FI,structuring_vs_input,1220,2,2,2,0,0,,
FI,ordering_vs_input,1221,2,2,2,0,0,,
FI,structuring_vs_ordering,1221,2,2,2,0,0,,
FI,structuring_vs_input,1221,2,2,2,0,0,,
FI,ordering_vs_input,1222,4,3,3,1,0,professionalField,
FI,structuring_vs_ordering,1222,3,3,3,0,0,,
FI,structuring_vs_input,1222,4,3,3,1,0,professionalField,
FI,ordering_vs_input,1223,3,3,3,0,0,,
FI,structuring_vs_ordering,1223,3,3,3,0,0,,
FI,structuring_vs_input,1223,3,3,3,0,0,,
FI,ordering_vs_input,1224,2,1,1,1,0,writer,
FI,structuring_vs_ordering,1224,1,1,1,0,0,,
FI,structuring_vs_input,1224,2,1,1,1,0,writer,
FI,ordering_vs_input,1225,2,2,2,0,0,,
FI,structuring_vs_ordering,1225,2,2,2,0,0,,
FI,structuring_vs_input,1225,2,2,2,0,0,,
FI,ordering_vs_input,1226,3,3,3,0,0,,
FI,structuring_vs_ordering,1226,3,3,3,0,0,,
FI,structuring_vs_input,1226,3,3,3,0,0,,
FI,ordering_vs_input,1227,2,2,2,0,0,,
FI,structuring_vs_ordering,1227,2,2,2,0,0,,
FI,structuring_vs_input,1227,2,2,2,0,0,,
FI,ordering_vs_input,1228,5,5,5,0,0,,
FI,structuring_vs_ordering,1228,5,5,5,0,0,,
FI,structuring_vs_input,1228,5,5,5,0,0,,
FI,ordering_vs_input,1229,2,2,2,0,0,,
FI,structuring_vs_ordering,1229,2,2,2,0,0,,
FI,structuring_vs_input,1229,2,2,2,0,0,,
FI,ordering_vs_input,1230,6,5,5,1,0,knownFor,
FI,structuring_vs_ordering,1230,5,5,5,0,0,,
FI,structuring_vs_input,1230,6,5,5,1,0,knownFor,
FI,ordering_vs_input,1231,7,7,7,0,0,,
FI,structuring_vs_ordering,1231,7,7,7,0,0,,
FI,structuring_vs_input,1231,7,7,7,0,0,,
FI,ordering_vs_input,1232,3,3,3,0,0,,
FI,structuring_vs_ordering,1232,3,3,3,0,0,,
FI,structuring_vs_input,1232,3,3,3,0,0,,
FI,ordering_vs_input,1233,2,2,2,0,0,,
FI,structuring_vs_ordering,1233,2,2,2,0,0,,
FI,structuring_vs_input,1233,2,2,2,0,0,,
FI,ordering_vs_input,1234,3,3,3,0,0,,
FI,structuring_vs_ordering,1234,3,3,3,0,0,,
FI,structuring_vs_input,1234,3,3,3,0,0,,
FI,ordering_vs_input,1235,1,1,1,0,0,,
FI,structuring_vs_ordering,1235,1,1,1,0,0,,
FI,structuring_vs_input,1235,1,1,1,0,0,,
FI,ordering_vs_input,1236,4,4,4,0,0,,
FI,structuring_vs_ordering,1236,4,4,4,0,0,,
FI,structuring_vs_input,1236,4,4,4,0,0,,
FI,ordering_vs_input,1237,4,4,4,0,0,,
FI,structuring_vs_ordering,1237,4,4,4,0,0,,
FI,structuring_vs_input,1237,4,4,4,0,0,,
FI,ordering_vs_input,1238,1,1,1,0,0,,
FI,structuring_vs_ordering,1238,1,1,1,0,0,,
FI,structuring_vs_input,1238,1,1,1,0,0,,
FI,ordering_vs_input,1239,1,1,1,0,0,,
FI,structuring_vs_ordering,1239,1,1,1,0,0,,
FI,structuring_vs_input,1239,1,1,1,0,0,,
FI,ordering_vs_input,1240,2,2,2,0,0,,
FI,structuring_vs_ordering,1240,2,2,2,0,0,,
FI,structuring_vs_input,1240,2,2,2,0,0,,
FI,ordering_vs_input,1241,3,1,1,2,0,citizenship | professionalField,
FI,structuring_vs_ordering,1241,1,1,1,0,0,,
FI,structuring_vs_input,1241,3,1,1,2,0,citizenship | professionalField,
FI,ordering_vs_input,1242,4,4,4,0,0,,
FI,structuring_vs_ordering,1242,4,4,4,0,0,,
FI,structuring_vs_input,1242,4,4,4,0,0,,
FI,ordering_vs_input,1243,3,3,3,0,0,,
FI,structuring_vs_ordering,1243,3,3,3,0,0,,
FI,structuring_vs_input,1243,3,3,3,0,0,,
FI,ordering_vs_input,1244,6,4,4,2,0,writer | writer,
FI,structuring_vs_ordering,1244,4,4,4,0,0,,
FI,structuring_vs_input,1244,6,4,4,2,0,writer | writer,
FI,ordering_vs_input,1245,3,3,3,0,0,,
FI,structuring_vs_ordering,1245,3,3,3,0,0,,
FI,structuring_vs_input,1245,3,3,3,0,0,,
FI,ordering_vs_input,1246,2,2,2,0,0,,
FI,structuring_vs_ordering,1246,2,2,2,0,0,,
FI,structuring_vs_input,1246,2,2,2,0,0,,
FI,ordering_vs_input,1247,4,4,4,0,0,,
FI,structuring_vs_ordering,1247,4,4,4,0,0,,
FI,structuring_vs_input,1247,4,4,4,0,0,,
FI,ordering_vs_input,1248,4,4,4,0,0,,
FI,structuring_vs_ordering,1248,4,4,4,0,0,,
FI,structuring_vs_input,1248,4,4,4,0,0,,
FI,ordering_vs_input,1249,1,1,1,0,0,,
FI,structuring_vs_ordering,1249,1,1,1,0,0,,
FI,structuring_vs_input,1249,1,1,1,0,0,,
FI,ordering_vs_input,1250,5,4,4,1,0,editing,
FI,structuring_vs_ordering,1250,4,4,4,0,0,,
FI,structuring_vs_input,1250,5,4,4,1,0,editing,
FI,ordering_vs_input,1251,4,4,4,0,0,,
FI,structuring_vs_ordering,1251,4,4,4,0,0,,
FI,structuring_vs_input,1251,4,4,4,0,0,,
FI,ordering_vs_input,1252,2,2,2,0,0,,
FI,structuring_vs_ordering,1252,2,2,2,0,0,,
FI,structuring_vs_input,1252,2,2,2,0,0,,
FI,ordering_vs_input,1253,7,7,7,0,0,,
FI,structuring_vs_ordering,1253,7,7,7,0,0,,
FI,structuring_vs_input,1253,7,7,7,0,0,,
FI,ordering_vs_input,1254,4,4,4,0,0,,
FI,structuring_vs_ordering,1254,4,4,4,0,0,,
FI,structuring_vs_input,1254,4,4,4,0,0,,
FI,ordering_vs_input,1255,3,3,3,0,0,,
FI,structuring_vs_ordering,1255,3,3,3,0,0,,
FI,structuring_vs_input,1255,3,3,3,0,0,,
FI,ordering_vs_input,1256,3,2,2,1,0,training,
FI,structuring_vs_ordering,1256,2,2,2,0,0,,
FI,structuring_vs_input,1256,3,2,2,1,0,training,
FI,ordering_vs_input,1257,1,1,1,0,0,,
FI,structuring_vs_ordering,1257,1,1,1,0,0,,
FI,structuring_vs_input,1257,1,1,1,0,0,,
FI,ordering_vs_input,1258,1,1,1,0,0,,
FI,structuring_vs_ordering,1258,1,1,1,0,0,,
FI,structuring_vs_input,1258,1,1,1,0,0,,
FI,ordering_vs_input,1259,3,3,3,0,0,,
FI,structuring_vs_ordering,1259,3,3,3,0,0,,
FI,structuring_vs_input,1259,3,3,3,0,0,,
FI,ordering_vs_input,1260,5,3,3,2,0,industry | type,
FI,structuring_vs_ordering,1260,3,3,3,0,0,,
FI,structuring_vs_input,1260,5,3,3,2,0,industry | type,
FI,ordering_vs_input,1261,1,1,1,0,0,,
FI,structuring_vs_ordering,1261,1,1,1,0,0,,
FI,structuring_vs_input,1261,1,1,1,0,0,,
FI,ordering_vs_input,1262,1,1,1,0,0,,
FI,structuring_vs_ordering,1262,1,1,1,0,0,,
FI,structuring_vs_input,1262,1,1,1,0,0,,
FI,ordering_vs_input,1263,2,2,2,0,0,,
FI,structuring_vs_ordering,1263,2,2,2,0,0,,
FI,structuring_vs_input,1263,2,2,2,0,0,,
FI,ordering_vs_input,1264,3,3,3,0,0,,
FI,structuring_vs_ordering,1264,3,3,3,0,0,,
FI,structuring_vs_input,1264,3,3,3,0,0,,
FI,ordering_vs_input,1265,3,3,3,0,0,,
FI,structuring_vs_ordering,1265,3,3,3,0,0,,
FI,structuring_vs_input,1265,3,3,3,0,0,,
FI,ordering_vs_input,1266,5,5,5,0,0,,
FI,structuring_vs_ordering,1266,5,5,5,0,0,,
FI,structuring_vs_input,1266,5,5,5,0,0,,
FI,ordering_vs_input,1267,4,4,4,0,0,,
FI,structuring_vs_ordering,1267,4,4,4,0,0,,
FI,structuring_vs_input,1267,4,4,4,0,0,,
FI,ordering_vs_input,1268,6,6,6,0,0,,
FI,structuring_vs_ordering,1268,6,6,6,0,0,,
FI,structuring_vs_input,1268,6,6,6,0,0,,
FI,ordering_vs_input,1269,2,2,2,0,0,,
FI,structuring_vs_ordering,1269,2,2,2,0,0,,
FI,structuring_vs_input,1269,2,2,2,0,0,,
FI,ordering_vs_input,1270,3,3,3,0,0,,
FI,structuring_vs_ordering,1270,3,3,3,0,0,,
FI,structuring_vs_input,1270,3,3,3,0,0,,
FI,ordering_vs_input,1271,2,2,2,0,0,,
FI,structuring_vs_ordering,1271,2,2,2,0,0,,
FI,structuring_vs_input,1271,2,2,2,0,0,,
FI,ordering_vs_input,1272,1,1,1,0,0,,
FI,structuring_vs_ordering,1272,1,1,1,0,0,,
FI,structuring_vs_input,1272,1,1,1,0,0,,
FI,ordering_vs_input,1273,5,5,5,0,0,,
FI,structuring_vs_ordering,1273,5,5,5,0,0,,
FI,structuring_vs_input,1273,5,5,5,0,0,,
FI,ordering_vs_input,1274,3,3,3,0,0,,
FI,structuring_vs_ordering,1274,3,3,3,0,0,,
FI,structuring_vs_input,1274,3,3,3,0,0,,
FI,ordering_vs_input,1275,4,4,4,0,0,,
FI,structuring_vs_ordering,1275,4,4,4,0,0,,
FI,structuring_vs_input,1275,4,4,4,0,0,,
FI,ordering_vs_input,1276,4,2,2,2,0,citizenship | professionalField,
FI,structuring_vs_ordering,1276,2,2,2,0,0,,
FI,structuring_vs_input,1276,4,2,2,2,0,citizenship | professionalField,
FI,ordering_vs_input,1277,1,1,1,0,0,,
FI,structuring_vs_ordering,1277,1,1,1,0,0,,
FI,structuring_vs_input,1277,1,1,1,0,0,,
FI,ordering_vs_input,1278,4,4,4,0,0,,
FI,structuring_vs_ordering,1278,4,4,4,0,0,,
FI,structuring_vs_input,1278,4,4,4,0,0,,
FI,ordering_vs_input,1279,5,5,5,0,0,,
FI,structuring_vs_ordering,1279,5,5,5,0,0,,
FI,structuring_vs_input,1279,5,5,5,0,0,,
FI,ordering_vs_input,1280,2,2,2,0,0,,
FI,structuring_vs_ordering,1280,2,2,2,0,0,,
FI,structuring_vs_input,1280,2,2,2,0,0,,
FI,ordering_vs_input,1281,6,6,6,0,0,,
FI,structuring_vs_ordering,1281,6,6,6,0,0,,
FI,structuring_vs_input,1281,6,6,6,0,0,,
FI,ordering_vs_input,1282,1,1,1,0,0,,
FI,structuring_vs_ordering,1282,1,1,1,0,0,,
FI,structuring_vs_input,1282,1,1,1,0,0,,
FI,ordering_vs_input,1283,1,1,1,0,0,,
FI,structuring_vs_ordering,1283,1,1,1,0,0,,
FI,structuring_vs_input,1283,1,1,1,0,0,,
FI,ordering_vs_input,1284,1,1,1,0,0,,
FI,structuring_vs_ordering,1284,1,1,1,0,0,,
FI,structuring_vs_input,1284,1,1,1,0,0,,
FI,ordering_vs_input,1285,3,3,3,0,0,,
FI,structuring_vs_ordering,1285,3,3,3,0,0,,
FI,structuring_vs_input,1285,3,3,3,0,0,,
FI,ordering_vs_input,1286,1,1,1,0,0,,
FI,structuring_vs_ordering,1286,1,1,1,0,0,,
FI,structuring_vs_input,1286,1,1,1,0,0,,
FI,ordering_vs_input,1287,7,5,5,2,0,industry | industry,
FI,structuring_vs_ordering,1287,5,5,5,0,0,,
FI,structuring_vs_input,1287,7,5,5,2,0,industry | industry,
FI,ordering_vs_input,1288,2,2,2,0,0,,
FI,structuring_vs_ordering,1288,2,2,2,0,0,,
FI,structuring_vs_input,1288,2,2,2,0,0,,
FI,ordering_vs_input,1289,2,2,2,0,0,,
FI,structuring_vs_ordering,1289,2,2,2,0,0,,
FI,structuring_vs_input,1289,2,2,2,0,0,,
FI,ordering_vs_input,1290,1,1,1,0,0,,
FI,structuring_vs_ordering,1290,1,1,1,0,0,,
FI,structuring_vs_input,1290,1,1,1,0,0,,
FI,ordering_vs_input,1291,2,2,2,0,0,,
FI,structuring_vs_ordering,1291,2,2,2,0,0,,
FI,structuring_vs_input,1291,2,2,2,0,0,,
FI,ordering_vs_input,1292,5,4,4,1,0,location,
FI,structuring_vs_ordering,1292,4,4,4,0,0,,
FI,structuring_vs_input,1292,5,4,4,1,0,location,
FI,ordering_vs_input,1293,3,1,1,2,0,professionalField | professionalField,
FI,structuring_vs_ordering,1293,1,1,1,0,0,,
FI,structuring_vs_input,1293,3,1,1,2,0,professionalField | professionalField,
FI,ordering_vs_input,1294,1,1,1,0,0,,
FI,structuring_vs_ordering,1294,1,1,1,0,0,,
FI,structuring_vs_input,1294,1,1,1,0,0,,
FI,ordering_vs_input,1295,1,1,1,0,0,,
FI,structuring_vs_ordering,1295,1,1,1,0,0,,
FI,structuring_vs_input,1295,1,1,1,0,0,,
FI,ordering_vs_input,1296,5,4,4,1,0,type,
FI,structuring_vs_ordering,1296,4,4,4,0,0,,
FI,structuring_vs_input,1296,5,4,4,1,0,type,
FI,ordering_vs_input,1297,4,4,4,0,0,,
FI,structuring_vs_ordering,1297,4,4,4,0,0,,
FI,structuring_vs_input,1297,4,4,4,0,0,,
FI,ordering_vs_input,1298,2,2,2,0,0,,
FI,structuring_vs_ordering,1298,2,2,2,0,0,,
FI,structuring_vs_input,1298,2,2,2,0,0,,
FI,ordering_vs_input,1299,5,5,5,0,0,,
FI,structuring_vs_ordering,1299,5,5,5,0,0,,
FI,structuring_vs_input,1299,5,5,5,0,0,,
FI,ordering_vs_input,1300,4,4,4,0,0,,
FI,structuring_vs_ordering,1300,4,4,4,0,0,,
FI,structuring_vs_input,1300,4,4,4,0,0,,
FI,ordering_vs_input,1301,5,5,5,0,0,,
FI,structuring_vs_ordering,1301,5,5,5,0,0,,
FI,structuring_vs_input,1301,5,5,5,0,0,,
FI,ordering_vs_input,1302,3,3,3,0,0,,
FI,structuring_vs_ordering,1302,3,3,3,0,0,,
FI,structuring_vs_input,1302,3,3,3,0,0,,
FI,ordering_vs_input,1303,1,1,1,0,0,,
FI,structuring_vs_ordering,1303,1,1,1,0,0,,
FI,structuring_vs_input,1303,1,1,1,0,0,,
FI,ordering_vs_input,1304,3,3,3,0,0,,
FI,structuring_vs_ordering,1304,3,3,3,0,0,,
FI,structuring_vs_input,1304,3,3,3,0,0,,
FI,ordering_vs_input,1305,7,6,6,1,0,tenant,
FI,structuring_vs_ordering,1305,6,6,6,0,0,,
FI,structuring_vs_input,1305,7,6,6,1,0,tenant,
FI,ordering_vs_input,1306,3,3,3,0,0,,
FI,structuring_vs_ordering,1306,3,3,3,0,0,,
FI,structuring_vs_input,1306,3,3,3,0,0,,
FI,ordering_vs_input,1307,1,1,1,0,0,,
FI,structuring_vs_ordering,1307,1,1,1,0,0,,
FI,structuring_vs_input,1307,1,1,1,0,0,,
FI,ordering_vs_input,1308,2,2,2,0,0,,
FI,structuring_vs_ordering,1308,2,2,2,0,0,,
FI,structuring_vs_input,1308,2,2,2,0,0,,
FI,ordering_vs_input,1309,3,3,3,0,0,,
FI,structuring_vs_ordering,1309,3,3,3,0,0,,
FI,structuring_vs_input,1309,3,3,3,0,0,,
FI,ordering_vs_input,1310,1,1,1,0,0,,
FI,structuring_vs_ordering,1310,1,1,1,0,0,,
FI,structuring_vs_input,1310,1,1,1,0,0,,
FI,ordering_vs_input,1311,1,1,1,0,0,,
FI,structuring_vs_ordering,1311,1,1,1,0,0,,
FI,structuring_vs_input,1311,1,1,1,0,0,,
FI,ordering_vs_input,1312,4,4,4,0,0,,
FI,structuring_vs_ordering,1312,4,4,4,0,0,,
FI,structuring_vs_input,1312,4,4,4,0,0,,
FI,ordering_vs_input,1313,2,2,2,0,0,,
FI,structuring_vs_ordering,1313,2,2,2,0,0,,
FI,structuring_vs_input,1313,2,2,2,0,0,,
FI,ordering_vs_input,1314,3,3,3,0,0,,
FI,structuring_vs_ordering,1314,3,3,3,0,0,,
FI,structuring_vs_input,1314,3,3,3,0,0,,
FI,ordering_vs_input,1315,5,5,5,0,0,,
FI,structuring_vs_ordering,1315,5,5,5,0,0,,
FI,structuring_vs_input,1315,5,5,5,0,0,,
FI,ordering_vs_input,1316,1,1,1,0,0,,
FI,structuring_vs_ordering,1316,1,1,1,0,0,,
FI,structuring_vs_input,1316,1,1,1,0,0,,
FI,ordering_vs_input,1317,6,6,6,0,0,,
FI,structuring_vs_ordering,1317,6,6,6,0,0,,
FI,structuring_vs_input,1317,6,6,6,0,0,,
FI,ordering_vs_input,1318,4,4,4,0,0,,
FI,structuring_vs_ordering,1318,4,4,4,0,0,,
FI,structuring_vs_input,1318,4,4,4,0,0,,
FI,ordering_vs_input,1319,5,5,5,0,0,,
FI,structuring_vs_ordering,1319,5,5,5,0,0,,
FI,structuring_vs_input,1319,5,5,5,0,0,,
FI,ordering_vs_input,1320,5,5,5,0,0,,
FI,structuring_vs_ordering,1320,5,5,5,0,0,,
FI,structuring_vs_input,1320,5,5,5,0,0,,
FI,ordering_vs_input,1321,3,3,3,0,0,,
FI,structuring_vs_ordering,1321,3,3,3,0,0,,
FI,structuring_vs_input,1321,3,3,3,0,0,,
FI,ordering_vs_input,1322,1,1,1,0,0,,
FI,structuring_vs_ordering,1322,1,1,1,0,0,,
FI,structuring_vs_input,1322,1,1,1,0,0,,
FI,ordering_vs_input,1323,7,7,7,0,0,,
FI,structuring_vs_ordering,1323,7,7,7,0,0,,
FI,structuring_vs_input,1323,7,7,7,0,0,,
FI,ordering_vs_input,1324,1,1,1,0,0,,
FI,structuring_vs_ordering,1324,1,1,1,0,0,,
FI,structuring_vs_input,1324,1,1,1,0,0,,
FI,ordering_vs_input,1325,5,1,1,4,0,runtime | editing | producer | writer,
FI,structuring_vs_ordering,1325,1,1,1,0,0,,
FI,structuring_vs_input,1325,5,1,1,4,0,runtime | editing | producer | writer,
FI,ordering_vs_input,1326,1,1,1,0,0,,
FI,structuring_vs_ordering,1326,1,1,1,0,0,,
FI,structuring_vs_input,1326,1,1,1,0,0,,
FI,ordering_vs_input,1327,4,4,4,0,0,,
FI,structuring_vs_ordering,1327,4,4,4,0,0,,
FI,structuring_vs_input,1327,4,4,4,0,0,,
FI,ordering_vs_input,1328,3,1,1,2,0,producer | artist,
FI,structuring_vs_ordering,1328,1,1,1,0,0,,
FI,structuring_vs_input,1328,3,1,1,2,0,producer | artist,
FI,ordering_vs_input,1329,4,4,4,0,0,,
FI,structuring_vs_ordering,1329,4,4,4,0,0,,
FI,structuring_vs_input,1329,4,4,4,0,0,,
FI,ordering_vs_input,1330,5,5,5,0,0,,
FI,structuring_vs_ordering,1330,5,5,5,0,0,,
FI,structuring_vs_input,1330,5,5,5,0,0,,
FI,ordering_vs_input,1331,1,1,1,0,0,,
FI,structuring_vs_ordering,1331,1,1,1,0,0,,
FI,structuring_vs_input,1331,1,1,1,0,0,,
FI,ordering_vs_input,1332,3,2,2,1,0,type,
FI,structuring_vs_ordering,1332,2,2,2,0,0,,
FI,structuring_vs_input,1332,3,2,2,1,0,type,
FI,ordering_vs_input,1333,3,3,3,0,0,,
FI,structuring_vs_ordering,1333,3,3,3,0,0,,
FI,structuring_vs_input,1333,3,3,3,0,0,,
FI,ordering_vs_input,1334,4,1,1,3,0,producer | runtime | artist,
FI,structuring_vs_ordering,1334,1,1,1,0,0,,
FI,structuring_vs_input,1334,4,1,1,3,0,producer | runtime | artist,
FI,ordering_vs_input,1335,3,1,1,2,0,producer | writer,
FI,structuring_vs_ordering,1335,1,1,1,0,0,,
FI,structuring_vs_input,1335,3,1,1,2,0,producer | writer,
FI,ordering_vs_input,1336,4,4,4,0,0,,
FI,structuring_vs_ordering,1336,4,4,4,0,0,,
FI,structuring_vs_input,1336,4,4,4,0,0,,
FI,ordering_vs_input,1337,1,1,1,0,0,,
FI,structuring_vs_ordering,1337,1,1,1,0,0,,
FI,structuring_vs_input,1337,1,1,1,0,0,,
FI,ordering_vs_input,1338,2,2,2,0,0,,
FI,structuring_vs_ordering,1338,2,2,2,0,0,,
FI,structuring_vs_input,1338,2,2,2,0,0,,
FI,ordering_vs_input,1339,5,4,4,1,0,longName,
FI,structuring_vs_ordering,1339,4,4,4,0,0,,
FI,structuring_vs_input,1339,5,4,4,1,0,longName,
FI,ordering_vs_input,1340,5,5,5,0,0,,
FI,structuring_vs_ordering,1340,5,5,5,0,0,,
FI,structuring_vs_input,1340,5,5,5,0,0,,
FI,ordering_vs_input,1341,1,1,1,0,0,,
FI,structuring_vs_ordering,1341,1,1,1,0,0,,
FI,structuring_vs_input,1341,1,1,1,0,0,,
FI,ordering_vs_input,1342,1,1,1,0,0,,
FI,structuring_vs_ordering,1342,1,1,1,0,0,,
FI,structuring_vs_input,1342,1,1,1,0,0,,
FI,ordering_vs_input,1343,1,1,1,0,0,,
FI,structuring_vs_ordering,1343,1,1,1,0,0,,
FI,structuring_vs_input,1343,1,1,1,0,0,,
FI,ordering_vs_input,1344,5,5,5,0,0,,
FI,structuring_vs_ordering,1344,5,5,5,0,0,,
FI,structuring_vs_input,1344,5,5,5,0,0,,
FI,ordering_vs_input,1345,3,3,3,0,0,,
FI,structuring_vs_ordering,1345,3,3,3,0,0,,
FI,structuring_vs_input,1345,3,3,3,0,0,,
FI,ordering_vs_input,1346,3,3,3,0,0,,
FI,structuring_vs_ordering,1346,3,3,3,0,0,,
FI,structuring_vs_input,1346,3,3,3,0,0,,
FI,ordering_vs_input,1347,2,2,2,0,0,,
FI,structuring_vs_ordering,1347,2,2,2,0,0,,
FI,structuring_vs_input,1347,2,2,2,0,0,,
FI,ordering_vs_input,1348,2,2,2,0,0,,
FI,structuring_vs_ordering,1348,2,2,2,0,0,,
FI,structuring_vs_input,1348,2,2,2,0,0,,
FI,ordering_vs_input,1349,5,4,4,1,0,professionalField,
FI,structuring_vs_ordering,1349,4,4,4,0,0,,
FI,structuring_vs_input,1349,5,4,4,1,0,professionalField,
FI,ordering_vs_input,1350,1,1,1,0,0,,
FI,structuring_vs_ordering,1350,1,1,1,0,0,,
FI,structuring_vs_input,1350,1,1,1,0,0,,
FI,ordering_vs_input,1351,1,1,1,0,0,,
FI,structuring_vs_ordering,1351,1,1,1,0,0,,
FI,structuring_vs_input,1351,1,1,1,0,0,,
FI,ordering_vs_input,1352,4,3,3,1,0,citizenship,
FI,structuring_vs_ordering,1352,3,3,3,0,0,,
FI,structuring_vs_input,1352,4,3,3,1,0,citizenship,
FI,ordering_vs_input,1353,4,4,4,0,0,,
FI,structuring_vs_ordering,1353,4,4,4,0,0,,
FI,structuring_vs_input,1353,4,4,4,0,0,,
FI,ordering_vs_input,1354,2,2,2,0,0,,
FI,structuring_vs_ordering,1354,2,2,2,0,0,,
FI,structuring_vs_input,1354,2,2,2,0,0,,
FI,ordering_vs_input,1355,1,1,1,0,0,,
FI,structuring_vs_ordering,1355,1,1,1,0,0,,
FI,structuring_vs_input,1355,1,1,1,0,0,,
FI,ordering_vs_input,1356,1,1,1,0,0,,
FI,structuring_vs_ordering,1356,1,1,1,0,0,,
FI,structuring_vs_input,1356,1,1,1,0,0,,
FI,ordering_vs_input,1357,3,3,3,0,0,,
FI,structuring_vs_ordering,1357,3,3,3,0,0,,
FI,structuring_vs_input,1357,3,3,3,0,0,,
FI,ordering_vs_input,1358,4,4,4,0,0,,
FI,structuring_vs_ordering,1358,4,4,4,0,0,,
FI,structuring_vs_input,1358,4,4,4,0,0,,
FI,ordering_vs_input,1359,4,4,4,0,0,,
FI,structuring_vs_ordering,1359,4,4,4,0,0,,
FI,structuring_vs_input,1359,4,4,4,0,0,,
FI,ordering_vs_input,1360,6,6,6,0,0,,
FI,structuring_vs_ordering,1360,6,6,6,0,0,,
FI,structuring_vs_input,1360,6,6,6,0,0,,
FI,ordering_vs_input,1361,4,3,3,1,0,professionalField,
FI,structuring_vs_ordering,1361,3,3,3,0,0,,
FI,structuring_vs_input,1361,4,3,3,1,0,professionalField,
FI,ordering_vs_input,1362,5,5,5,0,0,,
FI,structuring_vs_ordering,1362,5,5,5,0,0,,
FI,structuring_vs_input,1362,5,5,5,0,0,,
FI,ordering_vs_input,1363,3,3,3,0,0,,
FI,structuring_vs_ordering,1363,3,3,3,0,0,,
FI,structuring_vs_input,1363,3,3,3,0,0,,
FI,ordering_vs_input,1364,7,3,3,4,0,runtime | editing | producer | writer,
FI,structuring_vs_ordering,1364,3,3,3,0,0,,
FI,structuring_vs_input,1364,7,3,3,4,0,runtime | editing | producer | writer,
FI,ordering_vs_input,1365,1,1,1,0,0,,
FI,structuring_vs_ordering,1365,1,1,1,0,0,,
FI,structuring_vs_input,1365,1,1,1,0,0,,
FI,ordering_vs_input,1366,3,3,3,0,0,,
FI,structuring_vs_ordering,1366,3,3,3,0,0,,
FI,structuring_vs_input,1366,3,3,3,0,0,,
FI,ordering_vs_input,1367,2,2,2,0,0,,
FI,structuring_vs_ordering,1367,2,2,2,0,0,,
FI,structuring_vs_input,1367,2,2,2,0,0,,
FI,ordering_vs_input,1368,5,5,5,0,0,,
FI,structuring_vs_ordering,1368,5,5,5,0,0,,
FI,structuring_vs_input,1368,5,5,5,0,0,,
FI,ordering_vs_input,1369,2,2,2,0,0,,
FI,structuring_vs_ordering,1369,2,2,2,0,0,,
FI,structuring_vs_input,1369,2,2,2,0,0,,
FI,ordering_vs_input,1370,3,3,3,0,0,,
FI,structuring_vs_ordering,1370,3,3,3,0,0,,
FI,structuring_vs_input,1370,3,3,3,0,0,,
FI,ordering_vs_input,1371,1,1,1,0,0,,
FI,structuring_vs_ordering,1371,1,1,1,0,0,,
FI,structuring_vs_input,1371,1,1,1,0,0,,
FI,ordering_vs_input,1372,4,3,3,1,0,industry,
FI,structuring_vs_ordering,1372,3,3,3,0,0,,
FI,structuring_vs_input,1372,4,3,3,1,0,industry,
FI,ordering_vs_input,1373,1,1,1,0,0,,
FI,structuring_vs_ordering,1373,1,1,1,0,0,,
FI,structuring_vs_input,1373,1,1,1,0,0,,
FI,ordering_vs_input,1374,1,1,1,0,0,,
FI,structuring_vs_ordering,1374,1,1,1,0,0,,
FI,structuring_vs_input,1374,1,1,1,0,0,,
FI,ordering_vs_input,1375,5,5,5,0,0,,
FI,structuring_vs_ordering,1375,5,5,5,0,0,,
FI,structuring_vs_input,1375,5,5,5,0,0,,
FI,ordering_vs_input,1376,6,6,6,0,0,,
FI,structuring_vs_ordering,1376,6,6,6,0,0,,
FI,structuring_vs_input,1376,6,6,6,0,0,,
FI,ordering_vs_input,1377,6,4,4,2,0,editing | producer,
FI,structuring_vs_ordering,1377,4,4,4,0,0,,
FI,structuring_vs_input,1377,6,4,4,2,0,editing | producer,
FI,ordering_vs_input,1378,5,2,2,3,0,editing | producer | writer,
FI,structuring_vs_ordering,1378,2,2,2,0,0,,
FI,structuring_vs_input,1378,5,2,2,3,0,editing | producer | writer,
FI,ordering_vs_input,1379,2,2,2,0,0,,
FI,structuring_vs_ordering,1379,2,2,2,0,0,,
FI,structuring_vs_input,1379,2,2,2,0,0,,
FI,ordering_vs_input,1380,4,4,4,0,0,,
FI,structuring_vs_ordering,1380,4,4,4,0,0,,
FI,structuring_vs_input,1380,4,4,4,0,0,,
FI,ordering_vs_input,1381,6,6,6,0,0,,
FI,structuring_vs_ordering,1381,6,6,6,0,0,,
FI,structuring_vs_input,1381,6,6,6,0,0,,
FI,ordering_vs_input,1382,5,4,4,1,0,staff,
FI,structuring_vs_ordering,1382,4,4,4,0,0,,
FI,structuring_vs_input,1382,5,4,4,1,0,staff,
FI,ordering_vs_input,1383,3,3,3,0,0,,
FI,structuring_vs_ordering,1383,3,3,3,0,0,,
FI,structuring_vs_input,1383,3,3,3,0,0,,
FI,ordering_vs_input,1384,1,1,1,0,0,,
FI,structuring_vs_ordering,1384,1,1,1,0,0,,
FI,structuring_vs_input,1384,1,1,1,0,0,,
FI,ordering_vs_input,1385,3,3,3,0,0,,
FI,structuring_vs_ordering,1385,3,3,3,0,0,,
FI,structuring_vs_input,1385,3,3,3,0,0,,
FI,ordering_vs_input,1386,2,2,2,0,0,,
FI,structuring_vs_ordering,1386,2,2,2,0,0,,
FI,structuring_vs_input,1386,2,2,2,0,0,,
FI,ordering_vs_input,1387,3,2,2,1,0,knownFor,
FI,structuring_vs_ordering,1387,2,2,2,0,0,,
FI,structuring_vs_input,1387,3,2,2,1,0,knownFor,
FI,ordering_vs_input,1388,1,1,1,0,0,,
FI,structuring_vs_ordering,1388,1,1,1,0,0,,
FI,structuring_vs_input,1388,1,1,1,0,0,,
FI,ordering_vs_input,1389,1,1,1,0,0,,
FI,structuring_vs_ordering,1389,1,1,1,0,0,,
FI,structuring_vs_input,1389,1,1,1,0,0,,
FI,ordering_vs_input,1390,2,2,2,0,0,,
FI,structuring_vs_ordering,1390,2,2,2,0,0,,
FI,structuring_vs_input,1390,2,2,2,0,0,,
FI,ordering_vs_input,1391,4,4,4,0,0,,
FI,structuring_vs_ordering,1391,4,4,4,0,0,,
FI,structuring_vs_input,1391,4,4,4,0,0,,
FI,ordering_vs_input,1392,1,1,1,0,0,,
FI,structuring_vs_ordering,1392,1,1,1,0,0,,
FI,structuring_vs_input,1392,1,1,1,0,0,,
FI,ordering_vs_input,1393,7,7,7,0,0,,
FI,structuring_vs_ordering,1393,7,7,7,0,0,,
FI,structuring_vs_input,1393,7,7,7,0,0,,
FI,ordering_vs_input,1394,4,4,4,0,0,,
FI,structuring_vs_ordering,1394,4,4,4,0,0,,
FI,structuring_vs_input,1394,4,4,4,0,0,,
FI,ordering_vs_input,1395,1,1,1,0,0,,
FI,structuring_vs_ordering,1395,1,1,1,0,0,,
FI,structuring_vs_input,1395,1,1,1,0,0,,
FI,ordering_vs_input,1396,1,1,1,0,0,,
FI,structuring_vs_ordering,1396,1,1,1,0,0,,
FI,structuring_vs_input,1396,1,1,1,0,0,,
FI,ordering_vs_input,1397,3,3,3,0,0,,
FI,structuring_vs_ordering,1397,3,3,3,0,0,,
FI,structuring_vs_input,1397,3,3,3,0,0,,
FI,ordering_vs_input,1398,3,3,3,0,0,,
FI,structuring_vs_ordering,1398,3,3,3,0,0,,
FI,structuring_vs_input,1398,3,3,3,0,0,,
FI,ordering_vs_input,1399,7,5,5,2,0,location | city,
FI,structuring_vs_ordering,1399,5,5,5,0,0,,
FI,structuring_vs_input,1399,7,5,5,2,0,location | city,
FI,ordering_vs_input,1400,7,6,6,1,0,status,
FI,structuring_vs_ordering,1400,6,6,6,0,0,,
FI,structuring_vs_input,1400,7,6,6,1,0,status,
FI,ordering_vs_input,1401,7,4,4,3,0,artist | producer | runtime,
FI,structuring_vs_ordering,1401,4,4,4,0,0,,
FI,structuring_vs_input,1401,7,4,4,3,0,artist | producer | runtime,
FI,ordering_vs_input,1402,4,4,4,0,0,,
FI,structuring_vs_ordering,1402,4,4,4,0,0,,
FI,structuring_vs_input,1402,4,4,4,0,0,,
FI,ordering_vs_input,1403,3,3,3,0,0,,
FI,structuring_vs_ordering,1403,3,3,3,0,0,,
FI,structuring_vs_input,1403,3,3,3,0,0,,
FI,ordering_vs_input,1404,1,1,1,0,0,,
FI,structuring_vs_ordering,1404,1,1,1,0,0,,
FI,structuring_vs_input,1404,1,1,1,0,0,,
FI,ordering_vs_input,1405,1,1,1,0,0,,
FI,structuring_vs_ordering,1405,1,1,1,0,0,,
FI,structuring_vs_input,1405,1,1,1,0,0,,
FI,ordering_vs_input,1406,3,2,2,1,0,releaseDate,
FI,structuring_vs_ordering,1406,2,2,2,0,0,,
FI,structuring_vs_input,1406,3,2,2,1,0,releaseDate,
FI,ordering_vs_input,1407,4,4,4,0,0,,
FI,structuring_vs_ordering,1407,4,4,4,0,0,,
FI,structuring_vs_input,1407,4,4,4,0,0,,
FI,ordering_vs_input,1408,2,2,2,0,0,,
FI,structuring_vs_ordering,1408,2,2,2,0,0,,
FI,structuring_vs_input,1408,2,2,2,0,0,,
FI,ordering_vs_input,1409,2,2,2,0,0,,
FI,structuring_vs_ordering,1409,2,2,2,0,0,,
FI,structuring_vs_input,1409,2,2,2,0,0,,
FI,ordering_vs_input,1410,5,5,5,0,0,,
FI,structuring_vs_ordering,1410,5,5,5,0,0,,
FI,structuring_vs_input,1410,5,5,5,0,0,,
FI,ordering_vs_input,1411,1,1,1,0,0,,
FI,structuring_vs_ordering,1411,1,1,1,0,0,,
FI,structuring_vs_input,1411,1,1,1,0,0,,
FI,ordering_vs_input,1412,2,2,2,0,0,,
FI,structuring_vs_ordering,1412,2,2,2,0,0,,
FI,structuring_vs_input,1412,2,2,2,0,0,,
FI,ordering_vs_input,1413,2,2,2,0,0,,
FI,structuring_vs_ordering,1413,2,2,2,0,0,,
FI,structuring_vs_input,1413,2,2,2,0,0,,
FI,ordering_vs_input,1414,1,1,1,0,0,,
FI,structuring_vs_ordering,1414,1,1,1,0,0,,
FI,structuring_vs_input,1414,1,1,1,0,0,,
FI,ordering_vs_input,1415,3,3,3,0,0,,
FI,structuring_vs_ordering,1415,3,3,3,0,0,,
FI,structuring_vs_input,1415,3,3,3,0,0,,
FI,ordering_vs_input,1416,2,2,2,0,0,,
FI,structuring_vs_ordering,1416,2,2,2,0,0,,
FI,structuring_vs_input,1416,2,2,2,0,0,,
FI,ordering_vs_input,1417,2,2,2,0,0,,
FI,structuring_vs_ordering,1417,2,2,2,0,0,,
FI,structuring_vs_input,1417,2,2,2,0,0,,
FI,ordering_vs_input,1418,3,3,3,0,0,,
FI,structuring_vs_ordering,1418,3,3,3,0,0,,
FI,structuring_vs_input,1418,3,3,3,0,0,,
FI,ordering_vs_input,1419,2,2,2,0,0,,
FI,structuring_vs_ordering,1419,2,2,2,0,0,,
FI,structuring_vs_input,1419,2,2,2,0,0,,
FI,ordering_vs_input,1420,3,3,3,0,0,,
FI,structuring_vs_ordering,1420,3,3,3,0,0,,
FI,structuring_vs_input,1420,3,3,3,0,0,,
FI,ordering_vs_input,1421,5,5,5,0,0,,
FI,structuring_vs_ordering,1421,5,5,5,0,0,,
FI,structuring_vs_input,1421,5,5,5,0,0,,
FI,ordering_vs_input,1422,2,2,2,0,0,,
FI,structuring_vs_ordering,1422,2,2,2,0,0,,
FI,structuring_vs_input,1422,2,2,2,0,0,,
FI,ordering_vs_input,1423,4,4,4,0,0,,
FI,structuring_vs_ordering,1423,4,4,4,0,0,,
FI,structuring_vs_input,1423,4,4,4,0,0,,
FI,ordering_vs_input,1424,1,1,1,0,0,,
FI,structuring_vs_ordering,1424,1,1,1,0,0,,
FI,structuring_vs_input,1424,1,1,1,0,0,,
FI,ordering_vs_input,1425,6,6,6,0,0,,
FI,structuring_vs_ordering,1425,6,6,6,0,0,,
FI,structuring_vs_input,1425,6,6,6,0,0,,
FI,ordering_vs_input,1426,6,2,2,4,0,editing | budget | writer | gross,
FI,structuring_vs_ordering,1426,2,2,2,0,0,,
FI,structuring_vs_input,1426,6,2,2,4,0,editing | budget | writer | gross,
FI,ordering_vs_input,1427,2,2,2,0,0,,
FI,structuring_vs_ordering,1427,2,2,2,0,0,,
FI,structuring_vs_input,1427,2,2,2,0,0,,
FI,ordering_vs_input,1428,4,4,4,0,0,,
FI,structuring_vs_ordering,1428,4,4,4,0,0,,
FI,structuring_vs_input,1428,4,4,4,0,0,,
FI,ordering_vs_input,1429,7,5,5,2,0,selectedByNasa | award,
FI,structuring_vs_ordering,1429,5,5,5,0,0,,
FI,structuring_vs_input,1429,7,5,5,2,0,selectedByNasa | award,
FI,ordering_vs_input,1430,3,3,3,0,0,,
FI,structuring_vs_ordering,1430,3,3,3,0,0,,
FI,structuring_vs_input,1430,3,3,3,0,0,,
FI,ordering_vs_input,1431,2,2,2,0,0,,
FI,structuring_vs_ordering,1431,2,2,2,0,0,,
FI,structuring_vs_input,1431,2,2,2,0,0,,
FI,ordering_vs_input,1432,4,3,3,1,0,artist,
FI,structuring_vs_ordering,1432,3,3,3,0,0,,
FI,structuring_vs_input,1432,4,3,3,1,0,artist,
FI,ordering_vs_input,1433,2,2,2,0,0,,
FI,structuring_vs_ordering,1433,2,2,2,0,0,,
FI,structuring_vs_input,1433,2,2,2,0,0,,
FI,ordering_vs_input,1434,6,5,5,1,0,citizenship,
FI,structuring_vs_ordering,1434,5,5,5,0,0,,
FI,structuring_vs_input,1434,6,5,5,1,0,citizenship,
FI,ordering_vs_input,1435,3,3,3,0,0,,
FI,structuring_vs_ordering,1435,3,3,3,0,0,,
FI,structuring_vs_input,1435,3,3,3,0,0,,
FI,ordering_vs_input,1436,2,2,2,0,0,,
FI,structuring_vs_ordering,1436,2,2,2,0,0,,
FI,structuring_vs_input,1436,2,2,2,0,0,,
FI,ordering_vs_input,1437,5,3,3,2,0,writer | producer,
FI,structuring_vs_ordering,1437,3,3,3,0,0,,
FI,structuring_vs_input,1437,5,3,3,2,0,writer | producer,
FI,ordering_vs_input,1438,4,4,4,0,0,,
FI,structuring_vs_ordering,1438,4,4,4,0,0,,
FI,structuring_vs_input,1438,4,4,4,0,0,,
FI,ordering_vs_input,1439,2,2,2,0,0,,
FI,structuring_vs_ordering,1439,2,2,2,0,0,,
FI,structuring_vs_input,1439,2,2,2,0,0,,
FI,ordering_vs_input,1440,3,3,3,0,0,,
FI,structuring_vs_ordering,1440,3,3,3,0,0,,
FI,structuring_vs_input,1440,3,3,3,0,0,,
FI,ordering_vs_input,1441,1,1,1,0,0,,
FI,structuring_vs_ordering,1441,1,1,1,0,0,,
FI,structuring_vs_input,1441,1,1,1,0,0,,
FI,ordering_vs_input,1442,3,3,3,0,0,,
FI,structuring_vs_ordering,1442,3,3,3,0,0,,
FI,structuring_vs_input,1442,3,3,3,0,0,,
FI,ordering_vs_input,1443,2,1,1,1,0,producer,
FI,structuring_vs_ordering,1443,1,1,1,0,0,,
FI,structuring_vs_input,1443,2,1,1,1,0,producer,
FI,ordering_vs_input,1444,2,2,2,0,0,,
FI,structuring_vs_ordering,1444,2,2,2,0,0,,
FI,structuring_vs_input,1444,2,2,2,0,0,,
FI,ordering_vs_input,1445,1,1,1,0,0,,
FI,structuring_vs_ordering,1445,1,1,1,0,0,,
FI,structuring_vs_input,1445,1,1,1,0,0,,
FI,ordering_vs_input,1446,4,4,4,0,0,,
FI,structuring_vs_ordering,1446,4,4,4,0,0,,
FI,structuring_vs_input,1446,4,4,4,0,0,,
FI,ordering_vs_input,1447,2,1,1,1,0,writer,
FI,structuring_vs_ordering,1447,1,1,1,0,0,,
FI,structuring_vs_input,1447,2,1,1,1,0,writer,
FI,ordering_vs_input,1448,1,1,1,0,0,,
FI,structuring_vs_ordering,1448,1,1,1,0,0,,
FI,structuring_vs_input,1448,1,1,1,0,0,,
FI,ordering_vs_input,1449,4,4,4,0,0,,
FI,structuring_vs_ordering,1449,4,4,4,0,0,,
FI,structuring_vs_input,1449,4,4,4,0,0,,
FI,ordering_vs_input,1450,6,5,5,1,0,location,
FI,structuring_vs_ordering,1450,5,5,5,0,0,,
FI,structuring_vs_input,1450,6,5,5,1,0,location,
FI,ordering_vs_input,1451,6,5,5,1,0,cinematography,
FI,structuring_vs_ordering,1451,5,5,5,0,0,,
FI,structuring_vs_input,1451,6,5,5,1,0,cinematography,
FI,ordering_vs_input,1452,2,2,2,0,0,,
FI,structuring_vs_ordering,1452,2,2,2,0,0,,
FI,structuring_vs_input,1452,2,2,2,0,0,,
FI,ordering_vs_input,1453,1,1,1,0,0,,
FI,structuring_vs_ordering,1453,1,1,1,0,0,,
FI,structuring_vs_input,1453,1,1,1,0,0,,
FI,ordering_vs_input,1454,5,5,5,0,0,,
FI,structuring_vs_ordering,1454,5,5,5,0,0,,
FI,structuring_vs_input,1454,5,5,5,0,0,,
FI,ordering_vs_input,1455,6,2,2,4,0,producer | runtime | artist | type,
FI,structuring_vs_ordering,1455,2,2,2,0,0,,
FI,structuring_vs_input,1455,6,2,2,4,0,producer | runtime | artist | type,
FI,ordering_vs_input,1456,3,3,3,0,0,,
FI,structuring_vs_ordering,1456,3,3,3,0,0,,
FI,structuring_vs_input,1456,3,3,3,0,0,,
FI,ordering_vs_input,1457,1,1,1,0,0,,
FI,structuring_vs_ordering,1457,1,1,1,0,0,,
FI,structuring_vs_input,1457,1,1,1,0,0,,
FI,ordering_vs_input,1458,5,5,5,0,0,,
FI,structuring_vs_ordering,1458,5,5,5,0,0,,
FI,structuring_vs_input,1458,5,5,5,0,0,,
FI,ordering_vs_input,1459,1,1,1,0,0,,
FI,structuring_vs_ordering,1459,1,1,1,0,0,,
FI,structuring_vs_input,1459,1,1,1,0,0,,
FI,ordering_vs_input,1460,4,4,4,0,0,,
FI,structuring_vs_ordering,1460,4,4,4,0,0,,
FI,structuring_vs_input,1460,4,4,4,0,0,,
FI,ordering_vs_input,1461,2,2,2,0,0,,
FI,structuring_vs_ordering,1461,2,2,2,0,0,,
FI,structuring_vs_input,1461,2,2,2,0,0,,
FI,ordering_vs_input,1462,5,5,5,0,0,,
FI,structuring_vs_ordering,1462,5,5,5,0,0,,
FI,structuring_vs_input,1462,5,5,5,0,0,,
FI,ordering_vs_input,1463,3,3,3,0,0,,
FI,structuring_vs_ordering,1463,3,3,3,0,0,,
FI,structuring_vs_input,1463,3,3,3,0,0,,
FI,ordering_vs_input,1464,7,7,7,0,0,,
FI,structuring_vs_ordering,1464,7,7,7,0,0,,
FI,structuring_vs_input,1464,7,7,7,0,0,,
FI,ordering_vs_input,1465,5,4,4,1,0,professionalField,
FI,structuring_vs_ordering,1465,4,4,4,0,0,,
FI,structuring_vs_input,1465,5,4,4,1,0,professionalField,
FI,ordering_vs_input,1466,1,1,1,0,0,,
FI,structuring_vs_ordering,1466,1,1,1,0,0,,
FI,structuring_vs_input,1466,1,1,1,0,0,,
FI,ordering_vs_input,1467,4,4,4,0,0,,
FI,structuring_vs_ordering,1467,4,4,4,0,0,,
FI,structuring_vs_input,1467,4,4,4,0,0,,
FI,ordering_vs_input,1468,3,3,3,0,0,,
FI,structuring_vs_ordering,1468,3,3,3,0,0,,
FI,structuring_vs_input,1468,3,3,3,0,0,,
FI,ordering_vs_input,1469,6,6,6,0,0,,
FI,structuring_vs_ordering,1469,6,6,6,0,0,,
FI,structuring_vs_input,1469,6,6,6,0,0,,
FI,ordering_vs_input,1470,2,2,2,0,0,,
FI,structuring_vs_ordering,1470,2,2,2,0,0,,
FI,structuring_vs_input,1470,2,2,2,0,0,,
FI,ordering_vs_input,1471,3,1,1,2,0,editing | producer,
FI,structuring_vs_ordering,1471,1,1,1,0,0,,
FI,structuring_vs_input,1471,3,1,1,2,0,editing | producer,
FI,ordering_vs_input,1472,3,3,3,0,0,,
FI,structuring_vs_ordering,1472,3,3,3,0,0,,
FI,structuring_vs_input,1472,3,3,3,0,0,,
FI,ordering_vs_input,1473,2,2,2,0,0,,
FI,structuring_vs_ordering,1473,2,2,2,0,0,,
FI,structuring_vs_input,1473,2,2,2,0,0,,
FI,ordering_vs_input,1474,2,2,2,0,0,,
FI,structuring_vs_ordering,1474,2,2,2,0,0,,
FI,structuring_vs_input,1474,2,2,2,0,0,,
FI,ordering_vs_input,1475,1,1,1,0,0,,
FI,structuring_vs_ordering,1475,1,1,1,0,0,,
FI,structuring_vs_input,1475,1,1,1,0,0,,
FI,ordering_vs_input,1476,4,4,4,0,0,,
FI,structuring_vs_ordering,1476,4,4,4,0,0,,
FI,structuring_vs_input,1476,4,4,4,0,0,,
FI,ordering_vs_input,1477,1,1,1,0,0,,
FI,structuring_vs_ordering,1477,1,1,1,0,0,,
FI,structuring_vs_input,1477,1,1,1,0,0,,
FI,ordering_vs_input,1478,6,6,6,0,0,,
FI,structuring_vs_ordering,1478,6,6,6,0,0,,
FI,structuring_vs_input,1478,6,6,6,0,0,,
FI,ordering_vs_input,1479,4,4,4,0,0,,
FI,structuring_vs_ordering,1479,4,4,4,0,0,,
FI,structuring_vs_input,1479,4,4,4,0,0,,
FI,ordering_vs_input,1480,6,6,6,0,0,,
FI,structuring_vs_ordering,1480,6,6,6,0,0,,
FI,structuring_vs_input,1480,6,6,6,0,0,,
FI,ordering_vs_input,1481,2,2,2,0,0,,
FI,structuring_vs_ordering,1481,2,2,2,0,0,,
FI,structuring_vs_input,1481,2,2,2,0,0,,
FI,ordering_vs_input,1482,3,3,3,0,0,,
FI,structuring_vs_ordering,1482,3,3,3,0,0,,
FI,structuring_vs_input,1482,3,3,3,0,0,,
FI,ordering_vs_input,1483,1,1,1,0,0,,
FI,structuring_vs_ordering,1483,1,1,1,0,0,,
FI,structuring_vs_input,1483,1,1,1,0,0,,
FI,ordering_vs_input,1484,5,5,5,0,0,,
FI,structuring_vs_ordering,1484,5,5,5,0,0,,
FI,structuring_vs_input,1484,5,5,5,0,0,,
FI,ordering_vs_input,1485,1,1,1,0,0,,
FI,structuring_vs_ordering,1485,1,1,1,0,0,,
FI,structuring_vs_input,1485,1,1,1,0,0,,
FI,ordering_vs_input,1486,5,5,5,0,0,,
FI,structuring_vs_ordering,1486,5,5,5,0,0,,
FI,structuring_vs_input,1486,5,5,5,0,0,,
FI,ordering_vs_input,1487,5,5,5,0,0,,
FI,structuring_vs_ordering,1487,5,5,5,0,0,,
FI,structuring_vs_input,1487,5,5,5,0,0,,
FI,ordering_vs_input,1488,1,1,1,0,0,,
FI,structuring_vs_ordering,1488,1,1,1,0,0,,
FI,structuring_vs_input,1488,1,1,1,0,0,,
FI,ordering_vs_input,1489,1,1,1,0,0,,
FI,structuring_vs_ordering,1489,1,1,1,0,0,,
FI,structuring_vs_input,1489,1,1,1,0,0,,
FI,ordering_vs_input,1490,1,1,1,0,0,,
FI,structuring_vs_ordering,1490,1,1,1,0,0,,
FI,structuring_vs_input,1490,1,1,1,0,0,,
FI,ordering_vs_input,1491,2,2,2,0,0,,
FI,structuring_vs_ordering,1491,2,2,2,0,0,,
FI,structuring_vs_input,1491,2,2,2,0,0,,
FI,ordering_vs_input,1492,7,7,7,0,0,,
FI,structuring_vs_ordering,1492,7,7,7,0,0,,
FI,structuring_vs_input,1492,7,7,7,0,0,,
FI,ordering_vs_input,1493,3,3,3,0,0,,
FI,structuring_vs_ordering,1493,3,3,3,0,0,,
FI,structuring_vs_input,1493,3,3,3,0,0,,
FI,ordering_vs_input,1494,5,5,5,0,0,,
FI,structuring_vs_ordering,1494,5,5,5,0,0,,
FI,structuring_vs_input,1494,5,5,5,0,0,,
FI,ordering_vs_input,1495,3,3,3,0,0,,
FI,structuring_vs_ordering,1495,3,3,3,0,0,,
FI,structuring_vs_input,1495,3,3,3,0,0,,
FI,ordering_vs_input,1496,1,1,1,0,0,,
FI,structuring_vs_ordering,1496,1,1,1,0,0,,
FI,structuring_vs_input,1496,1,1,1,0,0,,
FI,ordering_vs_input,1497,4,4,4,0,0,,
FI,structuring_vs_ordering,1497,4,4,4,0,0,,
FI,structuring_vs_input,1497,4,4,4,0,0,,
FI,ordering_vs_input,1498,2,2,2,0,0,,
FI,structuring_vs_ordering,1498,2,2,2,0,0,,
FI,structuring_vs_input,1498,2,2,2,0,0,,
FI,ordering_vs_input,1499,6,6,6,0,0,,
FI,structuring_vs_ordering,1499,6,6,6,0,0,,
FI,structuring_vs_input,1499,6,6,6,0,0,,
FI,ordering_vs_input,1500,7,7,7,0,0,,
FI,structuring_vs_ordering,1500,7,7,7,0,0,,
FI,structuring_vs_input,1500,7,7,7,0,0,,
FI,ordering_vs_input,1501,1,1,1,0,0,,
FI,structuring_vs_ordering,1501,1,1,1,0,0,,
FI,structuring_vs_input,1501,1,1,1,0,0,,
FI,ordering_vs_input,1502,4,3,3,1,0,runtime,
FI,structuring_vs_ordering,1502,3,3,3,0,0,,
FI,structuring_vs_input,1502,4,3,3,1,0,runtime,
FI,ordering_vs_input,1503,7,5,5,2,0,staff | numberOfStudents,
FI,structuring_vs_ordering,1503,5,5,5,0,0,,
FI,structuring_vs_input,1503,7,5,5,2,0,staff | numberOfStudents,
FI,ordering_vs_input,1504,2,2,2,0,0,,
FI,structuring_vs_ordering,1504,2,2,2,0,0,,
FI,structuring_vs_input,1504,2,2,2,0,0,,
FI,ordering_vs_input,1505,3,3,3,0,0,,
FI,structuring_vs_ordering,1505,3,3,3,0,0,,
FI,structuring_vs_input,1505,3,3,3,0,0,,
FI,ordering_vs_input,1506,2,2,2,0,0,,
FI,structuring_vs_ordering,1506,2,2,2,0,0,,
FI,structuring_vs_input,1506,2,2,2,0,0,,
FI,ordering_vs_input,1507,3,3,3,0,0,,
FI,structuring_vs_ordering,1507,3,3,3,0,0,,
FI,structuring_vs_input,1507,3,3,3,0,0,,
FI,ordering_vs_input,1508,3,3,3,0,0,,
FI,structuring_vs_ordering,1508,3,3,3,0,0,,
FI,structuring_vs_input,1508,3,3,3,0,0,,
FI,ordering_vs_input,1509,2,2,2,0,0,,
FI,structuring_vs_ordering,1509,2,2,2,0,0,,
FI,structuring_vs_input,1509,2,2,2,0,0,,
FI,ordering_vs_input,1510,1,1,1,0,0,,
FI,structuring_vs_ordering,1510,1,1,1,0,0,,
FI,structuring_vs_input,1510,1,1,1,0,0,,
FI,ordering_vs_input,1511,2,2,2,0,0,,
FI,structuring_vs_ordering,1511,2,2,2,0,0,,
FI,structuring_vs_input,1511,2,2,2,0,0,,
FI,ordering_vs_input,1512,2,2,2,0,0,,
FI,structuring_vs_ordering,1512,2,2,2,0,0,,
FI,structuring_vs_input,1512,2,2,2,0,0,,
FI,ordering_vs_input,1513,5,5,5,0,0,,
FI,structuring_vs_ordering,1513,5,5,5,0,0,,
FI,structuring_vs_input,1513,5,5,5,0,0,,
FI,ordering_vs_input,1514,6,6,6,0,0,,
FI,structuring_vs_ordering,1514,6,6,6,0,0,,
FI,structuring_vs_input,1514,6,6,6,0,0,,
FI,ordering_vs_input,1515,4,4,4,0,0,,
FI,structuring_vs_ordering,1515,4,4,4,0,0,,
FI,structuring_vs_input,1515,4,4,4,0,0,,
FI,ordering_vs_input,1516,3,2,2,1,0,training,
FI,structuring_vs_ordering,1516,2,2,2,0,0,,
FI,structuring_vs_input,1516,3,2,2,1,0,training,
FI,ordering_vs_input,1517,4,4,4,0,0,,
FI,structuring_vs_ordering,1517,4,4,4,0,0,,
FI,structuring_vs_input,1517,4,4,4,0,0,,
FI,ordering_vs_input,1518,2,2,2,0,0,,
FI,structuring_vs_ordering,1518,2,2,2,0,0,,
FI,structuring_vs_input,1518,2,2,2,0,0,,
FI,ordering_vs_input,1519,3,2,2,1,0,professionalField,
FI,structuring_vs_ordering,1519,2,2,2,0,0,,
FI,structuring_vs_input,1519,3,2,2,1,0,professionalField,
FI,ordering_vs_input,1520,3,3,3,0,0,,
FI,structuring_vs_ordering,1520,3,3,3,0,0,,
FI,structuring_vs_input,1520,3,3,3,0,0,,
FI,ordering_vs_input,1521,5,5,5,0,0,,
FI,structuring_vs_ordering,1521,5,5,5,0,0,,
FI,structuring_vs_input,1521,5,5,5,0,0,,
FI,ordering_vs_input,1522,3,3,3,0,0,,
FI,structuring_vs_ordering,1522,3,3,3,0,0,,
FI,structuring_vs_input,1522,3,3,3,0,0,,
FI,ordering_vs_input,1523,4,4,4,0,0,,
FI,structuring_vs_ordering,1523,4,4,4,0,0,,
FI,structuring_vs_input,1523,4,4,4,0,0,,
FI,ordering_vs_input,1524,7,6,6,1,0,ingredient,
FI,structuring_vs_ordering,1524,6,6,6,0,0,,
FI,structuring_vs_input,1524,7,6,6,1,0,ingredient,
FI,ordering_vs_input,1525,2,2,2,0,0,,
FI,structuring_vs_ordering,1525,2,2,2,0,0,,
FI,structuring_vs_input,1525,2,2,2,0,0,,
FI,ordering_vs_input,1526,5,4,4,1,0,icaoLocationIdentifier,
FI,structuring_vs_ordering,1526,4,4,4,0,0,,
FI,structuring_vs_input,1526,5,4,4,1,0,icaoLocationIdentifier,
FI,ordering_vs_input,1527,1,1,1,0,0,,
FI,structuring_vs_ordering,1527,1,1,1,0,0,,
FI,structuring_vs_input,1527,1,1,1,0,0,,
FI,ordering_vs_input,1528,1,1,1,0,0,,
FI,structuring_vs_ordering,1528,1,1,1,0,0,,
FI,structuring_vs_input,1528,1,1,1,0,0,,
FI,ordering_vs_input,1529,2,2,2,0,0,,
FI,structuring_vs_ordering,1529,2,2,2,0,0,,
FI,structuring_vs_input,1529,2,2,2,0,0,,
FI,ordering_vs_input,1530,4,4,4,0,0,,
FI,structuring_vs_ordering,1530,4,4,4,0,0,,
FI,structuring_vs_input,1530,4,4,4,0,0,,
FI,ordering_vs_input,1531,6,6,6,0,0,,
FI,structuring_vs_ordering,1531,6,6,6,0,0,,
FI,structuring_vs_input,1531,6,6,6,0,0,,
FI,ordering_vs_input,1532,3,2,2,1,0,industry,
FI,structuring_vs_ordering,1532,2,2,2,0,0,,
FI,structuring_vs_input,1532,3,2,2,1,0,industry,
FI,ordering_vs_input,1533,1,1,1,0,0,,
FI,structuring_vs_ordering,1533,1,1,1,0,0,,
FI,structuring_vs_input,1533,1,1,1,0,0,,
FI,ordering_vs_input,1534,3,3,3,0,0,,
FI,structuring_vs_ordering,1534,3,3,3,0,0,,
FI,structuring_vs_input,1534,3,3,3,0,0,,
FI,ordering_vs_input,1535,2,2,2,0,0,,
FI,structuring_vs_ordering,1535,2,2,2,0,0,,
FI,structuring_vs_input,1535,2,2,2,0,0,,
FI,ordering_vs_input,1536,2,2,2,0,0,,
FI,structuring_vs_ordering,1536,2,2,2,0,0,,
FI,structuring_vs_input,1536,2,2,2,0,0,,
FI,ordering_vs_input,1537,5,4,4,1,0,editing,
FI,structuring_vs_ordering,1537,4,4,4,0,0,,
FI,structuring_vs_input,1537,5,4,4,1,0,editing,
FI,ordering_vs_input,1538,1,1,1,0,0,,
FI,structuring_vs_ordering,1538,1,1,1,0,0,,
FI,structuring_vs_input,1538,1,1,1,0,0,,
FI,ordering_vs_input,1539,1,1,1,0,0,,
FI,structuring_vs_ordering,1539,1,1,1,0,0,,
FI,structuring_vs_input,1539,1,1,1,0,0,,
FI,ordering_vs_input,1540,4,4,4,0,0,,
FI,structuring_vs_ordering,1540,4,4,4,0,0,,
FI,structuring_vs_input,1540,4,4,4,0,0,,
FI,ordering_vs_input,1541,2,2,2,0,0,,
FI,structuring_vs_ordering,1541,2,2,2,0,0,,
FI,structuring_vs_input,1541,2,2,2,0,0,,
FI,ordering_vs_input,1542,6,4,4,2,0,citizenship | professionalField,
FI,structuring_vs_ordering,1542,4,4,4,0,0,,
FI,structuring_vs_input,1542,6,4,4,2,0,citizenship | professionalField,
FI,ordering_vs_input,1543,3,3,3,0,0,,
FI,structuring_vs_ordering,1543,3,3,3,0,0,,
FI,structuring_vs_input,1543,3,3,3,0,0,,
FI,ordering_vs_input,1544,6,3,3,3,0,professionalField | knownFor | knownFor,
FI,structuring_vs_ordering,1544,3,3,3,0,0,,
FI,structuring_vs_input,1544,6,3,3,3,0,professionalField | knownFor | knownFor,
FI,ordering_vs_input,1545,4,4,4,0,0,,
FI,structuring_vs_ordering,1545,4,4,4,0,0,,
FI,structuring_vs_input,1545,4,4,4,0,0,,
FI,ordering_vs_input,1546,1,1,1,0,0,,
FI,structuring_vs_ordering,1546,1,1,1,0,0,,
FI,structuring_vs_input,1546,1,1,1,0,0,,
FI,ordering_vs_input,1547,2,2,2,0,0,,
FI,structuring_vs_ordering,1547,2,2,2,0,0,,
FI,structuring_vs_input,1547,2,2,2,0,0,,
FI,ordering_vs_input,1548,1,1,1,0,0,,
FI,structuring_vs_ordering,1548,1,1,1,0,0,,
FI,structuring_vs_input,1548,1,1,1,0,0,,
FI,ordering_vs_input,1549,3,2,2,1,0,icaoLocationIdentifier,
FI,structuring_vs_ordering,1549,2,2,2,0,0,,
FI,structuring_vs_input,1549,3,2,2,1,0,icaoLocationIdentifier,
FI,ordering_vs_input,1550,2,2,2,0,0,,
FI,structuring_vs_ordering,1550,2,2,2,0,0,,
FI,structuring_vs_input,1550,2,2,2,0,0,,
FI,ordering_vs_input,1551,3,3,3,0,0,,
FI,structuring_vs_ordering,1551,3,3,3,0,0,,
FI,structuring_vs_input,1551,3,3,3,0,0,,
FI,ordering_vs_input,1552,7,7,7,0,0,,
FI,structuring_vs_ordering,1552,7,7,7,0,0,,
FI,structuring_vs_input,1552,7,7,7,0,0,,
FI,ordering_vs_input,1553,4,3,3,1,0,producer,
FI,structuring_vs_ordering,1553,3,3,3,0,0,,
FI,structuring_vs_input,1553,4,3,3,1,0,producer,
FI,ordering_vs_input,1554,4,4,4,0,0,,
FI,structuring_vs_ordering,1554,4,4,4,0,0,,
FI,structuring_vs_input,1554,4,4,4,0,0,,
FI,ordering_vs_input,1555,6,4,4,2,0,producer | artist,
FI,structuring_vs_ordering,1555,4,4,4,0,0,,
FI,structuring_vs_input,1555,6,4,4,2,0,producer | artist,
FI,ordering_vs_input,1556,5,5,5,0,0,,
FI,structuring_vs_ordering,1556,5,5,5,0,0,,
FI,structuring_vs_input,1556,5,5,5,0,0,,
FI,ordering_vs_input,1557,4,4,4,0,0,,
FI,structuring_vs_ordering,1557,4,4,4,0,0,,
FI,structuring_vs_input,1557,4,4,4,0,0,,
FI,ordering_vs_input,1558,5,3,3,2,0,producer | runtime,
FI,structuring_vs_ordering,1558,3,3,3,0,0,,
FI,structuring_vs_input,1558,5,3,3,2,0,producer | runtime,
FI,ordering_vs_input,1559,5,3,3,2,0,training | professionalField,
FI,structuring_vs_ordering,1559,3,3,3,0,0,,
FI,structuring_vs_input,1559,5,3,3,2,0,training | professionalField,
FI,ordering_vs_input,1560,2,2,2,0,0,,
FI,structuring_vs_ordering,1560,2,2,2,0,0,,
FI,structuring_vs_input,1560,2,2,2,0,0,,
FI,ordering_vs_input,1561,1,1,1,0,0,,
FI,structuring_vs_ordering,1561,1,1,1,0,0,,
FI,structuring_vs_input,1561,1,1,1,0,0,,
FI,ordering_vs_input,1562,5,4,4,1,0,citizenship,
FI,structuring_vs_ordering,1562,4,4,4,0,0,,
FI,structuring_vs_input,1562,5,4,4,1,0,citizenship,
FI,ordering_vs_input,1563,5,5,5,0,0,,
FI,structuring_vs_ordering,1563,5,5,5,0,0,,
FI,structuring_vs_input,1563,5,5,5,0,0,,
FI,ordering_vs_input,1564,3,3,3,0,0,,
FI,structuring_vs_ordering,1564,3,3,3,0,0,,
FI,structuring_vs_input,1564,3,3,3,0,0,,
FI,ordering_vs_input,1565,2,1,1,1,0,writer,
FI,structuring_vs_ordering,1565,1,1,1,0,0,,
FI,structuring_vs_input,1565,2,1,1,1,0,writer,
FI,ordering_vs_input,1566,2,2,2,0,0,,
FI,structuring_vs_ordering,1566,2,2,2,0,0,,
FI,structuring_vs_input,1566,2,2,2,0,0,,
FI,ordering_vs_input,1567,1,1,1,0,0,,
FI,structuring_vs_ordering,1567,1,1,1,0,0,,
FI,structuring_vs_input,1567,1,1,1,0,0,,
FI,ordering_vs_input,1568,3,3,3,0,0,,
FI,structuring_vs_ordering,1568,3,3,3,0,0,,
FI,structuring_vs_input,1568,3,3,3,0,0,,
FI,ordering_vs_input,1569,3,3,3,0,0,,
FI,structuring_vs_ordering,1569,3,3,3,0,0,,
FI,structuring_vs_input,1569,3,3,3,0,0,,
FI,ordering_vs_input,1570,1,1,1,0,0,,
FI,structuring_vs_ordering,1570,1,1,1,0,0,,
FI,structuring_vs_input,1570,1,1,1,0,0,,
FI,ordering_vs_input,1571,6,6,6,0,0,,
FI,structuring_vs_ordering,1571,6,6,6,0,0,,
FI,structuring_vs_input,1571,6,6,6,0,0,,
FI,ordering_vs_input,1572,3,2,2,1,0,producer,
FI,structuring_vs_ordering,1572,2,2,2,0,0,,
FI,structuring_vs_input,1572,3,2,2,1,0,producer,
FI,ordering_vs_input,1573,4,4,4,0,0,,
FI,structuring_vs_ordering,1573,4,4,4,0,0,,
FI,structuring_vs_input,1573,4,4,4,0,0,,
FI,ordering_vs_input,1574,4,4,4,0,0,,
FI,structuring_vs_ordering,1574,4,4,4,0,0,,
FI,structuring_vs_input,1574,4,4,4,0,0,,
FI,ordering_vs_input,1575,6,6,6,0,0,,
FI,structuring_vs_ordering,1575,6,6,6,0,0,,
FI,structuring_vs_input,1575,6,6,6,0,0,,
FI,ordering_vs_input,1576,1,1,1,0,0,,
FI,structuring_vs_ordering,1576,1,1,1,0,0,,
FI,structuring_vs_input,1576,1,1,1,0,0,,
FI,ordering_vs_input,1577,1,1,1,0,0,,
FI,structuring_vs_ordering,1577,1,1,1,0,0,,
FI,structuring_vs_input,1577,1,1,1,0,0,,
FI,ordering_vs_input,1578,4,4,4,0,0,,
FI,structuring_vs_ordering,1578,4,4,4,0,0,,
FI,structuring_vs_input,1578,4,4,4,0,0,,
FI,ordering_vs_input,1579,1,1,1,0,0,,
FI,structuring_vs_ordering,1579,1,1,1,0,0,,
FI,structuring_vs_input,1579,1,1,1,0,0,,
FI,ordering_vs_input,1580,3,3,3,0,0,,
FI,structuring_vs_ordering,1580,3,3,3,0,0,,
FI,structuring_vs_input,1580,3,3,3,0,0,,
FI,ordering_vs_input,1581,3,3,3,0,0,,
FI,structuring_vs_ordering,1581,3,3,3,0,0,,
FI,structuring_vs_input,1581,3,3,3,0,0,,
FI,ordering_vs_input,1582,4,3,3,1,0,professionalField,
FI,structuring_vs_ordering,1582,3,3,3,0,0,,
FI,structuring_vs_input,1582,4,3,3,1,0,professionalField,
FI,ordering_vs_input,1583,4,2,2,2,0,recordedIn | recordedIn,
FI,structuring_vs_ordering,1583,2,2,2,0,0,,
FI,structuring_vs_input,1583,4,2,2,2,0,recordedIn | recordedIn,
FI,ordering_vs_input,1584,2,2,2,0,0,,
FI,structuring_vs_ordering,1584,2,2,2,0,0,,
FI,structuring_vs_input,1584,2,2,2,0,0,,
FI,ordering_vs_input,1585,1,1,1,0,0,,
FI,structuring_vs_ordering,1585,1,1,1,0,0,,
FI,structuring_vs_input,1585,1,1,1,0,0,,
FI,ordering_vs_input,1586,2,2,2,0,0,,
FI,structuring_vs_ordering,1586,2,2,2,0,0,,
FI,structuring_vs_input,1586,2,2,2,0,0,,
FI,ordering_vs_input,1587,3,3,3,0,0,,
FI,structuring_vs_ordering,1587,3,3,3,0,0,,
FI,structuring_vs_input,1587,3,3,3,0,0,,
FI,ordering_vs_input,1588,2,2,2,0,0,,
FI,structuring_vs_ordering,1588,2,2,2,0,0,,
FI,structuring_vs_input,1588,2,2,2,0,0,,
FI,ordering_vs_input,1589,3,3,3,0,0,,
FI,structuring_vs_ordering,1589,3,3,3,0,0,,
FI,structuring_vs_input,1589,3,3,3,0,0,,
FI,ordering_vs_input,1590,2,2,2,0,0,,
FI,structuring_vs_ordering,1590,2,2,2,0,0,,
FI,structuring_vs_input,1590,2,2,2,0,0,,
FI,ordering_vs_input,1591,2,2,2,0,0,,
FI,structuring_vs_ordering,1591,2,2,2,0,0,,
FI,structuring_vs_input,1591,2,2,2,0,0,,
FI,ordering_vs_input,1592,5,5,5,0,0,,
FI,structuring_vs_ordering,1592,5,5,5,0,0,,
FI,structuring_vs_input,1592,5,5,5,0,0,,
FI,ordering_vs_input,1593,1,1,1,0,0,,
FI,structuring_vs_ordering,1593,1,1,1,0,0,,
FI,structuring_vs_input,1593,1,1,1,0,0,,
FI,ordering_vs_input,1594,2,2,2,0,0,,
FI,structuring_vs_ordering,1594,2,2,2,0,0,,
FI,structuring_vs_input,1594,2,2,2,0,0,,
FI,ordering_vs_input,1595,1,1,1,0,0,,
FI,structuring_vs_ordering,1595,1,1,1,0,0,,
FI,structuring_vs_input,1595,1,1,1,0,0,,
FI,ordering_vs_input,1596,3,3,3,0,0,,
FI,structuring_vs_ordering,1596,3,3,3,0,0,,
FI,structuring_vs_input,1596,3,3,3,0,0,,
FI,ordering_vs_input,1597,5,5,5,0,0,,
FI,structuring_vs_ordering,1597,5,5,5,0,0,,
FI,structuring_vs_input,1597,5,5,5,0,0,,
FI,ordering_vs_input,1598,2,2,2,0,0,,
FI,structuring_vs_ordering,1598,2,2,2,0,0,,
FI,structuring_vs_input,1598,2,2,2,0,0,,
FI,ordering_vs_input,1599,1,1,1,0,0,,
FI,structuring_vs_ordering,1599,1,1,1,0,0,,
FI,structuring_vs_input,1599,1,1,1,0,0,,
FI,ordering_vs_input,1600,2,2,2,0,0,,
FI,structuring_vs_ordering,1600,2,2,2,0,0,,
FI,structuring_vs_input,1600,2,2,2,0,0,,
FI,ordering_vs_input,1601,1,1,1,0,0,,
FI,structuring_vs_ordering,1601,1,1,1,0,0,,
FI,structuring_vs_input,1601,1,1,1,0,0,,
FI,ordering_vs_input,1602,2,2,2,0,0,,
FI,structuring_vs_ordering,1602,2,2,2,0,0,,
FI,structuring_vs_input,1602,2,2,2,0,0,,
FI,ordering_vs_input,1603,3,3,3,0,0,,
FI,structuring_vs_ordering,1603,3,3,3,0,0,,
FI,structuring_vs_input,1603,3,3,3,0,0,,
FI,ordering_vs_input,1604,2,2,2,0,0,,
FI,structuring_vs_ordering,1604,2,2,2,0,0,,
FI,structuring_vs_input,1604,2,2,2,0,0,,
FI,ordering_vs_input,1605,5,4,4,1,0,staff,
FI,structuring_vs_ordering,1605,4,4,4,0,0,,
FI,structuring_vs_input,1605,5,4,4,1,0,staff,
FI,ordering_vs_input,1606,5,5,5,0,0,,
FI,structuring_vs_ordering,1606,5,5,5,0,0,,
FI,structuring_vs_input,1606,5,5,5,0,0,,
FI,ordering_vs_input,1607,4,4,4,0,0,,
FI,structuring_vs_ordering,1607,4,4,4,0,0,,
FI,structuring_vs_input,1607,4,4,4,0,0,,
FI,ordering_vs_input,1608,4,4,4,0,0,,
FI,structuring_vs_ordering,1608,4,4,4,0,0,,
FI,structuring_vs_input,1608,4,4,4,0,0,,
FI,ordering_vs_input,1609,5,5,5,0,0,,
FI,structuring_vs_ordering,1609,5,5,5,0,0,,
FI,structuring_vs_input,1609,5,5,5,0,0,,
FI,ordering_vs_input,1610,5,1,1,4,0,writer | writer | producer | format,
FI,structuring_vs_ordering,1610,1,1,1,0,0,,
FI,structuring_vs_input,1610,5,1,1,4,0,writer | writer | producer | format,
FI,ordering_vs_input,1611,2,2,2,0,0,,
FI,structuring_vs_ordering,1611,2,2,2,0,0,,
FI,structuring_vs_input,1611,2,2,2,0,0,,
FI,ordering_vs_input,1612,4,3,3,1,0,citizenship,
FI,structuring_vs_ordering,1612,3,3,3,0,0,,
FI,structuring_vs_input,1612,4,3,3,1,0,citizenship,
FI,ordering_vs_input,1613,1,1,1,0,0,,
FI,structuring_vs_ordering,1613,1,1,1,0,0,,
FI,structuring_vs_input,1613,1,1,1,0,0,,
FI,ordering_vs_input,1614,3,3,3,0,0,,
FI,structuring_vs_ordering,1614,3,3,3,0,0,,
FI,structuring_vs_input,1614,3,3,3,0,0,,
FI,ordering_vs_input,1615,3,3,3,0,0,,
FI,structuring_vs_ordering,1615,3,3,3,0,0,,
FI,structuring_vs_input,1615,3,3,3,0,0,,
FI,ordering_vs_input,1616,2,2,2,0,0,,
FI,structuring_vs_ordering,1616,2,2,2,0,0,,
FI,structuring_vs_input,1616,2,2,2,0,0,,
FI,ordering_vs_input,1617,2,2,2,0,0,,
FI,structuring_vs_ordering,1617,2,2,2,0,0,,
FI,structuring_vs_input,1617,2,2,2,0,0,,
FI,ordering_vs_input,1618,2,2,2,0,0,,
FI,structuring_vs_ordering,1618,2,2,2,0,0,,
FI,structuring_vs_input,1618,2,2,2,0,0,,
FI,ordering_vs_input,1619,4,4,4,0,0,,
FI,structuring_vs_ordering,1619,4,4,4,0,0,,
FI,structuring_vs_input,1619,4,4,4,0,0,,
FI,ordering_vs_input,1620,3,3,3,0,0,,
FI,structuring_vs_ordering,1620,3,3,3,0,0,,
FI,structuring_vs_input,1620,3,3,3,0,0,,
FI,ordering_vs_input,1621,6,4,4,2,0,producer | artist,
FI,structuring_vs_ordering,1621,4,4,4,0,0,,
FI,structuring_vs_input,1621,6,4,4,2,0,producer | artist,
FI,ordering_vs_input,1622,5,5,5,0,0,,
FI,structuring_vs_ordering,1622,5,5,5,0,0,,
FI,structuring_vs_input,1622,5,5,5,0,0,,
FI,ordering_vs_input,1623,3,3,3,0,0,,
FI,structuring_vs_ordering,1623,3,3,3,0,0,,
FI,structuring_vs_input,1623,3,3,3,0,0,,
FI,ordering_vs_input,1624,2,2,2,0,0,,
FI,structuring_vs_ordering,1624,2,2,2,0,0,,
FI,structuring_vs_input,1624,2,2,2,0,0,,
FI,ordering_vs_input,1625,2,2,2,0,0,,
FI,structuring_vs_ordering,1625,2,2,2,0,0,,
FI,structuring_vs_input,1625,2,2,2,0,0,,
FI,ordering_vs_input,1626,3,2,2,1,0,imdbId,
FI,structuring_vs_ordering,1626,2,2,2,0,0,,
FI,structuring_vs_input,1626,3,2,2,1,0,imdbId,
FI,ordering_vs_input,1627,5,5,5,0,0,,
FI,structuring_vs_ordering,1627,5,5,5,0,0,,
FI,structuring_vs_input,1627,5,5,5,0,0,,
FI,ordering_vs_input,1628,5,5,5,0,0,,
FI,structuring_vs_ordering,1628,5,5,5,0,0,,
FI,structuring_vs_input,1628,5,5,5,0,0,,
FI,ordering_vs_input,1629,2,2,2,0,0,,
FI,structuring_vs_ordering,1629,2,2,2,0,0,,
FI,structuring_vs_input,1629,2,2,2,0,0,,
FI,ordering_vs_input,1630,3,3,3,0,0,,
FI,structuring_vs_ordering,1630,3,3,3,0,0,,
FI,structuring_vs_input,1630,3,3,3,0,0,,
FI,ordering_vs_input,1631,2,2,2,0,0,,
FI,structuring_vs_ordering,1631,2,2,2,0,0,,
FI,structuring_vs_input,1631,2,2,2,0,0,,
FI,ordering_vs_input,1632,4,4,4,0,0,,
FI,structuring_vs_ordering,1632,4,4,4,0,0,,
FI,structuring_vs_input,1632,4,4,4,0,0,,
FI,ordering_vs_input,1633,3,3,3,0,0,,
FI,structuring_vs_ordering,1633,3,3,3,0,0,,
FI,structuring_vs_input,1633,3,3,3,0,0,,
FI,ordering_vs_input,1634,7,7,7,0,0,,
FI,structuring_vs_ordering,1634,7,7,7,0,0,,
FI,structuring_vs_input,1634,7,7,7,0,0,,
FI,ordering_vs_input,1635,4,4,4,0,0,,
FI,structuring_vs_ordering,1635,4,4,4,0,0,,
FI,structuring_vs_input,1635,4,4,4,0,0,,
FI,ordering_vs_input,1636,2,2,2,0,0,,
FI,structuring_vs_ordering,1636,2,2,2,0,0,,
FI,structuring_vs_input,1636,2,2,2,0,0,,
FI,ordering_vs_input,1637,1,1,1,0,0,,
FI,structuring_vs_ordering,1637,1,1,1,0,0,,
FI,structuring_vs_input,1637,1,1,1,0,0,,
FI,ordering_vs_input,1638,4,1,1,3,0,releaseDate | producer | artist,
FI,structuring_vs_ordering,1638,1,1,1,0,0,,
FI,structuring_vs_input,1638,4,1,1,3,0,releaseDate | producer | artist,
FI,ordering_vs_input,1639,4,4,4,0,0,,
FI,structuring_vs_ordering,1639,4,4,4,0,0,,
FI,structuring_vs_input,1639,4,4,4,0,0,,
FI,ordering_vs_input,1640,2,2,2,0,0,,
FI,structuring_vs_ordering,1640,2,2,2,0,0,,
FI,structuring_vs_input,1640,2,2,2,0,0,,
FI,ordering_vs_input,1641,4,2,2,2,0,imdbId | writer,
FI,structuring_vs_ordering,1641,2,2,2,0,0,,
FI,structuring_vs_input,1641,4,2,2,2,0,imdbId | writer,
FI,ordering_vs_input,1642,4,4,4,0,0,,
FI,structuring_vs_ordering,1642,4,4,4,0,0,,
FI,structuring_vs_input,1642,4,4,4,0,0,,
FI,ordering_vs_input,1643,3,3,3,0,0,,
FI,structuring_vs_ordering,1643,3,3,3,0,0,,
FI,structuring_vs_input,1643,3,3,3,0,0,,
FI,ordering_vs_input,1644,1,1,1,0,0,,
FI,structuring_vs_ordering,1644,1,1,1,0,0,,
FI,structuring_vs_input,1644,1,1,1,0,0,,
FI,ordering_vs_input,1645,3,2,2,1,0,writer,
FI,structuring_vs_ordering,1645,2,2,2,0,0,,
FI,structuring_vs_input,1645,3,2,2,1,0,writer,
FI,ordering_vs_input,1646,4,4,4,0,0,,
FI,structuring_vs_ordering,1646,4,4,4,0,0,,
FI,structuring_vs_input,1646,4,4,4,0,0,,
FI,ordering_vs_input,1647,2,2,2,0,0,,
FI,structuring_vs_ordering,1647,2,2,2,0,0,,
FI,structuring_vs_input,1647,2,2,2,0,0,,
FI,ordering_vs_input,1648,3,3,3,0,0,,
FI,structuring_vs_ordering,1648,3,3,3,0,0,,
FI,structuring_vs_input,1648,3,3,3,0,0,,
FI,ordering_vs_input,1649,1,1,1,0,0,,
FI,structuring_vs_ordering,1649,1,1,1,0,0,,
FI,structuring_vs_input,1649,1,1,1,0,0,,
FI,ordering_vs_input,1650,2,2,2,0,0,,
FI,structuring_vs_ordering,1650,2,2,2,0,0,,
FI,structuring_vs_input,1650,2,2,2,0,0,,
FI,ordering_vs_input,1651,3,3,3,0,0,,
FI,structuring_vs_ordering,1651,3,3,3,0,0,,
FI,structuring_vs_input,1651,3,3,3,0,0,,
FI,ordering_vs_input,1652,2,2,2,0,0,,
FI,structuring_vs_ordering,1652,2,2,2,0,0,,
FI,structuring_vs_input,1652,2,2,2,0,0,,
FI,ordering_vs_input,1653,6,6,6,0,0,,
FI,structuring_vs_ordering,1653,6,6,6,0,0,,
FI,structuring_vs_input,1653,6,6,6,0,0,,
FI,ordering_vs_input,1654,4,4,4,0,0,,
FI,structuring_vs_ordering,1654,4,4,4,0,0,,
FI,structuring_vs_input,1654,4,4,4,0,0,,
FI,ordering_vs_input,1655,3,3,3,0,0,,
FI,structuring_vs_ordering,1655,3,3,3,0,0,,
FI,structuring_vs_input,1655,3,3,3,0,0,,
FI,ordering_vs_input,1656,1,1,1,0,0,,
FI,structuring_vs_ordering,1656,1,1,1,0,0,,
FI,structuring_vs_input,1656,1,1,1,0,0,,
FI,ordering_vs_input,1657,4,4,4,0,0,,
FI,structuring_vs_ordering,1657,4,4,4,0,0,,
FI,structuring_vs_input,1657,4,4,4,0,0,,
FI,ordering_vs_input,1658,1,1,1,0,0,,
FI,structuring_vs_ordering,1658,1,1,1,0,0,,
FI,structuring_vs_input,1658,1,1,1,0,0,,
FI,ordering_vs_input,1659,5,5,5,0,0,,
FI,structuring_vs_ordering,1659,5,5,5,0,0,,
FI,structuring_vs_input,1659,5,5,5,0,0,,
FI,ordering_vs_input,1660,4,2,2,2,0,mission | mission,
FI,structuring_vs_ordering,1660,2,2,2,0,0,,
FI,structuring_vs_input,1660,4,2,2,2,0,mission | mission,
FI,ordering_vs_input,1661,5,4,4,1,0,status,
FI,structuring_vs_ordering,1661,4,4,4,0,0,,
FI,structuring_vs_input,1661,5,4,4,1,0,status,
FI,ordering_vs_input,1662,1,1,1,0,0,,
FI,structuring_vs_ordering,1662,1,1,1,0,0,,
FI,structuring_vs_input,1662,1,1,1,0,0,,
FI,ordering_vs_input,1663,4,4,4,0,0,,
FI,structuring_vs_ordering,1663,4,4,4,0,0,,
FI,structuring_vs_input,1663,4,4,4,0,0,,
FI,ordering_vs_input,1664,3,3,3,0,0,,
FI,structuring_vs_ordering,1664,3,3,3,0,0,,
FI,structuring_vs_input,1664,3,3,3,0,0,,
FI,ordering_vs_input,1665,4,4,4,0,0,,
FI,structuring_vs_ordering,1665,4,4,4,0,0,,
FI,structuring_vs_input,1665,4,4,4,0,0,,
FI,ordering_vs_input,1666,3,2,2,1,0,producer,
FI,structuring_vs_ordering,1666,2,2,2,0,0,,
FI,structuring_vs_input,1666,3,2,2,1,0,producer,
FI,ordering_vs_input,1667,3,3,3,0,0,,
FI,structuring_vs_ordering,1667,3,3,3,0,0,,
FI,structuring_vs_input,1667,3,3,3,0,0,,
FI,ordering_vs_input,1668,4,4,4,0,0,,
FI,structuring_vs_ordering,1668,4,4,4,0,0,,
FI,structuring_vs_input,1668,4,4,4,0,0,,
FI,ordering_vs_input,1669,4,4,4,0,0,,
FI,structuring_vs_ordering,1669,4,4,4,0,0,,
FI,structuring_vs_input,1669,4,4,4,0,0,,
FI,ordering_vs_input,1670,1,1,1,0,0,,
FI,structuring_vs_ordering,1670,1,1,1,0,0,,
FI,structuring_vs_input,1670,1,1,1,0,0,,
FI,ordering_vs_input,1671,1,1,1,0,0,,
FI,structuring_vs_ordering,1671,1,1,1,0,0,,
FI,structuring_vs_input,1671,1,1,1,0,0,,
FI,ordering_vs_input,1672,4,3,3,1,0,certification,
FI,structuring_vs_ordering,1672,3,3,3,0,0,,
FI,structuring_vs_input,1672,4,3,3,1,0,certification,
FI,ordering_vs_input,1673,1,1,1,0,0,,
FI,structuring_vs_ordering,1673,1,1,1,0,0,,
FI,structuring_vs_input,1673,1,1,1,0,0,,
FI,ordering_vs_input,1674,2,2,2,0,0,,
FI,structuring_vs_ordering,1674,2,2,2,0,0,,
FI,structuring_vs_input,1674,2,2,2,0,0,,
FI,ordering_vs_input,1675,2,2,2,0,0,,
FI,structuring_vs_ordering,1675,2,2,2,0,0,,
FI,structuring_vs_input,1675,2,2,2,0,0,,
FI,ordering_vs_input,1676,6,6,6,0,0,,
FI,structuring_vs_ordering,1676,6,6,6,0,0,,
FI,structuring_vs_input,1676,6,6,6,0,0,,
FI,ordering_vs_input,1677,3,3,3,0,0,,
FI,structuring_vs_ordering,1677,3,3,3,0,0,,
FI,structuring_vs_input,1677,3,3,3,0,0,,
FI,ordering_vs_input,1678,2,2,2,0,0,,
FI,structuring_vs_ordering,1678,2,2,2,0,0,,
FI,structuring_vs_input,1678,2,2,2,0,0,,
FI,ordering_vs_input,1679,1,1,1,0,0,,
FI,structuring_vs_ordering,1679,1,1,1,0,0,,
FI,structuring_vs_input,1679,1,1,1,0,0,,
FI,ordering_vs_input,1680,4,4,4,0,0,,
FI,structuring_vs_ordering,1680,4,4,4,0,0,,
FI,structuring_vs_input,1680,4,4,4,0,0,,
FI,ordering_vs_input,1681,1,1,1,0,0,,
FI,structuring_vs_ordering,1681,1,1,1,0,0,,
FI,structuring_vs_input,1681,1,1,1,0,0,,
FI,ordering_vs_input,1682,2,2,2,0,0,,
FI,structuring_vs_ordering,1682,2,2,2,0,0,,
FI,structuring_vs_input,1682,2,2,2,0,0,,
FI,ordering_vs_input,1683,1,1,1,0,0,,
FI,structuring_vs_ordering,1683,1,1,1,0,0,,
FI,structuring_vs_input,1683,1,1,1,0,0,,
FI,ordering_vs_input,1684,2,2,2,0,0,,
FI,structuring_vs_ordering,1684,2,2,2,0,0,,
FI,structuring_vs_input,1684,2,2,2,0,0,,
FI,ordering_vs_input,1685,4,4,4,0,0,,
FI,structuring_vs_ordering,1685,4,4,4,0,0,,
FI,structuring_vs_input,1685,4,4,4,0,0,,
FI,ordering_vs_input,1686,5,5,5,0,0,,
FI,structuring_vs_ordering,1686,5,5,5,0,0,,
FI,structuring_vs_input,1686,5,5,5,0,0,,
FI,ordering_vs_input,1687,1,1,1,0,0,,
FI,structuring_vs_ordering,1687,1,1,1,0,0,,
FI,structuring_vs_input,1687,1,1,1,0,0,,
FI,ordering_vs_input,1688,1,1,1,0,0,,
FI,structuring_vs_ordering,1688,1,1,1,0,0,,
FI,structuring_vs_input,1688,1,1,1,0,0,,
FI,ordering_vs_input,1689,2,2,2,0,0,,
FI,structuring_vs_ordering,1689,2,2,2,0,0,,
FI,structuring_vs_input,1689,2,2,2,0,0,,
FI,ordering_vs_input,1690,4,4,4,0,0,,
FI,structuring_vs_ordering,1690,4,4,4,0,0,,
FI,structuring_vs_input,1690,4,4,4,0,0,,
FI,ordering_vs_input,1691,3,3,3,0,0,,
FI,structuring_vs_ordering,1691,3,3,3,0,0,,
FI,structuring_vs_input,1691,3,3,3,0,0,,
FI,ordering_vs_input,1692,2,2,2,0,0,,
FI,structuring_vs_ordering,1692,2,2,2,0,0,,
FI,structuring_vs_input,1692,2,2,2,0,0,,
FI,ordering_vs_input,1693,4,4,4,0,0,,
FI,structuring_vs_ordering,1693,4,4,4,0,0,,
FI,structuring_vs_input,1693,4,4,4,0,0,,
FI,ordering_vs_input,1694,1,1,1,0,0,,
FI,structuring_vs_ordering,1694,1,1,1,0,0,,
FI,structuring_vs_input,1694,1,1,1,0,0,,
FI,ordering_vs_input,1695,1,1,1,0,0,,
FI,structuring_vs_ordering,1695,1,1,1,0,0,,
FI,structuring_vs_input,1695,1,1,1,0,0,,
FI,ordering_vs_input,1696,4,4,4,0,0,,
FI,structuring_vs_ordering,1696,4,4,4,0,0,,
FI,structuring_vs_input,1696,4,4,4,0,0,,
FI,ordering_vs_input,1697,6,6,6,0,0,,
FI,structuring_vs_ordering,1697,6,6,6,0,0,,
FI,structuring_vs_input,1697,6,6,6,0,0,,
FI,ordering_vs_input,1698,1,1,1,0,0,,
FI,structuring_vs_ordering,1698,1,1,1,0,0,,
FI,structuring_vs_input,1698,1,1,1,0,0,,
FI,ordering_vs_input,1699,3,3,3,0,0,,
FI,structuring_vs_ordering,1699,3,3,3,0,0,,
FI,structuring_vs_input,1699,3,3,3,0,0,,
FI,ordering_vs_input,1700,1,1,1,0,0,,
FI,structuring_vs_ordering,1700,1,1,1,0,0,,
FI,structuring_vs_input,1700,1,1,1,0,0,,
FI,ordering_vs_input,1701,4,3,3,1,0,editing,
FI,structuring_vs_ordering,1701,3,3,3,0,0,,
FI,structuring_vs_input,1701,4,3,3,1,0,editing,
FI,ordering_vs_input,1702,1,1,1,0,0,,
FI,structuring_vs_ordering,1702,1,1,1,0,0,,
FI,structuring_vs_input,1702,1,1,1,0,0,,
FI,ordering_vs_input,1703,1,1,1,0,0,,
FI,structuring_vs_ordering,1703,1,1,1,0,0,,
FI,structuring_vs_input,1703,1,1,1,0,0,,
FI,ordering_vs_input,1704,5,4,4,1,0,industry,
FI,structuring_vs_ordering,1704,4,4,4,0,0,,
FI,structuring_vs_input,1704,5,4,4,1,0,industry,
FI,ordering_vs_input,1705,1,1,1,0,0,,
FI,structuring_vs_ordering,1705,1,1,1,0,0,,
FI,structuring_vs_input,1705,1,1,1,0,0,,
FI,ordering_vs_input,1706,3,3,3,0,0,,
FI,structuring_vs_ordering,1706,3,3,3,0,0,,
FI,structuring_vs_input,1706,3,3,3,0,0,,
FI,ordering_vs_input,1707,3,3,3,0,0,,
FI,structuring_vs_ordering,1707,3,3,3,0,0,,
FI,structuring_vs_input,1707,3,3,3,0,0,,
FI,ordering_vs_input,1708,3,3,3,0,0,,
FI,structuring_vs_ordering,1708,3,3,3,0,0,,
FI,structuring_vs_input,1708,3,3,3,0,0,,
FI,ordering_vs_input,1709,1,1,1,0,0,,
FI,structuring_vs_ordering,1709,1,1,1,0,0,,
FI,structuring_vs_input,1709,1,1,1,0,0,,
FI,ordering_vs_input,1710,4,4,4,0,0,,
FI,structuring_vs_ordering,1710,4,4,4,0,0,,
FI,structuring_vs_input,1710,4,4,4,0,0,,
FI,ordering_vs_input,1711,7,5,5,2,0,runtime | producer,
FI,structuring_vs_ordering,1711,5,5,5,0,0,,
FI,structuring_vs_input,1711,7,5,5,2,0,runtime | producer,
FI,ordering_vs_input,1712,1,1,1,0,0,,
FI,structuring_vs_ordering,1712,1,1,1,0,0,,
FI,structuring_vs_input,1712,1,1,1,0,0,,
FI,ordering_vs_input,1713,4,4,4,0,0,,
FI,structuring_vs_ordering,1713,4,4,4,0,0,,
FI,structuring_vs_input,1713,4,4,4,0,0,,
FI,ordering_vs_input,1714,3,3,3,0,0,,
FI,structuring_vs_ordering,1714,3,3,3,0,0,,
FI,structuring_vs_input,1714,3,3,3,0,0,,
FI,ordering_vs_input,1715,3,3,3,0,0,,
FI,structuring_vs_ordering,1715,3,3,3,0,0,,
FI,structuring_vs_input,1715,3,3,3,0,0,,
FI,ordering_vs_input,1716,7,6,6,1,0,award,
FI,structuring_vs_ordering,1716,6,6,6,0,0,,
FI,structuring_vs_input,1716,7,6,6,1,0,award,
FI,ordering_vs_input,1717,2,2,2,0,0,,
FI,structuring_vs_ordering,1717,2,2,2,0,0,,
FI,structuring_vs_input,1717,2,2,2,0,0,,
FI,ordering_vs_input,1718,1,1,1,0,0,,
FI,structuring_vs_ordering,1718,1,1,1,0,0,,
FI,structuring_vs_input,1718,1,1,1,0,0,,
FI,ordering_vs_input,1719,5,5,5,0,0,,
FI,structuring_vs_ordering,1719,5,5,5,0,0,,
FI,structuring_vs_input,1719,5,5,5,0,0,,
FI,ordering_vs_input,1720,7,7,7,0,0,,
FI,structuring_vs_ordering,1720,7,7,7,0,0,,
FI,structuring_vs_input,1720,7,7,7,0,0,,
FI,ordering_vs_input,1721,4,4,4,0,0,,
FI,structuring_vs_ordering,1721,4,4,4,0,0,,
FI,structuring_vs_input,1721,4,4,4,0,0,,
FI,ordering_vs_input,1722,2,2,2,0,0,,
FI,structuring_vs_ordering,1722,2,2,2,0,0,,
FI,structuring_vs_input,1722,2,2,2,0,0,,
FI,ordering_vs_input,1723,5,5,5,0,0,,
FI,structuring_vs_ordering,1723,5,5,5,0,0,,
FI,structuring_vs_input,1723,5,5,5,0,0,,
FI,ordering_vs_input,1724,1,1,1,0,0,,
FI,structuring_vs_ordering,1724,1,1,1,0,0,,
FI,structuring_vs_input,1724,1,1,1,0,0,,
FI,ordering_vs_input,1725,5,4,4,1,0,writer,
FI,structuring_vs_ordering,1725,4,4,4,0,0,,
FI,structuring_vs_input,1725,5,4,4,1,0,writer,
FI,ordering_vs_input,1726,1,1,1,0,0,,
FI,structuring_vs_ordering,1726,1,1,1,0,0,,
FI,structuring_vs_input,1726,1,1,1,0,0,,
FI,ordering_vs_input,1727,3,3,3,0,0,,
FI,structuring_vs_ordering,1727,3,3,3,0,0,,
FI,structuring_vs_input,1727,3,3,3,0,0,,
FI,ordering_vs_input,1728,3,2,2,1,0,industry,
FI,structuring_vs_ordering,1728,2,2,2,0,0,,
FI,structuring_vs_input,1728,3,2,2,1,0,industry,
FI,ordering_vs_input,1729,3,3,3,0,0,,
FI,structuring_vs_ordering,1729,3,3,3,0,0,,
FI,structuring_vs_input,1729,3,3,3,0,0,,
FI,ordering_vs_input,1730,5,5,5,0,0,,
FI,structuring_vs_ordering,1730,5,5,5,0,0,,
FI,structuring_vs_input,1730,5,5,5,0,0,,
FI,ordering_vs_input,1731,1,1,1,0,0,,
FI,structuring_vs_ordering,1731,1,1,1,0,0,,
FI,structuring_vs_input,1731,1,1,1,0,0,,
FI,ordering_vs_input,1732,7,5,5,2,0,editing | writer,
FI,structuring_vs_ordering,1732,5,5,5,0,0,,
FI,structuring_vs_input,1732,7,5,5,2,0,editing | writer,
FI,ordering_vs_input,1733,5,5,5,0,0,,
FI,structuring_vs_ordering,1733,5,5,5,0,0,,
FI,structuring_vs_input,1733,5,5,5,0,0,,
FI,ordering_vs_input,1734,2,2,2,0,0,,
FI,structuring_vs_ordering,1734,2,2,2,0,0,,
FI,structuring_vs_input,1734,2,2,2,0,0,,
FI,ordering_vs_input,1735,7,7,7,0,0,,
FI,structuring_vs_ordering,1735,7,7,7,0,0,,
FI,structuring_vs_input,1735,7,7,7,0,0,,
FI,ordering_vs_input,1736,5,5,5,0,0,,
FI,structuring_vs_ordering,1736,5,5,5,0,0,,
FI,structuring_vs_input,1736,5,5,5,0,0,,
FI,ordering_vs_input,1737,3,3,3,0,0,,
FI,structuring_vs_ordering,1737,3,3,3,0,0,,
FI,structuring_vs_input,1737,3,3,3,0,0,,
FI,ordering_vs_input,1738,1,1,1,0,0,,
FI,structuring_vs_ordering,1738,1,1,1,0,0,,
FI,structuring_vs_input,1738,1,1,1,0,0,,
FI,ordering_vs_input,1739,4,4,4,0,0,,
FI,structuring_vs_ordering,1739,4,4,4,0,0,,
FI,structuring_vs_input,1739,4,4,4,0,0,,
FI,ordering_vs_input,1740,3,3,3,0,0,,
FI,structuring_vs_ordering,1740,3,3,3,0,0,,
FI,structuring_vs_input,1740,3,3,3,0,0,,
FI,ordering_vs_input,1741,4,4,4,0,0,,
FI,structuring_vs_ordering,1741,4,4,4,0,0,,
FI,structuring_vs_input,1741,4,4,4,0,0,,
FI,ordering_vs_input,1742,4,2,2,2,0,producer | runtime,
FI,structuring_vs_ordering,1742,2,2,2,0,0,,
FI,structuring_vs_input,1742,4,2,2,2,0,producer | runtime,
FI,ordering_vs_input,1743,3,2,2,1,0,producer,
FI,structuring_vs_ordering,1743,2,2,2,0,0,,
FI,structuring_vs_input,1743,3,2,2,1,0,producer,
FI,ordering_vs_input,1744,3,3,3,0,0,,
FI,structuring_vs_ordering,1744,3,3,3,0,0,,
FI,structuring_vs_input,1744,3,3,3,0,0,,
FI,ordering_vs_input,1745,2,2,2,0,0,,
FI,structuring_vs_ordering,1745,2,2,2,0,0,,
FI,structuring_vs_input,1745,2,2,2,0,0,,
FI,ordering_vs_input,1746,2,2,2,0,0,,
FI,structuring_vs_ordering,1746,2,2,2,0,0,,
FI,structuring_vs_input,1746,2,2,2,0,0,,
FI,ordering_vs_input,1747,1,1,1,0,0,,
FI,structuring_vs_ordering,1747,1,1,1,0,0,,
FI,structuring_vs_input,1747,1,1,1,0,0,,
FI,ordering_vs_input,1748,2,1,1,1,0,writer,
FI,structuring_vs_ordering,1748,1,1,1,0,0,,
FI,structuring_vs_input,1748,2,1,1,1,0,writer,
FI,ordering_vs_input,1749,5,5,5,0,0,,
FI,structuring_vs_ordering,1749,5,5,5,0,0,,
FI,structuring_vs_input,1749,5,5,5,0,0,,
FI,ordering_vs_input,1750,6,6,6,0,0,,
FI,structuring_vs_ordering,1750,6,6,6,0,0,,
FI,structuring_vs_input,1750,6,6,6,0,0,,
FI,ordering_vs_input,1751,2,2,2,0,0,,
FI,structuring_vs_ordering,1751,2,2,2,0,0,,
FI,structuring_vs_input,1751,2,2,2,0,0,,
FI,ordering_vs_input,1752,1,1,1,0,0,,
FI,structuring_vs_ordering,1752,1,1,1,0,0,,
FI,structuring_vs_input,1752,1,1,1,0,0,,
FI,ordering_vs_input,1753,2,2,2,0,0,,
FI,structuring_vs_ordering,1753,2,2,2,0,0,,
FI,structuring_vs_input,1753,2,2,2,0,0,,
FI,ordering_vs_input,1754,1,1,1,0,0,,
FI,structuring_vs_ordering,1754,1,1,1,0,0,,
FI,structuring_vs_input,1754,1,1,1,0,0,,
FI,ordering_vs_input,1755,1,1,1,0,0,,
FI,structuring_vs_ordering,1755,1,1,1,0,0,,
FI,structuring_vs_input,1755,1,1,1,0,0,,
FI,ordering_vs_input,1756,1,1,1,0,0,,
FI,structuring_vs_ordering,1756,1,1,1,0,0,,
FI,structuring_vs_input,1756,1,1,1,0,0,,
FI,ordering_vs_input,1757,3,3,3,0,0,,
FI,structuring_vs_ordering,1757,3,3,3,0,0,,
FI,structuring_vs_input,1757,3,3,3,0,0,,
FI,ordering_vs_input,1758,5,4,4,1,0,writer,
FI,structuring_vs_ordering,1758,4,4,4,0,0,,
FI,structuring_vs_input,1758,5,4,4,1,0,writer,
FI,ordering_vs_input,1759,4,4,4,0,0,,
FI,structuring_vs_ordering,1759,4,4,4,0,0,,
FI,structuring_vs_input,1759,4,4,4,0,0,,
FI,ordering_vs_input,1760,3,3,3,0,0,,
FI,structuring_vs_ordering,1760,3,3,3,0,0,,
FI,structuring_vs_input,1760,3,3,3,0,0,,
FI,ordering_vs_input,1761,5,4,4,1,0,producer,
FI,structuring_vs_ordering,1761,4,4,4,0,0,,
FI,structuring_vs_input,1761,5,4,4,1,0,producer,
FI,ordering_vs_input,1762,3,1,1,2,0,writer | writer,
FI,structuring_vs_ordering,1762,1,1,1,0,0,,
FI,structuring_vs_input,1762,3,1,1,2,0,writer | writer,
FI,ordering_vs_input,1763,1,1,1,0,0,,
FI,structuring_vs_ordering,1763,1,1,1,0,0,,
FI,structuring_vs_input,1763,1,1,1,0,0,,
FI,ordering_vs_input,1764,5,5,5,0,0,,
FI,structuring_vs_ordering,1764,5,5,5,0,0,,
FI,structuring_vs_input,1764,5,5,5,0,0,,
FI,ordering_vs_input,1765,3,3,3,0,0,,
FI,structuring_vs_ordering,1765,3,3,3,0,0,,
FI,structuring_vs_input,1765,3,3,3,0,0,,
FI,ordering_vs_input,1766,1,1,1,0,0,,
FI,structuring_vs_ordering,1766,1,1,1,0,0,,
FI,structuring_vs_input,1766,1,1,1,0,0,,
FI,ordering_vs_input,1767,7,6,6,1,0,icaoLocationIdentifier,
FI,structuring_vs_ordering,1767,6,6,6,0,0,,
FI,structuring_vs_input,1767,7,6,6,1,0,icaoLocationIdentifier,
FI,ordering_vs_input,1768,7,5,5,2,0,citizenship | professionalField,
FI,structuring_vs_ordering,1768,5,5,5,0,0,,
FI,structuring_vs_input,1768,7,5,5,2,0,citizenship | professionalField,
FI,ordering_vs_input,1769,1,1,1,0,0,,
FI,structuring_vs_ordering,1769,1,1,1,0,0,,
FI,structuring_vs_input,1769,1,1,1,0,0,,
FI,ordering_vs_input,1770,3,3,3,0,0,,
FI,structuring_vs_ordering,1770,3,3,3,0,0,,
FI,structuring_vs_input,1770,3,3,3,0,0,,
FI,ordering_vs_input,1771,3,3,3,0,0,,
FI,structuring_vs_ordering,1771,3,3,3,0,0,,
FI,structuring_vs_input,1771,3,3,3,0,0,,
FI,ordering_vs_input,1772,2,2,2,0,0,,
FI,structuring_vs_ordering,1772,2,2,2,0,0,,
FI,structuring_vs_input,1772,2,2,2,0,0,,
FI,ordering_vs_input,1773,2,2,2,0,0,,
FI,structuring_vs_ordering,1773,2,2,2,0,0,,
FI,structuring_vs_input,1773,2,2,2,0,0,,
FI,ordering_vs_input,1774,1,1,1,0,0,,
FI,structuring_vs_ordering,1774,1,1,1,0,0,,
FI,structuring_vs_input,1774,1,1,1,0,0,,
FI,ordering_vs_input,1775,1,1,1,0,0,,
FI,structuring_vs_ordering,1775,1,1,1,0,0,,
FI,structuring_vs_input,1775,1,1,1,0,0,,
FI,ordering_vs_input,1776,3,3,3,0,0,,
FI,structuring_vs_ordering,1776,3,3,3,0,0,,
FI,structuring_vs_input,1776,3,3,3,0,0,,
FI,ordering_vs_input,1777,2,1,1,1,0,producer,
FI,structuring_vs_ordering,1777,1,1,1,0,0,,
FI,structuring_vs_input,1777,2,1,1,1,0,producer,
FI,ordering_vs_input,1778,3,3,3,0,0,,
FI,structuring_vs_ordering,1778,3,3,3,0,0,,
FI,structuring_vs_input,1778,3,3,3,0,0,,
CFA,ordering_vs_input,0,5,5,5,0,0,,
CFA,structuring_vs_ordering,0,5,5,5,0,0,,
CFA,structuring_vs_input,0,5,5,5,0,0,,
CFA,ordering_vs_input,1,2,2,2,0,0,,
CFA,structuring_vs_ordering,1,2,2,2,0,0,,
CFA,structuring_vs_input,1,2,2,2,0,0,,
CFA,ordering_vs_input,2,1,1,1,0,0,,
CFA,structuring_vs_ordering,2,1,1,1,0,0,,
CFA,structuring_vs_input,2,1,1,1,0,0,,
CFA,ordering_vs_input,3,3,3,3,0,0,,
CFA,structuring_vs_ordering,3,3,3,3,0,0,,
CFA,structuring_vs_input,3,3,3,3,0,0,,
CFA,ordering_vs_input,4,5,4,4,1,0,type,
CFA,structuring_vs_ordering,4,4,4,4,0,0,,
CFA,structuring_vs_input,4,5,4,4,1,0,type,
CFA,ordering_vs_input,5,2,2,2,0,0,,
CFA,structuring_vs_ordering,5,2,2,2,0,0,,
CFA,structuring_vs_input,5,2,2,2,0,0,,
CFA,ordering_vs_input,6,5,5,5,0,0,,
CFA,structuring_vs_ordering,6,5,5,5,0,0,,
CFA,structuring_vs_input,6,5,5,5,0,0,,
CFA,ordering_vs_input,7,1,1,1,0,0,,
CFA,structuring_vs_ordering,7,1,1,1,0,0,,
CFA,structuring_vs_input,7,1,1,1,0,0,,
CFA,ordering_vs_input,8,3,3,3,0,0,,
CFA,structuring_vs_ordering,8,3,3,3,0,0,,
CFA,structuring_vs_input,8,3,3,3,0,0,,
CFA,ordering_vs_input,9,1,1,1,0,0,,
CFA,structuring_vs_ordering,9,1,1,1,0,0,,
CFA,structuring_vs_input,9,1,1,1,0,0,,
CFA,ordering_vs_input,10,1,1,1,0,0,,
CFA,structuring_vs_ordering,10,1,1,1,0,0,,
CFA,structuring_vs_input,10,1,1,1,0,0,,
CFA,ordering_vs_input,11,1,1,1,0,0,,
CFA,structuring_vs_ordering,11,1,1,1,0,0,,
CFA,structuring_vs_input,11,1,1,1,0,0,,
CFA,ordering_vs_input,12,6,6,6,0,0,,
CFA,structuring_vs_ordering,12,6,6,6,0,0,,
CFA,structuring_vs_input,12,6,6,6,0,0,,
CFA,ordering_vs_input,13,1,1,1,0,0,,
CFA,structuring_vs_ordering,13,1,1,1,0,0,,
CFA,structuring_vs_input,13,1,1,1,0,0,,
CFA,ordering_vs_input,14,3,3,3,0,0,,
CFA,structuring_vs_ordering,14,3,3,3,0,0,,
CFA,structuring_vs_input,14,3,3,3,0,0,,
CFA,ordering_vs_input,15,2,2,2,0,0,,
CFA,structuring_vs_ordering,15,2,2,2,0,0,,
CFA,structuring_vs_input,15,2,2,2,0,0,,
CFA,ordering_vs_input,16,4,3,3,1,0,industry,
CFA,structuring_vs_ordering,16,3,3,3,0,0,,
CFA,structuring_vs_input,16,4,3,3,1,0,industry,
CFA,ordering_vs_input,17,3,3,3,0,0,,
CFA,structuring_vs_ordering,17,3,3,3,0,0,,
CFA,structuring_vs_input,17,3,3,3,0,0,,
CFA,ordering_vs_input,18,4,4,4,0,0,,
CFA,structuring_vs_ordering,18,4,4,4,0,0,,
CFA,structuring_vs_input,18,4,4,4,0,0,,
CFA,ordering_vs_input,19,3,3,3,0,0,,
CFA,structuring_vs_ordering,19,3,3,3,0,0,,
CFA,structuring_vs_input,19,3,3,3,0,0,,
CFA,ordering_vs_input,20,7,2,2,5,0,artist | producer | runtime | recordedIn | recordedIn,
CFA,structuring_vs_ordering,20,2,2,2,0,0,,
CFA,structuring_vs_input,20,7,2,2,5,0,artist | producer | runtime | recordedIn | recordedIn,
CFA,ordering_vs_input,21,2,2,2,0,0,,
CFA,structuring_vs_ordering,21,2,2,2,0,0,,
CFA,structuring_vs_input,21,2,2,2,0,0,,
CFA,ordering_vs_input,22,3,3,3,0,0,,
CFA,structuring_vs_ordering,22,3,3,3,0,0,,
CFA,structuring_vs_input,22,3,3,3,0,0,,
CFA,ordering_vs_input,23,3,1,1,2,0,producer | album,
CFA,structuring_vs_ordering,23,1,1,1,0,0,,
CFA,structuring_vs_input,23,3,1,1,2,0,producer | album,
CFA,ordering_vs_input,24,5,4,4,1,0,releaseDate,
CFA,structuring_vs_ordering,24,4,4,4,0,0,,
CFA,structuring_vs_input,24,5,4,4,1,0,releaseDate,
CFA,ordering_vs_input,25,2,2,2,0,0,,
CFA,structuring_vs_ordering,25,2,2,2,0,0,,
CFA,structuring_vs_input,25,2,2,2,0,0,,
CFA,ordering_vs_input,26,3,2,2,1,0,writer,
CFA,structuring_vs_ordering,26,2,2,2,0,0,,
CFA,structuring_vs_input,26,3,2,2,1,0,writer,
CFA,ordering_vs_input,27,3,2,2,1,0,professionalField,
CFA,structuring_vs_ordering,27,2,2,2,0,0,,
CFA,structuring_vs_input,27,3,2,2,1,0,professionalField,
CFA,ordering_vs_input,28,2,2,2,0,0,,
CFA,structuring_vs_ordering,28,2,2,2,0,0,,
CFA,structuring_vs_input,28,2,2,2,0,0,,
CFA,ordering_vs_input,29,5,4,4,1,0,training,
CFA,structuring_vs_ordering,29,4,4,4,0,0,,
CFA,structuring_vs_input,29,5,4,4,1,0,training,
CFA,ordering_vs_input,30,1,1,1,0,0,,
CFA,structuring_vs_ordering,30,1,1,1,0,0,,
CFA,structuring_vs_input,30,1,1,1,0,0,,
CFA,ordering_vs_input,31,6,3,3,3,0,runtime | writer | writer,
CFA,structuring_vs_ordering,31,3,3,3,0,0,,
CFA,structuring_vs_input,31,6,3,3,3,0,runtime | writer | writer,
CFA,ordering_vs_input,32,3,2,2,1,0,writer,
CFA,structuring_vs_ordering,32,2,2,2,0,0,,
CFA,structuring_vs_input,32,3,2,2,1,0,writer,
CFA,ordering_vs_input,33,5,5,5,0,0,,
CFA,structuring_vs_ordering,33,5,5,5,0,0,,
CFA,structuring_vs_input,33,5,5,5,0,0,,
CFA,ordering_vs_input,34,5,5,5,0,0,,
CFA,structuring_vs_ordering,34,5,5,5,0,0,,
CFA,structuring_vs_input,34,5,5,5,0,0,,
CFA,ordering_vs_input,35,5,4,4,1,0,producer,
CFA,structuring_vs_ordering,35,4,4,4,0,0,,
CFA,structuring_vs_input,35,5,4,4,1,0,producer,
CFA,ordering_vs_input,36,6,5,5,1,0,type,
CFA,structuring_vs_ordering,36,5,5,5,0,0,,
CFA,structuring_vs_input,36,6,5,5,1,0,type,
CFA,ordering_vs_input,37,6,4,4,2,0,writer | runtime,
CFA,structuring_vs_ordering,37,4,4,4,0,0,,
CFA,structuring_vs_input,37,6,4,4,2,0,writer | runtime,
CFA,ordering_vs_input,38,1,1,1,0,0,,
CFA,structuring_vs_ordering,38,1,1,1,0,0,,
CFA,structuring_vs_input,38,1,1,1,0,0,,
CFA,ordering_vs_input,39,2,1,1,1,0,writer,
CFA,structuring_vs_ordering,39,1,1,1,0,0,,
CFA,structuring_vs_input,39,2,1,1,1,0,writer,
CFA,ordering_vs_input,40,7,6,6,1,0,course,
CFA,structuring_vs_ordering,40,6,6,6,0,0,,
CFA,structuring_vs_input,40,7,6,6,1,0,course,
CFA,ordering_vs_input,41,3,2,2,1,0,type,
CFA,structuring_vs_ordering,41,2,2,2,0,0,,
CFA,structuring_vs_input,41,3,2,2,1,0,type,
CFA,ordering_vs_input,42,5,5,5,0,0,,
CFA,structuring_vs_ordering,42,5,5,5,0,0,,
CFA,structuring_vs_input,42,5,5,5,0,0,,
CFA,ordering_vs_input,43,4,4,4,0,0,,
CFA,structuring_vs_ordering,43,4,4,4,0,0,,
CFA,structuring_vs_input,43,4,4,4,0,0,,
CFA,ordering_vs_input,44,2,2,2,0,0,,
CFA,structuring_vs_ordering,44,2,2,2,0,0,,
CFA,structuring_vs_input,44,2,2,2,0,0,,
CFA,ordering_vs_input,45,2,2,2,0,0,,
CFA,structuring_vs_ordering,45,2,2,2,0,0,,
CFA,structuring_vs_input,45,2,2,2,0,0,,
CFA,ordering_vs_input,46,2,2,2,0,0,,
CFA,structuring_vs_ordering,46,2,2,2,0,0,,
CFA,structuring_vs_input,46,2,2,2,0,0,,
CFA,ordering_vs_input,47,3,3,3,0,0,,
CFA,structuring_vs_ordering,47,3,3,3,0,0,,
CFA,structuring_vs_input,47,3,3,3,0,0,,
CFA,ordering_vs_input,48,5,5,5,0,0,,
CFA,structuring_vs_ordering,48,5,5,5,0,0,,
CFA,structuring_vs_input,48,5,5,5,0,0,,
CFA,ordering_vs_input,49,2,2,2,0,0,,
CFA,structuring_vs_ordering,49,2,2,2,0,0,,
CFA,structuring_vs_input,49,2,2,2,0,0,,
CFA,ordering_vs_input,50,4,3,3,1,0,mission,
CFA,structuring_vs_ordering,50,3,3,3,0,0,,
CFA,structuring_vs_input,50,4,3,3,1,0,mission,
CFA,ordering_vs_input,51,3,3,3,0,0,,
CFA,structuring_vs_ordering,51,3,3,3,0,0,,
CFA,structuring_vs_input,51,3,3,3,0,0,,
CFA,ordering_vs_input,52,4,3,3,1,0,knownFor,
CFA,structuring_vs_ordering,52,3,3,3,0,0,,
CFA,structuring_vs_input,52,4,3,3,1,0,knownFor,
CFA,ordering_vs_input,53,4,4,4,0,0,,
CFA,structuring_vs_ordering,53,4,4,4,0,0,,
CFA,structuring_vs_input,53,4,4,4,0,0,,
CFA,ordering_vs_input,54,5,2,2,3,0,writer | writer | producer,
CFA,structuring_vs_ordering,54,2,2,2,0,0,,
CFA,structuring_vs_input,54,5,2,2,3,0,writer | writer | producer,
CFA,ordering_vs_input,55,5,3,3,2,0,artist | runtime,
CFA,structuring_vs_ordering,55,3,3,3,0,0,,
CFA,structuring_vs_input,55,5,3,3,2,0,artist | runtime,
CFA,ordering_vs_input,56,5,5,5,0,0,,
CFA,structuring_vs_ordering,56,5,5,5,0,0,,
CFA,structuring_vs_input,56,5,5,5,0,0,,
CFA,ordering_vs_input,57,4,4,4,0,0,,
CFA,structuring_vs_ordering,57,4,4,4,0,0,,
CFA,structuring_vs_input,57,4,4,4,0,0,,
CFA,ordering_vs_input,58,6,4,4,2,0,industry | netIncome,
CFA,structuring_vs_ordering,58,4,4,4,0,0,,
CFA,structuring_vs_input,58,6,4,4,2,0,industry | netIncome,
CFA,ordering_vs_input,59,4,4,4,0,0,,
CFA,structuring_vs_ordering,59,4,4,4,0,0,,
CFA,structuring_vs_input,59,4,4,4,0,0,,
CFA,ordering_vs_input,60,4,4,4,0,0,,
CFA,structuring_vs_ordering,60,4,4,4,0,0,,
CFA,structuring_vs_input,60,4,4,4,0,0,,
CFA,ordering_vs_input,61,2,2,2,0,0,,
CFA,structuring_vs_ordering,61,2,2,2,0,0,,
CFA,structuring_vs_input,61,2,2,2,0,0,,
CFA,ordering_vs_input,62,1,1,1,0,0,,
CFA,structuring_vs_ordering,62,1,1,1,0,0,,
CFA,structuring_vs_input,62,1,1,1,0,0,,
CFA,ordering_vs_input,63,4,4,4,0,0,,
CFA,structuring_vs_ordering,63,4,4,4,0,0,,
CFA,structuring_vs_input,63,4,4,4,0,0,,
CFA,ordering_vs_input,64,3,3,3,0,0,,
CFA,structuring_vs_ordering,64,3,3,3,0,0,,
CFA,structuring_vs_input,64,3,3,3,0,0,,
CFA,ordering_vs_input,65,4,1,1,3,0,producer | recordedIn | recordedIn,
CFA,structuring_vs_ordering,65,1,1,1,0,0,,
CFA,structuring_vs_input,65,4,1,1,3,0,producer | recordedIn | recordedIn,
CFA,ordering_vs_input,66,1,1,1,0,0,,
CFA,structuring_vs_ordering,66,1,1,1,0,0,,
CFA,structuring_vs_input,66,1,1,1,0,0,,
CFA,ordering_vs_input,67,2,2,2,0,0,,
CFA,structuring_vs_ordering,67,2,2,2,0,0,,
CFA,structuring_vs_input,67,2,2,2,0,0,,
CFA,ordering_vs_input,68,3,3,3,0,0,,
CFA,structuring_vs_ordering,68,3,3,3,0,0,,
CFA,structuring_vs_input,68,3,3,3,0,0,,
CFA,ordering_vs_input,69,3,3,3,0,0,,
CFA,structuring_vs_ordering,69,3,3,3,0,0,,
CFA,structuring_vs_input,69,3,3,3,0,0,,
CFA,ordering_vs_input,70,3,3,3,0,0,,
CFA,structuring_vs_ordering,70,3,3,3,0,0,,
CFA,structuring_vs_input,70,3,3,3,0,0,,
CFA,ordering_vs_input,71,1,1,1,0,0,,
CFA,structuring_vs_ordering,71,1,1,1,0,0,,
CFA,structuring_vs_input,71,1,1,1,0,0,,
CFA,ordering_vs_input,72,4,4,4,0,0,,
CFA,structuring_vs_ordering,72,4,4,4,0,0,,
CFA,structuring_vs_input,72,4,4,4,0,0,,
CFA,ordering_vs_input,73,1,1,1,0,0,,
CFA,structuring_vs_ordering,73,1,1,1,0,0,,
CFA,structuring_vs_input,73,1,1,1,0,0,,
CFA,ordering_vs_input,74,1,1,1,0,0,,
CFA,structuring_vs_ordering,74,1,1,1,0,0,,
CFA,structuring_vs_input,74,1,1,1,0,0,,
CFA,ordering_vs_input,75,1,1,1,0,0,,
CFA,structuring_vs_ordering,75,1,1,1,0,0,,
CFA,structuring_vs_input,75,1,1,1,0,0,,
CFA,ordering_vs_input,76,5,5,5,0,0,,
CFA,structuring_vs_ordering,76,5,5,5,0,0,,
CFA,structuring_vs_input,76,5,5,5,0,0,,
CFA,ordering_vs_input,77,2,2,2,0,0,,
CFA,structuring_vs_ordering,77,2,2,2,0,0,,
CFA,structuring_vs_input,77,2,2,2,0,0,,
CFA,ordering_vs_input,78,3,3,3,0,0,,
CFA,structuring_vs_ordering,78,3,3,3,0,0,,
CFA,structuring_vs_input,78,3,3,3,0,0,,
CFA,ordering_vs_input,79,1,1,1,0,0,,
CFA,structuring_vs_ordering,79,1,1,1,0,0,,
CFA,structuring_vs_input,79,1,1,1,0,0,,
CFA,ordering_vs_input,80,1,1,1,0,0,,
CFA,structuring_vs_ordering,80,1,1,1,0,0,,
CFA,structuring_vs_input,80,1,1,1,0,0,,
CFA,ordering_vs_input,81,7,5,5,2,0,producer | artist,
CFA,structuring_vs_ordering,81,5,5,5,0,0,,
CFA,structuring_vs_input,81,7,5,5,2,0,producer | artist,
CFA,ordering_vs_input,82,4,4,4,0,0,,
CFA,structuring_vs_ordering,82,4,4,4,0,0,,
CFA,structuring_vs_input,82,4,4,4,0,0,,
CFA,ordering_vs_input,83,4,4,4,0,0,,
CFA,structuring_vs_ordering,83,4,4,4,0,0,,
CFA,structuring_vs_input,83,4,4,4,0,0,,
CFA,ordering_vs_input,84,1,1,1,0,0,,
CFA,structuring_vs_ordering,84,1,1,1,0,0,,
CFA,structuring_vs_input,84,1,1,1,0,0,,
CFA,ordering_vs_input,85,2,2,2,0,0,,
CFA,structuring_vs_ordering,85,2,2,2,0,0,,
CFA,structuring_vs_input,85,2,2,2,0,0,,
CFA,ordering_vs_input,86,1,1,1,0,0,,
CFA,structuring_vs_ordering,86,1,1,1,0,0,,
CFA,structuring_vs_input,86,1,1,1,0,0,,
CFA,ordering_vs_input,87,2,2,2,0,0,,
CFA,structuring_vs_ordering,87,2,2,2,0,0,,
CFA,structuring_vs_input,87,2,2,2,0,0,,
CFA,ordering_vs_input,88,5,1,1,4,0,artist | producer | runtime | recordedIn,
CFA,structuring_vs_ordering,88,1,1,1,0,0,,
CFA,structuring_vs_input,88,5,1,1,4,0,artist | producer | runtime | recordedIn,
CFA,ordering_vs_input,89,5,5,5,0,0,,
CFA,structuring_vs_ordering,89,5,5,5,0,0,,
CFA,structuring_vs_input,89,5,5,5,0,0,,
CFA,ordering_vs_input,90,1,1,1,0,0,,
CFA,structuring_vs_ordering,90,1,1,1,0,0,,
CFA,structuring_vs_input,90,1,1,1,0,0,,
CFA,ordering_vs_input,91,3,3,3,0,0,,
CFA,structuring_vs_ordering,91,3,3,3,0,0,,
CFA,structuring_vs_input,91,3,3,3,0,0,,
CFA,ordering_vs_input,92,1,1,1,0,0,,
CFA,structuring_vs_ordering,92,1,1,1,0,0,,
CFA,structuring_vs_input,92,1,1,1,0,0,,
CFA,ordering_vs_input,93,4,4,4,0,0,,
CFA,structuring_vs_ordering,93,4,4,4,0,0,,
CFA,structuring_vs_input,93,4,4,4,0,0,,
CFA,ordering_vs_input,94,5,2,2,3,0,writer | runtime | writer,
CFA,structuring_vs_ordering,94,2,2,2,0,0,,
CFA,structuring_vs_input,94,5,2,2,3,0,writer | runtime | writer,
CFA,ordering_vs_input,95,2,2,2,0,0,,
CFA,structuring_vs_ordering,95,2,2,2,0,0,,
CFA,structuring_vs_input,95,2,2,2,0,0,,
CFA,ordering_vs_input,96,4,4,4,0,0,,
CFA,structuring_vs_ordering,96,4,4,4,0,0,,
CFA,structuring_vs_input,96,4,4,4,0,0,,
CFA,ordering_vs_input,97,1,1,1,0,0,,
CFA,structuring_vs_ordering,97,1,1,1,0,0,,
CFA,structuring_vs_input,97,1,1,1,0,0,,
CFA,ordering_vs_input,98,2,2,2,0,0,,
CFA,structuring_vs_ordering,98,2,2,2,0,0,,
CFA,structuring_vs_input,98,2,2,2,0,0,,
CFA,ordering_vs_input,99,1,1,1,0,0,,
CFA,structuring_vs_ordering,99,1,1,1,0,0,,
CFA,structuring_vs_input,99,1,1,1,0,0,,
CFA,ordering_vs_input,100,3,3,3,0,0,,
CFA,structuring_vs_ordering,100,3,3,3,0,0,,
CFA,structuring_vs_input,100,3,3,3,0,0,,
CFA,ordering_vs_input,101,2,2,2,0,0,,
CFA,structuring_vs_ordering,101,2,2,2,0,0,,
CFA,structuring_vs_input,101,2,2,2,0,0,,
CFA,ordering_vs_input,102,1,1,1,0,0,,
CFA,structuring_vs_ordering,102,1,1,1,0,0,,
CFA,structuring_vs_input,102,1,1,1,0,0,,
CFA,ordering_vs_input,103,2,2,2,0,0,,
CFA,structuring_vs_ordering,103,2,2,2,0,0,,
CFA,structuring_vs_input,103,2,2,2,0,0,,
CFA,ordering_vs_input,104,4,4,4,0,0,,
CFA,structuring_vs_ordering,104,4,4,4,0,0,,
CFA,structuring_vs_input,104,4,4,4,0,0,,
CFA,ordering_vs_input,105,5,5,5,0,0,,
CFA,structuring_vs_ordering,105,5,5,5,0,0,,
CFA,structuring_vs_input,105,5,5,5,0,0,,
CFA,ordering_vs_input,106,6,6,6,0,0,,
CFA,structuring_vs_ordering,106,6,6,6,0,0,,
CFA,structuring_vs_input,106,6,6,6,0,0,,
CFA,ordering_vs_input,107,2,2,2,0,0,,
CFA,structuring_vs_ordering,107,2,2,2,0,0,,
CFA,structuring_vs_input,107,2,2,2,0,0,,
CFA,ordering_vs_input,108,1,1,1,0,0,,
CFA,structuring_vs_ordering,108,1,1,1,0,0,,
CFA,structuring_vs_input,108,1,1,1,0,0,,
CFA,ordering_vs_input,109,5,5,5,0,0,,
CFA,structuring_vs_ordering,109,5,5,5,0,0,,
CFA,structuring_vs_input,109,5,5,5,0,0,,
CFA,ordering_vs_input,110,2,2,2,0,0,,
CFA,structuring_vs_ordering,110,2,2,2,0,0,,
CFA,structuring_vs_input,110,2,2,2,0,0,,
CFA,ordering_vs_input,111,5,5,5,0,0,,
CFA,structuring_vs_ordering,111,5,5,5,0,0,,
CFA,structuring_vs_input,111,5,5,5,0,0,,
CFA,ordering_vs_input,112,4,4,4,0,0,,
CFA,structuring_vs_ordering,112,4,4,4,0,0,,
CFA,structuring_vs_input,112,4,4,4,0,0,,
CFA,ordering_vs_input,113,5,3,3,2,0,writer | writer,
CFA,structuring_vs_ordering,113,3,3,3,0,0,,
CFA,structuring_vs_input,113,5,3,3,2,0,writer | writer,
CFA,ordering_vs_input,114,2,2,2,0,0,,
CFA,structuring_vs_ordering,114,2,2,2,0,0,,
CFA,structuring_vs_input,114,2,2,2,0,0,,
CFA,ordering_vs_input,115,1,1,1,0,0,,
CFA,structuring_vs_ordering,115,1,1,1,0,0,,
CFA,structuring_vs_input,115,1,1,1,0,0,,
CFA,ordering_vs_input,116,1,1,1,0,0,,
CFA,structuring_vs_ordering,116,1,1,1,0,0,,
CFA,structuring_vs_input,116,1,1,1,0,0,,
CFA,ordering_vs_input,117,7,5,5,2,0,industry | type,
CFA,structuring_vs_ordering,117,5,5,5,0,0,,
CFA,structuring_vs_input,117,7,5,5,2,0,industry | type,
CFA,ordering_vs_input,118,3,3,3,0,0,,
CFA,structuring_vs_ordering,118,3,3,3,0,0,,
CFA,structuring_vs_input,118,3,3,3,0,0,,
CFA,ordering_vs_input,119,3,3,3,0,0,,
CFA,structuring_vs_ordering,119,3,3,3,0,0,,
CFA,structuring_vs_input,119,3,3,3,0,0,,
CFA,ordering_vs_input,120,1,1,1,0,0,,
CFA,structuring_vs_ordering,120,1,1,1,0,0,,
CFA,structuring_vs_input,120,1,1,1,0,0,,
CFA,ordering_vs_input,121,3,2,2,1,0,writer,
CFA,structuring_vs_ordering,121,2,2,2,0,0,,
CFA,structuring_vs_input,121,3,2,2,1,0,writer,
CFA,ordering_vs_input,122,4,3,3,1,0,writer,
CFA,structuring_vs_ordering,122,3,3,3,0,0,,
CFA,structuring_vs_input,122,4,3,3,1,0,writer,
CFA,ordering_vs_input,123,2,2,2,0,0,,
CFA,structuring_vs_ordering,123,2,2,2,0,0,,
CFA,structuring_vs_input,123,2,2,2,0,0,,
CFA,ordering_vs_input,124,3,3,3,0,0,,
CFA,structuring_vs_ordering,124,3,3,3,0,0,,
CFA,structuring_vs_input,124,3,3,3,0,0,,
CFA,ordering_vs_input,125,2,1,1,1,0,type,
CFA,structuring_vs_ordering,125,1,1,1,0,0,,
CFA,structuring_vs_input,125,2,1,1,1,0,type,
CFA,ordering_vs_input,126,2,2,2,0,0,,
CFA,structuring_vs_ordering,126,2,2,2,0,0,,
CFA,structuring_vs_input,126,2,2,2,0,0,,
CFA,ordering_vs_input,127,1,1,1,0,0,,
CFA,structuring_vs_ordering,127,1,1,1,0,0,,
CFA,structuring_vs_input,127,1,1,1,0,0,,
CFA,ordering_vs_input,128,3,3,3,0,0,,
CFA,structuring_vs_ordering,128,3,3,3,0,0,,
CFA,structuring_vs_input,128,3,3,3,0,0,,
CFA,ordering_vs_input,129,5,5,5,0,0,,
CFA,structuring_vs_ordering,129,5,5,5,0,0,,
CFA,structuring_vs_input,129,5,5,5,0,0,,
CFA,ordering_vs_input,130,3,1,1,2,0,writer | producer,
CFA,structuring_vs_ordering,130,1,1,1,0,0,,
CFA,structuring_vs_input,130,3,1,1,2,0,writer | producer,
CFA,ordering_vs_input,131,5,5,5,0,0,,
CFA,structuring_vs_ordering,131,5,5,5,0,0,,
CFA,structuring_vs_input,131,5,5,5,0,0,,
CFA,ordering_vs_input,132,3,3,3,0,0,,
CFA,structuring_vs_ordering,132,3,3,3,0,0,,
CFA,structuring_vs_input,132,3,3,3,0,0,,
CFA,ordering_vs_input,133,1,1,1,0,0,,
CFA,structuring_vs_ordering,133,1,1,1,0,0,,
CFA,structuring_vs_input,133,1,1,1,0,0,,
CFA,ordering_vs_input,134,2,2,2,0,0,,
CFA,structuring_vs_ordering,134,2,2,2,0,0,,
CFA,structuring_vs_input,134,2,2,2,0,0,,
CFA,ordering_vs_input,135,4,4,4,0,0,,
CFA,structuring_vs_ordering,135,4,4,4,0,0,,
CFA,structuring_vs_input,135,4,4,4,0,0,,
CFA,ordering_vs_input,136,4,4,4,0,0,,
CFA,structuring_vs_ordering,136,4,4,4,0,0,,
CFA,structuring_vs_input,136,4,4,4,0,0,,
CFA,ordering_vs_input,137,2,2,2,0,0,,
CFA,structuring_vs_ordering,137,2,2,2,0,0,,
CFA,structuring_vs_input,137,2,2,2,0,0,,
CFA,ordering_vs_input,138,1,1,1,0,0,,
CFA,structuring_vs_ordering,138,1,1,1,0,0,,
CFA,structuring_vs_input,138,1,1,1,0,0,,
CFA,ordering_vs_input,139,2,2,2,0,0,,
CFA,structuring_vs_ordering,139,2,2,2,0,0,,
CFA,structuring_vs_input,139,2,2,2,0,0,,
CFA,ordering_vs_input,140,2,2,2,0,0,,
CFA,structuring_vs_ordering,140,2,2,2,0,0,,
CFA,structuring_vs_input,140,2,2,2,0,0,,
CFA,ordering_vs_input,141,5,4,4,1,0,staff,
CFA,structuring_vs_ordering,141,4,4,4,0,0,,
CFA,structuring_vs_input,141,5,4,4,1,0,staff,
CFA,ordering_vs_input,142,2,2,2,0,0,,
CFA,structuring_vs_ordering,142,2,2,2,0,0,,
CFA,structuring_vs_input,142,2,2,2,0,0,,
CFA,ordering_vs_input,143,3,3,3,0,0,,
CFA,structuring_vs_ordering,143,3,3,3,0,0,,
CFA,structuring_vs_input,143,3,3,3,0,0,,
CFA,ordering_vs_input,144,6,6,6,0,0,,
CFA,structuring_vs_ordering,144,6,6,6,0,0,,
CFA,structuring_vs_input,144,6,6,6,0,0,,
CFA,ordering_vs_input,145,3,2,2,1,0,mission,
CFA,structuring_vs_ordering,145,2,2,2,0,0,,
CFA,structuring_vs_input,145,3,2,2,1,0,mission,
CFA,ordering_vs_input,146,1,1,1,0,0,,
CFA,structuring_vs_ordering,146,1,1,1,0,0,,
CFA,structuring_vs_input,146,1,1,1,0,0,,
CFA,ordering_vs_input,147,2,2,2,0,0,,
CFA,structuring_vs_ordering,147,2,2,2,0,0,,
CFA,structuring_vs_input,147,2,2,2,0,0,,
CFA,ordering_vs_input,148,5,4,4,1,0,producer,
CFA,structuring_vs_ordering,148,4,4,4,0,0,,
CFA,structuring_vs_input,148,5,4,4,1,0,producer,
CFA,ordering_vs_input,149,2,2,2,0,0,,
CFA,structuring_vs_ordering,149,2,2,2,0,0,,
CFA,structuring_vs_input,149,2,2,2,0,0,,
CFA,ordering_vs_input,150,5,3,3,2,0,producer | artist,
CFA,structuring_vs_ordering,150,3,3,3,0,0,,
CFA,structuring_vs_input,150,5,3,3,2,0,producer | artist,
CFA,ordering_vs_input,151,4,2,2,2,0,producer | artist,
CFA,structuring_vs_ordering,151,2,2,2,0,0,,
CFA,structuring_vs_input,151,4,2,2,2,0,producer | artist,
CFA,ordering_vs_input,152,2,2,2,0,0,,
CFA,structuring_vs_ordering,152,2,2,2,0,0,,
CFA,structuring_vs_input,152,2,2,2,0,0,,
CFA,ordering_vs_input,153,1,1,1,0,0,,
CFA,structuring_vs_ordering,153,1,1,1,0,0,,
CFA,structuring_vs_input,153,1,1,1,0,0,,
CFA,ordering_vs_input,154,2,2,2,0,0,,
CFA,structuring_vs_ordering,154,2,2,2,0,0,,
CFA,structuring_vs_input,154,2,2,2,0,0,,
CFA,ordering_vs_input,155,3,3,3,0,0,,
CFA,structuring_vs_ordering,155,3,3,3,0,0,,
CFA,structuring_vs_input,155,3,3,3,0,0,,
CFA,ordering_vs_input,156,1,1,1,0,0,,
CFA,structuring_vs_ordering,156,1,1,1,0,0,,
CFA,structuring_vs_input,156,1,1,1,0,0,,
CFA,ordering_vs_input,157,3,3,3,0,0,,
CFA,structuring_vs_ordering,157,3,3,3,0,0,,
CFA,structuring_vs_input,157,3,3,3,0,0,,
CFA,ordering_vs_input,158,3,3,3,0,0,,
CFA,structuring_vs_ordering,158,3,3,3,0,0,,
CFA,structuring_vs_input,158,3,3,3,0,0,,
CFA,ordering_vs_input,159,5,2,2,3,0,writer | runtime | editing,
CFA,structuring_vs_ordering,159,2,2,2,0,0,,
CFA,structuring_vs_input,159,5,2,2,3,0,writer | runtime | editing,
CFA,ordering_vs_input,160,6,6,6,0,0,,
CFA,structuring_vs_ordering,160,6,6,6,0,0,,
CFA,structuring_vs_input,160,6,6,6,0,0,,
CFA,ordering_vs_input,161,3,3,3,0,0,,
CFA,structuring_vs_ordering,161,3,3,3,0,0,,
CFA,structuring_vs_input,161,3,3,3,0,0,,
CFA,ordering_vs_input,162,3,3,3,0,0,,
CFA,structuring_vs_ordering,162,3,3,3,0,0,,
CFA,structuring_vs_input,162,3,3,3,0,0,,
CFA,ordering_vs_input,163,6,6,6,0,0,,
CFA,structuring_vs_ordering,163,6,6,6,0,0,,
CFA,structuring_vs_input,163,6,6,6,0,0,,
CFA,ordering_vs_input,164,5,5,5,0,0,,
CFA,structuring_vs_ordering,164,5,5,5,0,0,,
CFA,structuring_vs_input,164,5,5,5,0,0,,
CFA,ordering_vs_input,165,6,6,6,0,0,,
CFA,structuring_vs_ordering,165,6,6,6,0,0,,
CFA,structuring_vs_input,165,6,6,6,0,0,,
CFA,ordering_vs_input,166,3,3,3,0,0,,
CFA,structuring_vs_ordering,166,3,3,3,0,0,,
CFA,structuring_vs_input,166,3,3,3,0,0,,
CFA,ordering_vs_input,167,5,4,4,1,0,runtime,
CFA,structuring_vs_ordering,167,4,4,4,0,0,,
CFA,structuring_vs_input,167,5,4,4,1,0,runtime,
CFA,ordering_vs_input,168,3,3,3,0,0,,
CFA,structuring_vs_ordering,168,3,3,3,0,0,,
CFA,structuring_vs_input,168,3,3,3,0,0,,
CFA,ordering_vs_input,169,1,1,1,0,0,,
CFA,structuring_vs_ordering,169,1,1,1,0,0,,
CFA,structuring_vs_input,169,1,1,1,0,0,,
CFA,ordering_vs_input,170,3,3,3,0,0,,
CFA,structuring_vs_ordering,170,3,3,3,0,0,,
CFA,structuring_vs_input,170,3,3,3,0,0,,
CFA,ordering_vs_input,171,4,1,1,3,0,releaseDate | editing | producer,
CFA,structuring_vs_ordering,171,1,1,1,0,0,,
CFA,structuring_vs_input,171,4,1,1,3,0,releaseDate | editing | producer,
CFA,ordering_vs_input,172,2,2,2,0,0,,
CFA,structuring_vs_ordering,172,2,2,2,0,0,,
CFA,structuring_vs_input,172,2,2,2,0,0,,
CFA,ordering_vs_input,173,4,4,4,0,0,,
CFA,structuring_vs_ordering,173,4,4,4,0,0,,
CFA,structuring_vs_input,173,4,4,4,0,0,,
CFA,ordering_vs_input,174,2,2,2,0,0,,
CFA,structuring_vs_ordering,174,2,2,2,0,0,,
CFA,structuring_vs_input,174,2,2,2,0,0,,
CFA,ordering_vs_input,175,5,5,5,0,0,,
CFA,structuring_vs_ordering,175,5,5,5,0,0,,
CFA,structuring_vs_input,175,5,5,5,0,0,,
CFA,ordering_vs_input,176,4,3,3,1,0,type,
CFA,structuring_vs_ordering,176,3,3,3,0,0,,
CFA,structuring_vs_input,176,4,3,3,1,0,type,
CFA,ordering_vs_input,177,1,1,1,0,0,,
CFA,structuring_vs_ordering,177,1,1,1,0,0,,
CFA,structuring_vs_input,177,1,1,1,0,0,,
CFA,ordering_vs_input,178,2,2,2,0,0,,
CFA,structuring_vs_ordering,178,2,2,2,0,0,,
CFA,structuring_vs_input,178,2,2,2,0,0,,
CFA,ordering_vs_input,179,3,3,3,0,0,,
CFA,structuring_vs_ordering,179,3,3,3,0,0,,
CFA,structuring_vs_input,179,3,3,3,0,0,,
CFA,ordering_vs_input,180,4,4,4,0,0,,
CFA,structuring_vs_ordering,180,4,4,4,0,0,,
CFA,structuring_vs_input,180,4,4,4,0,0,,
CFA,ordering_vs_input,181,3,3,3,0,0,,
CFA,structuring_vs_ordering,181,3,3,3,0,0,,
CFA,structuring_vs_input,181,3,3,3,0,0,,
CFA,ordering_vs_input,182,6,6,6,0,0,,
CFA,structuring_vs_ordering,182,6,6,6,0,0,,
CFA,structuring_vs_input,182,6,6,6,0,0,,
CFA,ordering_vs_input,183,4,3,3,1,0,writer,
CFA,structuring_vs_ordering,183,3,3,3,0,0,,
CFA,structuring_vs_input,183,4,3,3,1,0,writer,
CFA,ordering_vs_input,184,3,3,3,0,0,,
CFA,structuring_vs_ordering,184,3,3,3,0,0,,
CFA,structuring_vs_input,184,3,3,3,0,0,,
CFA,ordering_vs_input,185,1,1,1,0,0,,
CFA,structuring_vs_ordering,185,1,1,1,0,0,,
CFA,structuring_vs_input,185,1,1,1,0,0,,
CFA,ordering_vs_input,186,4,4,4,0,0,,
CFA,structuring_vs_ordering,186,4,4,4,0,0,,
CFA,structuring_vs_input,186,4,4,4,0,0,,
CFA,ordering_vs_input,187,3,3,3,0,0,,
CFA,structuring_vs_ordering,187,3,3,3,0,0,,
CFA,structuring_vs_input,187,3,3,3,0,0,,
CFA,ordering_vs_input,188,4,4,4,0,0,,
CFA,structuring_vs_ordering,188,4,4,4,0,0,,
CFA,structuring_vs_input,188,4,4,4,0,0,,
CFA,ordering_vs_input,189,4,3,3,1,0,meaning,
CFA,structuring_vs_ordering,189,3,3,3,0,0,,
CFA,structuring_vs_input,189,4,3,3,1,0,meaning,
CFA,ordering_vs_input,190,6,5,5,1,0,professionalField,
CFA,structuring_vs_ordering,190,5,5,5,0,0,,
CFA,structuring_vs_input,190,6,5,5,1,0,professionalField,
CFA,ordering_vs_input,191,1,1,1,0,0,,
CFA,structuring_vs_ordering,191,1,1,1,0,0,,
CFA,structuring_vs_input,191,1,1,1,0,0,,
CFA,ordering_vs_input,192,5,5,5,0,0,,
CFA,structuring_vs_ordering,192,5,5,5,0,0,,
CFA,structuring_vs_input,192,5,5,5,0,0,,
CFA,ordering_vs_input,193,5,5,5,0,0,,
CFA,structuring_vs_ordering,193,5,5,5,0,0,,
CFA,structuring_vs_input,193,5,5,5,0,0,,
CFA,ordering_vs_input,194,4,4,4,0,0,,
CFA,structuring_vs_ordering,194,4,4,4,0,0,,
CFA,structuring_vs_input,194,4,4,4,0,0,,
CFA,ordering_vs_input,195,1,1,1,0,0,,
CFA,structuring_vs_ordering,195,1,1,1,0,0,,
CFA,structuring_vs_input,195,1,1,1,0,0,,
CFA,ordering_vs_input,196,1,1,1,0,0,,
CFA,structuring_vs_ordering,196,1,1,1,0,0,,
CFA,structuring_vs_input,196,1,1,1,0,0,,
CFA,ordering_vs_input,197,5,4,4,1,0,gross,
CFA,structuring_vs_ordering,197,4,4,4,0,0,,
CFA,structuring_vs_input,197,5,4,4,1,0,gross,
CFA,ordering_vs_input,198,5,5,5,0,0,,
CFA,structuring_vs_ordering,198,5,5,5,0,0,,
CFA,structuring_vs_input,198,5,5,5,0,0,,
CFA,ordering_vs_input,199,3,3,3,0,0,,
CFA,structuring_vs_ordering,199,3,3,3,0,0,,
CFA,structuring_vs_input,199,3,3,3,0,0,,
CFA,ordering_vs_input,200,5,5,5,0,0,,
CFA,structuring_vs_ordering,200,5,5,5,0,0,,
CFA,structuring_vs_input,200,5,5,5,0,0,,
CFA,ordering_vs_input,201,2,2,2,0,0,,
CFA,structuring_vs_ordering,201,2,2,2,0,0,,
CFA,structuring_vs_input,201,2,2,2,0,0,,
CFA,ordering_vs_input,202,4,4,4,0,0,,
CFA,structuring_vs_ordering,202,4,4,4,0,0,,
CFA,structuring_vs_input,202,4,4,4,0,0,,
CFA,ordering_vs_input,203,3,3,3,0,0,,
CFA,structuring_vs_ordering,203,3,3,3,0,0,,
CFA,structuring_vs_input,203,3,3,3,0,0,,
CFA,ordering_vs_input,204,1,1,1,0,0,,
CFA,structuring_vs_ordering,204,1,1,1,0,0,,
CFA,structuring_vs_input,204,1,1,1,0,0,,
CFA,ordering_vs_input,205,2,2,2,0,0,,
CFA,structuring_vs_ordering,205,2,2,2,0,0,,
CFA,structuring_vs_input,205,2,2,2,0,0,,
CFA,ordering_vs_input,206,5,4,4,1,0,citizenship,
CFA,structuring_vs_ordering,206,4,4,4,0,0,,
CFA,structuring_vs_input,206,5,4,4,1,0,citizenship,
CFA,ordering_vs_input,207,2,2,2,0,0,,
CFA,structuring_vs_ordering,207,2,2,2,0,0,,
CFA,structuring_vs_input,207,2,2,2,0,0,,
CFA,ordering_vs_input,208,2,2,2,0,0,,
CFA,structuring_vs_ordering,208,2,2,2,0,0,,
CFA,structuring_vs_input,208,2,2,2,0,0,,
CFA,ordering_vs_input,209,5,5,5,0,0,,
CFA,structuring_vs_ordering,209,5,5,5,0,0,,
CFA,structuring_vs_input,209,5,5,5,0,0,,
CFA,ordering_vs_input,210,1,1,1,0,0,,
CFA,structuring_vs_ordering,210,1,1,1,0,0,,
CFA,structuring_vs_input,210,1,1,1,0,0,,
CFA,ordering_vs_input,211,3,3,3,0,0,,
CFA,structuring_vs_ordering,211,3,3,3,0,0,,
CFA,structuring_vs_input,211,3,3,3,0,0,,
CFA,ordering_vs_input,212,4,1,1,3,0,runtime | editing | producer,
CFA,structuring_vs_ordering,212,1,1,1,0,0,,
CFA,structuring_vs_input,212,4,1,1,3,0,runtime | editing | producer,
CFA,ordering_vs_input,213,5,4,4,1,0,professionalField,
CFA,structuring_vs_ordering,213,4,4,4,0,0,,
CFA,structuring_vs_input,213,5,4,4,1,0,professionalField,
CFA,ordering_vs_input,214,1,1,1,0,0,,
CFA,structuring_vs_ordering,214,1,1,1,0,0,,
CFA,structuring_vs_input,214,1,1,1,0,0,,
CFA,ordering_vs_input,215,3,1,1,2,0,runtime | producer,
CFA,structuring_vs_ordering,215,1,1,1,0,0,,
CFA,structuring_vs_input,215,3,1,1,2,0,runtime | producer,
CFA,ordering_vs_input,216,4,4,4,0,0,,
CFA,structuring_vs_ordering,216,4,4,4,0,0,,
CFA,structuring_vs_input,216,4,4,4,0,0,,
CFA,ordering_vs_input,217,1,1,1,0,0,,
CFA,structuring_vs_ordering,217,1,1,1,0,0,,
CFA,structuring_vs_input,217,1,1,1,0,0,,
CFA,ordering_vs_input,218,1,1,1,0,0,,
CFA,structuring_vs_ordering,218,1,1,1,0,0,,
CFA,structuring_vs_input,218,1,1,1,0,0,,
CFA,ordering_vs_input,219,3,3,3,0,0,,
CFA,structuring_vs_ordering,219,3,3,3,0,0,,
CFA,structuring_vs_input,219,3,3,3,0,0,,
CFA,ordering_vs_input,220,4,2,2,2,0,artist | producer,
CFA,structuring_vs_ordering,220,2,2,2,0,0,,
CFA,structuring_vs_input,220,4,2,2,2,0,artist | producer,
CFA,ordering_vs_input,221,5,3,3,2,0,citizenship | professionalField,
CFA,structuring_vs_ordering,221,3,3,3,0,0,,
CFA,structuring_vs_input,221,5,3,3,2,0,citizenship | professionalField,
CFA,ordering_vs_input,222,3,3,3,0,0,,
CFA,structuring_vs_ordering,222,3,3,3,0,0,,
CFA,structuring_vs_input,222,3,3,3,0,0,,
CFA,ordering_vs_input,223,1,1,1,0,0,,
CFA,structuring_vs_ordering,223,1,1,1,0,0,,
CFA,structuring_vs_input,223,1,1,1,0,0,,
CFA,ordering_vs_input,224,1,1,1,0,0,,
CFA,structuring_vs_ordering,224,1,1,1,0,0,,
CFA,structuring_vs_input,224,1,1,1,0,0,,
CFA,ordering_vs_input,225,3,3,3,0,0,,
CFA,structuring_vs_ordering,225,3,3,3,0,0,,
CFA,structuring_vs_input,225,3,3,3,0,0,,
CFA,ordering_vs_input,226,2,2,2,0,0,,
CFA,structuring_vs_ordering,226,2,2,2,0,0,,
CFA,structuring_vs_input,226,2,2,2,0,0,,
CFA,ordering_vs_input,227,4,4,4,0,0,,
CFA,structuring_vs_ordering,227,4,4,4,0,0,,
CFA,structuring_vs_input,227,4,4,4,0,0,,
CFA,ordering_vs_input,228,3,3,3,0,0,,
CFA,structuring_vs_ordering,228,3,3,3,0,0,,
CFA,structuring_vs_input,228,3,3,3,0,0,,
CFA,ordering_vs_input,229,2,2,2,0,0,,
CFA,structuring_vs_ordering,229,2,2,2,0,0,,
CFA,structuring_vs_input,229,2,2,2,0,0,,
CFA,ordering_vs_input,230,2,2,2,0,0,,
CFA,structuring_vs_ordering,230,2,2,2,0,0,,
CFA,structuring_vs_input,230,2,2,2,0,0,,
CFA,ordering_vs_input,231,4,2,2,2,0,editing | producer,
CFA,structuring_vs_ordering,231,2,2,2,0,0,,
CFA,structuring_vs_input,231,4,2,2,2,0,editing | producer,
CFA,ordering_vs_input,232,1,1,1,0,0,,
CFA,structuring_vs_ordering,232,1,1,1,0,0,,
CFA,structuring_vs_input,232,1,1,1,0,0,,
CFA,ordering_vs_input,233,5,5,5,0,0,,
CFA,structuring_vs_ordering,233,5,5,5,0,0,,
CFA,structuring_vs_input,233,5,5,5,0,0,,
CFA,ordering_vs_input,234,6,2,2,4,0,producer | runtime | artist | type,
CFA,structuring_vs_ordering,234,2,2,2,0,0,,
CFA,structuring_vs_input,234,6,2,2,4,0,producer | runtime | artist | type,
CFA,ordering_vs_input,235,3,3,3,0,0,,
CFA,structuring_vs_ordering,235,3,3,3,0,0,,
CFA,structuring_vs_input,235,3,3,3,0,0,,
CFA,ordering_vs_input,236,5,5,5,0,0,,
CFA,structuring_vs_ordering,236,5,5,5,0,0,,
CFA,structuring_vs_input,236,5,5,5,0,0,,
CFA,ordering_vs_input,237,7,6,6,1,0,architect,
CFA,structuring_vs_ordering,237,6,6,6,0,0,,
CFA,structuring_vs_input,237,7,6,6,1,0,architect,
CFA,ordering_vs_input,238,6,6,6,0,0,,
CFA,structuring_vs_ordering,238,6,6,6,0,0,,
CFA,structuring_vs_input,238,6,6,6,0,0,,
CFA,ordering_vs_input,239,4,4,4,0,0,,
CFA,structuring_vs_ordering,239,4,4,4,0,0,,
CFA,structuring_vs_input,239,4,4,4,0,0,,
CFA,ordering_vs_input,240,3,3,3,0,0,,
CFA,structuring_vs_ordering,240,3,3,3,0,0,,
CFA,structuring_vs_input,240,3,3,3,0,0,,
CFA,ordering_vs_input,241,2,2,2,0,0,,
CFA,structuring_vs_ordering,241,2,2,2,0,0,,
CFA,structuring_vs_input,241,2,2,2,0,0,,
CFA,ordering_vs_input,242,4,3,3,1,0,professionalField,
CFA,structuring_vs_ordering,242,3,3,3,0,0,,
CFA,structuring_vs_input,242,4,3,3,1,0,professionalField,
CFA,ordering_vs_input,243,7,5,5,2,0,type | utcOffset,
CFA,structuring_vs_ordering,243,5,5,5,0,0,,
CFA,structuring_vs_input,243,7,5,5,2,0,type | utcOffset,
CFA,ordering_vs_input,244,6,6,6,0,0,,
CFA,structuring_vs_ordering,244,6,6,6,0,0,,
CFA,structuring_vs_input,244,6,6,6,0,0,,
CFA,ordering_vs_input,245,4,4,4,0,0,,
CFA,structuring_vs_ordering,245,4,4,4,0,0,,
CFA,structuring_vs_input,245,4,4,4,0,0,,
CFA,ordering_vs_input,246,6,6,6,0,0,,
CFA,structuring_vs_ordering,246,6,6,6,0,0,,
CFA,structuring_vs_input,246,6,6,6,0,0,,
CFA,ordering_vs_input,247,1,1,1,0,0,,
CFA,structuring_vs_ordering,247,1,1,1,0,0,,
CFA,structuring_vs_input,247,1,1,1,0,0,,
CFA,ordering_vs_input,248,3,3,3,0,0,,
CFA,structuring_vs_ordering,248,3,3,3,0,0,,
CFA,structuring_vs_input,248,3,3,3,0,0,,
CFA,ordering_vs_input,249,1,1,1,0,0,,
CFA,structuring_vs_ordering,249,1,1,1,0,0,,
CFA,structuring_vs_input,249,1,1,1,0,0,,
CFA,ordering_vs_input,250,2,2,2,0,0,,
CFA,structuring_vs_ordering,250,2,2,2,0,0,,
CFA,structuring_vs_input,250,2,2,2,0,0,,
CFA,ordering_vs_input,251,5,5,5,0,0,,
CFA,structuring_vs_ordering,251,5,5,5,0,0,,
CFA,structuring_vs_input,251,5,5,5,0,0,,
CFA,ordering_vs_input,252,2,2,2,0,0,,
CFA,structuring_vs_ordering,252,2,2,2,0,0,,
CFA,structuring_vs_input,252,2,2,2,0,0,,
CFA,ordering_vs_input,253,2,2,2,0,0,,
CFA,structuring_vs_ordering,253,2,2,2,0,0,,
CFA,structuring_vs_input,253,2,2,2,0,0,,
CFA,ordering_vs_input,254,4,4,4,0,0,,
CFA,structuring_vs_ordering,254,4,4,4,0,0,,
CFA,structuring_vs_input,254,4,4,4,0,0,,
CFA,ordering_vs_input,255,7,3,3,4,0,recordedIn | recordedIn | releaseDate | runtime,
CFA,structuring_vs_ordering,255,3,3,3,0,0,,
CFA,structuring_vs_input,255,7,3,3,4,0,recordedIn | recordedIn | releaseDate | runtime,
CFA,ordering_vs_input,256,5,5,5,0,0,,
CFA,structuring_vs_ordering,256,5,5,5,0,0,,
CFA,structuring_vs_input,256,5,5,5,0,0,,
CFA,ordering_vs_input,257,1,1,1,0,0,,
CFA,structuring_vs_ordering,257,1,1,1,0,0,,
CFA,structuring_vs_input,257,1,1,1,0,0,,
CFA,ordering_vs_input,258,4,4,4,0,0,,
CFA,structuring_vs_ordering,258,4,4,4,0,0,,
CFA,structuring_vs_input,258,4,4,4,0,0,,
CFA,ordering_vs_input,259,3,2,2,1,0,releaseDate,
CFA,structuring_vs_ordering,259,2,2,2,0,0,,
CFA,structuring_vs_input,259,3,2,2,1,0,releaseDate,
CFA,ordering_vs_input,260,3,3,3,0,0,,
CFA,structuring_vs_ordering,260,3,3,3,0,0,,
CFA,structuring_vs_input,260,3,3,3,0,0,,
CFA,ordering_vs_input,261,6,3,3,3,0,artist | producer | producer,
CFA,structuring_vs_ordering,261,3,3,3,0,0,,
CFA,structuring_vs_input,261,6,3,3,3,0,artist | producer | producer,
CFA,ordering_vs_input,262,2,2,2,0,0,,
CFA,structuring_vs_ordering,262,2,2,2,0,0,,
CFA,structuring_vs_input,262,2,2,2,0,0,,
CFA,ordering_vs_input,263,1,1,1,0,0,,
CFA,structuring_vs_ordering,263,1,1,1,0,0,,
CFA,structuring_vs_input,263,1,1,1,0,0,,
CFA,ordering_vs_input,264,2,1,1,1,0,professionalField,
CFA,structuring_vs_ordering,264,1,1,1,0,0,,
CFA,structuring_vs_input,264,2,1,1,1,0,professionalField,
CFA,ordering_vs_input,265,5,5,5,0,0,,
CFA,structuring_vs_ordering,265,5,5,5,0,0,,
CFA,structuring_vs_input,265,5,5,5,0,0,,
CFA,ordering_vs_input,266,2,2,2,0,0,,
CFA,structuring_vs_ordering,266,2,2,2,0,0,,
CFA,structuring_vs_input,266,2,2,2,0,0,,
CFA,ordering_vs_input,267,4,4,4,0,0,,
CFA,structuring_vs_ordering,267,4,4,4,0,0,,
CFA,structuring_vs_input,267,4,4,4,0,0,,
CFA,ordering_vs_input,268,4,4,4,0,0,,
CFA,structuring_vs_ordering,268,4,4,4,0,0,,
CFA,structuring_vs_input,268,4,4,4,0,0,,
CFA,ordering_vs_input,269,4,4,4,0,0,,
CFA,structuring_vs_ordering,269,4,4,4,0,0,,
CFA,structuring_vs_input,269,4,4,4,0,0,,
CFA,ordering_vs_input,270,6,6,6,0,0,,
CFA,structuring_vs_ordering,270,6,6,6,0,0,,
CFA,structuring_vs_input,270,6,6,6,0,0,,
CFA,ordering_vs_input,271,1,1,1,0,0,,
CFA,structuring_vs_ordering,271,1,1,1,0,0,,
CFA,structuring_vs_input,271,1,1,1,0,0,,
CFA,ordering_vs_input,272,2,2,2,0,0,,
CFA,structuring_vs_ordering,272,2,2,2,0,0,,
CFA,structuring_vs_input,272,2,2,2,0,0,,
CFA,ordering_vs_input,273,1,1,1,0,0,,
CFA,structuring_vs_ordering,273,1,1,1,0,0,,
CFA,structuring_vs_input,273,1,1,1,0,0,,
CFA,ordering_vs_input,274,5,5,5,0,0,,
CFA,structuring_vs_ordering,274,5,5,5,0,0,,
CFA,structuring_vs_input,274,5,5,5,0,0,,
CFA,ordering_vs_input,275,2,2,2,0,0,,
CFA,structuring_vs_ordering,275,2,2,2,0,0,,
CFA,structuring_vs_input,275,2,2,2,0,0,,
CFA,ordering_vs_input,276,4,3,3,1,0,gross,
CFA,structuring_vs_ordering,276,3,3,3,0,0,,
CFA,structuring_vs_input,276,4,3,3,1,0,gross,
CFA,ordering_vs_input,277,1,1,1,0,0,,
CFA,structuring_vs_ordering,277,1,1,1,0,0,,
CFA,structuring_vs_input,277,1,1,1,0,0,,
CFA,ordering_vs_input,278,6,6,6,0,0,,
CFA,structuring_vs_ordering,278,6,6,6,0,0,,
CFA,structuring_vs_input,278,6,6,6,0,0,,
CFA,ordering_vs_input,279,4,3,3,1,0,type,
CFA,structuring_vs_ordering,279,3,3,3,0,0,,
CFA,structuring_vs_input,279,4,3,3,1,0,type,
CFA,ordering_vs_input,280,4,3,3,1,0,runtime,
CFA,structuring_vs_ordering,280,3,3,3,0,0,,
CFA,structuring_vs_input,280,4,3,3,1,0,runtime,
CFA,ordering_vs_input,281,5,5,5,0,0,,
CFA,structuring_vs_ordering,281,5,5,5,0,0,,
CFA,structuring_vs_input,281,5,5,5,0,0,,
CFA,ordering_vs_input,282,1,1,1,0,0,,
CFA,structuring_vs_ordering,282,1,1,1,0,0,,
CFA,structuring_vs_input,282,1,1,1,0,0,,
CFA,ordering_vs_input,283,5,5,5,0,0,,
CFA,structuring_vs_ordering,283,5,5,5,0,0,,
CFA,structuring_vs_input,283,5,5,5,0,0,,
CFA,ordering_vs_input,284,5,5,5,0,0,,
CFA,structuring_vs_ordering,284,5,5,5,0,0,,
CFA,structuring_vs_input,284,5,5,5,0,0,,
CFA,ordering_vs_input,285,2,2,2,0,0,,
CFA,structuring_vs_ordering,285,2,2,2,0,0,,
CFA,structuring_vs_input,285,2,2,2,0,0,,
CFA,ordering_vs_input,286,3,3,3,0,0,,
CFA,structuring_vs_ordering,286,3,3,3,0,0,,
CFA,structuring_vs_input,286,3,3,3,0,0,,
CFA,ordering_vs_input,287,2,2,2,0,0,,
CFA,structuring_vs_ordering,287,2,2,2,0,0,,
CFA,structuring_vs_input,287,2,2,2,0,0,,
CFA,ordering_vs_input,288,3,3,3,0,0,,
CFA,structuring_vs_ordering,288,3,3,3,0,0,,
CFA,structuring_vs_input,288,3,3,3,0,0,,
CFA,ordering_vs_input,289,3,3,3,0,0,,
CFA,structuring_vs_ordering,289,3,3,3,0,0,,
CFA,structuring_vs_input,289,3,3,3,0,0,,
CFA,ordering_vs_input,290,2,2,2,0,0,,
CFA,structuring_vs_ordering,290,2,2,2,0,0,,
CFA,structuring_vs_input,290,2,2,2,0,0,,
CFA,ordering_vs_input,291,4,4,4,0,0,,
CFA,structuring_vs_ordering,291,4,4,4,0,0,,
CFA,structuring_vs_input,291,4,4,4,0,0,,
CFA,ordering_vs_input,292,4,3,3,1,0,citizenship,
CFA,structuring_vs_ordering,292,3,3,3,0,0,,
CFA,structuring_vs_input,292,4,3,3,1,0,citizenship,
CFA,ordering_vs_input,293,4,4,4,0,0,,
CFA,structuring_vs_ordering,293,4,4,4,0,0,,
CFA,structuring_vs_input,293,4,4,4,0,0,,
CFA,ordering_vs_input,294,3,3,3,0,0,,
CFA,structuring_vs_ordering,294,3,3,3,0,0,,
CFA,structuring_vs_input,294,3,3,3,0,0,,
CFA,ordering_vs_input,295,5,2,2,3,0,runtime | artist | producer,
CFA,structuring_vs_ordering,295,2,1,1,1,0,genre,
CFA,structuring_vs_input,295,5,1,1,4,0,runtime | artist | producer | genre,
CFA,ordering_vs_input,296,5,5,5,0,0,,
CFA,structuring_vs_ordering,296,5,5,5,0,0,,
CFA,structuring_vs_input,296,5,5,5,0,0,,
CFA,ordering_vs_input,297,3,3,3,0,0,,
CFA,structuring_vs_ordering,297,3,3,3,0,0,,
CFA,structuring_vs_input,297,3,3,3,0,0,,
CFA,ordering_vs_input,298,4,4,4,0,0,,
CFA,structuring_vs_ordering,298,4,4,4,0,0,,
CFA,structuring_vs_input,298,4,4,4,0,0,,
CFA,ordering_vs_input,299,1,1,1,0,0,,
CFA,structuring_vs_ordering,299,1,1,1,0,0,,
CFA,structuring_vs_input,299,1,1,1,0,0,,
CFA,ordering_vs_input,300,6,6,6,0,0,,
CFA,structuring_vs_ordering,300,6,6,6,0,0,,
CFA,structuring_vs_input,300,6,6,6,0,0,,
CFA,ordering_vs_input,301,3,2,2,1,0,professionalField,
CFA,structuring_vs_ordering,301,2,2,2,0,0,,
CFA,structuring_vs_input,301,3,2,2,1,0,professionalField,
CFA,ordering_vs_input,302,4,4,4,0,0,,
CFA,structuring_vs_ordering,302,4,4,4,0,0,,
CFA,structuring_vs_input,302,4,4,4,0,0,,
CFA,ordering_vs_input,303,1,1,1,0,0,,
CFA,structuring_vs_ordering,303,1,1,1,0,0,,
CFA,structuring_vs_input,303,1,1,1,0,0,,
CFA,ordering_vs_input,304,2,1,1,1,0,mission,
CFA,structuring_vs_ordering,304,1,1,1,0,0,,
CFA,structuring_vs_input,304,2,1,1,1,0,mission,
CFA,ordering_vs_input,305,4,4,4,0,0,,
CFA,structuring_vs_ordering,305,4,3,3,1,0,product,
CFA,structuring_vs_input,305,4,3,3,1,0,product,
CFA,ordering_vs_input,306,3,3,3,0,0,,
CFA,structuring_vs_ordering,306,3,3,3,0,0,,
CFA,structuring_vs_input,306,3,3,3,0,0,,
CFA,ordering_vs_input,307,3,3,3,0,0,,
CFA,structuring_vs_ordering,307,3,3,3,0,0,,
CFA,structuring_vs_input,307,3,3,3,0,0,,
CFA,ordering_vs_input,308,3,3,3,0,0,,
CFA,structuring_vs_ordering,308,3,3,3,0,0,,
CFA,structuring_vs_input,308,3,3,3,0,0,,
CFA,ordering_vs_input,309,5,5,5,0,0,,
CFA,structuring_vs_ordering,309,5,5,5,0,0,,
CFA,structuring_vs_input,309,5,5,5,0,0,,
CFA,ordering_vs_input,310,4,3,3,1,0,cosparId,
CFA,structuring_vs_ordering,310,3,3,3,0,0,,
CFA,structuring_vs_input,310,4,3,3,1,0,cosparId,
CFA,ordering_vs_input,311,3,3,3,0,0,,
CFA,structuring_vs_ordering,311,3,3,3,0,0,,
CFA,structuring_vs_input,311,3,3,3,0,0,,
CFA,ordering_vs_input,312,3,3,3,0,0,,
CFA,structuring_vs_ordering,312,3,3,3,0,0,,
CFA,structuring_vs_input,312,3,3,3,0,0,,
CFA,ordering_vs_input,313,2,1,1,1,0,cosparId,
CFA,structuring_vs_ordering,313,1,1,1,0,0,,
CFA,structuring_vs_input,313,2,1,1,1,0,cosparId,
CFA,ordering_vs_input,314,4,4,4,0,0,,
CFA,structuring_vs_ordering,314,4,4,4,0,0,,
CFA,structuring_vs_input,314,4,4,4,0,0,,
CFA,ordering_vs_input,315,2,2,2,0,0,,
CFA,structuring_vs_ordering,315,2,2,2,0,0,,
CFA,structuring_vs_input,315,2,2,2,0,0,,
CFA,ordering_vs_input,316,1,1,1,0,0,,
CFA,structuring_vs_ordering,316,1,1,1,0,0,,
CFA,structuring_vs_input,316,1,1,1,0,0,,
CFA,ordering_vs_input,317,1,1,1,0,0,,
CFA,structuring_vs_ordering,317,1,1,1,0,0,,
CFA,structuring_vs_input,317,1,1,1,0,0,,
CFA,ordering_vs_input,318,4,3,3,1,0,writer,
CFA,structuring_vs_ordering,318,3,3,3,0,0,,
CFA,structuring_vs_input,318,4,3,3,1,0,writer,
CFA,ordering_vs_input,319,4,4,4,0,0,,
CFA,structuring_vs_ordering,319,4,4,4,0,0,,
CFA,structuring_vs_input,319,4,4,4,0,0,,
CFA,ordering_vs_input,320,1,1,1,0,0,,
CFA,structuring_vs_ordering,320,1,1,1,0,0,,
CFA,structuring_vs_input,320,1,1,1,0,0,,
CFA,ordering_vs_input,321,3,3,3,0,0,,
CFA,structuring_vs_ordering,321,3,3,3,0,0,,
CFA,structuring_vs_input,321,3,3,3,0,0,,
CFA,ordering_vs_input,322,4,4,4,0,0,,
CFA,structuring_vs_ordering,322,4,4,4,0,0,,
CFA,structuring_vs_input,322,4,4,4,0,0,,
CFA,ordering_vs_input,323,5,5,5,0,0,,
CFA,structuring_vs_ordering,323,5,5,5,0,0,,
CFA,structuring_vs_input,323,5,5,5,0,0,,
CFA,ordering_vs_input,324,4,4,4,0,0,,
CFA,structuring_vs_ordering,324,4,4,4,0,0,,
CFA,structuring_vs_input,324,4,4,4,0,0,,
CFA,ordering_vs_input,325,1,1,1,0,0,,
CFA,structuring_vs_ordering,325,1,1,1,0,0,,
CFA,structuring_vs_input,325,1,1,1,0,0,,
CFA,ordering_vs_input,326,3,3,3,0,0,,
CFA,structuring_vs_ordering,326,3,3,3,0,0,,
CFA,structuring_vs_input,326,3,3,3,0,0,,
CFA,ordering_vs_input,327,2,1,1,1,0,writer,
CFA,structuring_vs_ordering,327,1,1,1,0,0,,
CFA,structuring_vs_input,327,2,1,1,1,0,writer,
CFA,ordering_vs_input,328,5,4,4,1,0,icaoLocationIdentifier,
CFA,structuring_vs_ordering,328,4,4,4,0,0,,
CFA,structuring_vs_input,328,5,4,4,1,0,icaoLocationIdentifier,
CFA,ordering_vs_input,329,2,2,2,0,0,,
CFA,structuring_vs_ordering,329,2,2,2,0,0,,
CFA,structuring_vs_input,329,2,2,2,0,0,,
CFA,ordering_vs_input,330,5,5,5,0,0,,
CFA,structuring_vs_ordering,330,5,5,5,0,0,,
CFA,structuring_vs_input,330,5,5,5,0,0,,
CFA,ordering_vs_input,331,6,4,4,2,0,editing | writer,
CFA,structuring_vs_ordering,331,4,4,4,0,0,,
CFA,structuring_vs_input,331,6,4,4,2,0,editing | writer,
CFA,ordering_vs_input,332,5,5,5,0,0,,
CFA,structuring_vs_ordering,332,5,5,5,0,0,,
CFA,structuring_vs_input,332,5,5,5,0,0,,
CFA,ordering_vs_input,333,2,2,2,0,0,,
CFA,structuring_vs_ordering,333,2,2,2,0,0,,
CFA,structuring_vs_input,333,2,2,2,0,0,,
CFA,ordering_vs_input,334,3,3,3,0,0,,
CFA,structuring_vs_ordering,334,3,3,3,0,0,,
CFA,structuring_vs_input,334,3,3,3,0,0,,
CFA,ordering_vs_input,335,1,1,1,0,0,,
CFA,structuring_vs_ordering,335,1,1,1,0,0,,
CFA,structuring_vs_input,335,1,1,1,0,0,,
CFA,ordering_vs_input,336,4,3,3,1,0,professionalField,
CFA,structuring_vs_ordering,336,3,3,3,0,0,,
CFA,structuring_vs_input,336,4,3,3,1,0,professionalField,
CFA,ordering_vs_input,337,1,1,1,0,0,,
CFA,structuring_vs_ordering,337,1,1,1,0,0,,
CFA,structuring_vs_input,337,1,1,1,0,0,,
CFA,ordering_vs_input,338,1,1,1,0,0,,
CFA,structuring_vs_ordering,338,1,1,1,0,0,,
CFA,structuring_vs_input,338,1,1,1,0,0,,
CFA,ordering_vs_input,339,3,3,3,0,0,,
CFA,structuring_vs_ordering,339,3,3,3,0,0,,
CFA,structuring_vs_input,339,3,3,3,0,0,,
CFA,ordering_vs_input,340,1,1,1,0,0,,
CFA,structuring_vs_ordering,340,1,1,1,0,0,,
CFA,structuring_vs_input,340,1,1,1,0,0,,
CFA,ordering_vs_input,341,3,3,3,0,0,,
CFA,structuring_vs_ordering,341,3,3,3,0,0,,
CFA,structuring_vs_input,341,3,3,3,0,0,,
CFA,ordering_vs_input,342,5,4,4,1,0,icaoLocationIdentifier,
CFA,structuring_vs_ordering,342,4,4,4,0,0,,
CFA,structuring_vs_input,342,5,4,4,1,0,icaoLocationIdentifier,
CFA,ordering_vs_input,343,4,4,4,0,0,,
CFA,structuring_vs_ordering,343,4,4,4,0,0,,
CFA,structuring_vs_input,343,4,4,4,0,0,,
CFA,ordering_vs_input,344,1,1,1,0,0,,
CFA,structuring_vs_ordering,344,1,1,1,0,0,,
CFA,structuring_vs_input,344,1,1,1,0,0,,
CFA,ordering_vs_input,345,6,4,4,2,0,imdbId | writer,
CFA,structuring_vs_ordering,345,4,4,4,0,0,,
CFA,structuring_vs_input,345,6,4,4,2,0,imdbId | writer,
CFA,ordering_vs_input,346,3,2,2,1,0,type,
CFA,structuring_vs_ordering,346,2,2,2,0,0,,
CFA,structuring_vs_input,346,3,2,2,1,0,type,
CFA,ordering_vs_input,347,4,3,3,1,0,cinematography,
CFA,structuring_vs_ordering,347,3,3,3,0,0,,
CFA,structuring_vs_input,347,4,3,3,1,0,cinematography,
CFA,ordering_vs_input,348,4,4,4,0,0,,
CFA,structuring_vs_ordering,348,4,4,4,0,0,,
CFA,structuring_vs_input,348,4,4,4,0,0,,
CFA,ordering_vs_input,349,2,2,2,0,0,,
CFA,structuring_vs_ordering,349,2,2,2,0,0,,
CFA,structuring_vs_input,349,2,2,2,0,0,,
CFA,ordering_vs_input,350,2,2,2,0,0,,
CFA,structuring_vs_ordering,350,2,2,2,0,0,,
CFA,structuring_vs_input,350,2,2,2,0,0,,
CFA,ordering_vs_input,351,1,1,1,0,0,,
CFA,structuring_vs_ordering,351,1,1,1,0,0,,
CFA,structuring_vs_input,351,1,1,1,0,0,,
CFA,ordering_vs_input,352,3,3,3,0,0,,
CFA,structuring_vs_ordering,352,3,3,3,0,0,,
CFA,structuring_vs_input,352,3,3,3,0,0,,
CFA,ordering_vs_input,353,4,4,4,0,0,,
CFA,structuring_vs_ordering,353,4,4,4,0,0,,
CFA,structuring_vs_input,353,4,4,4,0,0,,
CFA,ordering_vs_input,354,4,4,4,0,0,,
CFA,structuring_vs_ordering,354,4,4,4,0,0,,
CFA,structuring_vs_input,354,4,4,4,0,0,,
CFA,ordering_vs_input,355,6,6,6,0,0,,
CFA,structuring_vs_ordering,355,6,6,6,0,0,,
CFA,structuring_vs_input,355,6,6,6,0,0,,
CFA,ordering_vs_input,356,1,1,1,0,0,,
CFA,structuring_vs_ordering,356,1,1,1,0,0,,
CFA,structuring_vs_input,356,1,1,1,0,0,,
CFA,ordering_vs_input,357,2,2,2,0,0,,
CFA,structuring_vs_ordering,357,2,2,2,0,0,,
CFA,structuring_vs_input,357,2,2,2,0,0,,
CFA,ordering_vs_input,358,2,2,2,0,0,,
CFA,structuring_vs_ordering,358,2,2,2,0,0,,
CFA,structuring_vs_input,358,2,2,2,0,0,,
CFA,ordering_vs_input,359,2,2,2,0,0,,
CFA,structuring_vs_ordering,359,2,2,2,0,0,,
CFA,structuring_vs_input,359,2,2,2,0,0,,
CFA,ordering_vs_input,360,4,4,4,0,0,,
CFA,structuring_vs_ordering,360,4,4,4,0,0,,
CFA,structuring_vs_input,360,4,4,4,0,0,,
CFA,ordering_vs_input,361,1,1,1,0,0,,
CFA,structuring_vs_ordering,361,1,1,1,0,0,,
CFA,structuring_vs_input,361,1,1,1,0,0,,
CFA,ordering_vs_input,362,1,1,1,0,0,,
CFA,structuring_vs_ordering,362,1,1,1,0,0,,
CFA,structuring_vs_input,362,1,1,1,0,0,,
CFA,ordering_vs_input,363,7,6,6,1,0,cinematography,
CFA,structuring_vs_ordering,363,6,6,6,0,0,,
CFA,structuring_vs_input,363,7,6,6,1,0,cinematography,
CFA,ordering_vs_input,364,1,1,1,0,0,,
CFA,structuring_vs_ordering,364,1,1,1,0,0,,
CFA,structuring_vs_input,364,1,1,1,0,0,,
CFA,ordering_vs_input,365,1,1,1,0,0,,
CFA,structuring_vs_ordering,365,1,1,1,0,0,,
CFA,structuring_vs_input,365,1,1,1,0,0,,
CFA,ordering_vs_input,366,4,4,4,0,0,,
CFA,structuring_vs_ordering,366,4,4,4,0,0,,
CFA,structuring_vs_input,366,4,4,4,0,0,,
CFA,ordering_vs_input,367,3,3,3,0,0,,
CFA,structuring_vs_ordering,367,3,3,3,0,0,,
CFA,structuring_vs_input,367,3,3,3,0,0,,
CFA,ordering_vs_input,368,6,6,6,0,0,,
CFA,structuring_vs_ordering,368,6,6,6,0,0,,
CFA,structuring_vs_input,368,6,6,6,0,0,,
CFA,ordering_vs_input,369,4,1,1,3,0,runtime | artist | producer,
CFA,structuring_vs_ordering,369,1,1,1,0,0,,
CFA,structuring_vs_input,369,4,1,1,3,0,runtime | artist | producer,
CFA,ordering_vs_input,370,3,3,3,0,0,,
CFA,structuring_vs_ordering,370,3,3,3,0,0,,
CFA,structuring_vs_input,370,3,3,3,0,0,,
CFA,ordering_vs_input,371,1,1,1,0,0,,
CFA,structuring_vs_ordering,371,1,1,1,0,0,,
CFA,structuring_vs_input,371,1,1,1,0,0,,
CFA,ordering_vs_input,372,7,6,6,1,0,architect,
CFA,structuring_vs_ordering,372,6,6,6,0,0,,
CFA,structuring_vs_input,372,7,6,6,1,0,architect,
CFA,ordering_vs_input,373,4,4,4,0,0,,
CFA,structuring_vs_ordering,373,4,4,4,0,0,,
CFA,structuring_vs_input,373,4,4,4,0,0,,
CFA,ordering_vs_input,374,5,5,5,0,0,,
CFA,structuring_vs_ordering,374,5,5,5,0,0,,
CFA,structuring_vs_input,374,5,5,5,0,0,,
CFA,ordering_vs_input,375,4,4,4,0,0,,
CFA,structuring_vs_ordering,375,4,4,4,0,0,,
CFA,structuring_vs_input,375,4,4,4,0,0,,
CFA,ordering_vs_input,376,4,4,4,0,0,,
CFA,structuring_vs_ordering,376,4,4,4,0,0,,
CFA,structuring_vs_input,376,4,4,4,0,0,,
CFA,ordering_vs_input,377,2,2,2,0,0,,
CFA,structuring_vs_ordering,377,2,2,2,0,0,,
CFA,structuring_vs_input,377,2,2,2,0,0,,
CFA,ordering_vs_input,378,4,4,4,0,0,,
CFA,structuring_vs_ordering,378,4,4,4,0,0,,
CFA,structuring_vs_input,378,4,4,4,0,0,,
CFA,ordering_vs_input,379,4,3,3,1,0,citizenship,
CFA,structuring_vs_ordering,379,3,3,3,0,0,,
CFA,structuring_vs_input,379,4,3,3,1,0,citizenship,
CFA,ordering_vs_input,380,3,2,2,1,0,training,
CFA,structuring_vs_ordering,380,2,2,2,0,0,,
CFA,structuring_vs_input,380,3,2,2,1,0,training,
CFA,ordering_vs_input,381,3,3,3,0,0,,
CFA,structuring_vs_ordering,381,3,3,3,0,0,,
CFA,structuring_vs_input,381,3,3,3,0,0,,
CFA,ordering_vs_input,382,1,1,1,0,0,,
CFA,structuring_vs_ordering,382,1,1,1,0,0,,
CFA,structuring_vs_input,382,1,1,1,0,0,,
CFA,ordering_vs_input,383,5,5,5,0,0,,
CFA,structuring_vs_ordering,383,5,5,5,0,0,,
CFA,structuring_vs_input,383,5,5,5,0,0,,
CFA,ordering_vs_input,384,6,6,6,0,0,,
CFA,structuring_vs_ordering,384,6,6,6,0,0,,
CFA,structuring_vs_input,384,6,6,6,0,0,,
CFA,ordering_vs_input,385,6,6,6,0,0,,
CFA,structuring_vs_ordering,385,6,6,6,0,0,,
CFA,structuring_vs_input,385,6,6,6,0,0,,
CFA,ordering_vs_input,386,4,4,4,0,0,,
CFA,structuring_vs_ordering,386,4,4,4,0,0,,
CFA,structuring_vs_input,386,4,4,4,0,0,,
CFA,ordering_vs_input,387,1,1,1,0,0,,
CFA,structuring_vs_ordering,387,1,1,1,0,0,,
CFA,structuring_vs_input,387,1,1,1,0,0,,
CFA,ordering_vs_input,388,5,5,5,0,0,,
CFA,structuring_vs_ordering,388,5,5,5,0,0,,
CFA,structuring_vs_input,388,5,5,5,0,0,,
CFA,ordering_vs_input,389,3,3,3,0,0,,
CFA,structuring_vs_ordering,389,3,3,3,0,0,,
CFA,structuring_vs_input,389,3,3,3,0,0,,
CFA,ordering_vs_input,390,1,1,1,0,0,,
CFA,structuring_vs_ordering,390,1,1,1,0,0,,
CFA,structuring_vs_input,390,1,1,1,0,0,,
CFA,ordering_vs_input,391,3,3,3,0,0,,
CFA,structuring_vs_ordering,391,3,3,3,0,0,,
CFA,structuring_vs_input,391,3,3,3,0,0,,
CFA,ordering_vs_input,392,7,7,7,0,0,,
CFA,structuring_vs_ordering,392,7,7,7,0,0,,
CFA,structuring_vs_input,392,7,7,7,0,0,,
CFA,ordering_vs_input,393,3,3,3,0,0,,
CFA,structuring_vs_ordering,393,3,3,3,0,0,,
CFA,structuring_vs_input,393,3,3,3,0,0,,
CFA,ordering_vs_input,394,4,4,4,0,0,,
CFA,structuring_vs_ordering,394,4,4,4,0,0,,
CFA,structuring_vs_input,394,4,4,4,0,0,,
CFA,ordering_vs_input,395,3,2,2,1,0,professionalField,
CFA,structuring_vs_ordering,395,2,2,2,0,0,,
CFA,structuring_vs_input,395,3,2,2,1,0,professionalField,
CFA,ordering_vs_input,396,2,2,2,0,0,,
CFA,structuring_vs_ordering,396,2,2,2,0,0,,
CFA,structuring_vs_input,396,2,2,2,0,0,,
CFA,ordering_vs_input,397,5,5,5,0,0,,
CFA,structuring_vs_ordering,397,5,5,5,0,0,,
CFA,structuring_vs_input,397,5,5,5,0,0,,
CFA,ordering_vs_input,398,5,5,5,0,0,,
CFA,structuring_vs_ordering,398,5,5,5,0,0,,
CFA,structuring_vs_input,398,5,5,5,0,0,,
CFA,ordering_vs_input,399,3,3,3,0,0,,
CFA,structuring_vs_ordering,399,3,3,3,0,0,,
CFA,structuring_vs_input,399,3,3,3,0,0,,
CFA,ordering_vs_input,400,4,4,4,0,0,,
CFA,structuring_vs_ordering,400,4,4,4,0,0,,
CFA,structuring_vs_input,400,4,4,4,0,0,,
CFA,ordering_vs_input,401,5,5,5,0,0,,
CFA,structuring_vs_ordering,401,5,5,5,0,0,,
CFA,structuring_vs_input,401,5,5,5,0,0,,
CFA,ordering_vs_input,402,2,2,2,0,0,,
CFA,structuring_vs_ordering,402,2,2,2,0,0,,
CFA,structuring_vs_input,402,2,2,2,0,0,,
CFA,ordering_vs_input,403,2,2,2,0,0,,
CFA,structuring_vs_ordering,403,2,2,2,0,0,,
CFA,structuring_vs_input,403,2,2,2,0,0,,
CFA,ordering_vs_input,404,4,4,4,0,0,,
CFA,structuring_vs_ordering,404,4,4,4,0,0,,
CFA,structuring_vs_input,404,4,4,4,0,0,,
CFA,ordering_vs_input,405,7,6,6,1,0,location,
CFA,structuring_vs_ordering,405,6,6,6,0,0,,
CFA,structuring_vs_input,405,7,6,6,1,0,location,
CFA,ordering_vs_input,406,1,1,1,0,0,,
CFA,structuring_vs_ordering,406,1,1,1,0,0,,
CFA,structuring_vs_input,406,1,1,1,0,0,,
CFA,ordering_vs_input,407,4,4,4,0,0,,
CFA,structuring_vs_ordering,407,4,4,4,0,0,,
CFA,structuring_vs_input,407,4,4,4,0,0,,
CFA,ordering_vs_input,408,2,1,1,1,0,producer,
CFA,structuring_vs_ordering,408,1,1,1,0,0,,
CFA,structuring_vs_input,408,2,1,1,1,0,producer,
CFA,ordering_vs_input,409,2,2,2,0,0,,
CFA,structuring_vs_ordering,409,2,2,2,0,0,,
CFA,structuring_vs_input,409,2,2,2,0,0,,
CFA,ordering_vs_input,410,4,4,4,0,0,,
CFA,structuring_vs_ordering,410,4,4,4,0,0,,
CFA,structuring_vs_input,410,4,4,4,0,0,,
CFA,ordering_vs_input,411,6,6,6,0,0,,
CFA,structuring_vs_ordering,411,6,6,6,0,0,,
CFA,structuring_vs_input,411,6,6,6,0,0,,
CFA,ordering_vs_input,412,5,3,3,2,0,artist | runtime,
CFA,structuring_vs_ordering,412,3,3,3,0,0,,
CFA,structuring_vs_input,412,5,3,3,2,0,artist | runtime,
CFA,ordering_vs_input,413,2,2,2,0,0,,
CFA,structuring_vs_ordering,413,2,2,2,0,0,,
CFA,structuring_vs_input,413,2,2,2,0,0,,
CFA,ordering_vs_input,414,5,4,4,1,0,citizenship,
CFA,structuring_vs_ordering,414,4,4,4,0,0,,
CFA,structuring_vs_input,414,5,4,4,1,0,citizenship,
CFA,ordering_vs_input,415,4,4,4,0,0,,
CFA,structuring_vs_ordering,415,4,4,4,0,0,,
CFA,structuring_vs_input,415,4,4,4,0,0,,
CFA,ordering_vs_input,416,2,2,2,0,0,,
CFA,structuring_vs_ordering,416,2,2,2,0,0,,
CFA,structuring_vs_input,416,2,2,2,0,0,,
CFA,ordering_vs_input,417,5,5,5,0,0,,
CFA,structuring_vs_ordering,417,5,5,5,0,0,,
CFA,structuring_vs_input,417,5,5,5,0,0,,
CFA,ordering_vs_input,418,4,4,4,0,0,,
CFA,structuring_vs_ordering,418,4,4,4,0,0,,
CFA,structuring_vs_input,418,4,4,4,0,0,,
CFA,ordering_vs_input,419,1,1,1,0,0,,
CFA,structuring_vs_ordering,419,1,1,1,0,0,,
CFA,structuring_vs_input,419,1,1,1,0,0,,
CFA,ordering_vs_input,420,4,4,4,0,0,,
CFA,structuring_vs_ordering,420,4,4,4,0,0,,
CFA,structuring_vs_input,420,4,4,4,0,0,,
CFA,ordering_vs_input,421,3,3,3,0,0,,
CFA,structuring_vs_ordering,421,3,3,3,0,0,,
CFA,structuring_vs_input,421,3,3,3,0,0,,
CFA,ordering_vs_input,422,5,2,2,3,0,editing | producer | writer,
CFA,structuring_vs_ordering,422,2,2,2,0,0,,
CFA,structuring_vs_input,422,5,2,2,3,0,editing | producer | writer,
CFA,ordering_vs_input,423,4,4,4,0,0,,
CFA,structuring_vs_ordering,423,4,4,4,0,0,,
CFA,structuring_vs_input,423,4,4,4,0,0,,
CFA,ordering_vs_input,424,1,1,1,0,0,,
CFA,structuring_vs_ordering,424,1,1,1,0,0,,
CFA,structuring_vs_input,424,1,1,1,0,0,,
CFA,ordering_vs_input,425,2,1,1,1,0,training,
CFA,structuring_vs_ordering,425,1,1,1,0,0,,
CFA,structuring_vs_input,425,2,1,1,1,0,training,
CFA,ordering_vs_input,426,3,3,3,0,0,,
CFA,structuring_vs_ordering,426,3,3,3,0,0,,
CFA,structuring_vs_input,426,3,3,3,0,0,,
CFA,ordering_vs_input,427,3,3,3,0,0,,
CFA,structuring_vs_ordering,427,3,3,3,0,0,,
CFA,structuring_vs_input,427,3,3,3,0,0,,
CFA,ordering_vs_input,428,6,6,6,0,0,,
CFA,structuring_vs_ordering,428,6,6,6,0,0,,
CFA,structuring_vs_input,428,6,6,6,0,0,,
CFA,ordering_vs_input,429,1,1,1,0,0,,
CFA,structuring_vs_ordering,429,1,1,1,0,0,,
CFA,structuring_vs_input,429,1,1,1,0,0,,
CFA,ordering_vs_input,430,6,6,6,0,0,,
CFA,structuring_vs_ordering,430,6,6,6,0,0,,
CFA,structuring_vs_input,430,6,6,6,0,0,,
CFA,ordering_vs_input,431,2,1,1,1,0,citizenship,
CFA,structuring_vs_ordering,431,1,1,1,0,0,,
CFA,structuring_vs_input,431,2,1,1,1,0,citizenship,
CFA,ordering_vs_input,432,5,5,5,0,0,,
CFA,structuring_vs_ordering,432,5,5,5,0,0,,
CFA,structuring_vs_input,432,5,5,5,0,0,,
CFA,ordering_vs_input,433,7,6,6,1,0,icaoLocationIdentifier,
CFA,structuring_vs_ordering,433,6,6,6,0,0,,
CFA,structuring_vs_input,433,7,6,6,1,0,icaoLocationIdentifier,
CFA,ordering_vs_input,434,7,7,7,0,0,,
CFA,structuring_vs_ordering,434,7,7,7,0,0,,
CFA,structuring_vs_input,434,7,7,7,0,0,,
CFA,ordering_vs_input,435,3,3,3,0,0,,
CFA,structuring_vs_ordering,435,3,3,3,0,0,,
CFA,structuring_vs_input,435,3,3,3,0,0,,
CFA,ordering_vs_input,436,1,1,1,0,0,,
CFA,structuring_vs_ordering,436,1,1,1,0,0,,
CFA,structuring_vs_input,436,1,1,1,0,0,,
CFA,ordering_vs_input,437,3,3,3,0,0,,
CFA,structuring_vs_ordering,437,3,3,3,0,0,,
CFA,structuring_vs_input,437,3,3,3,0,0,,
CFA,ordering_vs_input,438,4,4,4,0,0,,
CFA,structuring_vs_ordering,438,4,4,4,0,0,,
CFA,structuring_vs_input,438,4,4,4,0,0,,
CFA,ordering_vs_input,439,2,2,2,0,0,,
CFA,structuring_vs_ordering,439,2,2,2,0,0,,
CFA,structuring_vs_input,439,2,2,2,0,0,,
CFA,ordering_vs_input,440,3,3,3,0,0,,
CFA,structuring_vs_ordering,440,3,3,3,0,0,,
CFA,structuring_vs_input,440,3,3,3,0,0,,
CFA,ordering_vs_input,441,5,3,3,2,0,foundingDate | professionalField,
CFA,structuring_vs_ordering,441,3,3,3,0,0,,
CFA,structuring_vs_input,441,5,3,3,2,0,foundingDate | professionalField,
CFA,ordering_vs_input,442,1,1,1,0,0,,
CFA,structuring_vs_ordering,442,1,1,1,0,0,,
CFA,structuring_vs_input,442,1,1,1,0,0,,
CFA,ordering_vs_input,443,2,1,1,1,0,producer,
CFA,structuring_vs_ordering,443,1,1,1,0,0,,
CFA,structuring_vs_input,443,2,1,1,1,0,producer,
CFA,ordering_vs_input,444,2,2,2,0,0,,
CFA,structuring_vs_ordering,444,2,2,2,0,0,,
CFA,structuring_vs_input,444,2,2,2,0,0,,
CFA,ordering_vs_input,445,3,3,3,0,0,,
CFA,structuring_vs_ordering,445,3,3,3,0,0,,
CFA,structuring_vs_input,445,3,3,3,0,0,,
CFA,ordering_vs_input,446,2,2,2,0,0,,
CFA,structuring_vs_ordering,446,2,2,2,0,0,,
CFA,structuring_vs_input,446,2,2,2,0,0,,
CFA,ordering_vs_input,447,6,3,3,3,0,releaseDate | writer | runtime,
CFA,structuring_vs_ordering,447,3,3,3,0,0,,
CFA,structuring_vs_input,447,6,3,3,3,0,releaseDate | writer | runtime,
CFA,ordering_vs_input,448,5,4,4,1,0,industry,
CFA,structuring_vs_ordering,448,4,4,4,0,0,,
CFA,structuring_vs_input,448,5,4,4,1,0,industry,
CFA,ordering_vs_input,449,2,2,2,0,0,,
CFA,structuring_vs_ordering,449,2,2,2,0,0,,
CFA,structuring_vs_input,449,2,2,2,0,0,,
CFA,ordering_vs_input,450,7,6,6,1,0,professionalField,
CFA,structuring_vs_ordering,450,6,6,6,0,0,,
CFA,structuring_vs_input,450,7,6,6,1,0,professionalField,
CFA,ordering_vs_input,451,3,3,3,0,0,,
CFA,structuring_vs_ordering,451,3,3,3,0,0,,
CFA,structuring_vs_input,451,3,3,3,0,0,,
CFA,ordering_vs_input,452,2,2,2,0,0,,
CFA,structuring_vs_ordering,452,2,2,2,0,0,,
CFA,structuring_vs_input,452,2,2,2,0,0,,
CFA,ordering_vs_input,453,4,4,4,0,0,,
CFA,structuring_vs_ordering,453,4,4,4,0,0,,
CFA,structuring_vs_input,453,4,4,4,0,0,,
CFA,ordering_vs_input,454,4,4,4,0,0,,
CFA,structuring_vs_ordering,454,4,4,4,0,0,,
CFA,structuring_vs_input,454,4,4,4,0,0,,
CFA,ordering_vs_input,455,4,4,4,0,0,,
CFA,structuring_vs_ordering,455,4,4,4,0,0,,
CFA,structuring_vs_input,455,4,4,4,0,0,,
CFA,ordering_vs_input,456,2,2,2,0,0,,
CFA,structuring_vs_ordering,456,2,2,2,0,0,,
CFA,structuring_vs_input,456,2,2,2,0,0,,
CFA,ordering_vs_input,457,4,4,4,0,0,,
CFA,structuring_vs_ordering,457,4,4,4,0,0,,
CFA,structuring_vs_input,457,4,4,4,0,0,,
CFA,ordering_vs_input,458,2,2,2,0,0,,
CFA,structuring_vs_ordering,458,2,2,2,0,0,,
CFA,structuring_vs_input,458,2,2,2,0,0,,
CFA,ordering_vs_input,459,1,1,1,0,0,,
CFA,structuring_vs_ordering,459,1,1,1,0,0,,
CFA,structuring_vs_input,459,1,1,1,0,0,,
CFA,ordering_vs_input,460,5,4,4,1,0,architect,
CFA,structuring_vs_ordering,460,4,4,4,0,0,,
CFA,structuring_vs_input,460,5,4,4,1,0,architect,
CFA,ordering_vs_input,461,3,3,3,0,0,,
CFA,structuring_vs_ordering,461,3,3,3,0,0,,
CFA,structuring_vs_input,461,3,3,3,0,0,,
CFA,ordering_vs_input,462,1,1,1,0,0,,
CFA,structuring_vs_ordering,462,1,1,1,0,0,,
CFA,structuring_vs_input,462,1,1,1,0,0,,
CFA,ordering_vs_input,463,3,3,3,0,0,,
CFA,structuring_vs_ordering,463,3,3,3,0,0,,
CFA,structuring_vs_input,463,3,3,3,0,0,,
CFA,ordering_vs_input,464,2,2,2,0,0,,
CFA,structuring_vs_ordering,464,2,2,2,0,0,,
CFA,structuring_vs_input,464,2,2,2,0,0,,
CFA,ordering_vs_input,465,5,3,3,2,0,artist | runtime,
CFA,structuring_vs_ordering,465,3,3,3,0,0,,
CFA,structuring_vs_input,465,5,3,3,2,0,artist | runtime,
CFA,ordering_vs_input,466,4,4,4,0,0,,
CFA,structuring_vs_ordering,466,4,4,4,0,0,,
CFA,structuring_vs_input,466,4,4,4,0,0,,
CFA,ordering_vs_input,467,1,1,1,0,0,,
CFA,structuring_vs_ordering,467,1,1,1,0,0,,
CFA,structuring_vs_input,467,1,1,1,0,0,,
CFA,ordering_vs_input,468,4,3,3,1,0,writer,
CFA,structuring_vs_ordering,468,3,3,3,0,0,,
CFA,structuring_vs_input,468,4,3,3,1,0,writer,
CFA,ordering_vs_input,469,5,5,5,0,0,,
CFA,structuring_vs_ordering,469,5,5,5,0,0,,
CFA,structuring_vs_input,469,5,5,5,0,0,,
CFA,ordering_vs_input,470,1,1,1,0,0,,
CFA,structuring_vs_ordering,470,1,1,1,0,0,,
CFA,structuring_vs_input,470,1,1,1,0,0,,
CFA,ordering_vs_input,471,2,2,2,0,0,,
CFA,structuring_vs_ordering,471,2,2,2,0,0,,
CFA,structuring_vs_input,471,2,2,2,0,0,,
CFA,ordering_vs_input,472,4,3,3,1,0,professionalField,
CFA,structuring_vs_ordering,472,3,3,3,0,0,,
CFA,structuring_vs_input,472,4,3,3,1,0,professionalField,
CFA,ordering_vs_input,473,3,3,3,0,0,,
CFA,structuring_vs_ordering,473,3,3,3,0,0,,
CFA,structuring_vs_input,473,3,3,3,0,0,,
CFA,ordering_vs_input,474,2,2,2,0,0,,
CFA,structuring_vs_ordering,474,2,2,2,0,0,,
CFA,structuring_vs_input,474,2,2,2,0,0,,
CFA,ordering_vs_input,475,3,3,3,0,0,,
CFA,structuring_vs_ordering,475,3,3,3,0,0,,
CFA,structuring_vs_input,475,3,3,3,0,0,,
CFA,ordering_vs_input,476,2,2,2,0,0,,
CFA,structuring_vs_ordering,476,2,2,2,0,0,,
CFA,structuring_vs_input,476,2,2,2,0,0,,
CFA,ordering_vs_input,477,1,1,1,0,0,,
CFA,structuring_vs_ordering,477,1,1,1,0,0,,
CFA,structuring_vs_input,477,1,1,1,0,0,,
CFA,ordering_vs_input,478,4,4,4,0,0,,
CFA,structuring_vs_ordering,478,4,4,4,0,0,,
CFA,structuring_vs_input,478,4,4,4,0,0,,
CFA,ordering_vs_input,479,7,5,5,2,0,type | governmentType,
CFA,structuring_vs_ordering,479,5,5,5,0,0,,
CFA,structuring_vs_input,479,7,5,5,2,0,type | governmentType,
CFA,ordering_vs_input,480,5,5,5,0,0,,
CFA,structuring_vs_ordering,480,5,5,5,0,0,,
CFA,structuring_vs_input,480,5,5,5,0,0,,
CFA,ordering_vs_input,481,1,1,1,0,0,,
CFA,structuring_vs_ordering,481,1,1,1,0,0,,
CFA,structuring_vs_input,481,1,1,1,0,0,,
CFA,ordering_vs_input,482,3,3,3,0,0,,
CFA,structuring_vs_ordering,482,3,3,3,0,0,,
CFA,structuring_vs_input,482,3,3,3,0,0,,
CFA,ordering_vs_input,483,3,3,3,0,0,,
CFA,structuring_vs_ordering,483,3,3,3,0,0,,
CFA,structuring_vs_input,483,3,3,3,0,0,,
CFA,ordering_vs_input,484,1,1,1,0,0,,
CFA,structuring_vs_ordering,484,1,1,1,0,0,,
CFA,structuring_vs_input,484,1,1,1,0,0,,
CFA,ordering_vs_input,485,2,2,2,0,0,,
CFA,structuring_vs_ordering,485,2,2,2,0,0,,
CFA,structuring_vs_input,485,2,2,2,0,0,,
CFA,ordering_vs_input,486,4,4,4,0,0,,
CFA,structuring_vs_ordering,486,4,4,4,0,0,,
CFA,structuring_vs_input,486,4,4,4,0,0,,
CFA,ordering_vs_input,487,3,3,3,0,0,,
CFA,structuring_vs_ordering,487,3,3,3,0,0,,
CFA,structuring_vs_input,487,3,3,3,0,0,,
CFA,ordering_vs_input,488,2,2,2,0,0,,
CFA,structuring_vs_ordering,488,2,2,2,0,0,,
CFA,structuring_vs_input,488,2,2,2,0,0,,
CFA,ordering_vs_input,489,2,2,2,0,0,,
CFA,structuring_vs_ordering,489,2,2,2,0,0,,
CFA,structuring_vs_input,489,2,2,2,0,0,,
CFA,ordering_vs_input,490,3,3,3,0,0,,
CFA,structuring_vs_ordering,490,3,3,3,0,0,,
CFA,structuring_vs_input,490,3,3,3,0,0,,
CFA,ordering_vs_input,491,2,2,2,0,0,,
CFA,structuring_vs_ordering,491,2,2,2,0,0,,
CFA,structuring_vs_input,491,2,2,2,0,0,,
CFA,ordering_vs_input,492,1,1,1,0,0,,
CFA,structuring_vs_ordering,492,1,1,1,0,0,,
CFA,structuring_vs_input,492,1,1,1,0,0,,
CFA,ordering_vs_input,493,2,2,2,0,0,,
CFA,structuring_vs_ordering,493,2,2,2,0,0,,
CFA,structuring_vs_input,493,2,2,2,0,0,,
CFA,ordering_vs_input,494,1,1,1,0,0,,
CFA,structuring_vs_ordering,494,1,1,1,0,0,,
CFA,structuring_vs_input,494,1,1,1,0,0,,
CFA,ordering_vs_input,495,3,3,3,0,0,,
CFA,structuring_vs_ordering,495,3,3,3,0,0,,
CFA,structuring_vs_input,495,3,3,3,0,0,,
CFA,ordering_vs_input,496,4,4,4,0,0,,
CFA,structuring_vs_ordering,496,4,4,4,0,0,,
CFA,structuring_vs_input,496,4,4,4,0,0,,
CFA,ordering_vs_input,497,2,2,2,0,0,,
CFA,structuring_vs_ordering,497,2,2,2,0,0,,
CFA,structuring_vs_input,497,2,2,2,0,0,,
CFA,ordering_vs_input,498,2,2,2,0,0,,
CFA,structuring_vs_ordering,498,2,2,2,0,0,,
CFA,structuring_vs_input,498,2,2,2,0,0,,
CFA,ordering_vs_input,499,1,1,1,0,0,,
CFA,structuring_vs_ordering,499,1,1,1,0,0,,
CFA,structuring_vs_input,499,1,1,1,0,0,,
CFA,ordering_vs_input,500,7,6,6,1,0,runtime,
CFA,structuring_vs_ordering,500,6,6,6,0,0,,
CFA,structuring_vs_input,500,7,6,6,1,0,runtime,
CFA,ordering_vs_input,501,1,1,1,0,0,,
CFA,structuring_vs_ordering,501,1,1,1,0,0,,
CFA,structuring_vs_input,501,1,1,1,0,0,,
CFA,ordering_vs_input,502,3,3,3,0,0,,
CFA,structuring_vs_ordering,502,3,3,3,0,0,,
CFA,structuring_vs_input,502,3,3,3,0,0,,
CFA,ordering_vs_input,503,3,2,2,1,0,type,
CFA,structuring_vs_ordering,503,2,2,2,0,0,,
CFA,structuring_vs_input,503,3,2,2,1,0,type,
CFA,ordering_vs_input,504,2,2,2,0,0,,
CFA,structuring_vs_ordering,504,2,2,2,0,0,,
CFA,structuring_vs_input,504,2,2,2,0,0,,
CFA,ordering_vs_input,505,1,1,1,0,0,,
CFA,structuring_vs_ordering,505,1,1,1,0,0,,
CFA,structuring_vs_input,505,1,1,1,0,0,,
CFA,ordering_vs_input,506,3,3,3,0,0,,
CFA,structuring_vs_ordering,506,3,3,3,0,0,,
CFA,structuring_vs_input,506,3,3,3,0,0,,
CFA,ordering_vs_input,507,4,4,4,0,0,,
CFA,structuring_vs_ordering,507,4,4,4,0,0,,
CFA,structuring_vs_input,507,4,4,4,0,0,,
CFA,ordering_vs_input,508,3,3,3,0,0,,
CFA,structuring_vs_ordering,508,3,3,3,0,0,,
CFA,structuring_vs_input,508,3,3,3,0,0,,
CFA,ordering_vs_input,509,2,2,2,0,0,,
CFA,structuring_vs_ordering,509,2,2,2,0,0,,
CFA,structuring_vs_input,509,2,2,2,0,0,,
CFA,ordering_vs_input,510,2,2,2,0,0,,
CFA,structuring_vs_ordering,510,2,2,2,0,0,,
CFA,structuring_vs_input,510,2,2,2,0,0,,
CFA,ordering_vs_input,511,4,4,4,0,0,,
CFA,structuring_vs_ordering,511,4,4,4,0,0,,
CFA,structuring_vs_input,511,4,4,4,0,0,,
CFA,ordering_vs_input,512,5,5,5,0,0,,
CFA,structuring_vs_ordering,512,5,5,5,0,0,,
CFA,structuring_vs_input,512,5,5,5,0,0,,
CFA,ordering_vs_input,513,2,1,1,1,0,producer,
CFA,structuring_vs_ordering,513,1,1,1,0,0,,
CFA,structuring_vs_input,513,2,1,1,1,0,producer,
CFA,ordering_vs_input,514,4,4,4,0,0,,
CFA,structuring_vs_ordering,514,4,4,4,0,0,,
CFA,structuring_vs_input,514,4,4,4,0,0,,
CFA,ordering_vs_input,515,4,4,4,0,0,,
CFA,structuring_vs_ordering,515,4,4,4,0,0,,
CFA,structuring_vs_input,515,4,4,4,0,0,,
CFA,ordering_vs_input,516,2,2,2,0,0,,
CFA,structuring_vs_ordering,516,2,2,2,0,0,,
CFA,structuring_vs_input,516,2,2,2,0,0,,
CFA,ordering_vs_input,517,2,2,2,0,0,,
CFA,structuring_vs_ordering,517,2,2,2,0,0,,
CFA,structuring_vs_input,517,2,2,2,0,0,,
CFA,ordering_vs_input,518,3,3,3,0,0,,
CFA,structuring_vs_ordering,518,3,3,3,0,0,,
CFA,structuring_vs_input,518,3,3,3,0,0,,
CFA,ordering_vs_input,519,5,5,5,0,0,,
CFA,structuring_vs_ordering,519,5,5,5,0,0,,
CFA,structuring_vs_input,519,5,5,5,0,0,,
CFA,ordering_vs_input,520,2,2,2,0,0,,
CFA,structuring_vs_ordering,520,2,2,2,0,0,,
CFA,structuring_vs_input,520,2,2,2,0,0,,
CFA,ordering_vs_input,521,2,2,2,0,0,,
CFA,structuring_vs_ordering,521,2,2,2,0,0,,
CFA,structuring_vs_input,521,2,2,2,0,0,,
CFA,ordering_vs_input,522,1,1,1,0,0,,
CFA,structuring_vs_ordering,522,1,1,1,0,0,,
CFA,structuring_vs_input,522,1,1,1,0,0,,
CFA,ordering_vs_input,523,1,1,1,0,0,,
CFA,structuring_vs_ordering,523,1,1,1,0,0,,
CFA,structuring_vs_input,523,1,1,1,0,0,,
CFA,ordering_vs_input,524,6,5,5,1,0,staff,
CFA,structuring_vs_ordering,524,5,5,5,0,0,,
CFA,structuring_vs_input,524,6,5,5,1,0,staff,
CFA,ordering_vs_input,525,6,4,4,2,0,producer | runtime,
CFA,structuring_vs_ordering,525,4,4,4,0,0,,
CFA,structuring_vs_input,525,6,4,4,2,0,producer | runtime,
CFA,ordering_vs_input,526,2,2,2,0,0,,
CFA,structuring_vs_ordering,526,2,2,2,0,0,,
CFA,structuring_vs_input,526,2,2,2,0,0,,
CFA,ordering_vs_input,527,7,7,7,0,0,,
CFA,structuring_vs_ordering,527,7,7,7,0,0,,
CFA,structuring_vs_input,527,7,7,7,0,0,,
CFA,ordering_vs_input,528,7,6,6,1,0,location,
CFA,structuring_vs_ordering,528,6,6,6,0,0,,
CFA,structuring_vs_input,528,7,6,6,1,0,location,
CFA,ordering_vs_input,529,7,7,7,0,0,,
CFA,structuring_vs_ordering,529,7,7,7,0,0,,
CFA,structuring_vs_input,529,7,7,7,0,0,,
CFA,ordering_vs_input,530,2,2,2,0,0,,
CFA,structuring_vs_ordering,530,2,2,2,0,0,,
CFA,structuring_vs_input,530,2,2,2,0,0,,
CFA,ordering_vs_input,531,4,4,4,0,0,,
CFA,structuring_vs_ordering,531,4,4,4,0,0,,
CFA,structuring_vs_input,531,4,4,4,0,0,,
CFA,ordering_vs_input,532,4,4,4,0,0,,
CFA,structuring_vs_ordering,532,4,4,4,0,0,,
CFA,structuring_vs_input,532,4,4,4,0,0,,
CFA,ordering_vs_input,533,1,1,1,0,0,,
CFA,structuring_vs_ordering,533,1,1,1,0,0,,
CFA,structuring_vs_input,533,1,1,1,0,0,,
CFA,ordering_vs_input,534,4,3,3,1,0,industry,
CFA,structuring_vs_ordering,534,3,3,3,0,0,,
CFA,structuring_vs_input,534,4,3,3,1,0,industry,
CFA,ordering_vs_input,535,6,4,4,2,0,runtime | producer,
CFA,structuring_vs_ordering,535,4,4,4,0,0,,
CFA,structuring_vs_input,535,6,4,4,2,0,runtime | producer,
CFA,ordering_vs_input,536,5,1,1,4,0,producer | album | writer | format,
CFA,structuring_vs_ordering,536,1,1,1,0,0,,
CFA,structuring_vs_input,536,5,1,1,4,0,producer | album | writer | format,
CFA,ordering_vs_input,537,1,1,1,0,0,,
CFA,structuring_vs_ordering,537,1,1,1,0,0,,
CFA,structuring_vs_input,537,1,1,1,0,0,,
CFA,ordering_vs_input,538,6,6,6,0,0,,
CFA,structuring_vs_ordering,538,6,6,6,0,0,,
CFA,structuring_vs_input,538,6,6,6,0,0,,
CFA,ordering_vs_input,539,1,1,1,0,0,,
CFA,structuring_vs_ordering,539,1,1,1,0,0,,
CFA,structuring_vs_input,539,1,1,1,0,0,,
CFA,ordering_vs_input,540,2,2,2,0,0,,
CFA,structuring_vs_ordering,540,2,2,2,0,0,,
CFA,structuring_vs_input,540,2,2,2,0,0,,
CFA,ordering_vs_input,541,1,1,1,0,0,,
CFA,structuring_vs_ordering,541,1,1,1,0,0,,
CFA,structuring_vs_input,541,1,1,1,0,0,,
CFA,ordering_vs_input,542,3,3,3,0,0,,
CFA,structuring_vs_ordering,542,3,3,3,0,0,,
CFA,structuring_vs_input,542,3,3,3,0,0,,
CFA,ordering_vs_input,543,5,3,3,2,0,professionalField | professionalField,
CFA,structuring_vs_ordering,543,3,3,3,0,0,,
CFA,structuring_vs_input,543,5,3,3,2,0,professionalField | professionalField,
CFA,ordering_vs_input,544,4,4,4,0,0,,
CFA,structuring_vs_ordering,544,4,4,4,0,0,,
CFA,structuring_vs_input,544,4,4,4,0,0,,
CFA,ordering_vs_input,545,4,4,4,0,0,,
CFA,structuring_vs_ordering,545,4,4,4,0,0,,
CFA,structuring_vs_input,545,4,4,4,0,0,,
CFA,ordering_vs_input,546,1,1,1,0,0,,
CFA,structuring_vs_ordering,546,1,1,1,0,0,,
CFA,structuring_vs_input,546,1,1,1,0,0,,
CFA,ordering_vs_input,547,2,2,2,0,0,,
CFA,structuring_vs_ordering,547,2,2,2,0,0,,
CFA,structuring_vs_input,547,2,2,2,0,0,,
CFA,ordering_vs_input,548,2,2,2,0,0,,
CFA,structuring_vs_ordering,548,2,2,2,0,0,,
CFA,structuring_vs_input,548,2,2,2,0,0,,
CFA,ordering_vs_input,549,4,3,3,1,0,editing,
CFA,structuring_vs_ordering,549,3,3,3,0,0,,
CFA,structuring_vs_input,549,4,3,3,1,0,editing,
CFA,ordering_vs_input,550,6,6,6,0,0,,
CFA,structuring_vs_ordering,550,6,6,6,0,0,,
CFA,structuring_vs_input,550,6,6,6,0,0,,
CFA,ordering_vs_input,551,2,2,2,0,0,,
CFA,structuring_vs_ordering,551,2,2,2,0,0,,
CFA,structuring_vs_input,551,2,2,2,0,0,,
CFA,ordering_vs_input,552,1,1,1,0,0,,
CFA,structuring_vs_ordering,552,1,1,1,0,0,,
CFA,structuring_vs_input,552,1,1,1,0,0,,
CFA,ordering_vs_input,553,5,5,5,0,0,,
CFA,structuring_vs_ordering,553,5,5,5,0,0,,
CFA,structuring_vs_input,553,5,5,5,0,0,,
CFA,ordering_vs_input,554,6,6,6,0,0,,
CFA,structuring_vs_ordering,554,6,6,6,0,0,,
CFA,structuring_vs_input,554,6,6,6,0,0,,
CFA,ordering_vs_input,555,3,3,3,0,0,,
CFA,structuring_vs_ordering,555,3,3,3,0,0,,
CFA,structuring_vs_input,555,3,3,3,0,0,,
CFA,ordering_vs_input,556,2,2,2,0,0,,
CFA,structuring_vs_ordering,556,2,2,2,0,0,,
CFA,structuring_vs_input,556,2,2,2,0,0,,
CFA,ordering_vs_input,557,4,4,4,0,0,,
CFA,structuring_vs_ordering,557,4,4,4,0,0,,
CFA,structuring_vs_input,557,4,4,4,0,0,,
CFA,ordering_vs_input,558,4,4,4,0,0,,
CFA,structuring_vs_ordering,558,4,4,4,0,0,,
CFA,structuring_vs_input,558,4,4,4,0,0,,
CFA,ordering_vs_input,559,4,4,4,0,0,,
CFA,structuring_vs_ordering,559,4,4,4,0,0,,
CFA,structuring_vs_input,559,4,4,4,0,0,,
CFA,ordering_vs_input,560,1,1,1,0,0,,
CFA,structuring_vs_ordering,560,1,1,1,0,0,,
CFA,structuring_vs_input,560,1,1,1,0,0,,
CFA,ordering_vs_input,561,5,3,3,2,0,writer | producer,
CFA,structuring_vs_ordering,561,3,3,3,0,0,,
CFA,structuring_vs_input,561,5,3,3,2,0,writer | producer,
CFA,ordering_vs_input,562,6,5,5,1,0,producer,
CFA,structuring_vs_ordering,562,5,5,5,0,0,,
CFA,structuring_vs_input,562,6,5,5,1,0,producer,
CFA,ordering_vs_input,563,1,1,1,0,0,,
CFA,structuring_vs_ordering,563,1,1,1,0,0,,
CFA,structuring_vs_input,563,1,1,1,0,0,,
CFA,ordering_vs_input,564,1,1,1,0,0,,
CFA,structuring_vs_ordering,564,1,1,1,0,0,,
CFA,structuring_vs_input,564,1,1,1,0,0,,
CFA,ordering_vs_input,565,3,3,3,0,0,,
CFA,structuring_vs_ordering,565,3,3,3,0,0,,
CFA,structuring_vs_input,565,3,3,3,0,0,,
CFA,ordering_vs_input,566,2,2,2,0,0,,
CFA,structuring_vs_ordering,566,2,2,2,0,0,,
CFA,structuring_vs_input,566,2,2,2,0,0,,
CFA,ordering_vs_input,567,4,4,4,0,0,,
CFA,structuring_vs_ordering,567,4,4,4,0,0,,
CFA,structuring_vs_input,567,4,4,4,0,0,,
CFA,ordering_vs_input,568,4,4,4,0,0,,
CFA,structuring_vs_ordering,568,4,4,4,0,0,,
CFA,structuring_vs_input,568,4,4,4,0,0,,
CFA,ordering_vs_input,569,4,3,3,1,0,state,
CFA,structuring_vs_ordering,569,3,3,3,0,0,,
CFA,structuring_vs_input,569,4,3,3,1,0,state,
CFA,ordering_vs_input,570,2,2,2,0,0,,
CFA,structuring_vs_ordering,570,2,2,2,0,0,,
CFA,structuring_vs_input,570,2,2,2,0,0,,
CFA,ordering_vs_input,571,4,4,4,0,0,,
CFA,structuring_vs_ordering,571,4,4,4,0,0,,
CFA,structuring_vs_input,571,4,4,4,0,0,,
CFA,ordering_vs_input,572,2,2,2,0,0,,
CFA,structuring_vs_ordering,572,2,2,2,0,0,,
CFA,structuring_vs_input,572,2,2,2,0,0,,
CFA,ordering_vs_input,573,2,2,2,0,0,,
CFA,structuring_vs_ordering,573,2,2,2,0,0,,
CFA,structuring_vs_input,573,2,2,2,0,0,,
CFA,ordering_vs_input,574,6,5,5,1,0,professionalField,
CFA,structuring_vs_ordering,574,5,5,5,0,0,,
CFA,structuring_vs_input,574,6,5,5,1,0,professionalField,
CFA,ordering_vs_input,575,1,1,1,0,0,,
CFA,structuring_vs_ordering,575,1,1,1,0,0,,
CFA,structuring_vs_input,575,1,1,1,0,0,,
CFA,ordering_vs_input,576,7,5,5,2,0,cinematography | writer,
CFA,structuring_vs_ordering,576,5,5,5,0,0,,
CFA,structuring_vs_input,576,7,5,5,2,0,cinematography | writer,
CFA,ordering_vs_input,577,4,4,4,0,0,,
CFA,structuring_vs_ordering,577,4,4,4,0,0,,
CFA,structuring_vs_input,577,4,4,4,0,0,,
CFA,ordering_vs_input,578,1,1,1,0,0,,
CFA,structuring_vs_ordering,578,1,1,1,0,0,,
CFA,structuring_vs_input,578,1,1,1,0,0,,
CFA,ordering_vs_input,579,3,3,3,0,0,,
CFA,structuring_vs_ordering,579,3,3,3,0,0,,
CFA,structuring_vs_input,579,3,3,3,0,0,,
CFA,ordering_vs_input,580,1,1,1,0,0,,
CFA,structuring_vs_ordering,580,1,1,1,0,0,,
CFA,structuring_vs_input,580,1,1,1,0,0,,
CFA,ordering_vs_input,581,2,2,2,0,0,,
CFA,structuring_vs_ordering,581,2,2,2,0,0,,
CFA,structuring_vs_input,581,2,2,2,0,0,,
CFA,ordering_vs_input,582,1,1,1,0,0,,
CFA,structuring_vs_ordering,582,1,1,1,0,0,,
CFA,structuring_vs_input,582,1,1,1,0,0,,
CFA,ordering_vs_input,583,3,2,2,1,0,citizenship,
CFA,structuring_vs_ordering,583,2,2,2,0,0,,
CFA,structuring_vs_input,583,3,2,2,1,0,citizenship,
CFA,ordering_vs_input,584,3,3,3,0,0,,
CFA,structuring_vs_ordering,584,3,3,3,0,0,,
CFA,structuring_vs_input,584,3,3,3,0,0,,
CFA,ordering_vs_input,585,6,6,6,0,0,,
CFA,structuring_vs_ordering,585,6,6,6,0,0,,
CFA,structuring_vs_input,585,6,6,6,0,0,,
CFA,ordering_vs_input,586,5,5,5,0,0,,
CFA,structuring_vs_ordering,586,5,5,5,0,0,,
CFA,structuring_vs_input,586,5,5,5,0,0,,
CFA,ordering_vs_input,587,1,1,1,0,0,,
CFA,structuring_vs_ordering,587,1,1,1,0,0,,
CFA,structuring_vs_input,587,1,1,1,0,0,,
CFA,ordering_vs_input,588,5,5,5,0,0,,
CFA,structuring_vs_ordering,588,5,5,5,0,0,,
CFA,structuring_vs_input,588,5,5,5,0,0,,
CFA,ordering_vs_input,589,2,2,2,0,0,,
CFA,structuring_vs_ordering,589,2,2,2,0,0,,
CFA,structuring_vs_input,589,2,2,2,0,0,,
CFA,ordering_vs_input,590,4,2,2,2,0,artist | runtime,
CFA,structuring_vs_ordering,590,2,2,2,0,0,,
CFA,structuring_vs_input,590,4,2,2,2,0,artist | runtime,
CFA,ordering_vs_input,591,4,4,4,0,0,,
CFA,structuring_vs_ordering,591,4,4,4,0,0,,
CFA,structuring_vs_input,591,4,4,4,0,0,,
CFA,ordering_vs_input,592,2,2,2,0,0,,
CFA,structuring_vs_ordering,592,2,2,2,0,0,,
CFA,structuring_vs_input,592,2,2,2,0,0,,
CFA,ordering_vs_input,593,5,4,4,1,0,dissolutionYear,
CFA,structuring_vs_ordering,593,4,4,4,0,0,,
CFA,structuring_vs_input,593,5,4,4,1,0,dissolutionYear,
CFA,ordering_vs_input,594,5,4,4,1,0,professionalField,
CFA,structuring_vs_ordering,594,4,4,4,0,0,,
CFA,structuring_vs_input,594,5,4,4,1,0,professionalField,
CFA,ordering_vs_input,595,1,1,1,0,0,,
CFA,structuring_vs_ordering,595,1,1,1,0,0,,
CFA,structuring_vs_input,595,1,1,1,0,0,,
CFA,ordering_vs_input,596,2,2,2,0,0,,
CFA,structuring_vs_ordering,596,2,2,2,0,0,,
CFA,structuring_vs_input,596,2,2,2,0,0,,
CFA,ordering_vs_input,597,1,1,1,0,0,,
CFA,structuring_vs_ordering,597,1,1,1,0,0,,
CFA,structuring_vs_input,597,1,1,1,0,0,,
CFA,ordering_vs_input,598,1,1,1,0,0,,
CFA,structuring_vs_ordering,598,1,1,1,0,0,,
CFA,structuring_vs_input,598,1,1,1,0,0,,
CFA,ordering_vs_input,599,7,6,6,1,0,type,
CFA,structuring_vs_ordering,599,6,6,6,0,0,,
CFA,structuring_vs_input,599,7,6,6,1,0,type,
CFA,ordering_vs_input,600,4,3,3,1,0,writer,
CFA,structuring_vs_ordering,600,3,3,3,0,0,,
CFA,structuring_vs_input,600,4,3,3,1,0,writer,
CFA,ordering_vs_input,601,6,5,5,1,0,editing,
CFA,structuring_vs_ordering,601,5,5,5,0,0,,
CFA,structuring_vs_input,601,6,5,5,1,0,editing,
CFA,ordering_vs_input,602,3,3,3,0,0,,
CFA,structuring_vs_ordering,602,3,3,3,0,0,,
CFA,structuring_vs_input,602,3,3,3,0,0,,
CFA,ordering_vs_input,603,3,3,3,0,0,,
CFA,structuring_vs_ordering,603,3,3,3,0,0,,
CFA,structuring_vs_input,603,3,3,3,0,0,,
CFA,ordering_vs_input,604,6,3,3,3,0,artist | producer | runtime,
CFA,structuring_vs_ordering,604,3,3,3,0,0,,
CFA,structuring_vs_input,604,6,3,3,3,0,artist | producer | runtime,
CFA,ordering_vs_input,605,3,3,3,0,0,,
CFA,structuring_vs_ordering,605,3,3,3,0,0,,
CFA,structuring_vs_input,605,3,3,3,0,0,,
CFA,ordering_vs_input,606,4,2,2,2,0,professionalField | professionalField,
CFA,structuring_vs_ordering,606,2,2,2,0,0,,
CFA,structuring_vs_input,606,4,2,2,2,0,professionalField | professionalField,
CFA,ordering_vs_input,607,6,6,6,0,0,,
CFA,structuring_vs_ordering,607,6,6,6,0,0,,
CFA,structuring_vs_input,607,6,6,6,0,0,,
CFA,ordering_vs_input,608,1,1,1,0,0,,
CFA,structuring_vs_ordering,608,1,1,1,0,0,,
CFA,structuring_vs_input,608,1,1,1,0,0,,
CFA,ordering_vs_input,609,5,2,2,3,0,producer | album | format,
CFA,structuring_vs_ordering,609,2,2,2,0,0,,
CFA,structuring_vs_input,609,5,2,2,3,0,producer | album | format,
CFA,ordering_vs_input,610,4,4,4,0,0,,
CFA,structuring_vs_ordering,610,4,4,4,0,0,,
CFA,structuring_vs_input,610,4,4,4,0,0,,
CFA,ordering_vs_input,611,2,2,2,0,0,,
CFA,structuring_vs_ordering,611,2,2,2,0,0,,
CFA,structuring_vs_input,611,2,2,2,0,0,,
CFA,ordering_vs_input,612,1,1,1,0,0,,
CFA,structuring_vs_ordering,612,1,1,1,0,0,,
CFA,structuring_vs_input,612,1,1,1,0,0,,
CFA,ordering_vs_input,613,3,3,3,0,0,,
CFA,structuring_vs_ordering,613,3,3,3,0,0,,
CFA,structuring_vs_input,613,3,3,3,0,0,,
CFA,ordering_vs_input,614,7,7,7,0,0,,
CFA,structuring_vs_ordering,614,7,7,7,0,0,,
CFA,structuring_vs_input,614,7,7,7,0,0,,
CFA,ordering_vs_input,615,6,6,6,0,0,,
CFA,structuring_vs_ordering,615,6,6,6,0,0,,
CFA,structuring_vs_input,615,6,6,6,0,0,,
CFA,ordering_vs_input,616,2,2,2,0,0,,
CFA,structuring_vs_ordering,616,2,2,2,0,0,,
CFA,structuring_vs_input,616,2,2,2,0,0,,
CFA,ordering_vs_input,617,2,2,2,0,0,,
CFA,structuring_vs_ordering,617,2,2,2,0,0,,
CFA,structuring_vs_input,617,2,2,2,0,0,,
CFA,ordering_vs_input,618,4,4,4,0,0,,
CFA,structuring_vs_ordering,618,4,4,4,0,0,,
CFA,structuring_vs_input,618,4,4,4,0,0,,
CFA,ordering_vs_input,619,1,1,1,0,0,,
CFA,structuring_vs_ordering,619,1,1,1,0,0,,
CFA,structuring_vs_input,619,1,1,1,0,0,,
CFA,ordering_vs_input,620,3,3,3,0,0,,
CFA,structuring_vs_ordering,620,3,3,3,0,0,,
CFA,structuring_vs_input,620,3,3,3,0,0,,
CFA,ordering_vs_input,621,1,1,1,0,0,,
CFA,structuring_vs_ordering,621,1,1,1,0,0,,
CFA,structuring_vs_input,621,1,1,1,0,0,,
CFA,ordering_vs_input,622,3,3,3,0,0,,
CFA,structuring_vs_ordering,622,3,3,3,0,0,,
CFA,structuring_vs_input,622,3,3,3,0,0,,
CFA,ordering_vs_input,623,4,3,3,1,0,icaoLocationIdentifier,
CFA,structuring_vs_ordering,623,3,3,3,0,0,,
CFA,structuring_vs_input,623,4,3,3,1,0,icaoLocationIdentifier,
CFA,ordering_vs_input,624,1,1,1,0,0,,
CFA,structuring_vs_ordering,624,1,1,1,0,0,,
CFA,structuring_vs_input,624,1,1,1,0,0,,
CFA,ordering_vs_input,625,1,1,1,0,0,,
CFA,structuring_vs_ordering,625,1,1,1,0,0,,
CFA,structuring_vs_input,625,1,1,1,0,0,,
CFA,ordering_vs_input,626,1,1,1,0,0,,
CFA,structuring_vs_ordering,626,1,1,1,0,0,,
CFA,structuring_vs_input,626,1,1,1,0,0,,
CFA,ordering_vs_input,627,2,2,2,0,0,,
CFA,structuring_vs_ordering,627,2,2,2,0,0,,
CFA,structuring_vs_input,627,2,2,2,0,0,,
CFA,ordering_vs_input,628,2,2,2,0,0,,
CFA,structuring_vs_ordering,628,2,1,1,1,0,icaoLocationIdentifier,
CFA,structuring_vs_input,628,2,1,1,1,0,icaoLocationIdentifier,
CFA,ordering_vs_input,629,2,2,2,0,0,,
CFA,structuring_vs_ordering,629,2,2,2,0,0,,
CFA,structuring_vs_input,629,2,2,2,0,0,,
CFA,ordering_vs_input,630,2,2,2,0,0,,
CFA,structuring_vs_ordering,630,2,2,2,0,0,,
CFA,structuring_vs_input,630,2,2,2,0,0,,
CFA,ordering_vs_input,631,4,3,3,1,0,recordedIn,
CFA,structuring_vs_ordering,631,3,3,3,0,0,,
CFA,structuring_vs_input,631,4,3,3,1,0,recordedIn,
CFA,ordering_vs_input,632,2,2,2,0,0,,
CFA,structuring_vs_ordering,632,2,2,2,0,0,,
CFA,structuring_vs_input,632,2,2,2,0,0,,
CFA,ordering_vs_input,633,1,1,1,0,0,,
CFA,structuring_vs_ordering,633,1,1,1,0,0,,
CFA,structuring_vs_input,633,1,1,1,0,0,,
CFA,ordering_vs_input,634,4,4,4,0,0,,
CFA,structuring_vs_ordering,634,4,4,4,0,0,,
CFA,structuring_vs_input,634,4,4,4,0,0,,
CFA,ordering_vs_input,635,3,2,2,1,0,producer,
CFA,structuring_vs_ordering,635,2,2,2,0,0,,
CFA,structuring_vs_input,635,3,2,2,1,0,producer,
CFA,ordering_vs_input,636,3,3,3,0,0,,
CFA,structuring_vs_ordering,636,3,3,3,0,0,,
CFA,structuring_vs_input,636,3,3,3,0,0,,
CFA,ordering_vs_input,637,3,2,2,1,0,icaoLocationIdentifier,
CFA,structuring_vs_ordering,637,2,2,2,0,0,,
CFA,structuring_vs_input,637,3,2,2,1,0,icaoLocationIdentifier,
CFA,ordering_vs_input,638,3,3,3,0,0,,
CFA,structuring_vs_ordering,638,3,3,3,0,0,,
CFA,structuring_vs_input,638,3,3,3,0,0,,
CFA,ordering_vs_input,639,5,5,5,0,0,,
CFA,structuring_vs_ordering,639,5,5,5,0,0,,
CFA,structuring_vs_input,639,5,5,5,0,0,,
CFA,ordering_vs_input,640,3,3,3,0,0,,
CFA,structuring_vs_ordering,640,3,3,3,0,0,,
CFA,structuring_vs_input,640,3,3,3,0,0,,
CFA,ordering_vs_input,641,2,2,2,0,0,,
CFA,structuring_vs_ordering,641,2,2,2,0,0,,
CFA,structuring_vs_input,641,2,2,2,0,0,,
CFA,ordering_vs_input,642,4,4,4,0,0,,
CFA,structuring_vs_ordering,642,4,4,4,0,0,,
CFA,structuring_vs_input,642,4,4,4,0,0,,
CFA,ordering_vs_input,643,6,5,5,1,0,artist,
CFA,structuring_vs_ordering,643,5,5,5,0,0,,
CFA,structuring_vs_input,643,6,5,5,1,0,artist,
CFA,ordering_vs_input,644,5,3,3,2,0,producer | artist,
CFA,structuring_vs_ordering,644,3,3,3,0,0,,
CFA,structuring_vs_input,644,5,3,3,2,0,producer | artist,
CFA,ordering_vs_input,645,7,7,7,0,0,,
CFA,structuring_vs_ordering,645,7,7,7,0,0,,
CFA,structuring_vs_input,645,7,7,7,0,0,,
CFA,ordering_vs_input,646,7,7,7,0,0,,
CFA,structuring_vs_ordering,646,7,7,7,0,0,,
CFA,structuring_vs_input,646,7,7,7,0,0,,
CFA,ordering_vs_input,647,5,5,5,0,0,,
CFA,structuring_vs_ordering,647,5,5,5,0,0,,
CFA,structuring_vs_input,647,5,5,5,0,0,,
CFA,ordering_vs_input,648,7,7,7,0,0,,
CFA,structuring_vs_ordering,648,7,7,7,0,0,,
CFA,structuring_vs_input,648,7,7,7,0,0,,
CFA,ordering_vs_input,649,7,7,7,0,0,,
CFA,structuring_vs_ordering,649,7,7,7,0,0,,
CFA,structuring_vs_input,649,7,7,7,0,0,,
CFA,ordering_vs_input,650,4,4,4,0,0,,
CFA,structuring_vs_ordering,650,4,4,4,0,0,,
CFA,structuring_vs_input,650,4,4,4,0,0,,
CFA,ordering_vs_input,651,4,3,3,1,0,producer,
CFA,structuring_vs_ordering,651,3,3,3,0,0,,
CFA,structuring_vs_input,651,4,3,3,1,0,producer,
CFA,ordering_vs_input,652,7,6,6,1,0,status,
CFA,structuring_vs_ordering,652,6,6,6,0,0,,
CFA,structuring_vs_input,652,7,6,6,1,0,status,
CFA,ordering_vs_input,653,2,2,2,0,0,,
CFA,structuring_vs_ordering,653,2,2,2,0,0,,
CFA,structuring_vs_input,653,2,2,2,0,0,,
CFA,ordering_vs_input,654,1,1,1,0,0,,
CFA,structuring_vs_ordering,654,1,1,1,0,0,,
CFA,structuring_vs_input,654,1,1,1,0,0,,
CFA,ordering_vs_input,655,3,3,3,0,0,,
CFA,structuring_vs_ordering,655,3,3,3,0,0,,
CFA,structuring_vs_input,655,3,3,3,0,0,,
CFA,ordering_vs_input,656,5,4,4,1,0,citizenship,
CFA,structuring_vs_ordering,656,4,4,4,0,0,,
CFA,structuring_vs_input,656,5,4,4,1,0,citizenship,
CFA,ordering_vs_input,657,6,4,4,2,0,writer | editing,
CFA,structuring_vs_ordering,657,4,4,4,0,0,,
CFA,structuring_vs_input,657,6,4,4,2,0,writer | editing,
CFA,ordering_vs_input,658,6,5,5,1,0,icaoLocationIdentifier,
CFA,structuring_vs_ordering,658,5,5,5,0,0,,
CFA,structuring_vs_input,658,6,5,5,1,0,icaoLocationIdentifier,
CFA,ordering_vs_input,659,3,2,2,1,0,mission,
CFA,structuring_vs_ordering,659,2,2,2,0,0,,
CFA,structuring_vs_input,659,3,2,2,1,0,mission,
CFA,ordering_vs_input,660,1,1,1,0,0,,
CFA,structuring_vs_ordering,660,1,1,1,0,0,,
CFA,structuring_vs_input,660,1,1,1,0,0,,
CFA,ordering_vs_input,661,3,3,3,0,0,,
CFA,structuring_vs_ordering,661,3,3,3,0,0,,
CFA,structuring_vs_input,661,3,3,3,0,0,,
CFA,ordering_vs_input,662,3,3,3,0,0,,
CFA,structuring_vs_ordering,662,3,3,3,0,0,,
CFA,structuring_vs_input,662,3,3,3,0,0,,
CFA,ordering_vs_input,663,2,2,2,0,0,,
CFA,structuring_vs_ordering,663,2,2,2,0,0,,
CFA,structuring_vs_input,663,2,2,2,0,0,,
CFA,ordering_vs_input,664,1,1,1,0,0,,
CFA,structuring_vs_ordering,664,1,1,1,0,0,,
CFA,structuring_vs_input,664,1,1,1,0,0,,
CFA,ordering_vs_input,665,2,1,1,1,0,writer,
CFA,structuring_vs_ordering,665,1,1,1,0,0,,
CFA,structuring_vs_input,665,2,1,1,1,0,writer,
CFA,ordering_vs_input,666,6,6,6,0,0,,
CFA,structuring_vs_ordering,666,6,6,6,0,0,,
CFA,structuring_vs_input,666,6,6,6,0,0,,
CFA,ordering_vs_input,667,3,3,3,0,0,,
CFA,structuring_vs_ordering,667,3,3,3,0,0,,
CFA,structuring_vs_input,667,3,3,3,0,0,,
CFA,ordering_vs_input,668,3,3,3,0,0,,
CFA,structuring_vs_ordering,668,3,3,3,0,0,,
CFA,structuring_vs_input,668,3,3,3,0,0,,
CFA,ordering_vs_input,669,1,1,1,0,0,,
CFA,structuring_vs_ordering,669,1,1,1,0,0,,
CFA,structuring_vs_input,669,1,1,1,0,0,,
CFA,ordering_vs_input,670,4,4,4,0,0,,
CFA,structuring_vs_ordering,670,4,4,4,0,0,,
CFA,structuring_vs_input,670,4,4,4,0,0,,
CFA,ordering_vs_input,671,7,6,6,1,0,ingredient,
CFA,structuring_vs_ordering,671,6,6,6,0,0,,
CFA,structuring_vs_input,671,7,6,6,1,0,ingredient,
CFA,ordering_vs_input,672,1,1,1,0,0,,
CFA,structuring_vs_ordering,672,1,1,1,0,0,,
CFA,structuring_vs_input,672,1,1,1,0,0,,
CFA,ordering_vs_input,673,4,2,2,2,0,releaseDate | producer,
CFA,structuring_vs_ordering,673,2,2,2,0,0,,
CFA,structuring_vs_input,673,4,2,2,2,0,releaseDate | producer,
CFA,ordering_vs_input,674,5,5,5,0,0,,
CFA,structuring_vs_ordering,674,5,5,5,0,0,,
CFA,structuring_vs_input,674,5,5,5,0,0,,
CFA,ordering_vs_input,675,4,4,4,0,0,,
CFA,structuring_vs_ordering,675,4,4,4,0,0,,
CFA,structuring_vs_input,675,4,4,4,0,0,,
CFA,ordering_vs_input,676,1,1,1,0,0,,
CFA,structuring_vs_ordering,676,1,1,1,0,0,,
CFA,structuring_vs_input,676,1,1,1,0,0,,
CFA,ordering_vs_input,677,1,1,1,0,0,,
CFA,structuring_vs_ordering,677,1,1,1,0,0,,
CFA,structuring_vs_input,677,1,1,1,0,0,,
CFA,ordering_vs_input,678,1,1,1,0,0,,
CFA,structuring_vs_ordering,678,1,1,1,0,0,,
CFA,structuring_vs_input,678,1,1,1,0,0,,
CFA,ordering_vs_input,679,2,2,2,0,0,,
CFA,structuring_vs_ordering,679,2,2,2,0,0,,
CFA,structuring_vs_input,679,2,2,2,0,0,,
CFA,ordering_vs_input,680,4,3,3,1,0,professionalField,
CFA,structuring_vs_ordering,680,3,3,3,0,0,,
CFA,structuring_vs_input,680,4,3,3,1,0,professionalField,
CFA,ordering_vs_input,681,5,5,5,0,0,,
CFA,structuring_vs_ordering,681,5,5,5,0,0,,
CFA,structuring_vs_input,681,5,5,5,0,0,,
CFA,ordering_vs_input,682,4,4,4,0,0,,
CFA,structuring_vs_ordering,682,4,4,4,0,0,,
CFA,structuring_vs_input,682,4,4,4,0,0,,
CFA,ordering_vs_input,683,6,6,6,0,0,,
CFA,structuring_vs_ordering,683,6,6,6,0,0,,
CFA,structuring_vs_input,683,6,6,6,0,0,,
CFA,ordering_vs_input,684,2,2,2,0,0,,
CFA,structuring_vs_ordering,684,2,2,2,0,0,,
CFA,structuring_vs_input,684,2,2,2,0,0,,
CFA,ordering_vs_input,685,5,5,5,0,0,,
CFA,structuring_vs_ordering,685,5,5,5,0,0,,
CFA,structuring_vs_input,685,5,5,5,0,0,,
CFA,ordering_vs_input,686,5,5,5,0,0,,
CFA,structuring_vs_ordering,686,5,5,5,0,0,,
CFA,structuring_vs_input,686,5,5,5,0,0,,
CFA,ordering_vs_input,687,1,1,1,0,0,,
CFA,structuring_vs_ordering,687,1,1,1,0,0,,
CFA,structuring_vs_input,687,1,1,1,0,0,,
CFA,ordering_vs_input,688,1,1,1,0,0,,
CFA,structuring_vs_ordering,688,1,1,1,0,0,,
CFA,structuring_vs_input,688,1,1,1,0,0,,
CFA,ordering_vs_input,689,5,5,5,0,0,,
CFA,structuring_vs_ordering,689,5,5,5,0,0,,
CFA,structuring_vs_input,689,5,5,5,0,0,,
CFA,ordering_vs_input,690,3,2,2,1,0,artist,
CFA,structuring_vs_ordering,690,2,2,2,0,0,,
CFA,structuring_vs_input,690,3,2,2,1,0,artist,
CFA,ordering_vs_input,691,6,5,5,1,0,location,
CFA,structuring_vs_ordering,691,5,5,5,0,0,,
CFA,structuring_vs_input,691,6,5,5,1,0,location,
CFA,ordering_vs_input,692,4,3,3,1,0,writer,
CFA,structuring_vs_ordering,692,3,3,3,0,0,,
CFA,structuring_vs_input,692,4,3,3,1,0,writer,
CFA,ordering_vs_input,693,4,4,4,0,0,,
CFA,structuring_vs_ordering,693,4,4,4,0,0,,
CFA,structuring_vs_input,693,4,4,4,0,0,,
CFA,ordering_vs_input,694,4,4,4,0,0,,
CFA,structuring_vs_ordering,694,4,4,4,0,0,,
CFA,structuring_vs_input,694,4,4,4,0,0,,
CFA,ordering_vs_input,695,1,1,1,0,0,,
CFA,structuring_vs_ordering,695,1,1,1,0,0,,
CFA,structuring_vs_input,695,1,1,1,0,0,,
CFA,ordering_vs_input,696,3,3,3,0,0,,
CFA,structuring_vs_ordering,696,3,3,3,0,0,,
CFA,structuring_vs_input,696,3,3,3,0,0,,
CFA,ordering_vs_input,697,7,7,7,0,0,,
CFA,structuring_vs_ordering,697,7,7,7,0,0,,
CFA,structuring_vs_input,697,7,7,7,0,0,,
CFA,ordering_vs_input,698,4,2,2,2,0,runtime | type,
CFA,structuring_vs_ordering,698,2,2,2,0,0,,
CFA,structuring_vs_input,698,4,2,2,2,0,runtime | type,
CFA,ordering_vs_input,699,3,3,3,0,0,,
CFA,structuring_vs_ordering,699,3,3,3,0,0,,
CFA,structuring_vs_input,699,3,3,3,0,0,,
CFA,ordering_vs_input,700,5,5,5,0,0,,
CFA,structuring_vs_ordering,700,5,5,5,0,0,,
CFA,structuring_vs_input,700,5,5,5,0,0,,
CFA,ordering_vs_input,701,6,6,6,0,0,,
CFA,structuring_vs_ordering,701,6,6,6,0,0,,
CFA,structuring_vs_input,701,6,6,6,0,0,,
CFA,ordering_vs_input,702,1,1,1,0,0,,
CFA,structuring_vs_ordering,702,1,1,1,0,0,,
CFA,structuring_vs_input,702,1,1,1,0,0,,
CFA,ordering_vs_input,703,2,2,2,0,0,,
CFA,structuring_vs_ordering,703,2,2,2,0,0,,
CFA,structuring_vs_input,703,2,2,2,0,0,,
CFA,ordering_vs_input,704,1,1,1,0,0,,
CFA,structuring_vs_ordering,704,1,1,1,0,0,,
CFA,structuring_vs_input,704,1,1,1,0,0,,
CFA,ordering_vs_input,705,5,4,4,1,0,citizenship,
CFA,structuring_vs_ordering,705,4,4,4,0,0,,
CFA,structuring_vs_input,705,5,4,4,1,0,citizenship,
CFA,ordering_vs_input,706,6,4,4,2,0,citizenship | professionalField,
CFA,structuring_vs_ordering,706,4,4,4,0,0,,
CFA,structuring_vs_input,706,6,4,4,2,0,citizenship | professionalField,
CFA,ordering_vs_input,707,3,2,2,1,0,recordedIn,
CFA,structuring_vs_ordering,707,2,2,2,0,0,,
CFA,structuring_vs_input,707,3,2,2,1,0,recordedIn,
CFA,ordering_vs_input,708,7,7,7,0,0,,
CFA,structuring_vs_ordering,708,7,7,7,0,0,,
CFA,structuring_vs_input,708,7,7,7,0,0,,
CFA,ordering_vs_input,709,5,4,4,1,0,training,
CFA,structuring_vs_ordering,709,4,4,4,0,0,,
CFA,structuring_vs_input,709,5,4,4,1,0,training,
CFA,ordering_vs_input,710,2,2,2,0,0,,
CFA,structuring_vs_ordering,710,2,2,2,0,0,,
CFA,structuring_vs_input,710,2,2,2,0,0,,
CFA,ordering_vs_input,711,6,6,6,0,0,,
CFA,structuring_vs_ordering,711,6,6,6,0,0,,
CFA,structuring_vs_input,711,6,6,6,0,0,,
CFA,ordering_vs_input,712,2,2,2,0,0,,
CFA,structuring_vs_ordering,712,2,2,2,0,0,,
CFA,structuring_vs_input,712,2,2,2,0,0,,
CFA,ordering_vs_input,713,2,2,2,0,0,,
CFA,structuring_vs_ordering,713,2,2,2,0,0,,
CFA,structuring_vs_input,713,2,2,2,0,0,,
CFA,ordering_vs_input,714,3,3,3,0,0,,
CFA,structuring_vs_ordering,714,3,3,3,0,0,,
CFA,structuring_vs_input,714,3,3,3,0,0,,
CFA,ordering_vs_input,715,1,1,1,0,0,,
CFA,structuring_vs_ordering,715,1,1,1,0,0,,
CFA,structuring_vs_input,715,1,1,1,0,0,,
CFA,ordering_vs_input,716,3,3,3,0,0,,
CFA,structuring_vs_ordering,716,3,3,3,0,0,,
CFA,structuring_vs_input,716,3,3,3,0,0,,
CFA,ordering_vs_input,717,2,2,2,0,0,,
CFA,structuring_vs_ordering,717,2,2,2,0,0,,
CFA,structuring_vs_input,717,2,2,2,0,0,,
CFA,ordering_vs_input,718,2,2,2,0,0,,
CFA,structuring_vs_ordering,718,2,2,2,0,0,,
CFA,structuring_vs_input,718,2,2,2,0,0,,
CFA,ordering_vs_input,719,1,1,1,0,0,,
CFA,structuring_vs_ordering,719,1,1,1,0,0,,
CFA,structuring_vs_input,719,1,1,1,0,0,,
CFA,ordering_vs_input,720,3,3,3,0,0,,
CFA,structuring_vs_ordering,720,3,3,3,0,0,,
CFA,structuring_vs_input,720,3,3,3,0,0,,
CFA,ordering_vs_input,721,2,2,2,0,0,,
CFA,structuring_vs_ordering,721,2,2,2,0,0,,
CFA,structuring_vs_input,721,2,2,2,0,0,,
CFA,ordering_vs_input,722,2,2,2,0,0,,
CFA,structuring_vs_ordering,722,2,2,2,0,0,,
CFA,structuring_vs_input,722,2,2,2,0,0,,
CFA,ordering_vs_input,723,1,1,1,0,0,,
CFA,structuring_vs_ordering,723,1,1,1,0,0,,
CFA,structuring_vs_input,723,1,1,1,0,0,,
CFA,ordering_vs_input,724,2,2,2,0,0,,
CFA,structuring_vs_ordering,724,2,2,2,0,0,,
CFA,structuring_vs_input,724,2,2,2,0,0,,
CFA,ordering_vs_input,725,3,2,2,1,0,budget,
CFA,structuring_vs_ordering,725,2,2,2,0,0,,
CFA,structuring_vs_input,725,3,2,2,1,0,budget,
CFA,ordering_vs_input,726,1,1,1,0,0,,
CFA,structuring_vs_ordering,726,1,1,1,0,0,,
CFA,structuring_vs_input,726,1,1,1,0,0,,
CFA,ordering_vs_input,727,6,6,6,0,0,,
CFA,structuring_vs_ordering,727,6,6,6,0,0,,
CFA,structuring_vs_input,727,6,6,6,0,0,,
CFA,ordering_vs_input,728,1,1,1,0,0,,
CFA,structuring_vs_ordering,728,1,1,1,0,0,,
CFA,structuring_vs_input,728,1,1,1,0,0,,
CFA,ordering_vs_input,729,1,1,1,0,0,,
CFA,structuring_vs_ordering,729,1,1,1,0,0,,
CFA,structuring_vs_input,729,1,1,1,0,0,,
CFA,ordering_vs_input,730,4,3,3,1,0,producer,
CFA,structuring_vs_ordering,730,3,3,3,0,0,,
CFA,structuring_vs_input,730,4,3,3,1,0,producer,
CFA,ordering_vs_input,731,6,6,6,0,0,,
CFA,structuring_vs_ordering,731,6,6,6,0,0,,
CFA,structuring_vs_input,731,6,6,6,0,0,,
CFA,ordering_vs_input,732,5,4,4,1,0,artist,
CFA,structuring_vs_ordering,732,4,4,4,0,0,,
CFA,structuring_vs_input,732,5,4,4,1,0,artist,
CFA,ordering_vs_input,733,6,6,6,0,0,,
CFA,structuring_vs_ordering,733,6,6,6,0,0,,
CFA,structuring_vs_input,733,6,6,6,0,0,,
CFA,ordering_vs_input,734,3,3,3,0,0,,
CFA,structuring_vs_ordering,734,3,3,3,0,0,,
CFA,structuring_vs_input,734,3,3,3,0,0,,
CFA,ordering_vs_input,735,7,7,7,0,0,,
CFA,structuring_vs_ordering,735,7,7,7,0,0,,
CFA,structuring_vs_input,735,7,7,7,0,0,,
CFA,ordering_vs_input,736,4,3,3,1,0,citizenship,
CFA,structuring_vs_ordering,736,3,3,3,0,0,,
CFA,structuring_vs_input,736,4,3,3,1,0,citizenship,
CFA,ordering_vs_input,737,3,3,3,0,0,,
CFA,structuring_vs_ordering,737,3,3,3,0,0,,
CFA,structuring_vs_input,737,3,3,3,0,0,,
CFA,ordering_vs_input,738,3,1,1,2,0,producer | producer,
CFA,structuring_vs_ordering,738,1,1,1,0,0,,
CFA,structuring_vs_input,738,3,1,1,2,0,producer | producer,
CFA,ordering_vs_input,739,3,3,3,0,0,,
CFA,structuring_vs_ordering,739,3,3,3,0,0,,
CFA,structuring_vs_input,739,3,3,3,0,0,,
CFA,ordering_vs_input,740,3,3,3,0,0,,
CFA,structuring_vs_ordering,740,3,3,3,0,0,,
CFA,structuring_vs_input,740,3,3,3,0,0,,
CFA,ordering_vs_input,741,7,5,5,2,0,editing | writer,
CFA,structuring_vs_ordering,741,5,5,5,0,0,,
CFA,structuring_vs_input,741,7,5,5,2,0,editing | writer,
CFA,ordering_vs_input,742,5,4,4,1,0,professionalField,
CFA,structuring_vs_ordering,742,4,4,4,0,0,,
CFA,structuring_vs_input,742,5,4,4,1,0,professionalField,
CFA,ordering_vs_input,743,4,4,4,0,0,,
CFA,structuring_vs_ordering,743,4,4,4,0,0,,
CFA,structuring_vs_input,743,4,4,4,0,0,,
CFA,ordering_vs_input,744,3,3,3,0,0,,
CFA,structuring_vs_ordering,744,3,3,3,0,0,,
CFA,structuring_vs_input,744,3,3,3,0,0,,
CFA,ordering_vs_input,745,7,6,6,1,0,selectedByNasa,
CFA,structuring_vs_ordering,745,6,6,6,0,0,,
CFA,structuring_vs_input,745,7,6,6,1,0,selectedByNasa,
CFA,ordering_vs_input,746,2,2,2,0,0,,
CFA,structuring_vs_ordering,746,2,2,2,0,0,,
CFA,structuring_vs_input,746,2,2,2,0,0,,
CFA,ordering_vs_input,747,7,5,5,2,0,mission | award,
CFA,structuring_vs_ordering,747,5,5,5,0,0,,
CFA,structuring_vs_input,747,7,5,5,2,0,mission | award,
CFA,ordering_vs_input,748,3,1,1,2,0,runtime | producer,
CFA,structuring_vs_ordering,748,1,1,1,0,0,,
CFA,structuring_vs_input,748,3,1,1,2,0,runtime | producer,
CFA,ordering_vs_input,749,3,3,3,0,0,,
CFA,structuring_vs_ordering,749,3,3,3,0,0,,
CFA,structuring_vs_input,749,3,3,3,0,0,,
CFA,ordering_vs_input,750,3,1,1,2,0,cinematography | gross,
CFA,structuring_vs_ordering,750,1,1,1,0,0,,
CFA,structuring_vs_input,750,3,1,1,2,0,cinematography | gross,
CFA,ordering_vs_input,751,2,2,2,0,0,,
CFA,structuring_vs_ordering,751,2,2,2,0,0,,
CFA,structuring_vs_input,751,2,2,2,0,0,,
CFA,ordering_vs_input,752,5,5,5,0,0,,
CFA,structuring_vs_ordering,752,5,5,5,0,0,,
CFA,structuring_vs_input,752,5,5,5,0,0,,
CFA,ordering_vs_input,753,7,2,2,5,0,artist | producer | runtime | recordedIn | recordedIn,
CFA,structuring_vs_ordering,753,2,2,2,0,0,,
CFA,structuring_vs_input,753,7,2,2,5,0,artist | producer | runtime | recordedIn | recordedIn,
CFA,ordering_vs_input,754,4,3,3,1,0,imdbId,
CFA,structuring_vs_ordering,754,3,3,3,0,0,,
CFA,structuring_vs_input,754,4,3,3,1,0,imdbId,
CFA,ordering_vs_input,755,4,3,3,1,0,professionalField,
CFA,structuring_vs_ordering,755,3,3,3,0,0,,
CFA,structuring_vs_input,755,4,3,3,1,0,professionalField,
CFA,ordering_vs_input,756,2,2,2,0,0,,
CFA,structuring_vs_ordering,756,2,2,2,0,0,,
CFA,structuring_vs_input,756,2,2,2,0,0,,
CFA,ordering_vs_input,757,3,3,3,0,0,,
CFA,structuring_vs_ordering,757,3,2,2,1,0,icaoLocationIdentifier,
CFA,structuring_vs_input,757,3,2,2,1,0,icaoLocationIdentifier,
CFA,ordering_vs_input,758,2,2,2,0,0,,
CFA,structuring_vs_ordering,758,2,2,2,0,0,,
CFA,structuring_vs_input,758,2,2,2,0,0,,
CFA,ordering_vs_input,759,4,4,4,0,0,,
CFA,structuring_vs_ordering,759,4,4,4,0,0,,
CFA,structuring_vs_input,759,4,4,4,0,0,,
CFA,ordering_vs_input,760,2,2,2,0,0,,
CFA,structuring_vs_ordering,760,2,2,2,0,0,,
CFA,structuring_vs_input,760,2,2,2,0,0,,
CFA,ordering_vs_input,761,2,2,2,0,0,,
CFA,structuring_vs_ordering,761,2,2,2,0,0,,
CFA,structuring_vs_input,761,2,2,2,0,0,,
CFA,ordering_vs_input,762,5,5,5,0,0,,
CFA,structuring_vs_ordering,762,5,5,5,0,0,,
CFA,structuring_vs_input,762,5,5,5,0,0,,
CFA,ordering_vs_input,763,5,4,4,1,0,training,
CFA,structuring_vs_ordering,763,4,4,4,0,0,,
CFA,structuring_vs_input,763,5,4,4,1,0,training,
CFA,ordering_vs_input,764,6,6,6,0,0,,
CFA,structuring_vs_ordering,764,6,6,6,0,0,,
CFA,structuring_vs_input,764,6,6,6,0,0,,
CFA,ordering_vs_input,765,1,1,1,0,0,,
CFA,structuring_vs_ordering,765,1,1,1,0,0,,
CFA,structuring_vs_input,765,1,1,1,0,0,,
CFA,ordering_vs_input,766,5,3,3,2,0,writer | writer,
CFA,structuring_vs_ordering,766,3,3,3,0,0,,
CFA,structuring_vs_input,766,5,3,3,2,0,writer | writer,
CFA,ordering_vs_input,767,6,5,5,1,0,location,
CFA,structuring_vs_ordering,767,5,5,5,0,0,,
CFA,structuring_vs_input,767,6,5,5,1,0,location,
CFA,ordering_vs_input,768,3,3,3,0,0,,
CFA,structuring_vs_ordering,768,3,3,3,0,0,,
CFA,structuring_vs_input,768,3,3,3,0,0,,
CFA,ordering_vs_input,769,6,5,5,1,0,location,
CFA,structuring_vs_ordering,769,5,5,5,0,0,,
CFA,structuring_vs_input,769,6,5,5,1,0,location,
CFA,ordering_vs_input,770,2,2,2,0,0,,
CFA,structuring_vs_ordering,770,2,2,2,0,0,,
CFA,structuring_vs_input,770,2,2,2,0,0,,
CFA,ordering_vs_input,771,6,2,2,4,0,writer | writer | producer | format,
CFA,structuring_vs_ordering,771,2,2,2,0,0,,
CFA,structuring_vs_input,771,6,2,2,4,0,writer | writer | producer | format,
CFA,ordering_vs_input,772,1,1,1,0,0,,
CFA,structuring_vs_ordering,772,1,1,1,0,0,,
CFA,structuring_vs_input,772,1,1,1,0,0,,
CFA,ordering_vs_input,773,6,6,6,0,0,,
CFA,structuring_vs_ordering,773,6,6,6,0,0,,
CFA,structuring_vs_input,773,6,6,6,0,0,,
CFA,ordering_vs_input,774,4,4,4,0,0,,
CFA,structuring_vs_ordering,774,4,4,4,0,0,,
CFA,structuring_vs_input,774,4,4,4,0,0,,
CFA,ordering_vs_input,775,2,2,2,0,0,,
CFA,structuring_vs_ordering,775,2,2,2,0,0,,
CFA,structuring_vs_input,775,2,2,2,0,0,,
CFA,ordering_vs_input,776,3,1,1,2,0,writer | writer,
CFA,structuring_vs_ordering,776,1,1,1,0,0,,
CFA,structuring_vs_input,776,3,1,1,2,0,writer | writer,
CFA,ordering_vs_input,777,2,2,2,0,0,,
CFA,structuring_vs_ordering,777,2,2,2,0,0,,
CFA,structuring_vs_input,777,2,2,2,0,0,,
CFA,ordering_vs_input,778,3,3,3,0,0,,
CFA,structuring_vs_ordering,778,3,3,3,0,0,,
CFA,structuring_vs_input,778,3,3,3,0,0,,
CFA,ordering_vs_input,779,2,2,2,0,0,,
CFA,structuring_vs_ordering,779,2,2,2,0,0,,
CFA,structuring_vs_input,779,2,2,2,0,0,,
CFA,ordering_vs_input,780,2,2,2,0,0,,
CFA,structuring_vs_ordering,780,2,2,2,0,0,,
CFA,structuring_vs_input,780,2,2,2,0,0,,
CFA,ordering_vs_input,781,2,2,2,0,0,,
CFA,structuring_vs_ordering,781,2,2,2,0,0,,
CFA,structuring_vs_input,781,2,2,2,0,0,,
CFA,ordering_vs_input,782,4,4,4,0,0,,
CFA,structuring_vs_ordering,782,4,4,4,0,0,,
CFA,structuring_vs_input,782,4,4,4,0,0,,
CFA,ordering_vs_input,783,3,1,1,2,0,artist | recordedIn,
CFA,structuring_vs_ordering,783,1,1,1,0,0,,
CFA,structuring_vs_input,783,3,1,1,2,0,artist | recordedIn,
CFA,ordering_vs_input,784,2,2,2,0,0,,
CFA,structuring_vs_ordering,784,2,2,2,0,0,,
CFA,structuring_vs_input,784,2,2,2,0,0,,
CFA,ordering_vs_input,785,2,2,2,0,0,,
CFA,structuring_vs_ordering,785,2,2,2,0,0,,
CFA,structuring_vs_input,785,2,2,2,0,0,,
CFA,ordering_vs_input,786,3,2,2,1,0,training,
CFA,structuring_vs_ordering,786,2,2,2,0,0,,
CFA,structuring_vs_input,786,3,2,2,1,0,training,
CFA,ordering_vs_input,787,1,1,1,0,0,,
CFA,structuring_vs_ordering,787,1,1,1,0,0,,
CFA,structuring_vs_input,787,1,1,1,0,0,,
CFA,ordering_vs_input,788,6,6,6,0,0,,
CFA,structuring_vs_ordering,788,6,6,6,0,0,,
CFA,structuring_vs_input,788,6,6,6,0,0,,
CFA,ordering_vs_input,789,4,2,2,2,0,producer | artist,
CFA,structuring_vs_ordering,789,2,2,2,0,0,,
CFA,structuring_vs_input,789,4,2,2,2,0,producer | artist,
CFA,ordering_vs_input,790,1,1,1,0,0,,
CFA,structuring_vs_ordering,790,1,1,1,0,0,,
CFA,structuring_vs_input,790,1,1,1,0,0,,
CFA,ordering_vs_input,791,3,3,3,0,0,,
CFA,structuring_vs_ordering,791,3,3,3,0,0,,
CFA,structuring_vs_input,791,3,3,3,0,0,,
CFA,ordering_vs_input,792,1,1,1,0,0,,
CFA,structuring_vs_ordering,792,1,1,1,0,0,,
CFA,structuring_vs_input,792,1,1,1,0,0,,
CFA,ordering_vs_input,793,2,2,2,0,0,,
CFA,structuring_vs_ordering,793,2,2,2,0,0,,
CFA,structuring_vs_input,793,2,2,2,0,0,,
CFA,ordering_vs_input,794,4,4,4,0,0,,
CFA,structuring_vs_ordering,794,4,4,4,0,0,,
CFA,structuring_vs_input,794,4,4,4,0,0,,
CFA,ordering_vs_input,795,1,1,1,0,0,,
CFA,structuring_vs_ordering,795,1,1,1,0,0,,
CFA,structuring_vs_input,795,1,1,1,0,0,,
CFA,ordering_vs_input,796,1,1,1,0,0,,
CFA,structuring_vs_ordering,796,1,1,1,0,0,,
CFA,structuring_vs_input,796,1,1,1,0,0,,
CFA,ordering_vs_input,797,1,1,1,0,0,,
CFA,structuring_vs_ordering,797,1,1,1,0,0,,
CFA,structuring_vs_input,797,1,1,1,0,0,,
CFA,ordering_vs_input,798,3,3,3,0,0,,
CFA,structuring_vs_ordering,798,3,3,3,0,0,,
CFA,structuring_vs_input,798,3,3,3,0,0,,
CFA,ordering_vs_input,799,4,4,4,0,0,,
CFA,structuring_vs_ordering,799,4,4,4,0,0,,
CFA,structuring_vs_input,799,4,4,4,0,0,,
CFA,ordering_vs_input,800,4,4,4,0,0,,
CFA,structuring_vs_ordering,800,4,4,4,0,0,,
CFA,structuring_vs_input,800,4,4,4,0,0,,
CFA,ordering_vs_input,801,2,2,2,0,0,,
CFA,structuring_vs_ordering,801,2,2,2,0,0,,
CFA,structuring_vs_input,801,2,2,2,0,0,,
CFA,ordering_vs_input,802,4,4,4,0,0,,
CFA,structuring_vs_ordering,802,4,4,4,0,0,,
CFA,structuring_vs_input,802,4,4,4,0,0,,
CFA,ordering_vs_input,803,1,1,1,0,0,,
CFA,structuring_vs_ordering,803,1,1,1,0,0,,
CFA,structuring_vs_input,803,1,1,1,0,0,,
CFA,ordering_vs_input,804,1,1,1,0,0,,
CFA,structuring_vs_ordering,804,1,1,1,0,0,,
CFA,structuring_vs_input,804,1,1,1,0,0,,
CFA,ordering_vs_input,805,4,4,4,0,0,,
CFA,structuring_vs_ordering,805,4,4,4,0,0,,
CFA,structuring_vs_input,805,4,4,4,0,0,,
CFA,ordering_vs_input,806,1,1,1,0,0,,
CFA,structuring_vs_ordering,806,1,1,1,0,0,,
CFA,structuring_vs_input,806,1,1,1,0,0,,
CFA,ordering_vs_input,807,1,1,1,0,0,,
CFA,structuring_vs_ordering,807,1,1,1,0,0,,
CFA,structuring_vs_input,807,1,1,1,0,0,,
CFA,ordering_vs_input,808,2,2,2,0,0,,
CFA,structuring_vs_ordering,808,2,2,2,0,0,,
CFA,structuring_vs_input,808,2,2,2,0,0,,
CFA,ordering_vs_input,809,2,2,2,0,0,,
CFA,structuring_vs_ordering,809,2,2,2,0,0,,
CFA,structuring_vs_input,809,2,2,2,0,0,,
CFA,ordering_vs_input,810,5,5,5,0,0,,
CFA,structuring_vs_ordering,810,5,5,5,0,0,,
CFA,structuring_vs_input,810,5,5,5,0,0,,
CFA,ordering_vs_input,811,5,1,1,4,0,producer | runtime | artist | type,
CFA,structuring_vs_ordering,811,1,1,1,0,0,,
CFA,structuring_vs_input,811,5,1,1,4,0,producer | runtime | artist | type,
CFA,ordering_vs_input,812,3,3,3,0,0,,
CFA,structuring_vs_ordering,812,3,3,3,0,0,,
CFA,structuring_vs_input,812,3,3,3,0,0,,
CFA,ordering_vs_input,813,4,4,4,0,0,,
CFA,structuring_vs_ordering,813,4,4,4,0,0,,
CFA,structuring_vs_input,813,4,4,4,0,0,,
CFA,ordering_vs_input,814,5,5,5,0,0,,
CFA,structuring_vs_ordering,814,5,5,5,0,0,,
CFA,structuring_vs_input,814,5,5,5,0,0,,
CFA,ordering_vs_input,815,1,1,1,0,0,,
CFA,structuring_vs_ordering,815,1,1,1,0,0,,
CFA,structuring_vs_input,815,1,1,1,0,0,,
CFA,ordering_vs_input,816,3,3,3,0,0,,
CFA,structuring_vs_ordering,816,3,3,3,0,0,,
CFA,structuring_vs_input,816,3,3,3,0,0,,
CFA,ordering_vs_input,817,2,2,2,0,0,,
CFA,structuring_vs_ordering,817,2,2,2,0,0,,
CFA,structuring_vs_input,817,2,2,2,0,0,,
CFA,ordering_vs_input,818,1,1,1,0,0,,
CFA,structuring_vs_ordering,818,1,1,1,0,0,,
CFA,structuring_vs_input,818,1,1,1,0,0,,
CFA,ordering_vs_input,819,1,1,1,0,0,,
CFA,structuring_vs_ordering,819,1,1,1,0,0,,
CFA,structuring_vs_input,819,1,1,1,0,0,,
CFA,ordering_vs_input,820,4,4,4,0,0,,
CFA,structuring_vs_ordering,820,4,4,4,0,0,,
CFA,structuring_vs_input,820,4,4,4,0,0,,
CFA,ordering_vs_input,821,2,2,2,0,0,,
CFA,structuring_vs_ordering,821,2,2,2,0,0,,
CFA,structuring_vs_input,821,2,2,2,0,0,,
CFA,ordering_vs_input,822,1,1,1,0,0,,
CFA,structuring_vs_ordering,822,1,1,1,0,0,,
CFA,structuring_vs_input,822,1,1,1,0,0,,
CFA,ordering_vs_input,823,3,3,3,0,0,,
CFA,structuring_vs_ordering,823,3,3,3,0,0,,
CFA,structuring_vs_input,823,3,3,3,0,0,,
CFA,ordering_vs_input,824,1,1,1,0,0,,
CFA,structuring_vs_ordering,824,1,1,1,0,0,,
CFA,structuring_vs_input,824,1,1,1,0,0,,
CFA,ordering_vs_input,825,2,2,2,0,0,,
CFA,structuring_vs_ordering,825,2,2,2,0,0,,
CFA,structuring_vs_input,825,2,2,2,0,0,,
CFA,ordering_vs_input,826,5,5,5,0,0,,
CFA,structuring_vs_ordering,826,5,5,5,0,0,,
CFA,structuring_vs_input,826,5,5,5,0,0,,
CFA,ordering_vs_input,827,3,2,2,1,0,writer,
CFA,structuring_vs_ordering,827,2,2,2,0,0,,
CFA,structuring_vs_input,827,3,2,2,1,0,writer,
CFA,ordering_vs_input,828,4,4,4,0,0,,
CFA,structuring_vs_ordering,828,4,4,4,0,0,,
CFA,structuring_vs_input,828,4,4,4,0,0,,
CFA,ordering_vs_input,829,1,1,1,0,0,,
CFA,structuring_vs_ordering,829,1,1,1,0,0,,
CFA,structuring_vs_input,829,1,1,1,0,0,,
CFA,ordering_vs_input,830,3,3,3,0,0,,
CFA,structuring_vs_ordering,830,3,3,3,0,0,,
CFA,structuring_vs_input,830,3,3,3,0,0,,
CFA,ordering_vs_input,831,1,1,1,0,0,,
CFA,structuring_vs_ordering,831,1,1,1,0,0,,
CFA,structuring_vs_input,831,1,1,1,0,0,,
CFA,ordering_vs_input,832,1,1,1,0,0,,
CFA,structuring_vs_ordering,832,1,1,1,0,0,,
CFA,structuring_vs_input,832,1,1,1,0,0,,
CFA,ordering_vs_input,833,7,7,7,0,0,,
CFA,structuring_vs_ordering,833,7,7,7,0,0,,
CFA,structuring_vs_input,833,7,7,7,0,0,,
CFA,ordering_vs_input,834,3,3,3,0,0,,
CFA,structuring_vs_ordering,834,3,3,3,0,0,,
CFA,structuring_vs_input,834,3,3,3,0,0,,
CFA,ordering_vs_input,835,6,5,5,1,0,type,
CFA,structuring_vs_ordering,835,5,5,5,0,0,,
CFA,structuring_vs_input,835,6,5,5,1,0,type,
CFA,ordering_vs_input,836,7,6,6,1,0,professionalField,
CFA,structuring_vs_ordering,836,6,6,6,0,0,,
CFA,structuring_vs_input,836,7,6,6,1,0,professionalField,
CFA,ordering_vs_input,837,4,4,4,0,0,,
CFA,structuring_vs_ordering,837,4,4,4,0,0,,
CFA,structuring_vs_input,837,4,4,4,0,0,,
CFA,ordering_vs_input,838,1,1,1,0,0,,
CFA,structuring_vs_ordering,838,1,1,1,0,0,,
CFA,structuring_vs_input,838,1,1,1,0,0,,
CFA,ordering_vs_input,839,4,4,4,0,0,,
CFA,structuring_vs_ordering,839,4,4,4,0,0,,
CFA,structuring_vs_input,839,4,4,4,0,0,,
CFA,ordering_vs_input,840,6,6,6,0,0,,
CFA,structuring_vs_ordering,840,6,6,6,0,0,,
CFA,structuring_vs_input,840,6,6,6,0,0,,
CFA,ordering_vs_input,841,2,1,1,1,0,producer,
CFA,structuring_vs_ordering,841,1,1,1,0,0,,
CFA,structuring_vs_input,841,2,1,1,1,0,producer,
CFA,ordering_vs_input,842,3,1,1,2,0,training | professionalField,
CFA,structuring_vs_ordering,842,1,1,1,0,0,,
CFA,structuring_vs_input,842,3,1,1,2,0,training | professionalField,
CFA,ordering_vs_input,843,2,2,2,0,0,,
CFA,structuring_vs_ordering,843,2,2,2,0,0,,
CFA,structuring_vs_input,843,2,2,2,0,0,,
CFA,ordering_vs_input,844,2,2,2,0,0,,
CFA,structuring_vs_ordering,844,2,2,2,0,0,,
CFA,structuring_vs_input,844,2,2,2,0,0,,
CFA,ordering_vs_input,845,2,2,2,0,0,,
CFA,structuring_vs_ordering,845,2,2,2,0,0,,
CFA,structuring_vs_input,845,2,2,2,0,0,,
CFA,ordering_vs_input,846,4,2,2,2,0,writer | writer,
CFA,structuring_vs_ordering,846,2,2,2,0,0,,
CFA,structuring_vs_input,846,4,2,2,2,0,writer | writer,
CFA,ordering_vs_input,847,2,2,2,0,0,,
CFA,structuring_vs_ordering,847,2,2,2,0,0,,
CFA,structuring_vs_input,847,2,2,2,0,0,,
CFA,ordering_vs_input,848,5,4,4,1,0,cinematography,
CFA,structuring_vs_ordering,848,4,4,4,0,0,,
CFA,structuring_vs_input,848,5,4,4,1,0,cinematography,
CFA,ordering_vs_input,849,7,6,6,1,0,location,
CFA,structuring_vs_ordering,849,6,6,6,0,0,,
CFA,structuring_vs_input,849,7,6,6,1,0,location,
CFA,ordering_vs_input,850,4,4,4,0,0,,
CFA,structuring_vs_ordering,850,4,4,4,0,0,,
CFA,structuring_vs_input,850,4,4,4,0,0,,
CFA,ordering_vs_input,851,7,3,3,4,0,producer | runtime | artist | type,
CFA,structuring_vs_ordering,851,3,3,3,0,0,,
CFA,structuring_vs_input,851,7,3,3,4,0,producer | runtime | artist | type,
CFA,ordering_vs_input,852,2,2,2,0,0,,
CFA,structuring_vs_ordering,852,2,2,2,0,0,,
CFA,structuring_vs_input,852,2,2,2,0,0,,
CFA,ordering_vs_input,853,5,5,5,0,0,,
CFA,structuring_vs_ordering,853,5,5,5,0,0,,
CFA,structuring_vs_input,853,5,5,5,0,0,,
CFA,ordering_vs_input,854,5,5,5,0,0,,
CFA,structuring_vs_ordering,854,5,5,5,0,0,,
CFA,structuring_vs_input,854,5,5,5,0,0,,
CFA,ordering_vs_input,855,3,3,3,0,0,,
CFA,structuring_vs_ordering,855,3,3,3,0,0,,
CFA,structuring_vs_input,855,3,3,3,0,0,,
CFA,ordering_vs_input,856,4,4,4,0,0,,
CFA,structuring_vs_ordering,856,4,4,4,0,0,,
CFA,structuring_vs_input,856,4,4,4,0,0,,
CFA,ordering_vs_input,857,7,7,7,0,0,,
CFA,structuring_vs_ordering,857,7,7,7,0,0,,
CFA,structuring_vs_input,857,7,7,7,0,0,,
CFA,ordering_vs_input,858,4,4,4,0,0,,
CFA,structuring_vs_ordering,858,4,4,4,0,0,,
CFA,structuring_vs_input,858,4,4,4,0,0,,
CFA,ordering_vs_input,859,1,1,1,0,0,,
CFA,structuring_vs_ordering,859,1,1,1,0,0,,
CFA,structuring_vs_input,859,1,1,1,0,0,,
CFA,ordering_vs_input,860,2,2,2,0,0,,
CFA,structuring_vs_ordering,860,2,2,2,0,0,,
CFA,structuring_vs_input,860,2,2,2,0,0,,
CFA,ordering_vs_input,861,2,2,2,0,0,,
CFA,structuring_vs_ordering,861,2,2,2,0,0,,
CFA,structuring_vs_input,861,2,2,2,0,0,,
CFA,ordering_vs_input,862,4,4,4,0,0,,
CFA,structuring_vs_ordering,862,4,4,4,0,0,,
CFA,structuring_vs_input,862,4,4,4,0,0,,
CFA,ordering_vs_input,863,4,3,3,1,0,professionalField,
CFA,structuring_vs_ordering,863,3,3,3,0,0,,
CFA,structuring_vs_input,863,4,3,3,1,0,professionalField,
CFA,ordering_vs_input,864,2,2,2,0,0,,
CFA,structuring_vs_ordering,864,2,2,2,0,0,,
CFA,structuring_vs_input,864,2,2,2,0,0,,
CFA,ordering_vs_input,865,4,3,3,1,0,producer,
CFA,structuring_vs_ordering,865,3,3,3,0,0,,
CFA,structuring_vs_input,865,4,3,3,1,0,producer,
CFA,ordering_vs_input,866,1,1,1,0,0,,
CFA,structuring_vs_ordering,866,1,1,1,0,0,,
CFA,structuring_vs_input,866,1,1,1,0,0,,
CFA,ordering_vs_input,867,1,1,1,0,0,,
CFA,structuring_vs_ordering,867,1,1,1,0,0,,
CFA,structuring_vs_input,867,1,1,1,0,0,,
CFA,ordering_vs_input,868,2,2,2,0,0,,
CFA,structuring_vs_ordering,868,2,2,2,0,0,,
CFA,structuring_vs_input,868,2,2,2,0,0,,
CFA,ordering_vs_input,869,4,4,4,0,0,,
CFA,structuring_vs_ordering,869,4,4,4,0,0,,
CFA,structuring_vs_input,869,4,4,4,0,0,,
CFA,ordering_vs_input,870,6,6,6,0,0,,
CFA,structuring_vs_ordering,870,6,6,6,0,0,,
CFA,structuring_vs_input,870,6,6,6,0,0,,
CFA,ordering_vs_input,871,3,3,3,0,0,,
CFA,structuring_vs_ordering,871,3,3,3,0,0,,
CFA,structuring_vs_input,871,3,3,3,0,0,,
CFA,ordering_vs_input,872,5,3,3,2,0,professionalField | professionalField,
CFA,structuring_vs_ordering,872,3,3,3,0,0,,
CFA,structuring_vs_input,872,5,3,3,2,0,professionalField | professionalField,
CFA,ordering_vs_input,873,3,3,3,0,0,,
CFA,structuring_vs_ordering,873,3,3,3,0,0,,
CFA,structuring_vs_input,873,3,3,3,0,0,,
CFA,ordering_vs_input,874,1,1,1,0,0,,
CFA,structuring_vs_ordering,874,1,1,1,0,0,,
CFA,structuring_vs_input,874,1,1,1,0,0,,
CFA,ordering_vs_input,875,5,5,5,0,0,,
CFA,structuring_vs_ordering,875,5,5,5,0,0,,
CFA,structuring_vs_input,875,5,5,5,0,0,,
CFA,ordering_vs_input,876,3,3,3,0,0,,
CFA,structuring_vs_ordering,876,3,3,3,0,0,,
CFA,structuring_vs_input,876,3,3,3,0,0,,
CFA,ordering_vs_input,877,2,2,2,0,0,,
CFA,structuring_vs_ordering,877,2,2,2,0,0,,
CFA,structuring_vs_input,877,2,2,2,0,0,,
CFA,ordering_vs_input,878,1,1,1,0,0,,
CFA,structuring_vs_ordering,878,1,1,1,0,0,,
CFA,structuring_vs_input,878,1,1,1,0,0,,
CFA,ordering_vs_input,879,1,1,1,0,0,,
CFA,structuring_vs_ordering,879,1,1,1,0,0,,
CFA,structuring_vs_input,879,1,1,1,0,0,,
CFA,ordering_vs_input,880,3,3,3,0,0,,
CFA,structuring_vs_ordering,880,3,3,3,0,0,,
CFA,structuring_vs_input,880,3,3,3,0,0,,
CFA,ordering_vs_input,881,2,2,2,0,0,,
CFA,structuring_vs_ordering,881,2,2,2,0,0,,
CFA,structuring_vs_input,881,2,2,2,0,0,,
CFA,ordering_vs_input,882,6,6,6,0,0,,
CFA,structuring_vs_ordering,882,6,6,6,0,0,,
CFA,structuring_vs_input,882,6,6,6,0,0,,
CFA,ordering_vs_input,883,5,5,5,0,0,,
CFA,structuring_vs_ordering,883,5,5,5,0,0,,
CFA,structuring_vs_input,883,5,5,5,0,0,,
CFA,ordering_vs_input,884,5,5,5,0,0,,
CFA,structuring_vs_ordering,884,5,5,5,0,0,,
CFA,structuring_vs_input,884,5,5,5,0,0,,
CFA,ordering_vs_input,885,3,3,3,0,0,,
CFA,structuring_vs_ordering,885,3,3,3,0,0,,
CFA,structuring_vs_input,885,3,3,3,0,0,,
CFA,ordering_vs_input,886,3,3,3,0,0,,
CFA,structuring_vs_ordering,886,3,3,3,0,0,,
CFA,structuring_vs_input,886,3,3,3,0,0,,
CFA,ordering_vs_input,887,6,6,6,0,0,,
CFA,structuring_vs_ordering,887,6,6,6,0,0,,
CFA,structuring_vs_input,887,6,6,6,0,0,,
CFA,ordering_vs_input,888,4,4,4,0,0,,
CFA,structuring_vs_ordering,888,4,4,4,0,0,,
CFA,structuring_vs_input,888,4,4,4,0,0,,
CFA,ordering_vs_input,889,7,7,7,0,0,,
CFA,structuring_vs_ordering,889,7,7,7,0,0,,
CFA,structuring_vs_input,889,7,7,7,0,0,,
CFA,ordering_vs_input,890,2,2,2,0,0,,
CFA,structuring_vs_ordering,890,2,2,2,0,0,,
CFA,structuring_vs_input,890,2,2,2,0,0,,
CFA,ordering_vs_input,891,3,2,2,1,0,professionalField,
CFA,structuring_vs_ordering,891,2,2,2,0,0,,
CFA,structuring_vs_input,891,3,2,2,1,0,professionalField,
CFA,ordering_vs_input,892,5,4,4,1,0,writer,
CFA,structuring_vs_ordering,892,4,4,4,0,0,,
CFA,structuring_vs_input,892,5,4,4,1,0,writer,
CFA,ordering_vs_input,893,3,2,2,1,0,professionalField,
CFA,structuring_vs_ordering,893,2,2,2,0,0,,
CFA,structuring_vs_input,893,3,2,2,1,0,professionalField,
CFA,ordering_vs_input,894,2,2,2,0,0,,
CFA,structuring_vs_ordering,894,2,2,2,0,0,,
CFA,structuring_vs_input,894,2,2,2,0,0,,
CFA,ordering_vs_input,895,1,1,1,0,0,,
CFA,structuring_vs_ordering,895,1,1,1,0,0,,
CFA,structuring_vs_input,895,1,1,1,0,0,,
CFA,ordering_vs_input,896,2,2,2,0,0,,
CFA,structuring_vs_ordering,896,2,2,2,0,0,,
CFA,structuring_vs_input,896,2,2,2,0,0,,
CFA,ordering_vs_input,897,7,7,7,0,0,,
CFA,structuring_vs_ordering,897,7,7,7,0,0,,
CFA,structuring_vs_input,897,7,7,7,0,0,,
CFA,ordering_vs_input,898,6,6,6,0,0,,
CFA,structuring_vs_ordering,898,6,6,6,0,0,,
CFA,structuring_vs_input,898,6,6,6,0,0,,
CFA,ordering_vs_input,899,1,1,1,0,0,,
CFA,structuring_vs_ordering,899,1,1,1,0,0,,
CFA,structuring_vs_input,899,1,1,1,0,0,,
CFA,ordering_vs_input,900,5,4,4,1,0,staff,
CFA,structuring_vs_ordering,900,4,4,4,0,0,,
CFA,structuring_vs_input,900,5,4,4,1,0,staff,
CFA,ordering_vs_input,901,3,3,3,0,0,,
CFA,structuring_vs_ordering,901,3,3,3,0,0,,
CFA,structuring_vs_input,901,3,3,3,0,0,,
CFA,ordering_vs_input,902,4,3,3,1,0,writer,
CFA,structuring_vs_ordering,902,3,3,3,0,0,,
CFA,structuring_vs_input,902,4,3,3,1,0,writer,
CFA,ordering_vs_input,903,3,3,3,0,0,,
CFA,structuring_vs_ordering,903,3,3,3,0,0,,
CFA,structuring_vs_input,903,3,3,3,0,0,,
CFA,ordering_vs_input,904,3,3,3,0,0,,
CFA,structuring_vs_ordering,904,3,3,3,0,0,,
CFA,structuring_vs_input,904,3,3,3,0,0,,
CFA,ordering_vs_input,905,5,4,4,1,0,tenant,
CFA,structuring_vs_ordering,905,4,4,4,0,0,,
CFA,structuring_vs_input,905,5,4,4,1,0,tenant,
CFA,ordering_vs_input,906,1,1,1,0,0,,
CFA,structuring_vs_ordering,906,1,1,1,0,0,,
CFA,structuring_vs_input,906,1,1,1,0,0,,
CFA,ordering_vs_input,907,5,4,4,1,0,writer,
CFA,structuring_vs_ordering,907,4,4,4,0,0,,
CFA,structuring_vs_input,907,5,4,4,1,0,writer,
CFA,ordering_vs_input,908,1,1,1,0,0,,
CFA,structuring_vs_ordering,908,1,1,1,0,0,,
CFA,structuring_vs_input,908,1,1,1,0,0,,
CFA,ordering_vs_input,909,3,3,3,0,0,,
CFA,structuring_vs_ordering,909,3,3,3,0,0,,
CFA,structuring_vs_input,909,3,3,3,0,0,,
CFA,ordering_vs_input,910,3,3,3,0,0,,
CFA,structuring_vs_ordering,910,3,3,3,0,0,,
CFA,structuring_vs_input,910,3,3,3,0,0,,
CFA,ordering_vs_input,911,2,2,2,0,0,,
CFA,structuring_vs_ordering,911,2,2,2,0,0,,
CFA,structuring_vs_input,911,2,2,2,0,0,,
CFA,ordering_vs_input,912,6,5,5,1,0,producer,
CFA,structuring_vs_ordering,912,5,5,5,0,0,,
CFA,structuring_vs_input,912,6,5,5,1,0,producer,
CFA,ordering_vs_input,913,3,3,3,0,0,,
CFA,structuring_vs_ordering,913,3,3,3,0,0,,
CFA,structuring_vs_input,913,3,3,3,0,0,,
CFA,ordering_vs_input,914,2,2,2,0,0,,
CFA,structuring_vs_ordering,914,2,2,2,0,0,,
CFA,structuring_vs_input,914,2,2,2,0,0,,
CFA,ordering_vs_input,915,1,1,1,0,0,,
CFA,structuring_vs_ordering,915,1,1,1,0,0,,
CFA,structuring_vs_input,915,1,1,1,0,0,,
CFA,ordering_vs_input,916,3,3,3,0,0,,
CFA,structuring_vs_ordering,916,3,3,3,0,0,,
CFA,structuring_vs_input,916,3,3,3,0,0,,
CFA,ordering_vs_input,917,5,4,4,1,0,revenue,
CFA,structuring_vs_ordering,917,4,4,4,0,0,,
CFA,structuring_vs_input,917,5,4,4,1,0,revenue,
CFA,ordering_vs_input,918,5,4,4,1,0,type,
CFA,structuring_vs_ordering,918,4,4,4,0,0,,
CFA,structuring_vs_input,918,5,4,4,1,0,type,
CFA,ordering_vs_input,919,2,1,1,1,0,producer,
CFA,structuring_vs_ordering,919,1,1,1,0,0,,
CFA,structuring_vs_input,919,2,1,1,1,0,producer,
CFA,ordering_vs_input,920,1,1,1,0,0,,
CFA,structuring_vs_ordering,920,1,1,1,0,0,,
CFA,structuring_vs_input,920,1,1,1,0,0,,
CFA,ordering_vs_input,921,2,2,2,0,0,,
CFA,structuring_vs_ordering,921,2,2,2,0,0,,
CFA,structuring_vs_input,921,2,2,2,0,0,,
CFA,ordering_vs_input,922,4,3,3,1,0,type,
CFA,structuring_vs_ordering,922,3,3,3,0,0,,
CFA,structuring_vs_input,922,4,3,3,1,0,type,
CFA,ordering_vs_input,923,1,1,1,0,0,,
CFA,structuring_vs_ordering,923,1,1,1,0,0,,
CFA,structuring_vs_input,923,1,1,1,0,0,,
CFA,ordering_vs_input,924,4,4,4,0,0,,
CFA,structuring_vs_ordering,924,4,4,4,0,0,,
CFA,structuring_vs_input,924,4,4,4,0,0,,
CFA,ordering_vs_input,925,1,1,1,0,0,,
CFA,structuring_vs_ordering,925,1,1,1,0,0,,
CFA,structuring_vs_input,925,1,1,1,0,0,,
CFA,ordering_vs_input,926,7,6,6,1,0,editing,
CFA,structuring_vs_ordering,926,6,6,6,0,0,,
CFA,structuring_vs_input,926,7,6,6,1,0,editing,
CFA,ordering_vs_input,927,4,4,4,0,0,,
CFA,structuring_vs_ordering,927,4,4,4,0,0,,
CFA,structuring_vs_input,927,4,4,4,0,0,,
CFA,ordering_vs_input,928,6,3,3,3,0,musicalBand | runtime | producer,
CFA,structuring_vs_ordering,928,3,3,3,0,0,,
CFA,structuring_vs_input,928,6,3,3,3,0,musicalBand | runtime | producer,
CFA,ordering_vs_input,929,5,3,3,2,0,citizenship | professionalField,
CFA,structuring_vs_ordering,929,3,3,3,0,0,,
CFA,structuring_vs_input,929,5,3,3,2,0,citizenship | professionalField,
CFA,ordering_vs_input,930,1,1,1,0,0,,
CFA,structuring_vs_ordering,930,1,1,1,0,0,,
CFA,structuring_vs_input,930,1,1,1,0,0,,
CFA,ordering_vs_input,931,2,2,2,0,0,,
CFA,structuring_vs_ordering,931,2,2,2,0,0,,
CFA,structuring_vs_input,931,2,2,2,0,0,,
CFA,ordering_vs_input,932,5,4,4,1,0,percentageOfAreaWater,
CFA,structuring_vs_ordering,932,4,4,4,0,0,,
CFA,structuring_vs_input,932,5,4,4,1,0,percentageOfAreaWater,
CFA,ordering_vs_input,933,3,2,2,1,0,writer,
CFA,structuring_vs_ordering,933,2,2,2,0,0,,
CFA,structuring_vs_input,933,3,2,2,1,0,writer,
CFA,ordering_vs_input,934,1,1,1,0,0,,
CFA,structuring_vs_ordering,934,1,1,1,0,0,,
CFA,structuring_vs_input,934,1,1,1,0,0,,
CFA,ordering_vs_input,935,2,2,2,0,0,,
CFA,structuring_vs_ordering,935,2,2,2,0,0,,
CFA,structuring_vs_input,935,2,2,2,0,0,,
CFA,ordering_vs_input,936,4,4,4,0,0,,
CFA,structuring_vs_ordering,936,4,4,4,0,0,,
CFA,structuring_vs_input,936,4,4,4,0,0,,
CFA,ordering_vs_input,937,1,1,1,0,0,,
CFA,structuring_vs_ordering,937,1,1,1,0,0,,
CFA,structuring_vs_input,937,1,1,1,0,0,,
CFA,ordering_vs_input,938,3,3,3,0,0,,
CFA,structuring_vs_ordering,938,3,3,3,0,0,,
CFA,structuring_vs_input,938,3,3,3,0,0,,
CFA,ordering_vs_input,939,2,2,2,0,0,,
CFA,structuring_vs_ordering,939,2,2,2,0,0,,
CFA,structuring_vs_input,939,2,2,2,0,0,,
CFA,ordering_vs_input,940,1,1,1,0,0,,
CFA,structuring_vs_ordering,940,1,1,1,0,0,,
CFA,structuring_vs_input,940,1,1,1,0,0,,
CFA,ordering_vs_input,941,3,3,3,0,0,,
CFA,structuring_vs_ordering,941,3,3,3,0,0,,
CFA,structuring_vs_input,941,3,3,3,0,0,,
CFA,ordering_vs_input,942,1,1,1,0,0,,
CFA,structuring_vs_ordering,942,1,1,1,0,0,,
CFA,structuring_vs_input,942,1,1,1,0,0,,
CFA,ordering_vs_input,943,3,3,3,0,0,,
CFA,structuring_vs_ordering,943,3,3,3,0,0,,
CFA,structuring_vs_input,943,3,3,3,0,0,,
CFA,ordering_vs_input,944,3,3,3,0,0,,
CFA,structuring_vs_ordering,944,3,3,3,0,0,,
CFA,structuring_vs_input,944,3,3,3,0,0,,
CFA,ordering_vs_input,945,2,2,2,0,0,,
CFA,structuring_vs_ordering,945,2,2,2,0,0,,
CFA,structuring_vs_input,945,2,2,2,0,0,,
CFA,ordering_vs_input,946,6,4,4,2,0,industry | type,
CFA,structuring_vs_ordering,946,4,4,4,0,0,,
CFA,structuring_vs_input,946,6,4,4,2,0,industry | type,
CFA,ordering_vs_input,947,4,4,4,0,0,,
CFA,structuring_vs_ordering,947,4,4,4,0,0,,
CFA,structuring_vs_input,947,4,4,4,0,0,,
CFA,ordering_vs_input,948,3,2,2,1,0,professionalField,
CFA,structuring_vs_ordering,948,2,2,2,0,0,,
CFA,structuring_vs_input,948,3,2,2,1,0,professionalField,
CFA,ordering_vs_input,949,2,2,2,0,0,,
CFA,structuring_vs_ordering,949,2,2,2,0,0,,
CFA,structuring_vs_input,949,2,2,2,0,0,,
CFA,ordering_vs_input,950,5,5,5,0,0,,
CFA,structuring_vs_ordering,950,5,5,5,0,0,,
CFA,structuring_vs_input,950,5,5,5,0,0,,
CFA,ordering_vs_input,951,6,5,5,1,0,tenant,
CFA,structuring_vs_ordering,951,5,5,5,0,0,,
CFA,structuring_vs_input,951,6,5,5,1,0,tenant,
CFA,ordering_vs_input,952,3,3,3,0,0,,
CFA,structuring_vs_ordering,952,3,3,3,0,0,,
CFA,structuring_vs_input,952,3,3,3,0,0,,
CFA,ordering_vs_input,953,3,3,3,0,0,,
CFA,structuring_vs_ordering,953,3,3,3,0,0,,
CFA,structuring_vs_input,953,3,3,3,0,0,,
CFA,ordering_vs_input,954,1,1,1,0,0,,
CFA,structuring_vs_ordering,954,1,1,1,0,0,,
CFA,structuring_vs_input,954,1,1,1,0,0,,
CFA,ordering_vs_input,955,3,3,3,0,0,,
CFA,structuring_vs_ordering,955,3,3,3,0,0,,
CFA,structuring_vs_input,955,3,3,3,0,0,,
CFA,ordering_vs_input,956,6,6,6,0,0,,
CFA,structuring_vs_ordering,956,6,6,6,0,0,,
CFA,structuring_vs_input,956,6,6,6,0,0,,
CFA,ordering_vs_input,957,4,1,1,3,0,runtime | producer | producer,
CFA,structuring_vs_ordering,957,1,1,1,0,0,,
CFA,structuring_vs_input,957,4,1,1,3,0,runtime | producer | producer,
CFA,ordering_vs_input,958,4,4,4,0,0,,
CFA,structuring_vs_ordering,958,4,4,4,0,0,,
CFA,structuring_vs_input,958,4,4,4,0,0,,
CFA,ordering_vs_input,959,7,7,7,0,0,,
CFA,structuring_vs_ordering,959,7,7,7,0,0,,
CFA,structuring_vs_input,959,7,7,7,0,0,,
CFA,ordering_vs_input,960,3,3,3,0,0,,
CFA,structuring_vs_ordering,960,3,3,3,0,0,,
CFA,structuring_vs_input,960,3,3,3,0,0,,
CFA,ordering_vs_input,961,1,1,1,0,0,,
CFA,structuring_vs_ordering,961,1,1,1,0,0,,
CFA,structuring_vs_input,961,1,1,1,0,0,,
CFA,ordering_vs_input,962,3,1,1,2,0,producer | format,
CFA,structuring_vs_ordering,962,1,1,1,0,0,,
CFA,structuring_vs_input,962,3,1,1,2,0,producer | format,
CFA,ordering_vs_input,963,7,6,6,1,0,location,
CFA,structuring_vs_ordering,963,6,6,6,0,0,,
CFA,structuring_vs_input,963,7,6,6,1,0,location,
CFA,ordering_vs_input,964,4,4,4,0,0,,
CFA,structuring_vs_ordering,964,4,4,4,0,0,,
CFA,structuring_vs_input,964,4,4,4,0,0,,
CFA,ordering_vs_input,965,4,2,2,2,0,longName | citizenship,
CFA,structuring_vs_ordering,965,2,2,2,0,0,,
CFA,structuring_vs_input,965,4,2,2,2,0,longName | citizenship,
CFA,ordering_vs_input,966,1,1,1,0,0,,
CFA,structuring_vs_ordering,966,1,1,1,0,0,,
CFA,structuring_vs_input,966,1,1,1,0,0,,
CFA,ordering_vs_input,967,1,1,1,0,0,,
CFA,structuring_vs_ordering,967,1,1,1,0,0,,
CFA,structuring_vs_input,967,1,1,1,0,0,,
CFA,ordering_vs_input,968,7,4,4,3,0,imdbId | writer | producer,
CFA,structuring_vs_ordering,968,4,4,4,0,0,,
CFA,structuring_vs_input,968,7,4,4,3,0,imdbId | writer | producer,
CFA,ordering_vs_input,969,1,1,1,0,0,,
CFA,structuring_vs_ordering,969,1,1,1,0,0,,
CFA,structuring_vs_input,969,1,1,1,0,0,,
CFA,ordering_vs_input,970,4,4,4,0,0,,
CFA,structuring_vs_ordering,970,4,4,4,0,0,,
CFA,structuring_vs_input,970,4,4,4,0,0,,
CFA,ordering_vs_input,971,5,4,4,1,0,icaoLocationIdentifier,
CFA,structuring_vs_ordering,971,4,4,4,0,0,,
CFA,structuring_vs_input,971,5,4,4,1,0,icaoLocationIdentifier,
CFA,ordering_vs_input,972,2,1,1,1,0,writer,
CFA,structuring_vs_ordering,972,1,1,1,0,0,,
CFA,structuring_vs_input,972,2,1,1,1,0,writer,
CFA,ordering_vs_input,973,4,4,4,0,0,,
CFA,structuring_vs_ordering,973,4,4,4,0,0,,
CFA,structuring_vs_input,973,4,4,4,0,0,,
CFA,ordering_vs_input,974,2,2,2,0,0,,
CFA,structuring_vs_ordering,974,2,2,2,0,0,,
CFA,structuring_vs_input,974,2,2,2,0,0,,
CFA,ordering_vs_input,975,1,1,1,0,0,,
CFA,structuring_vs_ordering,975,1,1,1,0,0,,
CFA,structuring_vs_input,975,1,1,1,0,0,,
CFA,ordering_vs_input,976,2,2,2,0,0,,
CFA,structuring_vs_ordering,976,2,2,2,0,0,,
CFA,structuring_vs_input,976,2,2,2,0,0,,
CFA,ordering_vs_input,977,5,4,4,1,0,type,
CFA,structuring_vs_ordering,977,4,4,4,0,0,,
CFA,structuring_vs_input,977,5,4,4,1,0,type,
CFA,ordering_vs_input,978,6,6,6,0,0,,
CFA,structuring_vs_ordering,978,6,6,6,0,0,,
CFA,structuring_vs_input,978,6,6,6,0,0,,
CFA,ordering_vs_input,979,1,1,1,0,0,,
CFA,structuring_vs_ordering,979,1,1,1,0,0,,
CFA,structuring_vs_input,979,1,1,1,0,0,,
CFA,ordering_vs_input,980,4,4,4,0,0,,
CFA,structuring_vs_ordering,980,4,4,4,0,0,,
CFA,structuring_vs_input,980,4,4,4,0,0,,
CFA,ordering_vs_input,981,2,2,2,0,0,,
CFA,structuring_vs_ordering,981,2,2,2,0,0,,
CFA,structuring_vs_input,981,2,2,2,0,0,,
CFA,ordering_vs_input,982,2,2,2,0,0,,
CFA,structuring_vs_ordering,982,2,2,2,0,0,,
CFA,structuring_vs_input,982,2,2,2,0,0,,
CFA,ordering_vs_input,983,2,2,2,0,0,,
CFA,structuring_vs_ordering,983,2,2,2,0,0,,
CFA,structuring_vs_input,983,2,2,2,0,0,,
CFA,ordering_vs_input,984,1,1,1,0,0,,
CFA,structuring_vs_ordering,984,1,1,1,0,0,,
CFA,structuring_vs_input,984,1,1,1,0,0,,
CFA,ordering_vs_input,985,3,2,2,1,0,professionalField,
CFA,structuring_vs_ordering,985,2,2,2,0,0,,
CFA,structuring_vs_input,985,3,2,2,1,0,professionalField,
CFA,ordering_vs_input,986,3,3,3,0,0,,
CFA,structuring_vs_ordering,986,3,3,3,0,0,,
CFA,structuring_vs_input,986,3,3,3,0,0,,
CFA,ordering_vs_input,987,1,1,1,0,0,,
CFA,structuring_vs_ordering,987,1,1,1,0,0,,
CFA,structuring_vs_input,987,1,1,1,0,0,,
CFA,ordering_vs_input,988,3,3,3,0,0,,
CFA,structuring_vs_ordering,988,3,3,3,0,0,,
CFA,structuring_vs_input,988,3,3,3,0,0,,
CFA,ordering_vs_input,989,1,1,1,0,0,,
CFA,structuring_vs_ordering,989,1,1,1,0,0,,
CFA,structuring_vs_input,989,1,1,1,0,0,,
CFA,ordering_vs_input,990,2,2,2,0,0,,
CFA,structuring_vs_ordering,990,2,2,2,0,0,,
CFA,structuring_vs_input,990,2,2,2,0,0,,
CFA,ordering_vs_input,991,4,4,4,0,0,,
CFA,structuring_vs_ordering,991,4,4,4,0,0,,
CFA,structuring_vs_input,991,4,4,4,0,0,,
CFA,ordering_vs_input,992,6,6,6,0,0,,
CFA,structuring_vs_ordering,992,6,6,6,0,0,,
CFA,structuring_vs_input,992,6,6,6,0,0,,
CFA,ordering_vs_input,993,4,1,1,3,0,producer | type | runtime,
CFA,structuring_vs_ordering,993,1,1,1,0,0,,
CFA,structuring_vs_input,993,4,1,1,3,0,producer | type | runtime,
CFA,ordering_vs_input,994,4,4,4,0,0,,
CFA,structuring_vs_ordering,994,4,4,4,0,0,,
CFA,structuring_vs_input,994,4,4,4,0,0,,
CFA,ordering_vs_input,995,2,2,2,0,0,,
CFA,structuring_vs_ordering,995,2,2,2,0,0,,
CFA,structuring_vs_input,995,2,2,2,0,0,,
CFA,ordering_vs_input,996,2,2,2,0,0,,
CFA,structuring_vs_ordering,996,2,2,2,0,0,,
CFA,structuring_vs_input,996,2,2,2,0,0,,
CFA,ordering_vs_input,997,5,5,5,0,0,,
CFA,structuring_vs_ordering,997,5,5,5,0,0,,
CFA,structuring_vs_input,997,5,5,5,0,0,,
CFA,ordering_vs_input,998,1,1,1,0,0,,
CFA,structuring_vs_ordering,998,1,1,1,0,0,,
CFA,structuring_vs_input,998,1,1,1,0,0,,
CFA,ordering_vs_input,999,3,3,3,0,0,,
CFA,structuring_vs_ordering,999,3,3,3,0,0,,
CFA,structuring_vs_input,999,3,3,3,0,0,,
CFA,ordering_vs_input,1000,4,4,4,0,0,,
CFA,structuring_vs_ordering,1000,4,4,4,0,0,,
CFA,structuring_vs_input,1000,4,4,4,0,0,,
CFA,ordering_vs_input,1001,3,3,3,0,0,,
CFA,structuring_vs_ordering,1001,3,3,3,0,0,,
CFA,structuring_vs_input,1001,3,3,3,0,0,,
CFA,ordering_vs_input,1002,3,3,3,0,0,,
CFA,structuring_vs_ordering,1002,3,3,3,0,0,,
CFA,structuring_vs_input,1002,3,3,3,0,0,,
CFA,ordering_vs_input,1003,4,4,4,0,0,,
CFA,structuring_vs_ordering,1003,4,4,4,0,0,,
CFA,structuring_vs_input,1003,4,4,4,0,0,,
CFA,ordering_vs_input,1004,5,4,4,1,0,mission,
CFA,structuring_vs_ordering,1004,4,4,4,0,0,,
CFA,structuring_vs_input,1004,5,4,4,1,0,mission,
CFA,ordering_vs_input,1005,5,5,5,0,0,,
CFA,structuring_vs_ordering,1005,5,5,5,0,0,,
CFA,structuring_vs_input,1005,5,5,5,0,0,,
CFA,ordering_vs_input,1006,3,3,3,0,0,,
CFA,structuring_vs_ordering,1006,3,3,3,0,0,,
CFA,structuring_vs_input,1006,3,3,3,0,0,,
CFA,ordering_vs_input,1007,3,3,3,0,0,,
CFA,structuring_vs_ordering,1007,3,3,3,0,0,,
CFA,structuring_vs_input,1007,3,3,3,0,0,,
CFA,ordering_vs_input,1008,2,2,2,0,0,,
CFA,structuring_vs_ordering,1008,2,2,2,0,0,,
CFA,structuring_vs_input,1008,2,2,2,0,0,,
CFA,ordering_vs_input,1009,2,2,2,0,0,,
CFA,structuring_vs_ordering,1009,2,2,2,0,0,,
CFA,structuring_vs_input,1009,2,2,2,0,0,,
CFA,ordering_vs_input,1010,3,3,3,0,0,,
CFA,structuring_vs_ordering,1010,3,3,3,0,0,,
CFA,structuring_vs_input,1010,3,3,3,0,0,,
CFA,ordering_vs_input,1011,3,3,3,0,0,,
CFA,structuring_vs_ordering,1011,3,3,3,0,0,,
CFA,structuring_vs_input,1011,3,3,3,0,0,,
CFA,ordering_vs_input,1012,4,4,4,0,0,,
CFA,structuring_vs_ordering,1012,4,4,4,0,0,,
CFA,structuring_vs_input,1012,4,4,4,0,0,,
CFA,ordering_vs_input,1013,4,3,3,1,0,icaoLocationIdentifier,
CFA,structuring_vs_ordering,1013,3,3,3,0,0,,
CFA,structuring_vs_input,1013,4,3,3,1,0,icaoLocationIdentifier,
CFA,ordering_vs_input,1014,2,2,2,0,0,,
CFA,structuring_vs_ordering,1014,2,2,2,0,0,,
CFA,structuring_vs_input,1014,2,2,2,0,0,,
CFA,ordering_vs_input,1015,3,3,3,0,0,,
CFA,structuring_vs_ordering,1015,3,3,3,0,0,,
CFA,structuring_vs_input,1015,3,3,3,0,0,,
CFA,ordering_vs_input,1016,2,2,2,0,0,,
CFA,structuring_vs_ordering,1016,2,2,2,0,0,,
CFA,structuring_vs_input,1016,2,2,2,0,0,,
CFA,ordering_vs_input,1017,3,3,3,0,0,,
CFA,structuring_vs_ordering,1017,3,3,3,0,0,,
CFA,structuring_vs_input,1017,3,3,3,0,0,,
CFA,ordering_vs_input,1018,5,5,5,0,0,,
CFA,structuring_vs_ordering,1018,5,5,5,0,0,,
CFA,structuring_vs_input,1018,5,5,5,0,0,,
CFA,ordering_vs_input,1019,2,2,2,0,0,,
CFA,structuring_vs_ordering,1019,2,2,2,0,0,,
CFA,structuring_vs_input,1019,2,2,2,0,0,,
CFA,ordering_vs_input,1020,3,2,2,1,0,professionalField,
CFA,structuring_vs_ordering,1020,2,2,2,0,0,,
CFA,structuring_vs_input,1020,3,2,2,1,0,professionalField,
CFA,ordering_vs_input,1021,5,5,5,0,0,,
CFA,structuring_vs_ordering,1021,5,5,5,0,0,,
CFA,structuring_vs_input,1021,5,5,5,0,0,,
CFA,ordering_vs_input,1022,5,5,5,0,0,,
CFA,structuring_vs_ordering,1022,5,5,5,0,0,,
CFA,structuring_vs_input,1022,5,5,5,0,0,,
CFA,ordering_vs_input,1023,5,5,5,0,0,,
CFA,structuring_vs_ordering,1023,5,5,5,0,0,,
CFA,structuring_vs_input,1023,5,5,5,0,0,,
CFA,ordering_vs_input,1024,1,1,1,0,0,,
CFA,structuring_vs_ordering,1024,1,1,1,0,0,,
CFA,structuring_vs_input,1024,1,1,1,0,0,,
CFA,ordering_vs_input,1025,6,6,6,0,0,,
CFA,structuring_vs_ordering,1025,6,6,6,0,0,,
CFA,structuring_vs_input,1025,6,6,6,0,0,,
CFA,ordering_vs_input,1026,2,2,2,0,0,,
CFA,structuring_vs_ordering,1026,2,2,2,0,0,,
CFA,structuring_vs_input,1026,2,2,2,0,0,,
CFA,ordering_vs_input,1027,2,2,2,0,0,,
CFA,structuring_vs_ordering,1027,2,2,2,0,0,,
CFA,structuring_vs_input,1027,2,2,2,0,0,,
CFA,ordering_vs_input,1028,2,2,2,0,0,,
CFA,structuring_vs_ordering,1028,2,2,2,0,0,,
CFA,structuring_vs_input,1028,2,2,2,0,0,,
CFA,ordering_vs_input,1029,3,1,1,2,0,imdbId | writer,
CFA,structuring_vs_ordering,1029,1,1,1,0,0,,
CFA,structuring_vs_input,1029,3,1,1,2,0,imdbId | writer,
CFA,ordering_vs_input,1030,1,1,1,0,0,,
CFA,structuring_vs_ordering,1030,1,1,1,0,0,,
CFA,structuring_vs_input,1030,1,1,1,0,0,,
CFA,ordering_vs_input,1031,3,1,1,2,0,imdbId | producer,
CFA,structuring_vs_ordering,1031,1,1,1,0,0,,
CFA,structuring_vs_input,1031,3,1,1,2,0,imdbId | producer,
CFA,ordering_vs_input,1032,3,3,3,0,0,,
CFA,structuring_vs_ordering,1032,3,3,3,0,0,,
CFA,structuring_vs_input,1032,3,3,3,0,0,,
CFA,ordering_vs_input,1033,1,1,1,0,0,,
CFA,structuring_vs_ordering,1033,1,1,1,0,0,,
CFA,structuring_vs_input,1033,1,1,1,0,0,,
CFA,ordering_vs_input,1034,1,1,1,0,0,,
CFA,structuring_vs_ordering,1034,1,1,1,0,0,,
CFA,structuring_vs_input,1034,1,1,1,0,0,,
CFA,ordering_vs_input,1035,1,1,1,0,0,,
CFA,structuring_vs_ordering,1035,1,1,1,0,0,,
CFA,structuring_vs_input,1035,1,1,1,0,0,,
CFA,ordering_vs_input,1036,2,2,2,0,0,,
CFA,structuring_vs_ordering,1036,2,2,2,0,0,,
CFA,structuring_vs_input,1036,2,2,2,0,0,,
CFA,ordering_vs_input,1037,1,1,1,0,0,,
CFA,structuring_vs_ordering,1037,1,1,1,0,0,,
CFA,structuring_vs_input,1037,1,1,1,0,0,,
CFA,ordering_vs_input,1038,4,2,2,2,0,runtime | producer,
CFA,structuring_vs_ordering,1038,2,2,2,0,0,,
CFA,structuring_vs_input,1038,4,2,2,2,0,runtime | producer,
CFA,ordering_vs_input,1039,4,4,4,0,0,,
CFA,structuring_vs_ordering,1039,4,4,4,0,0,,
CFA,structuring_vs_input,1039,4,4,4,0,0,,
CFA,ordering_vs_input,1040,4,4,4,0,0,,
CFA,structuring_vs_ordering,1040,4,4,4,0,0,,
CFA,structuring_vs_input,1040,4,4,4,0,0,,
CFA,ordering_vs_input,1041,2,2,2,0,0,,
CFA,structuring_vs_ordering,1041,2,2,2,0,0,,
CFA,structuring_vs_input,1041,2,2,2,0,0,,
CFA,ordering_vs_input,1042,2,2,2,0,0,,
CFA,structuring_vs_ordering,1042,2,2,2,0,0,,
CFA,structuring_vs_input,1042,2,2,2,0,0,,
CFA,ordering_vs_input,1043,3,3,3,0,0,,
CFA,structuring_vs_ordering,1043,3,3,3,0,0,,
CFA,structuring_vs_input,1043,3,3,3,0,0,,
CFA,ordering_vs_input,1044,1,1,1,0,0,,
CFA,structuring_vs_ordering,1044,1,1,1,0,0,,
CFA,structuring_vs_input,1044,1,1,1,0,0,,
CFA,ordering_vs_input,1045,5,4,4,1,0,mission,
CFA,structuring_vs_ordering,1045,4,4,4,0,0,,
CFA,structuring_vs_input,1045,5,4,4,1,0,mission,
CFA,ordering_vs_input,1046,1,1,1,0,0,,
CFA,structuring_vs_ordering,1046,1,1,1,0,0,,
CFA,structuring_vs_input,1046,1,1,1,0,0,,
CFA,ordering_vs_input,1047,7,7,7,0,0,,
CFA,structuring_vs_ordering,1047,7,7,7,0,0,,
CFA,structuring_vs_input,1047,7,7,7,0,0,,
CFA,ordering_vs_input,1048,4,4,4,0,0,,
CFA,structuring_vs_ordering,1048,4,4,4,0,0,,
CFA,structuring_vs_input,1048,4,4,4,0,0,,
CFA,ordering_vs_input,1049,2,2,2,0,0,,
CFA,structuring_vs_ordering,1049,2,2,2,0,0,,
CFA,structuring_vs_input,1049,2,2,2,0,0,,
CFA,ordering_vs_input,1050,6,5,5,1,0,icaoLocationIdentifier,
CFA,structuring_vs_ordering,1050,5,5,5,0,0,,
CFA,structuring_vs_input,1050,6,5,5,1,0,icaoLocationIdentifier,
CFA,ordering_vs_input,1051,3,3,3,0,0,,
CFA,structuring_vs_ordering,1051,3,3,3,0,0,,
CFA,structuring_vs_input,1051,3,3,3,0,0,,
CFA,ordering_vs_input,1052,2,2,2,0,0,,
CFA,structuring_vs_ordering,1052,2,2,2,0,0,,
CFA,structuring_vs_input,1052,2,2,2,0,0,,
CFA,ordering_vs_input,1053,4,4,4,0,0,,
CFA,structuring_vs_ordering,1053,4,4,4,0,0,,
CFA,structuring_vs_input,1053,4,4,4,0,0,,
CFA,ordering_vs_input,1054,3,3,3,0,0,,
CFA,structuring_vs_ordering,1054,3,3,3,0,0,,
CFA,structuring_vs_input,1054,3,3,3,0,0,,
CFA,ordering_vs_input,1055,1,1,1,0,0,,
CFA,structuring_vs_ordering,1055,1,1,1,0,0,,
CFA,structuring_vs_input,1055,1,1,1,0,0,,
CFA,ordering_vs_input,1056,3,3,3,0,0,,
CFA,structuring_vs_ordering,1056,3,3,3,0,0,,
CFA,structuring_vs_input,1056,3,3,3,0,0,,
CFA,ordering_vs_input,1057,4,3,3,1,0,producer,
CFA,structuring_vs_ordering,1057,3,3,3,0,0,,
CFA,structuring_vs_input,1057,4,3,3,1,0,producer,
CFA,ordering_vs_input,1058,1,1,1,0,0,,
CFA,structuring_vs_ordering,1058,1,1,1,0,0,,
CFA,structuring_vs_input,1058,1,1,1,0,0,,
CFA,ordering_vs_input,1059,4,4,4,0,0,,
CFA,structuring_vs_ordering,1059,4,4,4,0,0,,
CFA,structuring_vs_input,1059,4,4,4,0,0,,
CFA,ordering_vs_input,1060,1,1,1,0,0,,
CFA,structuring_vs_ordering,1060,1,1,1,0,0,,
CFA,structuring_vs_input,1060,1,1,1,0,0,,
CFA,ordering_vs_input,1061,2,2,2,0,0,,
CFA,structuring_vs_ordering,1061,2,2,2,0,0,,
CFA,structuring_vs_input,1061,2,2,2,0,0,,
CFA,ordering_vs_input,1062,1,1,1,0,0,,
CFA,structuring_vs_ordering,1062,1,1,1,0,0,,
CFA,structuring_vs_input,1062,1,1,1,0,0,,
CFA,ordering_vs_input,1063,3,2,2,1,0,producer,
CFA,structuring_vs_ordering,1063,2,2,2,0,0,,
CFA,structuring_vs_input,1063,3,2,2,1,0,producer,
CFA,ordering_vs_input,1064,2,2,2,0,0,,
CFA,structuring_vs_ordering,1064,2,2,2,0,0,,
CFA,structuring_vs_input,1064,2,2,2,0,0,,
CFA,ordering_vs_input,1065,1,1,1,0,0,,
CFA,structuring_vs_ordering,1065,1,1,1,0,0,,
CFA,structuring_vs_input,1065,1,1,1,0,0,,
CFA,ordering_vs_input,1066,6,5,5,1,0,country,
CFA,structuring_vs_ordering,1066,5,5,5,0,0,,
CFA,structuring_vs_input,1066,6,5,5,1,0,country,
CFA,ordering_vs_input,1067,6,6,6,0,0,,
CFA,structuring_vs_ordering,1067,6,6,6,0,0,,
CFA,structuring_vs_input,1067,6,6,6,0,0,,
CFA,ordering_vs_input,1068,4,4,4,0,0,,
CFA,structuring_vs_ordering,1068,4,4,4,0,0,,
CFA,structuring_vs_input,1068,4,4,4,0,0,,
CFA,ordering_vs_input,1069,4,3,3,1,0,writer,
CFA,structuring_vs_ordering,1069,3,3,3,0,0,,
CFA,structuring_vs_input,1069,4,3,3,1,0,writer,
CFA,ordering_vs_input,1070,3,3,3,0,0,,
CFA,structuring_vs_ordering,1070,3,3,3,0,0,,
CFA,structuring_vs_input,1070,3,3,3,0,0,,
CFA,ordering_vs_input,1071,2,2,2,0,0,,
CFA,structuring_vs_ordering,1071,2,2,2,0,0,,
CFA,structuring_vs_input,1071,2,2,2,0,0,,
CFA,ordering_vs_input,1072,5,5,5,0,0,,
CFA,structuring_vs_ordering,1072,5,5,5,0,0,,
CFA,structuring_vs_input,1072,5,5,5,0,0,,
CFA,ordering_vs_input,1073,1,1,1,0,0,,
CFA,structuring_vs_ordering,1073,1,1,1,0,0,,
CFA,structuring_vs_input,1073,1,1,1,0,0,,
CFA,ordering_vs_input,1074,6,4,4,2,0,artist | releaseDate,
CFA,structuring_vs_ordering,1074,4,4,4,0,0,,
CFA,structuring_vs_input,1074,6,4,4,2,0,artist | releaseDate,
CFA,ordering_vs_input,1075,4,2,2,2,0,citizenship | longName,
CFA,structuring_vs_ordering,1075,2,2,2,0,0,,
CFA,structuring_vs_input,1075,4,2,2,2,0,citizenship | longName,
CFA,ordering_vs_input,1076,2,2,2,0,0,,
CFA,structuring_vs_ordering,1076,2,2,2,0,0,,
CFA,structuring_vs_input,1076,2,2,2,0,0,,
CFA,ordering_vs_input,1077,1,1,1,0,0,,
CFA,structuring_vs_ordering,1077,1,1,1,0,0,,
CFA,structuring_vs_input,1077,1,1,1,0,0,,
CFA,ordering_vs_input,1078,2,2,2,0,0,,
CFA,structuring_vs_ordering,1078,2,2,2,0,0,,
CFA,structuring_vs_input,1078,2,2,2,0,0,,
CFA,ordering_vs_input,1079,2,2,2,0,0,,
CFA,structuring_vs_ordering,1079,2,2,2,0,0,,
CFA,structuring_vs_input,1079,2,2,2,0,0,,
CFA,ordering_vs_input,1080,1,1,1,0,0,,
CFA,structuring_vs_ordering,1080,1,1,1,0,0,,
CFA,structuring_vs_input,1080,1,1,1,0,0,,
CFA,ordering_vs_input,1081,1,1,1,0,0,,
CFA,structuring_vs_ordering,1081,1,1,1,0,0,,
CFA,structuring_vs_input,1081,1,1,1,0,0,,
CFA,ordering_vs_input,1082,1,1,1,0,0,,
CFA,structuring_vs_ordering,1082,1,1,1,0,0,,
CFA,structuring_vs_input,1082,1,1,1,0,0,,
CFA,ordering_vs_input,1083,3,3,3,0,0,,
CFA,structuring_vs_ordering,1083,3,3,3,0,0,,
CFA,structuring_vs_input,1083,3,3,3,0,0,,
CFA,ordering_vs_input,1084,4,4,4,0,0,,
CFA,structuring_vs_ordering,1084,4,4,4,0,0,,
CFA,structuring_vs_input,1084,4,4,4,0,0,,
CFA,ordering_vs_input,1085,4,3,3,1,0,training,
CFA,structuring_vs_ordering,1085,3,3,3,0,0,,
CFA,structuring_vs_input,1085,4,3,3,1,0,training,
CFA,ordering_vs_input,1086,6,6,6,0,0,,
CFA,structuring_vs_ordering,1086,6,6,6,0,0,,
CFA,structuring_vs_input,1086,6,6,6,0,0,,
CFA,ordering_vs_input,1087,3,3,3,0,0,,
CFA,structuring_vs_ordering,1087,3,3,3,0,0,,
CFA,structuring_vs_input,1087,3,3,3,0,0,,
CFA,ordering_vs_input,1088,1,1,1,0,0,,
CFA,structuring_vs_ordering,1088,1,1,1,0,0,,
CFA,structuring_vs_input,1088,1,1,1,0,0,,
CFA,ordering_vs_input,1089,7,7,7,0,0,,
CFA,structuring_vs_ordering,1089,7,7,7,0,0,,
CFA,structuring_vs_input,1089,7,7,7,0,0,,
CFA,ordering_vs_input,1090,1,1,1,0,0,,
CFA,structuring_vs_ordering,1090,1,1,1,0,0,,
CFA,structuring_vs_input,1090,1,1,1,0,0,,
CFA,ordering_vs_input,1091,2,2,2,0,0,,
CFA,structuring_vs_ordering,1091,2,2,2,0,0,,
CFA,structuring_vs_input,1091,2,2,2,0,0,,
CFA,ordering_vs_input,1092,3,3,3,0,0,,
CFA,structuring_vs_ordering,1092,3,3,3,0,0,,
CFA,structuring_vs_input,1092,3,3,3,0,0,,
CFA,ordering_vs_input,1093,5,5,5,0,0,,
CFA,structuring_vs_ordering,1093,5,5,5,0,0,,
CFA,structuring_vs_input,1093,5,5,5,0,0,,
CFA,ordering_vs_input,1094,3,3,3,0,0,,
CFA,structuring_vs_ordering,1094,3,3,3,0,0,,
CFA,structuring_vs_input,1094,3,3,3,0,0,,
CFA,ordering_vs_input,1095,3,3,3,0,0,,
CFA,structuring_vs_ordering,1095,3,3,3,0,0,,
CFA,structuring_vs_input,1095,3,3,3,0,0,,
CFA,ordering_vs_input,1096,1,1,1,0,0,,
CFA,structuring_vs_ordering,1096,1,1,1,0,0,,
CFA,structuring_vs_input,1096,1,1,1,0,0,,
CFA,ordering_vs_input,1097,3,2,2,1,0,type,
CFA,structuring_vs_ordering,1097,2,2,2,0,0,,
CFA,structuring_vs_input,1097,3,2,2,1,0,type,
CFA,ordering_vs_input,1098,5,5,5,0,0,,
CFA,structuring_vs_ordering,1098,5,5,5,0,0,,
CFA,structuring_vs_input,1098,5,5,5,0,0,,
CFA,ordering_vs_input,1099,2,2,2,0,0,,
CFA,structuring_vs_ordering,1099,2,2,2,0,0,,
CFA,structuring_vs_input,1099,2,2,2,0,0,,
CFA,ordering_vs_input,1100,7,7,7,0,0,,
CFA,structuring_vs_ordering,1100,7,7,7,0,0,,
CFA,structuring_vs_input,1100,7,7,7,0,0,,
CFA,ordering_vs_input,1101,4,4,4,0,0,,
CFA,structuring_vs_ordering,1101,4,4,4,0,0,,
CFA,structuring_vs_input,1101,4,4,4,0,0,,
CFA,ordering_vs_input,1102,3,3,3,0,0,,
CFA,structuring_vs_ordering,1102,3,3,3,0,0,,
CFA,structuring_vs_input,1102,3,3,3,0,0,,
CFA,ordering_vs_input,1103,2,2,2,0,0,,
CFA,structuring_vs_ordering,1103,2,2,2,0,0,,
CFA,structuring_vs_input,1103,2,2,2,0,0,,
CFA,ordering_vs_input,1104,1,1,1,0,0,,
CFA,structuring_vs_ordering,1104,1,1,1,0,0,,
CFA,structuring_vs_input,1104,1,1,1,0,0,,
CFA,ordering_vs_input,1105,2,2,2,0,0,,
CFA,structuring_vs_ordering,1105,2,2,2,0,0,,
CFA,structuring_vs_input,1105,2,2,2,0,0,,
CFA,ordering_vs_input,1106,3,2,2,1,0,professionalField,
CFA,structuring_vs_ordering,1106,2,2,2,0,0,,
CFA,structuring_vs_input,1106,3,2,2,1,0,professionalField,
CFA,ordering_vs_input,1107,5,5,5,0,0,,
CFA,structuring_vs_ordering,1107,5,5,5,0,0,,
CFA,structuring_vs_input,1107,5,5,5,0,0,,
CFA,ordering_vs_input,1108,1,1,1,0,0,,
CFA,structuring_vs_ordering,1108,1,1,1,0,0,,
CFA,structuring_vs_input,1108,1,1,1,0,0,,
CFA,ordering_vs_input,1109,3,3,3,0,0,,
CFA,structuring_vs_ordering,1109,3,3,3,0,0,,
CFA,structuring_vs_input,1109,3,3,3,0,0,,
CFA,ordering_vs_input,1110,5,1,1,4,0,producer | runtime | recordedIn | recordedIn,
CFA,structuring_vs_ordering,1110,1,1,1,0,0,,
CFA,structuring_vs_input,1110,5,1,1,4,0,producer | runtime | recordedIn | recordedIn,
CFA,ordering_vs_input,1111,5,5,5,0,0,,
CFA,structuring_vs_ordering,1111,5,5,5,0,0,,
CFA,structuring_vs_input,1111,5,5,5,0,0,,
CFA,ordering_vs_input,1112,2,2,2,0,0,,
CFA,structuring_vs_ordering,1112,2,2,2,0,0,,
CFA,structuring_vs_input,1112,2,2,2,0,0,,
CFA,ordering_vs_input,1113,1,1,1,0,0,,
CFA,structuring_vs_ordering,1113,1,1,1,0,0,,
CFA,structuring_vs_input,1113,1,1,1,0,0,,
CFA,ordering_vs_input,1114,4,3,3,1,0,type,
CFA,structuring_vs_ordering,1114,3,3,3,0,0,,
CFA,structuring_vs_input,1114,4,3,3,1,0,type,
CFA,ordering_vs_input,1115,3,1,1,2,0,artist | producer,
CFA,structuring_vs_ordering,1115,1,1,1,0,0,,
CFA,structuring_vs_input,1115,3,1,1,2,0,artist | producer,
CFA,ordering_vs_input,1116,4,4,4,0,0,,
CFA,structuring_vs_ordering,1116,4,4,4,0,0,,
CFA,structuring_vs_input,1116,4,4,4,0,0,,
CFA,ordering_vs_input,1117,4,4,4,0,0,,
CFA,structuring_vs_ordering,1117,4,4,4,0,0,,
CFA,structuring_vs_input,1117,4,4,4,0,0,,
CFA,ordering_vs_input,1118,1,1,1,0,0,,
CFA,structuring_vs_ordering,1118,1,1,1,0,0,,
CFA,structuring_vs_input,1118,1,1,1,0,0,,
CFA,ordering_vs_input,1119,1,1,1,0,0,,
CFA,structuring_vs_ordering,1119,1,1,1,0,0,,
CFA,structuring_vs_input,1119,1,1,1,0,0,,
CFA,ordering_vs_input,1120,1,1,1,0,0,,
CFA,structuring_vs_ordering,1120,1,1,1,0,0,,
CFA,structuring_vs_input,1120,1,1,1,0,0,,
CFA,ordering_vs_input,1121,2,2,2,0,0,,
CFA,structuring_vs_ordering,1121,2,2,2,0,0,,
CFA,structuring_vs_input,1121,2,2,2,0,0,,
CFA,ordering_vs_input,1122,1,1,1,0,0,,
CFA,structuring_vs_ordering,1122,1,1,1,0,0,,
CFA,structuring_vs_input,1122,1,1,1,0,0,,
CFA,ordering_vs_input,1123,3,3,3,0,0,,
CFA,structuring_vs_ordering,1123,3,3,3,0,0,,
CFA,structuring_vs_input,1123,3,3,3,0,0,,
CFA,ordering_vs_input,1124,5,5,5,0,0,,
CFA,structuring_vs_ordering,1124,5,5,5,0,0,,
CFA,structuring_vs_input,1124,5,5,5,0,0,,
CFA,ordering_vs_input,1125,1,1,1,0,0,,
CFA,structuring_vs_ordering,1125,1,1,1,0,0,,
CFA,structuring_vs_input,1125,1,1,1,0,0,,
CFA,ordering_vs_input,1126,3,3,3,0,0,,
CFA,structuring_vs_ordering,1126,3,3,3,0,0,,
CFA,structuring_vs_input,1126,3,3,3,0,0,,
CFA,ordering_vs_input,1127,7,7,7,0,0,,
CFA,structuring_vs_ordering,1127,7,7,7,0,0,,
CFA,structuring_vs_input,1127,7,7,7,0,0,,
CFA,ordering_vs_input,1128,3,3,3,0,0,,
CFA,structuring_vs_ordering,1128,3,3,3,0,0,,
CFA,structuring_vs_input,1128,3,3,3,0,0,,
CFA,ordering_vs_input,1129,3,3,3,0,0,,
CFA,structuring_vs_ordering,1129,3,3,3,0,0,,
CFA,structuring_vs_input,1129,3,3,3,0,0,,
CFA,ordering_vs_input,1130,3,1,1,2,0,writer | editing,
CFA,structuring_vs_ordering,1130,1,1,1,0,0,,
CFA,structuring_vs_input,1130,3,1,1,2,0,writer | editing,
CFA,ordering_vs_input,1131,4,4,4,0,0,,
CFA,structuring_vs_ordering,1131,4,4,4,0,0,,
CFA,structuring_vs_input,1131,4,4,4,0,0,,
CFA,ordering_vs_input,1132,2,2,2,0,0,,
CFA,structuring_vs_ordering,1132,2,2,2,0,0,,
CFA,structuring_vs_input,1132,2,2,2,0,0,,
CFA,ordering_vs_input,1133,4,3,3,1,0,citizenship,
CFA,structuring_vs_ordering,1133,3,3,3,0,0,,
CFA,structuring_vs_input,1133,4,3,3,1,0,citizenship,
CFA,ordering_vs_input,1134,2,2,2,0,0,,
CFA,structuring_vs_ordering,1134,2,2,2,0,0,,
CFA,structuring_vs_input,1134,2,2,2,0,0,,
CFA,ordering_vs_input,1135,2,2,2,0,0,,
CFA,structuring_vs_ordering,1135,2,2,2,0,0,,
CFA,structuring_vs_input,1135,2,2,2,0,0,,
CFA,ordering_vs_input,1136,2,1,1,1,0,writer,
CFA,structuring_vs_ordering,1136,1,1,1,0,0,,
CFA,structuring_vs_input,1136,2,1,1,1,0,writer,
CFA,ordering_vs_input,1137,1,1,1,0,0,,
CFA,structuring_vs_ordering,1137,1,1,1,0,0,,
CFA,structuring_vs_input,1137,1,1,1,0,0,,
CFA,ordering_vs_input,1138,4,4,4,0,0,,
CFA,structuring_vs_ordering,1138,4,4,4,0,0,,
CFA,structuring_vs_input,1138,4,4,4,0,0,,
CFA,ordering_vs_input,1139,1,1,1,0,0,,
CFA,structuring_vs_ordering,1139,1,1,1,0,0,,
CFA,structuring_vs_input,1139,1,1,1,0,0,,
CFA,ordering_vs_input,1140,1,1,1,0,0,,
CFA,structuring_vs_ordering,1140,1,1,1,0,0,,
CFA,structuring_vs_input,1140,1,1,1,0,0,,
CFA,ordering_vs_input,1141,1,1,1,0,0,,
CFA,structuring_vs_ordering,1141,1,1,1,0,0,,
CFA,structuring_vs_input,1141,1,1,1,0,0,,
CFA,ordering_vs_input,1142,4,4,4,0,0,,
CFA,structuring_vs_ordering,1142,4,4,4,0,0,,
CFA,structuring_vs_input,1142,4,4,4,0,0,,
CFA,ordering_vs_input,1143,4,4,4,0,0,,
CFA,structuring_vs_ordering,1143,4,4,4,0,0,,
CFA,structuring_vs_input,1143,4,4,4,0,0,,
CFA,ordering_vs_input,1144,4,4,4,0,0,,
CFA,structuring_vs_ordering,1144,4,4,4,0,0,,
CFA,structuring_vs_input,1144,4,4,4,0,0,,
CFA,ordering_vs_input,1145,6,5,5,1,0,icaoLocationIdentifier,
CFA,structuring_vs_ordering,1145,5,5,5,0,0,,
CFA,structuring_vs_input,1145,6,5,5,1,0,icaoLocationIdentifier,
CFA,ordering_vs_input,1146,4,4,4,0,0,,
CFA,structuring_vs_ordering,1146,4,4,4,0,0,,
CFA,structuring_vs_input,1146,4,4,4,0,0,,
CFA,ordering_vs_input,1147,1,1,1,0,0,,
CFA,structuring_vs_ordering,1147,1,1,1,0,0,,
CFA,structuring_vs_input,1147,1,1,1,0,0,,
CFA,ordering_vs_input,1148,2,2,2,0,0,,
CFA,structuring_vs_ordering,1148,2,2,2,0,0,,
CFA,structuring_vs_input,1148,2,2,2,0,0,,
CFA,ordering_vs_input,1149,1,1,1,0,0,,
CFA,structuring_vs_ordering,1149,1,1,1,0,0,,
CFA,structuring_vs_input,1149,1,1,1,0,0,,
CFA,ordering_vs_input,1150,4,3,3,1,0,city,
CFA,structuring_vs_ordering,1150,3,3,3,0,0,,
CFA,structuring_vs_input,1150,4,3,3,1,0,city,
CFA,ordering_vs_input,1151,3,3,3,0,0,,
CFA,structuring_vs_ordering,1151,3,3,3,0,0,,
CFA,structuring_vs_input,1151,3,3,3,0,0,,
CFA,ordering_vs_input,1152,3,3,3,0,0,,
CFA,structuring_vs_ordering,1152,3,3,3,0,0,,
CFA,structuring_vs_input,1152,3,3,3,0,0,,
CFA,ordering_vs_input,1153,4,2,2,2,0,writer | producer,
CFA,structuring_vs_ordering,1153,2,2,2,0,0,,
CFA,structuring_vs_input,1153,4,2,2,2,0,writer | producer,
CFA,ordering_vs_input,1154,3,3,3,0,0,,
CFA,structuring_vs_ordering,1154,3,3,3,0,0,,
CFA,structuring_vs_input,1154,3,3,3,0,0,,
CFA,ordering_vs_input,1155,3,3,3,0,0,,
CFA,structuring_vs_ordering,1155,3,3,3,0,0,,
CFA,structuring_vs_input,1155,3,3,3,0,0,,
CFA,ordering_vs_input,1156,7,7,7,0,0,,
CFA,structuring_vs_ordering,1156,7,7,7,0,0,,
CFA,structuring_vs_input,1156,7,7,7,0,0,,
CFA,ordering_vs_input,1157,1,1,1,0,0,,
CFA,structuring_vs_ordering,1157,1,1,1,0,0,,
CFA,structuring_vs_input,1157,1,1,1,0,0,,
CFA,ordering_vs_input,1158,5,5,5,0,0,,
CFA,structuring_vs_ordering,1158,5,5,5,0,0,,
CFA,structuring_vs_input,1158,5,5,5,0,0,,
CFA,ordering_vs_input,1159,5,5,5,0,0,,
CFA,structuring_vs_ordering,1159,5,5,5,0,0,,
CFA,structuring_vs_input,1159,5,5,5,0,0,,
CFA,ordering_vs_input,1160,2,2,2,0,0,,
CFA,structuring_vs_ordering,1160,2,2,2,0,0,,
CFA,structuring_vs_input,1160,2,2,2,0,0,,
CFA,ordering_vs_input,1161,6,5,5,1,0,cinematography,
CFA,structuring_vs_ordering,1161,5,5,5,0,0,,
CFA,structuring_vs_input,1161,6,5,5,1,0,cinematography,
CFA,ordering_vs_input,1162,2,2,2,0,0,,
CFA,structuring_vs_ordering,1162,2,2,2,0,0,,
CFA,structuring_vs_input,1162,2,2,2,0,0,,
CFA,ordering_vs_input,1163,3,3,3,0,0,,
CFA,structuring_vs_ordering,1163,3,3,3,0,0,,
CFA,structuring_vs_input,1163,3,3,3,0,0,,
CFA,ordering_vs_input,1164,3,3,3,0,0,,
CFA,structuring_vs_ordering,1164,3,3,3,0,0,,
CFA,structuring_vs_input,1164,3,3,3,0,0,,
CFA,ordering_vs_input,1165,1,1,1,0,0,,
CFA,structuring_vs_ordering,1165,1,1,1,0,0,,
CFA,structuring_vs_input,1165,1,1,1,0,0,,
CFA,ordering_vs_input,1166,1,1,1,0,0,,
CFA,structuring_vs_ordering,1166,1,1,1,0,0,,
CFA,structuring_vs_input,1166,1,1,1,0,0,,
CFA,ordering_vs_input,1167,2,2,2,0,0,,
CFA,structuring_vs_ordering,1167,2,2,2,0,0,,
CFA,structuring_vs_input,1167,2,2,2,0,0,,
CFA,ordering_vs_input,1168,4,4,4,0,0,,
CFA,structuring_vs_ordering,1168,4,4,4,0,0,,
CFA,structuring_vs_input,1168,4,4,4,0,0,,
CFA,ordering_vs_input,1169,4,4,4,0,0,,
CFA,structuring_vs_ordering,1169,4,4,4,0,0,,
CFA,structuring_vs_input,1169,4,4,4,0,0,,
CFA,ordering_vs_input,1170,5,5,5,0,0,,
CFA,structuring_vs_ordering,1170,5,5,5,0,0,,
CFA,structuring_vs_input,1170,5,5,5,0,0,,
CFA,ordering_vs_input,1171,2,2,2,0,0,,
CFA,structuring_vs_ordering,1171,2,2,2,0,0,,
CFA,structuring_vs_input,1171,2,2,2,0,0,,
CFA,ordering_vs_input,1172,3,2,2,1,0,training,
CFA,structuring_vs_ordering,1172,2,2,2,0,0,,
CFA,structuring_vs_input,1172,3,2,2,1,0,training,
CFA,ordering_vs_input,1173,2,2,2,0,0,,
CFA,structuring_vs_ordering,1173,2,2,2,0,0,,
CFA,structuring_vs_input,1173,2,2,2,0,0,,
CFA,ordering_vs_input,1174,7,6,6,1,0,citizenship,
CFA,structuring_vs_ordering,1174,6,6,6,0,0,,
CFA,structuring_vs_input,1174,7,6,6,1,0,citizenship,
CFA,ordering_vs_input,1175,4,4,4,0,0,,
CFA,structuring_vs_ordering,1175,4,4,4,0,0,,
CFA,structuring_vs_input,1175,4,4,4,0,0,,
CFA,ordering_vs_input,1176,1,1,1,0,0,,
CFA,structuring_vs_ordering,1176,1,1,1,0,0,,
CFA,structuring_vs_input,1176,1,1,1,0,0,,
CFA,ordering_vs_input,1177,5,5,5,0,0,,
CFA,structuring_vs_ordering,1177,5,5,5,0,0,,
CFA,structuring_vs_input,1177,5,5,5,0,0,,
CFA,ordering_vs_input,1178,1,1,1,0,0,,
CFA,structuring_vs_ordering,1178,1,1,1,0,0,,
CFA,structuring_vs_input,1178,1,1,1,0,0,,
CFA,ordering_vs_input,1179,4,4,4,0,0,,
CFA,structuring_vs_ordering,1179,4,4,4,0,0,,
CFA,structuring_vs_input,1179,4,4,4,0,0,,
CFA,ordering_vs_input,1180,1,1,1,0,0,,
CFA,structuring_vs_ordering,1180,1,1,1,0,0,,
CFA,structuring_vs_input,1180,1,1,1,0,0,,
CFA,ordering_vs_input,1181,2,2,2,0,0,,
CFA,structuring_vs_ordering,1181,2,2,2,0,0,,
CFA,structuring_vs_input,1181,2,2,2,0,0,,
CFA,ordering_vs_input,1182,1,1,1,0,0,,
CFA,structuring_vs_ordering,1182,1,1,1,0,0,,
CFA,structuring_vs_input,1182,1,1,1,0,0,,
CFA,ordering_vs_input,1183,4,4,4,0,0,,
CFA,structuring_vs_ordering,1183,4,4,4,0,0,,
CFA,structuring_vs_input,1183,4,4,4,0,0,,
CFA,ordering_vs_input,1184,1,1,1,0,0,,
CFA,structuring_vs_ordering,1184,1,1,1,0,0,,
CFA,structuring_vs_input,1184,1,1,1,0,0,,
CFA,ordering_vs_input,1185,7,4,4,3,0,writer | writer | producer,
CFA,structuring_vs_ordering,1185,4,4,4,0,0,,
CFA,structuring_vs_input,1185,7,4,4,3,0,writer | writer | producer,
CFA,ordering_vs_input,1186,5,4,4,1,0,city,
CFA,structuring_vs_ordering,1186,4,4,4,0,0,,
CFA,structuring_vs_input,1186,5,4,4,1,0,city,
CFA,ordering_vs_input,1187,4,4,4,0,0,,
CFA,structuring_vs_ordering,1187,4,4,4,0,0,,
CFA,structuring_vs_input,1187,4,4,4,0,0,,
CFA,ordering_vs_input,1188,3,3,3,0,0,,
CFA,structuring_vs_ordering,1188,3,3,3,0,0,,
CFA,structuring_vs_input,1188,3,3,3,0,0,,
CFA,ordering_vs_input,1189,3,3,3,0,0,,
CFA,structuring_vs_ordering,1189,3,3,3,0,0,,
CFA,structuring_vs_input,1189,3,3,3,0,0,,
CFA,ordering_vs_input,1190,1,1,1,0,0,,
CFA,structuring_vs_ordering,1190,1,1,1,0,0,,
CFA,structuring_vs_input,1190,1,1,1,0,0,,
CFA,ordering_vs_input,1191,3,3,3,0,0,,
CFA,structuring_vs_ordering,1191,3,3,3,0,0,,
CFA,structuring_vs_input,1191,3,3,3,0,0,,
CFA,ordering_vs_input,1192,1,1,1,0,0,,
CFA,structuring_vs_ordering,1192,1,1,1,0,0,,
CFA,structuring_vs_input,1192,1,1,1,0,0,,
CFA,ordering_vs_input,1193,2,2,2,0,0,,
CFA,structuring_vs_ordering,1193,2,2,2,0,0,,
CFA,structuring_vs_input,1193,2,2,2,0,0,,
CFA,ordering_vs_input,1194,1,1,1,0,0,,
CFA,structuring_vs_ordering,1194,1,1,1,0,0,,
CFA,structuring_vs_input,1194,1,1,1,0,0,,
CFA,ordering_vs_input,1195,3,1,1,2,0,professionalField | professionalField,
CFA,structuring_vs_ordering,1195,1,1,1,0,0,,
CFA,structuring_vs_input,1195,3,1,1,2,0,professionalField | professionalField,
CFA,ordering_vs_input,1196,2,2,2,0,0,,
CFA,structuring_vs_ordering,1196,2,2,2,0,0,,
CFA,structuring_vs_input,1196,2,2,2,0,0,,
CFA,ordering_vs_input,1197,4,4,4,0,0,,
CFA,structuring_vs_ordering,1197,4,4,4,0,0,,
CFA,structuring_vs_input,1197,4,4,4,0,0,,
CFA,ordering_vs_input,1198,1,1,1,0,0,,
CFA,structuring_vs_ordering,1198,1,1,1,0,0,,
CFA,structuring_vs_input,1198,1,1,1,0,0,,
CFA,ordering_vs_input,1199,1,1,1,0,0,,
CFA,structuring_vs_ordering,1199,1,1,1,0,0,,
CFA,structuring_vs_input,1199,1,1,1,0,0,,
CFA,ordering_vs_input,1200,7,5,5,2,0,location | city,
CFA,structuring_vs_ordering,1200,5,5,5,0,0,,
CFA,structuring_vs_input,1200,7,5,5,2,0,location | city,
CFA,ordering_vs_input,1201,3,3,3,0,0,,
CFA,structuring_vs_ordering,1201,3,3,3,0,0,,
CFA,structuring_vs_input,1201,3,3,3,0,0,,
CFA,ordering_vs_input,1202,1,1,1,0,0,,
CFA,structuring_vs_ordering,1202,1,1,1,0,0,,
CFA,structuring_vs_input,1202,1,1,1,0,0,,
CFA,ordering_vs_input,1203,2,2,2,0,0,,
CFA,structuring_vs_ordering,1203,2,2,2,0,0,,
CFA,structuring_vs_input,1203,2,2,2,0,0,,
CFA,ordering_vs_input,1204,1,1,1,0,0,,
CFA,structuring_vs_ordering,1204,1,1,1,0,0,,
CFA,structuring_vs_input,1204,1,1,1,0,0,,
CFA,ordering_vs_input,1205,5,4,4,1,0,professionalField,
CFA,structuring_vs_ordering,1205,4,4,4,0,0,,
CFA,structuring_vs_input,1205,5,4,4,1,0,professionalField,
CFA,ordering_vs_input,1206,1,1,1,0,0,,
CFA,structuring_vs_ordering,1206,1,1,1,0,0,,
CFA,structuring_vs_input,1206,1,1,1,0,0,,
CFA,ordering_vs_input,1207,1,1,1,0,0,,
CFA,structuring_vs_ordering,1207,1,1,1,0,0,,
CFA,structuring_vs_input,1207,1,1,1,0,0,,
CFA,ordering_vs_input,1208,2,2,2,0,0,,
CFA,structuring_vs_ordering,1208,2,2,2,0,0,,
CFA,structuring_vs_input,1208,2,2,2,0,0,,
CFA,ordering_vs_input,1209,4,4,4,0,0,,
CFA,structuring_vs_ordering,1209,4,4,4,0,0,,
CFA,structuring_vs_input,1209,4,4,4,0,0,,
CFA,ordering_vs_input,1210,1,1,1,0,0,,
CFA,structuring_vs_ordering,1210,1,1,1,0,0,,
CFA,structuring_vs_input,1210,1,1,1,0,0,,
CFA,ordering_vs_input,1211,5,4,4,1,0,city,
CFA,structuring_vs_ordering,1211,4,4,4,0,0,,
CFA,structuring_vs_input,1211,5,4,4,1,0,city,
CFA,ordering_vs_input,1212,6,6,6,0,0,,
CFA,structuring_vs_ordering,1212,6,6,6,0,0,,
CFA,structuring_vs_input,1212,6,6,6,0,0,,
CFA,ordering_vs_input,1213,4,3,3,1,0,industry,
CFA,structuring_vs_ordering,1213,3,3,3,0,0,,
CFA,structuring_vs_input,1213,4,3,3,1,0,industry,
CFA,ordering_vs_input,1214,2,2,2,0,0,,
CFA,structuring_vs_ordering,1214,2,2,2,0,0,,
CFA,structuring_vs_input,1214,2,2,2,0,0,,
CFA,ordering_vs_input,1215,1,1,1,0,0,,
CFA,structuring_vs_ordering,1215,1,1,1,0,0,,
CFA,structuring_vs_input,1215,1,1,1,0,0,,
CFA,ordering_vs_input,1216,2,2,2,0,0,,
CFA,structuring_vs_ordering,1216,2,2,2,0,0,,
CFA,structuring_vs_input,1216,2,2,2,0,0,,
CFA,ordering_vs_input,1217,3,3,3,0,0,,
CFA,structuring_vs_ordering,1217,3,3,3,0,0,,
CFA,structuring_vs_input,1217,3,3,3,0,0,,
CFA,ordering_vs_input,1218,1,1,1,0,0,,
CFA,structuring_vs_ordering,1218,1,1,1,0,0,,
CFA,structuring_vs_input,1218,1,1,1,0,0,,
CFA,ordering_vs_input,1219,3,3,3,0,0,,
CFA,structuring_vs_ordering,1219,3,3,3,0,0,,
CFA,structuring_vs_input,1219,3,3,3,0,0,,
CFA,ordering_vs_input,1220,2,2,2,0,0,,
CFA,structuring_vs_ordering,1220,2,2,2,0,0,,
CFA,structuring_vs_input,1220,2,2,2,0,0,,
CFA,ordering_vs_input,1221,2,2,2,0,0,,
CFA,structuring_vs_ordering,1221,2,2,2,0,0,,
CFA,structuring_vs_input,1221,2,2,2,0,0,,
CFA,ordering_vs_input,1222,4,3,3,1,0,professionalField,
CFA,structuring_vs_ordering,1222,3,3,3,0,0,,
CFA,structuring_vs_input,1222,4,3,3,1,0,professionalField,
CFA,ordering_vs_input,1223,3,3,3,0,0,,
CFA,structuring_vs_ordering,1223,3,3,3,0,0,,
CFA,structuring_vs_input,1223,3,3,3,0,0,,
CFA,ordering_vs_input,1224,2,1,1,1,0,writer,
CFA,structuring_vs_ordering,1224,1,1,1,0,0,,
CFA,structuring_vs_input,1224,2,1,1,1,0,writer,
CFA,ordering_vs_input,1225,2,2,2,0,0,,
CFA,structuring_vs_ordering,1225,2,2,2,0,0,,
CFA,structuring_vs_input,1225,2,2,2,0,0,,
CFA,ordering_vs_input,1226,3,3,3,0,0,,
CFA,structuring_vs_ordering,1226,3,3,3,0,0,,
CFA,structuring_vs_input,1226,3,3,3,0,0,,
CFA,ordering_vs_input,1227,2,2,2,0,0,,
CFA,structuring_vs_ordering,1227,2,2,2,0,0,,
CFA,structuring_vs_input,1227,2,2,2,0,0,,
CFA,ordering_vs_input,1228,5,5,5,0,0,,
CFA,structuring_vs_ordering,1228,5,5,5,0,0,,
CFA,structuring_vs_input,1228,5,5,5,0,0,,
CFA,ordering_vs_input,1229,2,2,2,0,0,,
CFA,structuring_vs_ordering,1229,2,2,2,0,0,,
CFA,structuring_vs_input,1229,2,2,2,0,0,,
CFA,ordering_vs_input,1230,6,5,5,1,0,knownFor,
CFA,structuring_vs_ordering,1230,5,5,5,0,0,,
CFA,structuring_vs_input,1230,6,5,5,1,0,knownFor,
CFA,ordering_vs_input,1231,7,6,6,1,0,city,
CFA,structuring_vs_ordering,1231,6,6,6,0,0,,
CFA,structuring_vs_input,1231,7,6,6,1,0,city,
CFA,ordering_vs_input,1232,3,3,3,0,0,,
CFA,structuring_vs_ordering,1232,3,3,3,0,0,,
CFA,structuring_vs_input,1232,3,3,3,0,0,,
CFA,ordering_vs_input,1233,2,2,2,0,0,,
CFA,structuring_vs_ordering,1233,2,2,2,0,0,,
CFA,structuring_vs_input,1233,2,2,2,0,0,,
CFA,ordering_vs_input,1234,3,3,3,0,0,,
CFA,structuring_vs_ordering,1234,3,3,3,0,0,,
CFA,structuring_vs_input,1234,3,3,3,0,0,,
CFA,ordering_vs_input,1235,1,1,1,0,0,,
CFA,structuring_vs_ordering,1235,1,1,1,0,0,,
CFA,structuring_vs_input,1235,1,1,1,0,0,,
CFA,ordering_vs_input,1236,4,4,4,0,0,,
CFA,structuring_vs_ordering,1236,4,4,4,0,0,,
CFA,structuring_vs_input,1236,4,4,4,0,0,,
CFA,ordering_vs_input,1237,4,4,4,0,0,,
CFA,structuring_vs_ordering,1237,4,4,4,0,0,,
CFA,structuring_vs_input,1237,4,4,4,0,0,,
CFA,ordering_vs_input,1238,1,1,1,0,0,,
CFA,structuring_vs_ordering,1238,1,1,1,0,0,,
CFA,structuring_vs_input,1238,1,1,1,0,0,,
CFA,ordering_vs_input,1239,1,1,1,0,0,,
CFA,structuring_vs_ordering,1239,1,1,1,0,0,,
CFA,structuring_vs_input,1239,1,1,1,0,0,,
CFA,ordering_vs_input,1240,2,2,2,0,0,,
CFA,structuring_vs_ordering,1240,2,2,2,0,0,,
CFA,structuring_vs_input,1240,2,2,2,0,0,,
CFA,ordering_vs_input,1241,3,1,1,2,0,citizenship | professionalField,
CFA,structuring_vs_ordering,1241,1,1,1,0,0,,
CFA,structuring_vs_input,1241,3,1,1,2,0,citizenship | professionalField,
CFA,ordering_vs_input,1242,4,4,4,0,0,,
CFA,structuring_vs_ordering,1242,4,4,4,0,0,,
CFA,structuring_vs_input,1242,4,4,4,0,0,,
CFA,ordering_vs_input,1243,3,3,3,0,0,,
CFA,structuring_vs_ordering,1243,3,3,3,0,0,,
CFA,structuring_vs_input,1243,3,3,3,0,0,,
CFA,ordering_vs_input,1244,6,3,3,3,0,writer | runtime | writer,
CFA,structuring_vs_ordering,1244,3,3,3,0,0,,
CFA,structuring_vs_input,1244,6,3,3,3,0,writer | runtime | writer,
CFA,ordering_vs_input,1245,3,3,3,0,0,,
CFA,structuring_vs_ordering,1245,3,3,3,0,0,,
CFA,structuring_vs_input,1245,3,3,3,0,0,,
CFA,ordering_vs_input,1246,2,2,2,0,0,,
CFA,structuring_vs_ordering,1246,2,2,2,0,0,,
CFA,structuring_vs_input,1246,2,2,2,0,0,,
CFA,ordering_vs_input,1247,4,4,4,0,0,,
CFA,structuring_vs_ordering,1247,4,4,4,0,0,,
CFA,structuring_vs_input,1247,4,4,4,0,0,,
CFA,ordering_vs_input,1248,4,4,4,0,0,,
CFA,structuring_vs_ordering,1248,4,4,4,0,0,,
CFA,structuring_vs_input,1248,4,4,4,0,0,,
CFA,ordering_vs_input,1249,1,1,1,0,0,,
CFA,structuring_vs_ordering,1249,1,1,1,0,0,,
CFA,structuring_vs_input,1249,1,1,1,0,0,,
CFA,ordering_vs_input,1250,5,4,4,1,0,editing,
CFA,structuring_vs_ordering,1250,4,4,4,0,0,,
CFA,structuring_vs_input,1250,5,4,4,1,0,editing,
CFA,ordering_vs_input,1251,4,3,3,1,0,office,
CFA,structuring_vs_ordering,1251,3,3,3,0,0,,
CFA,structuring_vs_input,1251,4,3,3,1,0,office,
CFA,ordering_vs_input,1252,2,2,2,0,0,,
CFA,structuring_vs_ordering,1252,2,2,2,0,0,,
CFA,structuring_vs_input,1252,2,2,2,0,0,,
CFA,ordering_vs_input,1253,7,7,7,0,0,,
CFA,structuring_vs_ordering,1253,7,7,7,0,0,,
CFA,structuring_vs_input,1253,7,7,7,0,0,,
CFA,ordering_vs_input,1254,4,3,3,1,0,netIncome,
CFA,structuring_vs_ordering,1254,3,3,3,0,0,,
CFA,structuring_vs_input,1254,4,3,3,1,0,netIncome,
CFA,ordering_vs_input,1255,3,3,3,0,0,,
CFA,structuring_vs_ordering,1255,3,3,3,0,0,,
CFA,structuring_vs_input,1255,3,3,3,0,0,,
CFA,ordering_vs_input,1256,3,2,2,1,0,training,
CFA,structuring_vs_ordering,1256,2,2,2,0,0,,
CFA,structuring_vs_input,1256,3,2,2,1,0,training,
CFA,ordering_vs_input,1257,1,1,1,0,0,,
CFA,structuring_vs_ordering,1257,1,1,1,0,0,,
CFA,structuring_vs_input,1257,1,1,1,0,0,,
CFA,ordering_vs_input,1258,1,1,1,0,0,,
CFA,structuring_vs_ordering,1258,1,1,1,0,0,,
CFA,structuring_vs_input,1258,1,1,1,0,0,,
CFA,ordering_vs_input,1259,3,3,3,0,0,,
CFA,structuring_vs_ordering,1259,3,3,3,0,0,,
CFA,structuring_vs_input,1259,3,3,3,0,0,,
CFA,ordering_vs_input,1260,5,3,3,2,0,industry | type,
CFA,structuring_vs_ordering,1260,3,3,3,0,0,,
CFA,structuring_vs_input,1260,5,3,3,2,0,industry | type,
CFA,ordering_vs_input,1261,1,1,1,0,0,,
CFA,structuring_vs_ordering,1261,1,1,1,0,0,,
CFA,structuring_vs_input,1261,1,1,1,0,0,,
CFA,ordering_vs_input,1262,1,1,1,0,0,,
CFA,structuring_vs_ordering,1262,1,1,1,0,0,,
CFA,structuring_vs_input,1262,1,1,1,0,0,,
CFA,ordering_vs_input,1263,2,2,2,0,0,,
CFA,structuring_vs_ordering,1263,2,2,2,0,0,,
CFA,structuring_vs_input,1263,2,2,2,0,0,,
CFA,ordering_vs_input,1264,3,3,3,0,0,,
CFA,structuring_vs_ordering,1264,3,3,3,0,0,,
CFA,structuring_vs_input,1264,3,3,3,0,0,,
CFA,ordering_vs_input,1265,3,2,2,1,0,type,
CFA,structuring_vs_ordering,1265,2,2,2,0,0,,
CFA,structuring_vs_input,1265,3,2,2,1,0,type,
CFA,ordering_vs_input,1266,5,5,5,0,0,,
CFA,structuring_vs_ordering,1266,5,5,5,0,0,,
CFA,structuring_vs_input,1266,5,5,5,0,0,,
CFA,ordering_vs_input,1267,4,4,4,0,0,,
CFA,structuring_vs_ordering,1267,4,4,4,0,0,,
CFA,structuring_vs_input,1267,4,4,4,0,0,,
CFA,ordering_vs_input,1268,6,6,6,0,0,,
CFA,structuring_vs_ordering,1268,6,6,6,0,0,,
CFA,structuring_vs_input,1268,6,6,6,0,0,,
CFA,ordering_vs_input,1269,2,2,2,0,0,,
CFA,structuring_vs_ordering,1269,2,2,2,0,0,,
CFA,structuring_vs_input,1269,2,2,2,0,0,,
CFA,ordering_vs_input,1270,3,3,3,0,0,,
CFA,structuring_vs_ordering,1270,3,3,3,0,0,,
CFA,structuring_vs_input,1270,3,3,3,0,0,,
CFA,ordering_vs_input,1271,2,2,2,0,0,,
CFA,structuring_vs_ordering,1271,2,2,2,0,0,,
CFA,structuring_vs_input,1271,2,2,2,0,0,,
CFA,ordering_vs_input,1272,1,1,1,0,0,,
CFA,structuring_vs_ordering,1272,1,1,1,0,0,,
CFA,structuring_vs_input,1272,1,1,1,0,0,,
CFA,ordering_vs_input,1273,5,5,5,0,0,,
CFA,structuring_vs_ordering,1273,5,5,5,0,0,,
CFA,structuring_vs_input,1273,5,5,5,0,0,,
CFA,ordering_vs_input,1274,3,3,3,0,0,,
CFA,structuring_vs_ordering,1274,3,3,3,0,0,,
CFA,structuring_vs_input,1274,3,3,3,0,0,,
CFA,ordering_vs_input,1275,4,4,4,0,0,,
CFA,structuring_vs_ordering,1275,4,4,4,0,0,,
CFA,structuring_vs_input,1275,4,4,4,0,0,,
CFA,ordering_vs_input,1276,4,2,2,2,0,citizenship | professionalField,
CFA,structuring_vs_ordering,1276,2,2,2,0,0,,
CFA,structuring_vs_input,1276,4,2,2,2,0,citizenship | professionalField,
CFA,ordering_vs_input,1277,1,1,1,0,0,,
CFA,structuring_vs_ordering,1277,1,1,1,0,0,,
CFA,structuring_vs_input,1277,1,1,1,0,0,,
CFA,ordering_vs_input,1278,4,4,4,0,0,,
CFA,structuring_vs_ordering,1278,4,4,4,0,0,,
CFA,structuring_vs_input,1278,4,4,4,0,0,,
CFA,ordering_vs_input,1279,5,5,5,0,0,,
CFA,structuring_vs_ordering,1279,5,5,5,0,0,,
CFA,structuring_vs_input,1279,5,5,5,0,0,,
CFA,ordering_vs_input,1280,2,2,2,0,0,,
CFA,structuring_vs_ordering,1280,2,2,2,0,0,,
CFA,structuring_vs_input,1280,2,2,2,0,0,,
CFA,ordering_vs_input,1281,6,6,6,0,0,,
CFA,structuring_vs_ordering,1281,6,6,6,0,0,,
CFA,structuring_vs_input,1281,6,6,6,0,0,,
CFA,ordering_vs_input,1282,1,1,1,0,0,,
CFA,structuring_vs_ordering,1282,1,1,1,0,0,,
CFA,structuring_vs_input,1282,1,1,1,0,0,,
CFA,ordering_vs_input,1283,1,1,1,0,0,,
CFA,structuring_vs_ordering,1283,1,1,1,0,0,,
CFA,structuring_vs_input,1283,1,1,1,0,0,,
CFA,ordering_vs_input,1284,1,1,1,0,0,,
CFA,structuring_vs_ordering,1284,1,1,1,0,0,,
CFA,structuring_vs_input,1284,1,1,1,0,0,,
CFA,ordering_vs_input,1285,3,3,3,0,0,,
CFA,structuring_vs_ordering,1285,3,3,3,0,0,,
CFA,structuring_vs_input,1285,3,3,3,0,0,,
CFA,ordering_vs_input,1286,1,1,1,0,0,,
CFA,structuring_vs_ordering,1286,1,1,1,0,0,,
CFA,structuring_vs_input,1286,1,1,1,0,0,,
CFA,ordering_vs_input,1287,7,7,7,0,0,,
CFA,structuring_vs_ordering,1287,7,7,7,0,0,,
CFA,structuring_vs_input,1287,7,7,7,0,0,,
CFA,ordering_vs_input,1288,2,2,2,0,0,,
CFA,structuring_vs_ordering,1288,2,2,2,0,0,,
CFA,structuring_vs_input,1288,2,2,2,0,0,,
CFA,ordering_vs_input,1289,2,2,2,0,0,,
CFA,structuring_vs_ordering,1289,2,2,2,0,0,,
CFA,structuring_vs_input,1289,2,2,2,0,0,,
CFA,ordering_vs_input,1290,1,1,1,0,0,,
CFA,structuring_vs_ordering,1290,1,1,1,0,0,,
CFA,structuring_vs_input,1290,1,1,1,0,0,,
CFA,ordering_vs_input,1291,2,2,2,0,0,,
CFA,structuring_vs_ordering,1291,2,2,2,0,0,,
CFA,structuring_vs_input,1291,2,2,2,0,0,,
CFA,ordering_vs_input,1292,5,5,5,0,0,,
CFA,structuring_vs_ordering,1292,5,5,5,0,0,,
CFA,structuring_vs_input,1292,5,5,5,0,0,,
CFA,ordering_vs_input,1293,3,1,1,2,0,professionalField | professionalField,
CFA,structuring_vs_ordering,1293,1,1,1,0,0,,
CFA,structuring_vs_input,1293,3,1,1,2,0,professionalField | professionalField,
CFA,ordering_vs_input,1294,1,1,1,0,0,,
CFA,structuring_vs_ordering,1294,1,1,1,0,0,,
CFA,structuring_vs_input,1294,1,1,1,0,0,,
CFA,ordering_vs_input,1295,1,1,1,0,0,,
CFA,structuring_vs_ordering,1295,1,1,1,0,0,,
CFA,structuring_vs_input,1295,1,1,1,0,0,,
CFA,ordering_vs_input,1296,5,4,4,1,0,type,
CFA,structuring_vs_ordering,1296,4,4,4,0,0,,
CFA,structuring_vs_input,1296,5,4,4,1,0,type,
CFA,ordering_vs_input,1297,4,3,3,1,0,type,
CFA,structuring_vs_ordering,1297,3,3,3,0,0,,
CFA,structuring_vs_input,1297,4,3,3,1,0,type,
CFA,ordering_vs_input,1298,2,2,2,0,0,,
CFA,structuring_vs_ordering,1298,2,2,2,0,0,,
CFA,structuring_vs_input,1298,2,2,2,0,0,,
CFA,ordering_vs_input,1299,5,5,5,0,0,,
CFA,structuring_vs_ordering,1299,5,5,5,0,0,,
CFA,structuring_vs_input,1299,5,5,5,0,0,,
CFA,ordering_vs_input,1300,4,4,4,0,0,,
CFA,structuring_vs_ordering,1300,4,4,4,0,0,,
CFA,structuring_vs_input,1300,4,4,4,0,0,,
CFA,ordering_vs_input,1301,5,5,5,0,0,,
CFA,structuring_vs_ordering,1301,5,5,5,0,0,,
CFA,structuring_vs_input,1301,5,5,5,0,0,,
CFA,ordering_vs_input,1302,3,3,3,0,0,,
CFA,structuring_vs_ordering,1302,3,3,3,0,0,,
CFA,structuring_vs_input,1302,3,3,3,0,0,,
CFA,ordering_vs_input,1303,1,1,1,0,0,,
CFA,structuring_vs_ordering,1303,1,1,1,0,0,,
CFA,structuring_vs_input,1303,1,1,1,0,0,,
CFA,ordering_vs_input,1304,3,3,3,0,0,,
CFA,structuring_vs_ordering,1304,3,3,3,0,0,,
CFA,structuring_vs_input,1304,3,3,3,0,0,,
CFA,ordering_vs_input,1305,7,6,6,1,0,tenant,
CFA,structuring_vs_ordering,1305,6,6,6,0,0,,
CFA,structuring_vs_input,1305,7,6,6,1,0,tenant,
CFA,ordering_vs_input,1306,3,3,3,0,0,,
CFA,structuring_vs_ordering,1306,3,3,3,0,0,,
CFA,structuring_vs_input,1306,3,3,3,0,0,,
CFA,ordering_vs_input,1307,1,1,1,0,0,,
CFA,structuring_vs_ordering,1307,1,1,1,0,0,,
CFA,structuring_vs_input,1307,1,1,1,0,0,,
CFA,ordering_vs_input,1308,2,2,2,0,0,,
CFA,structuring_vs_ordering,1308,2,2,2,0,0,,
CFA,structuring_vs_input,1308,2,2,2,0,0,,
CFA,ordering_vs_input,1309,3,3,3,0,0,,
CFA,structuring_vs_ordering,1309,3,3,3,0,0,,
CFA,structuring_vs_input,1309,3,3,3,0,0,,
CFA,ordering_vs_input,1310,1,1,1,0,0,,
CFA,structuring_vs_ordering,1310,1,1,1,0,0,,
CFA,structuring_vs_input,1310,1,1,1,0,0,,
CFA,ordering_vs_input,1311,1,1,1,0,0,,
CFA,structuring_vs_ordering,1311,1,1,1,0,0,,
CFA,structuring_vs_input,1311,1,1,1,0,0,,
CFA,ordering_vs_input,1312,4,1,1,3,0,industry | industry | type,
CFA,structuring_vs_ordering,1312,1,1,1,0,0,,
CFA,structuring_vs_input,1312,4,1,1,3,0,industry | industry | type,
CFA,ordering_vs_input,1313,2,2,2,0,0,,
CFA,structuring_vs_ordering,1313,2,2,2,0,0,,
CFA,structuring_vs_input,1313,2,2,2,0,0,,
CFA,ordering_vs_input,1314,3,3,3,0,0,,
CFA,structuring_vs_ordering,1314,3,3,3,0,0,,
CFA,structuring_vs_input,1314,3,3,3,0,0,,
CFA,ordering_vs_input,1315,5,5,5,0,0,,
CFA,structuring_vs_ordering,1315,5,5,5,0,0,,
CFA,structuring_vs_input,1315,5,5,5,0,0,,
CFA,ordering_vs_input,1316,1,1,1,0,0,,
CFA,structuring_vs_ordering,1316,1,1,1,0,0,,
CFA,structuring_vs_input,1316,1,1,1,0,0,,
CFA,ordering_vs_input,1317,6,6,6,0,0,,
CFA,structuring_vs_ordering,1317,6,6,6,0,0,,
CFA,structuring_vs_input,1317,6,6,6,0,0,,
CFA,ordering_vs_input,1318,4,4,4,0,0,,
CFA,structuring_vs_ordering,1318,4,4,4,0,0,,
CFA,structuring_vs_input,1318,4,4,4,0,0,,
CFA,ordering_vs_input,1319,5,5,5,0,0,,
CFA,structuring_vs_ordering,1319,5,5,5,0,0,,
CFA,structuring_vs_input,1319,5,5,5,0,0,,
CFA,ordering_vs_input,1320,5,4,4,1,0,ground,
CFA,structuring_vs_ordering,1320,4,4,4,0,0,,
CFA,structuring_vs_input,1320,5,4,4,1,0,ground,
CFA,ordering_vs_input,1321,3,3,3,0,0,,
CFA,structuring_vs_ordering,1321,3,3,3,0,0,,
CFA,structuring_vs_input,1321,3,3,3,0,0,,
CFA,ordering_vs_input,1322,1,1,1,0,0,,
CFA,structuring_vs_ordering,1322,1,1,1,0,0,,
CFA,structuring_vs_input,1322,1,1,1,0,0,,
CFA,ordering_vs_input,1323,7,7,7,0,0,,
CFA,structuring_vs_ordering,1323,7,7,7,0,0,,
CFA,structuring_vs_input,1323,7,7,7,0,0,,
CFA,ordering_vs_input,1324,1,1,1,0,0,,
CFA,structuring_vs_ordering,1324,1,1,1,0,0,,
CFA,structuring_vs_input,1324,1,1,1,0,0,,
CFA,ordering_vs_input,1325,5,3,3,2,0,editing | writer,
CFA,structuring_vs_ordering,1325,3,3,3,0,0,,
CFA,structuring_vs_input,1325,5,3,3,2,0,editing | writer,
CFA,ordering_vs_input,1326,1,1,1,0,0,,
CFA,structuring_vs_ordering,1326,1,1,1,0,0,,
CFA,structuring_vs_input,1326,1,1,1,0,0,,
CFA,ordering_vs_input,1327,4,4,4,0,0,,
CFA,structuring_vs_ordering,1327,4,4,4,0,0,,
CFA,structuring_vs_input,1327,4,4,4,0,0,,
CFA,ordering_vs_input,1328,3,1,1,2,0,producer | artist,
CFA,structuring_vs_ordering,1328,1,1,1,0,0,,
CFA,structuring_vs_input,1328,3,1,1,2,0,producer | artist,
CFA,ordering_vs_input,1329,4,4,4,0,0,,
CFA,structuring_vs_ordering,1329,4,4,4,0,0,,
CFA,structuring_vs_input,1329,4,4,4,0,0,,
CFA,ordering_vs_input,1330,5,5,5,0,0,,
CFA,structuring_vs_ordering,1330,5,5,5,0,0,,
CFA,structuring_vs_input,1330,5,5,5,0,0,,
CFA,ordering_vs_input,1331,1,1,1,0,0,,
CFA,structuring_vs_ordering,1331,1,1,1,0,0,,
CFA,structuring_vs_input,1331,1,1,1,0,0,,
CFA,ordering_vs_input,1332,3,2,2,1,0,type,
CFA,structuring_vs_ordering,1332,2,2,2,0,0,,
CFA,structuring_vs_input,1332,3,2,2,1,0,type,
CFA,ordering_vs_input,1333,3,3,3,0,0,,
CFA,structuring_vs_ordering,1333,3,3,3,0,0,,
CFA,structuring_vs_input,1333,3,3,3,0,0,,
CFA,ordering_vs_input,1334,4,1,1,3,0,producer | runtime | artist,
CFA,structuring_vs_ordering,1334,1,1,1,0,0,,
CFA,structuring_vs_input,1334,4,1,1,3,0,producer | runtime | artist,
CFA,ordering_vs_input,1335,3,1,1,2,0,producer | writer,
CFA,structuring_vs_ordering,1335,1,1,1,0,0,,
CFA,structuring_vs_input,1335,3,1,1,2,0,producer | writer,
CFA,ordering_vs_input,1336,4,4,4,0,0,,
CFA,structuring_vs_ordering,1336,4,4,4,0,0,,
CFA,structuring_vs_input,1336,4,4,4,0,0,,
CFA,ordering_vs_input,1337,1,1,1,0,0,,
CFA,structuring_vs_ordering,1337,1,1,1,0,0,,
CFA,structuring_vs_input,1337,1,1,1,0,0,,
CFA,ordering_vs_input,1338,2,2,2,0,0,,
CFA,structuring_vs_ordering,1338,2,2,2,0,0,,
CFA,structuring_vs_input,1338,2,2,2,0,0,,
CFA,ordering_vs_input,1339,5,4,4,1,0,longName,
CFA,structuring_vs_ordering,1339,4,4,4,0,0,,
CFA,structuring_vs_input,1339,5,4,4,1,0,longName,
CFA,ordering_vs_input,1340,5,5,5,0,0,,
CFA,structuring_vs_ordering,1340,5,5,5,0,0,,
CFA,structuring_vs_input,1340,5,5,5,0,0,,
CFA,ordering_vs_input,1341,1,1,1,0,0,,
CFA,structuring_vs_ordering,1341,1,1,1,0,0,,
CFA,structuring_vs_input,1341,1,1,1,0,0,,
CFA,ordering_vs_input,1342,1,1,1,0,0,,
CFA,structuring_vs_ordering,1342,1,1,1,0,0,,
CFA,structuring_vs_input,1342,1,1,1,0,0,,
CFA,ordering_vs_input,1343,1,1,1,0,0,,
CFA,structuring_vs_ordering,1343,1,1,1,0,0,,
CFA,structuring_vs_input,1343,1,1,1,0,0,,
CFA,ordering_vs_input,1344,5,5,5,0,0,,
CFA,structuring_vs_ordering,1344,5,5,5,0,0,,
CFA,structuring_vs_input,1344,5,5,5,0,0,,
CFA,ordering_vs_input,1345,3,3,3,0,0,,
CFA,structuring_vs_ordering,1345,3,3,3,0,0,,
CFA,structuring_vs_input,1345,3,3,3,0,0,,
CFA,ordering_vs_input,1346,3,3,3,0,0,,
CFA,structuring_vs_ordering,1346,3,3,3,0,0,,
CFA,structuring_vs_input,1346,3,3,3,0,0,,
CFA,ordering_vs_input,1347,2,2,2,0,0,,
CFA,structuring_vs_ordering,1347,2,2,2,0,0,,
CFA,structuring_vs_input,1347,2,2,2,0,0,,
CFA,ordering_vs_input,1348,2,2,2,0,0,,
CFA,structuring_vs_ordering,1348,2,2,2,0,0,,
CFA,structuring_vs_input,1348,2,2,2,0,0,,
CFA,ordering_vs_input,1349,5,4,4,1,0,professionalField,
CFA,structuring_vs_ordering,1349,4,4,4,0,0,,
CFA,structuring_vs_input,1349,5,4,4,1,0,professionalField,
CFA,ordering_vs_input,1350,1,1,1,0,0,,
CFA,structuring_vs_ordering,1350,1,1,1,0,0,,
CFA,structuring_vs_input,1350,1,1,1,0,0,,
CFA,ordering_vs_input,1351,1,1,1,0,0,,
CFA,structuring_vs_ordering,1351,1,1,1,0,0,,
CFA,structuring_vs_input,1351,1,1,1,0,0,,
CFA,ordering_vs_input,1352,4,3,3,1,0,citizenship,
CFA,structuring_vs_ordering,1352,3,3,3,0,0,,
CFA,structuring_vs_input,1352,4,3,3,1,0,citizenship,
CFA,ordering_vs_input,1353,4,4,4,0,0,,
CFA,structuring_vs_ordering,1353,4,4,4,0,0,,
CFA,structuring_vs_input,1353,4,4,4,0,0,,
CFA,ordering_vs_input,1354,2,2,2,0,0,,
CFA,structuring_vs_ordering,1354,2,2,2,0,0,,
CFA,structuring_vs_input,1354,2,2,2,0,0,,
CFA,ordering_vs_input,1355,1,1,1,0,0,,
CFA,structuring_vs_ordering,1355,1,1,1,0,0,,
CFA,structuring_vs_input,1355,1,1,1,0,0,,
CFA,ordering_vs_input,1356,1,1,1,0,0,,
CFA,structuring_vs_ordering,1356,1,1,1,0,0,,
CFA,structuring_vs_input,1356,1,1,1,0,0,,
CFA,ordering_vs_input,1357,3,3,3,0,0,,
CFA,structuring_vs_ordering,1357,3,3,3,0,0,,
CFA,structuring_vs_input,1357,3,3,3,0,0,,
CFA,ordering_vs_input,1358,4,4,4,0,0,,
CFA,structuring_vs_ordering,1358,4,4,4,0,0,,
CFA,structuring_vs_input,1358,4,4,4,0,0,,
CFA,ordering_vs_input,1359,4,4,4,0,0,,
CFA,structuring_vs_ordering,1359,4,4,4,0,0,,
CFA,structuring_vs_input,1359,4,4,4,0,0,,
CFA,ordering_vs_input,1360,6,6,6,0,0,,
CFA,structuring_vs_ordering,1360,6,6,6,0,0,,
CFA,structuring_vs_input,1360,6,6,6,0,0,,
CFA,ordering_vs_input,1361,4,3,3,1,0,professionalField,
CFA,structuring_vs_ordering,1361,3,3,3,0,0,,
CFA,structuring_vs_input,1361,4,3,3,1,0,professionalField,
CFA,ordering_vs_input,1362,5,5,5,0,0,,
CFA,structuring_vs_ordering,1362,5,5,5,0,0,,
CFA,structuring_vs_input,1362,5,5,5,0,0,,
CFA,ordering_vs_input,1363,3,3,3,0,0,,
CFA,structuring_vs_ordering,1363,3,3,3,0,0,,
CFA,structuring_vs_input,1363,3,3,3,0,0,,
CFA,ordering_vs_input,1364,7,4,4,3,0,editing | producer | writer,
CFA,structuring_vs_ordering,1364,4,4,4,0,0,,
CFA,structuring_vs_input,1364,7,4,4,3,0,editing | producer | writer,
CFA,ordering_vs_input,1365,1,1,1,0,0,,
CFA,structuring_vs_ordering,1365,1,1,1,0,0,,
CFA,structuring_vs_input,1365,1,1,1,0,0,,
CFA,ordering_vs_input,1366,3,3,3,0,0,,
CFA,structuring_vs_ordering,1366,3,3,3,0,0,,
CFA,structuring_vs_input,1366,3,3,3,0,0,,
CFA,ordering_vs_input,1367,2,2,2,0,0,,
CFA,structuring_vs_ordering,1367,2,2,2,0,0,,
CFA,structuring_vs_input,1367,2,2,2,0,0,,
CFA,ordering_vs_input,1368,5,5,5,0,0,,
CFA,structuring_vs_ordering,1368,5,5,5,0,0,,
CFA,structuring_vs_input,1368,5,5,5,0,0,,
CFA,ordering_vs_input,1369,2,2,2,0,0,,
CFA,structuring_vs_ordering,1369,2,2,2,0,0,,
CFA,structuring_vs_input,1369,2,2,2,0,0,,
CFA,ordering_vs_input,1370,3,3,3,0,0,,
CFA,structuring_vs_ordering,1370,3,3,3,0,0,,
CFA,structuring_vs_input,1370,3,3,3,0,0,,
CFA,ordering_vs_input,1371,1,1,1,0,0,,
CFA,structuring_vs_ordering,1371,1,1,1,0,0,,
CFA,structuring_vs_input,1371,1,1,1,0,0,,
CFA,ordering_vs_input,1372,4,3,3,1,0,industry,
CFA,structuring_vs_ordering,1372,3,3,3,0,0,,
CFA,structuring_vs_input,1372,4,3,3,1,0,industry,
CFA,ordering_vs_input,1373,1,1,1,0,0,,
CFA,structuring_vs_ordering,1373,1,1,1,0,0,,
CFA,structuring_vs_input,1373,1,1,1,0,0,,
CFA,ordering_vs_input,1374,1,1,1,0,0,,
CFA,structuring_vs_ordering,1374,1,1,1,0,0,,
CFA,structuring_vs_input,1374,1,1,1,0,0,,
CFA,ordering_vs_input,1375,5,5,5,0,0,,
CFA,structuring_vs_ordering,1375,5,5,5,0,0,,
CFA,structuring_vs_input,1375,5,5,5,0,0,,
CFA,ordering_vs_input,1376,6,6,6,0,0,,
CFA,structuring_vs_ordering,1376,6,6,6,0,0,,
CFA,structuring_vs_input,1376,6,6,6,0,0,,
CFA,ordering_vs_input,1377,6,4,4,2,0,editing | producer,
CFA,structuring_vs_ordering,1377,4,4,4,0,0,,
CFA,structuring_vs_input,1377,6,4,4,2,0,editing | producer,
CFA,ordering_vs_input,1378,5,2,2,3,0,editing | producer | writer,
CFA,structuring_vs_ordering,1378,2,2,2,0,0,,
CFA,structuring_vs_input,1378,5,2,2,3,0,editing | producer | writer,
CFA,ordering_vs_input,1379,2,2,2,0,0,,
CFA,structuring_vs_ordering,1379,2,2,2,0,0,,
CFA,structuring_vs_input,1379,2,2,2,0,0,,
CFA,ordering_vs_input,1380,4,4,4,0,0,,
CFA,structuring_vs_ordering,1380,4,4,4,0,0,,
CFA,structuring_vs_input,1380,4,4,4,0,0,,
CFA,ordering_vs_input,1381,6,6,6,0,0,,
CFA,structuring_vs_ordering,1381,6,6,6,0,0,,
CFA,structuring_vs_input,1381,6,6,6,0,0,,
CFA,ordering_vs_input,1382,5,4,4,1,0,staff,
CFA,structuring_vs_ordering,1382,4,4,4,0,0,,
CFA,structuring_vs_input,1382,5,4,4,1,0,staff,
CFA,ordering_vs_input,1383,3,3,3,0,0,,
CFA,structuring_vs_ordering,1383,3,3,3,0,0,,
CFA,structuring_vs_input,1383,3,3,3,0,0,,
CFA,ordering_vs_input,1384,1,1,1,0,0,,
CFA,structuring_vs_ordering,1384,1,1,1,0,0,,
CFA,structuring_vs_input,1384,1,1,1,0,0,,
CFA,ordering_vs_input,1385,3,3,3,0,0,,
CFA,structuring_vs_ordering,1385,3,3,3,0,0,,
CFA,structuring_vs_input,1385,3,3,3,0,0,,
CFA,ordering_vs_input,1386,2,2,2,0,0,,
CFA,structuring_vs_ordering,1386,2,2,2,0,0,,
CFA,structuring_vs_input,1386,2,2,2,0,0,,
CFA,ordering_vs_input,1387,3,2,2,1,0,knownFor,
CFA,structuring_vs_ordering,1387,2,2,2,0,0,,
CFA,structuring_vs_input,1387,3,2,2,1,0,knownFor,
CFA,ordering_vs_input,1388,1,1,1,0,0,,
CFA,structuring_vs_ordering,1388,1,1,1,0,0,,
CFA,structuring_vs_input,1388,1,1,1,0,0,,
CFA,ordering_vs_input,1389,1,1,1,0,0,,
CFA,structuring_vs_ordering,1389,1,1,1,0,0,,
CFA,structuring_vs_input,1389,1,1,1,0,0,,
CFA,ordering_vs_input,1390,2,2,2,0,0,,
CFA,structuring_vs_ordering,1390,2,2,2,0,0,,
CFA,structuring_vs_input,1390,2,2,2,0,0,,
CFA,ordering_vs_input,1391,4,3,3,1,0,city,
CFA,structuring_vs_ordering,1391,3,3,3,0,0,,
CFA,structuring_vs_input,1391,4,3,3,1,0,city,
CFA,ordering_vs_input,1392,1,1,1,0,0,,
CFA,structuring_vs_ordering,1392,1,1,1,0,0,,
CFA,structuring_vs_input,1392,1,1,1,0,0,,
CFA,ordering_vs_input,1393,7,7,7,0,0,,
CFA,structuring_vs_ordering,1393,7,7,7,0,0,,
CFA,structuring_vs_input,1393,7,7,7,0,0,,
CFA,ordering_vs_input,1394,4,3,3,1,0,citizenship,
CFA,structuring_vs_ordering,1394,3,3,3,0,0,,
CFA,structuring_vs_input,1394,4,3,3,1,0,citizenship,
CFA,ordering_vs_input,1395,1,1,1,0,0,,
CFA,structuring_vs_ordering,1395,1,1,1,0,0,,
CFA,structuring_vs_input,1395,1,1,1,0,0,,
CFA,ordering_vs_input,1396,1,1,1,0,0,,
CFA,structuring_vs_ordering,1396,1,1,1,0,0,,
CFA,structuring_vs_input,1396,1,1,1,0,0,,
CFA,ordering_vs_input,1397,3,3,3,0,0,,
CFA,structuring_vs_ordering,1397,3,3,3,0,0,,
CFA,structuring_vs_input,1397,3,3,3,0,0,,
CFA,ordering_vs_input,1398,3,3,3,0,0,,
CFA,structuring_vs_ordering,1398,3,3,3,0,0,,
CFA,structuring_vs_input,1398,3,3,3,0,0,,
CFA,ordering_vs_input,1399,7,6,6,1,0,city,
CFA,structuring_vs_ordering,1399,6,6,6,0,0,,
CFA,structuring_vs_input,1399,7,6,6,1,0,city,
CFA,ordering_vs_input,1400,7,6,6,1,0,status,
CFA,structuring_vs_ordering,1400,6,6,6,0,0,,
CFA,structuring_vs_input,1400,7,6,6,1,0,status,
CFA,ordering_vs_input,1401,7,4,4,3,0,artist | producer | runtime,
CFA,structuring_vs_ordering,1401,4,4,4,0,0,,
CFA,structuring_vs_input,1401,7,4,4,3,0,artist | producer | runtime,
CFA,ordering_vs_input,1402,4,4,4,0,0,,
CFA,structuring_vs_ordering,1402,4,4,4,0,0,,
CFA,structuring_vs_input,1402,4,4,4,0,0,,
CFA,ordering_vs_input,1403,3,3,3,0,0,,
CFA,structuring_vs_ordering,1403,3,3,3,0,0,,
CFA,structuring_vs_input,1403,3,3,3,0,0,,
CFA,ordering_vs_input,1404,1,1,1,0,0,,
CFA,structuring_vs_ordering,1404,1,1,1,0,0,,
CFA,structuring_vs_input,1404,1,1,1,0,0,,
CFA,ordering_vs_input,1405,1,1,1,0,0,,
CFA,structuring_vs_ordering,1405,1,1,1,0,0,,
CFA,structuring_vs_input,1405,1,1,1,0,0,,
CFA,ordering_vs_input,1406,3,3,3,0,0,,
CFA,structuring_vs_ordering,1406,3,3,3,0,0,,
CFA,structuring_vs_input,1406,3,3,3,0,0,,
CFA,ordering_vs_input,1407,4,4,4,0,0,,
CFA,structuring_vs_ordering,1407,4,4,4,0,0,,
CFA,structuring_vs_input,1407,4,4,4,0,0,,
CFA,ordering_vs_input,1408,2,2,2,0,0,,
CFA,structuring_vs_ordering,1408,2,2,2,0,0,,
CFA,structuring_vs_input,1408,2,2,2,0,0,,
CFA,ordering_vs_input,1409,2,2,2,0,0,,
CFA,structuring_vs_ordering,1409,2,2,2,0,0,,
CFA,structuring_vs_input,1409,2,2,2,0,0,,
CFA,ordering_vs_input,1410,5,5,5,0,0,,
CFA,structuring_vs_ordering,1410,5,5,5,0,0,,
CFA,structuring_vs_input,1410,5,5,5,0,0,,
CFA,ordering_vs_input,1411,1,1,1,0,0,,
CFA,structuring_vs_ordering,1411,1,1,1,0,0,,
CFA,structuring_vs_input,1411,1,1,1,0,0,,
CFA,ordering_vs_input,1412,2,1,1,1,0,producer,
CFA,structuring_vs_ordering,1412,1,1,1,0,0,,
CFA,structuring_vs_input,1412,2,1,1,1,0,producer,
CFA,ordering_vs_input,1413,2,2,2,0,0,,
CFA,structuring_vs_ordering,1413,2,2,2,0,0,,
CFA,structuring_vs_input,1413,2,2,2,0,0,,
CFA,ordering_vs_input,1414,1,1,1,0,0,,
CFA,structuring_vs_ordering,1414,1,1,1,0,0,,
CFA,structuring_vs_input,1414,1,1,1,0,0,,
CFA,ordering_vs_input,1415,3,3,3,0,0,,
CFA,structuring_vs_ordering,1415,3,3,3,0,0,,
CFA,structuring_vs_input,1415,3,3,3,0,0,,
CFA,ordering_vs_input,1416,2,2,2,0,0,,
CFA,structuring_vs_ordering,1416,2,2,2,0,0,,
CFA,structuring_vs_input,1416,2,2,2,0,0,,
CFA,ordering_vs_input,1417,2,2,2,0,0,,
CFA,structuring_vs_ordering,1417,2,2,2,0,0,,
CFA,structuring_vs_input,1417,2,2,2,0,0,,
CFA,ordering_vs_input,1418,3,3,3,0,0,,
CFA,structuring_vs_ordering,1418,3,3,3,0,0,,
CFA,structuring_vs_input,1418,3,3,3,0,0,,
CFA,ordering_vs_input,1419,2,2,2,0,0,,
CFA,structuring_vs_ordering,1419,2,2,2,0,0,,
CFA,structuring_vs_input,1419,2,2,2,0,0,,
CFA,ordering_vs_input,1420,3,3,3,0,0,,
CFA,structuring_vs_ordering,1420,3,3,3,0,0,,
CFA,structuring_vs_input,1420,3,3,3,0,0,,
CFA,ordering_vs_input,1421,5,5,5,0,0,,
CFA,structuring_vs_ordering,1421,5,5,5,0,0,,
CFA,structuring_vs_input,1421,5,5,5,0,0,,
CFA,ordering_vs_input,1422,2,2,2,0,0,,
CFA,structuring_vs_ordering,1422,2,2,2,0,0,,
CFA,structuring_vs_input,1422,2,2,2,0,0,,
CFA,ordering_vs_input,1423,4,4,4,0,0,,
CFA,structuring_vs_ordering,1423,4,4,4,0,0,,
CFA,structuring_vs_input,1423,4,4,4,0,0,,
CFA,ordering_vs_input,1424,1,1,1,0,0,,
CFA,structuring_vs_ordering,1424,1,1,1,0,0,,
CFA,structuring_vs_input,1424,1,1,1,0,0,,
CFA,ordering_vs_input,1425,6,6,6,0,0,,
CFA,structuring_vs_ordering,1425,6,6,6,0,0,,
CFA,structuring_vs_input,1425,6,6,6,0,0,,
CFA,ordering_vs_input,1426,6,3,3,3,0,editing | writer | gross,
CFA,structuring_vs_ordering,1426,3,3,3,0,0,,
CFA,structuring_vs_input,1426,6,3,3,3,0,editing | writer | gross,
CFA,ordering_vs_input,1427,2,2,2,0,0,,
CFA,structuring_vs_ordering,1427,2,2,2,0,0,,
CFA,structuring_vs_input,1427,2,2,2,0,0,,
CFA,ordering_vs_input,1428,4,4,4,0,0,,
CFA,structuring_vs_ordering,1428,4,4,4,0,0,,
CFA,structuring_vs_input,1428,4,4,4,0,0,,
CFA,ordering_vs_input,1429,7,7,7,0,0,,
CFA,structuring_vs_ordering,1429,7,7,7,0,0,,
CFA,structuring_vs_input,1429,7,7,7,0,0,,
CFA,ordering_vs_input,1430,3,3,3,0,0,,
CFA,structuring_vs_ordering,1430,3,3,3,0,0,,
CFA,structuring_vs_input,1430,3,3,3,0,0,,
CFA,ordering_vs_input,1431,2,2,2,0,0,,
CFA,structuring_vs_ordering,1431,2,2,2,0,0,,
CFA,structuring_vs_input,1431,2,2,2,0,0,,
CFA,ordering_vs_input,1432,4,3,3,1,0,artist,
CFA,structuring_vs_ordering,1432,3,3,3,0,0,,
CFA,structuring_vs_input,1432,4,3,3,1,0,artist,
CFA,ordering_vs_input,1433,2,2,2,0,0,,
CFA,structuring_vs_ordering,1433,2,2,2,0,0,,
CFA,structuring_vs_input,1433,2,2,2,0,0,,
CFA,ordering_vs_input,1434,6,5,5,1,0,citizenship,
CFA,structuring_vs_ordering,1434,5,5,5,0,0,,
CFA,structuring_vs_input,1434,6,5,5,1,0,citizenship,
CFA,ordering_vs_input,1435,3,3,3,0,0,,
CFA,structuring_vs_ordering,1435,3,3,3,0,0,,
CFA,structuring_vs_input,1435,3,3,3,0,0,,
CFA,ordering_vs_input,1436,2,2,2,0,0,,
CFA,structuring_vs_ordering,1436,2,2,2,0,0,,
CFA,structuring_vs_input,1436,2,2,2,0,0,,
CFA,ordering_vs_input,1437,5,3,3,2,0,writer | producer,
CFA,structuring_vs_ordering,1437,3,3,3,0,0,,
CFA,structuring_vs_input,1437,5,3,3,2,0,writer | producer,
CFA,ordering_vs_input,1438,4,4,4,0,0,,
CFA,structuring_vs_ordering,1438,4,4,4,0,0,,
CFA,structuring_vs_input,1438,4,4,4,0,0,,
CFA,ordering_vs_input,1439,2,2,2,0,0,,
CFA,structuring_vs_ordering,1439,2,2,2,0,0,,
CFA,structuring_vs_input,1439,2,2,2,0,0,,
CFA,ordering_vs_input,1440,3,3,3,0,0,,
CFA,structuring_vs_ordering,1440,3,3,3,0,0,,
CFA,structuring_vs_input,1440,3,3,3,0,0,,
CFA,ordering_vs_input,1441,1,1,1,0,0,,
CFA,structuring_vs_ordering,1441,1,1,1,0,0,,
CFA,structuring_vs_input,1441,1,1,1,0,0,,
CFA,ordering_vs_input,1442,3,3,3,0,0,,
CFA,structuring_vs_ordering,1442,3,3,3,0,0,,
CFA,structuring_vs_input,1442,3,3,3,0,0,,
CFA,ordering_vs_input,1443,2,2,2,0,0,,
CFA,structuring_vs_ordering,1443,2,2,2,0,0,,
CFA,structuring_vs_input,1443,2,2,2,0,0,,
CFA,ordering_vs_input,1444,2,2,2,0,0,,
CFA,structuring_vs_ordering,1444,2,2,2,0,0,,
CFA,structuring_vs_input,1444,2,2,2,0,0,,
CFA,ordering_vs_input,1445,1,1,1,0,0,,
CFA,structuring_vs_ordering,1445,1,1,1,0,0,,
CFA,structuring_vs_input,1445,1,1,1,0,0,,
CFA,ordering_vs_input,1446,4,4,4,0,0,,
CFA,structuring_vs_ordering,1446,4,4,4,0,0,,
CFA,structuring_vs_input,1446,4,4,4,0,0,,
CFA,ordering_vs_input,1447,2,1,1,1,0,writer,
CFA,structuring_vs_ordering,1447,1,1,1,0,0,,
CFA,structuring_vs_input,1447,2,1,1,1,0,writer,
CFA,ordering_vs_input,1448,1,1,1,0,0,,
CFA,structuring_vs_ordering,1448,1,1,1,0,0,,
CFA,structuring_vs_input,1448,1,1,1,0,0,,
CFA,ordering_vs_input,1449,4,4,4,0,0,,
CFA,structuring_vs_ordering,1449,4,4,4,0,0,,
CFA,structuring_vs_input,1449,4,4,4,0,0,,
CFA,ordering_vs_input,1450,6,6,6,0,0,,
CFA,structuring_vs_ordering,1450,6,6,6,0,0,,
CFA,structuring_vs_input,1450,6,6,6,0,0,,
CFA,ordering_vs_input,1451,6,5,5,1,0,cinematography,
CFA,structuring_vs_ordering,1451,5,5,5,0,0,,
CFA,structuring_vs_input,1451,6,5,5,1,0,cinematography,
CFA,ordering_vs_input,1452,2,2,2,0,0,,
CFA,structuring_vs_ordering,1452,2,2,2,0,0,,
CFA,structuring_vs_input,1452,2,2,2,0,0,,
CFA,ordering_vs_input,1453,1,1,1,0,0,,
CFA,structuring_vs_ordering,1453,1,1,1,0,0,,
CFA,structuring_vs_input,1453,1,1,1,0,0,,
CFA,ordering_vs_input,1454,5,5,5,0,0,,
CFA,structuring_vs_ordering,1454,5,5,5,0,0,,
CFA,structuring_vs_input,1454,5,5,5,0,0,,
CFA,ordering_vs_input,1455,6,2,2,4,0,producer | runtime | artist | type,
CFA,structuring_vs_ordering,1455,2,2,2,0,0,,
CFA,structuring_vs_input,1455,6,2,2,4,0,producer | runtime | artist | type,
CFA,ordering_vs_input,1456,3,3,3,0,0,,
CFA,structuring_vs_ordering,1456,3,3,3,0,0,,
CFA,structuring_vs_input,1456,3,3,3,0,0,,
CFA,ordering_vs_input,1457,1,1,1,0,0,,
CFA,structuring_vs_ordering,1457,1,1,1,0,0,,
CFA,structuring_vs_input,1457,1,1,1,0,0,,
CFA,ordering_vs_input,1458,5,5,5,0,0,,
CFA,structuring_vs_ordering,1458,5,5,5,0,0,,
CFA,structuring_vs_input,1458,5,5,5,0,0,,
CFA,ordering_vs_input,1459,1,1,1,0,0,,
CFA,structuring_vs_ordering,1459,1,1,1,0,0,,
CFA,structuring_vs_input,1459,1,1,1,0,0,,
CFA,ordering_vs_input,1460,4,4,4,0,0,,
CFA,structuring_vs_ordering,1460,4,4,4,0,0,,
CFA,structuring_vs_input,1460,4,4,4,0,0,,
CFA,ordering_vs_input,1461,2,2,2,0,0,,
CFA,structuring_vs_ordering,1461,2,2,2,0,0,,
CFA,structuring_vs_input,1461,2,2,2,0,0,,
CFA,ordering_vs_input,1462,5,5,5,0,0,,
CFA,structuring_vs_ordering,1462,5,5,5,0,0,,
CFA,structuring_vs_input,1462,5,5,5,0,0,,
CFA,ordering_vs_input,1463,3,3,3,0,0,,
CFA,structuring_vs_ordering,1463,3,3,3,0,0,,
CFA,structuring_vs_input,1463,3,3,3,0,0,,
CFA,ordering_vs_input,1464,7,7,7,0,0,,
CFA,structuring_vs_ordering,1464,7,7,7,0,0,,
CFA,structuring_vs_input,1464,7,7,7,0,0,,
CFA,ordering_vs_input,1465,5,4,4,1,0,professionalField,
CFA,structuring_vs_ordering,1465,4,4,4,0,0,,
CFA,structuring_vs_input,1465,5,4,4,1,0,professionalField,
CFA,ordering_vs_input,1466,1,1,1,0,0,,
CFA,structuring_vs_ordering,1466,1,1,1,0,0,,
CFA,structuring_vs_input,1466,1,1,1,0,0,,
CFA,ordering_vs_input,1467,4,4,4,0,0,,
CFA,structuring_vs_ordering,1467,4,4,4,0,0,,
CFA,structuring_vs_input,1467,4,4,4,0,0,,
CFA,ordering_vs_input,1468,3,3,3,0,0,,
CFA,structuring_vs_ordering,1468,3,3,3,0,0,,
CFA,structuring_vs_input,1468,3,3,3,0,0,,
CFA,ordering_vs_input,1469,6,6,6,0,0,,
CFA,structuring_vs_ordering,1469,6,6,6,0,0,,
CFA,structuring_vs_input,1469,6,6,6,0,0,,
CFA,ordering_vs_input,1470,2,2,2,0,0,,
CFA,structuring_vs_ordering,1470,2,2,2,0,0,,
CFA,structuring_vs_input,1470,2,2,2,0,0,,
CFA,ordering_vs_input,1471,3,1,1,2,0,editing | producer,
CFA,structuring_vs_ordering,1471,1,1,1,0,0,,
CFA,structuring_vs_input,1471,3,1,1,2,0,editing | producer,
CFA,ordering_vs_input,1472,3,3,3,0,0,,
CFA,structuring_vs_ordering,1472,3,3,3,0,0,,
CFA,structuring_vs_input,1472,3,3,3,0,0,,
CFA,ordering_vs_input,1473,2,2,2,0,0,,
CFA,structuring_vs_ordering,1473,2,2,2,0,0,,
CFA,structuring_vs_input,1473,2,2,2,0,0,,
CFA,ordering_vs_input,1474,2,1,1,1,0,professionalField,
CFA,structuring_vs_ordering,1474,1,1,1,0,0,,
CFA,structuring_vs_input,1474,2,1,1,1,0,professionalField,
CFA,ordering_vs_input,1475,1,1,1,0,0,,
CFA,structuring_vs_ordering,1475,1,1,1,0,0,,
CFA,structuring_vs_input,1475,1,1,1,0,0,,
CFA,ordering_vs_input,1476,4,4,4,0,0,,
CFA,structuring_vs_ordering,1476,4,4,4,0,0,,
CFA,structuring_vs_input,1476,4,4,4,0,0,,
CFA,ordering_vs_input,1477,1,1,1,0,0,,
CFA,structuring_vs_ordering,1477,1,1,1,0,0,,
CFA,structuring_vs_input,1477,1,1,1,0,0,,
CFA,ordering_vs_input,1478,6,6,6,0,0,,
CFA,structuring_vs_ordering,1478,6,6,6,0,0,,
CFA,structuring_vs_input,1478,6,6,6,0,0,,
CFA,ordering_vs_input,1479,4,4,4,0,0,,
CFA,structuring_vs_ordering,1479,4,4,4,0,0,,
CFA,structuring_vs_input,1479,4,4,4,0,0,,
CFA,ordering_vs_input,1480,6,5,5,1,0,location,
CFA,structuring_vs_ordering,1480,5,5,5,0,0,,
CFA,structuring_vs_input,1480,6,5,5,1,0,location,
CFA,ordering_vs_input,1481,2,2,2,0,0,,
CFA,structuring_vs_ordering,1481,2,2,2,0,0,,
CFA,structuring_vs_input,1481,2,2,2,0,0,,
CFA,ordering_vs_input,1482,3,3,3,0,0,,
CFA,structuring_vs_ordering,1482,3,3,3,0,0,,
CFA,structuring_vs_input,1482,3,3,3,0,0,,
CFA,ordering_vs_input,1483,1,1,1,0,0,,
CFA,structuring_vs_ordering,1483,1,1,1,0,0,,
CFA,structuring_vs_input,1483,1,1,1,0,0,,
CFA,ordering_vs_input,1484,5,5,5,0,0,,
CFA,structuring_vs_ordering,1484,5,5,5,0,0,,
CFA,structuring_vs_input,1484,5,5,5,0,0,,
CFA,ordering_vs_input,1485,1,1,1,0,0,,
CFA,structuring_vs_ordering,1485,1,1,1,0,0,,
CFA,structuring_vs_input,1485,1,1,1,0,0,,
CFA,ordering_vs_input,1486,5,5,5,0,0,,
CFA,structuring_vs_ordering,1486,5,5,5,0,0,,
CFA,structuring_vs_input,1486,5,5,5,0,0,,
CFA,ordering_vs_input,1487,5,5,5,0,0,,
CFA,structuring_vs_ordering,1487,5,5,5,0,0,,
CFA,structuring_vs_input,1487,5,5,5,0,0,,
CFA,ordering_vs_input,1488,1,1,1,0,0,,
CFA,structuring_vs_ordering,1488,1,1,1,0,0,,
CFA,structuring_vs_input,1488,1,1,1,0,0,,
CFA,ordering_vs_input,1489,1,1,1,0,0,,
CFA,structuring_vs_ordering,1489,1,1,1,0,0,,
CFA,structuring_vs_input,1489,1,1,1,0,0,,
CFA,ordering_vs_input,1490,1,1,1,0,0,,
CFA,structuring_vs_ordering,1490,1,1,1,0,0,,
CFA,structuring_vs_input,1490,1,1,1,0,0,,
CFA,ordering_vs_input,1491,2,2,2,0,0,,
CFA,structuring_vs_ordering,1491,2,2,2,0,0,,
CFA,structuring_vs_input,1491,2,2,2,0,0,,
CFA,ordering_vs_input,1492,7,7,7,0,0,,
CFA,structuring_vs_ordering,1492,7,7,7,0,0,,
CFA,structuring_vs_input,1492,7,7,7,0,0,,
CFA,ordering_vs_input,1493,3,3,3,0,0,,
CFA,structuring_vs_ordering,1493,3,3,3,0,0,,
CFA,structuring_vs_input,1493,3,3,3,0,0,,
CFA,ordering_vs_input,1494,5,5,5,0,0,,
CFA,structuring_vs_ordering,1494,5,5,5,0,0,,
CFA,structuring_vs_input,1494,5,5,5,0,0,,
CFA,ordering_vs_input,1495,3,3,3,0,0,,
CFA,structuring_vs_ordering,1495,3,3,3,0,0,,
CFA,structuring_vs_input,1495,3,3,3,0,0,,
CFA,ordering_vs_input,1496,1,1,1,0,0,,
CFA,structuring_vs_ordering,1496,1,1,1,0,0,,
CFA,structuring_vs_input,1496,1,1,1,0,0,,
CFA,ordering_vs_input,1497,4,4,4,0,0,,
CFA,structuring_vs_ordering,1497,4,4,4,0,0,,
CFA,structuring_vs_input,1497,4,4,4,0,0,,
CFA,ordering_vs_input,1498,2,2,2,0,0,,
CFA,structuring_vs_ordering,1498,2,2,2,0,0,,
CFA,structuring_vs_input,1498,2,2,2,0,0,,
CFA,ordering_vs_input,1499,6,6,6,0,0,,
CFA,structuring_vs_ordering,1499,6,6,6,0,0,,
CFA,structuring_vs_input,1499,6,6,6,0,0,,
CFA,ordering_vs_input,1500,7,7,7,0,0,,
CFA,structuring_vs_ordering,1500,7,7,7,0,0,,
CFA,structuring_vs_input,1500,7,7,7,0,0,,
CFA,ordering_vs_input,1501,1,1,1,0,0,,
CFA,structuring_vs_ordering,1501,1,1,1,0,0,,
CFA,structuring_vs_input,1501,1,1,1,0,0,,
CFA,ordering_vs_input,1502,4,4,4,0,0,,
CFA,structuring_vs_ordering,1502,4,4,4,0,0,,
CFA,structuring_vs_input,1502,4,4,4,0,0,,
CFA,ordering_vs_input,1503,7,5,5,2,0,staff | numberOfDoctoralStudents,
CFA,structuring_vs_ordering,1503,5,5,5,0,0,,
CFA,structuring_vs_input,1503,7,5,5,2,0,staff | numberOfDoctoralStudents,
CFA,ordering_vs_input,1504,2,2,2,0,0,,
CFA,structuring_vs_ordering,1504,2,2,2,0,0,,
CFA,structuring_vs_input,1504,2,2,2,0,0,,
CFA,ordering_vs_input,1505,3,3,3,0,0,,
CFA,structuring_vs_ordering,1505,3,3,3,0,0,,
CFA,structuring_vs_input,1505,3,3,3,0,0,,
CFA,ordering_vs_input,1506,2,2,2,0,0,,
CFA,structuring_vs_ordering,1506,2,2,2,0,0,,
CFA,structuring_vs_input,1506,2,2,2,0,0,,
CFA,ordering_vs_input,1507,3,3,3,0,0,,
CFA,structuring_vs_ordering,1507,3,3,3,0,0,,
CFA,structuring_vs_input,1507,3,3,3,0,0,,
CFA,ordering_vs_input,1508,3,3,3,0,0,,
CFA,structuring_vs_ordering,1508,3,3,3,0,0,,
CFA,structuring_vs_input,1508,3,3,3,0,0,,
CFA,ordering_vs_input,1509,2,2,2,0,0,,
CFA,structuring_vs_ordering,1509,2,2,2,0,0,,
CFA,structuring_vs_input,1509,2,2,2,0,0,,
CFA,ordering_vs_input,1510,1,1,1,0,0,,
CFA,structuring_vs_ordering,1510,1,1,1,0,0,,
CFA,structuring_vs_input,1510,1,1,1,0,0,,
CFA,ordering_vs_input,1511,2,2,2,0,0,,
CFA,structuring_vs_ordering,1511,2,2,2,0,0,,
CFA,structuring_vs_input,1511,2,2,2,0,0,,
CFA,ordering_vs_input,1512,2,2,2,0,0,,
CFA,structuring_vs_ordering,1512,2,2,2,0,0,,
CFA,structuring_vs_input,1512,2,2,2,0,0,,
CFA,ordering_vs_input,1513,5,5,5,0,0,,
CFA,structuring_vs_ordering,1513,5,5,5,0,0,,
CFA,structuring_vs_input,1513,5,5,5,0,0,,
CFA,ordering_vs_input,1514,6,5,5,1,0,type,
CFA,structuring_vs_ordering,1514,5,5,5,0,0,,
CFA,structuring_vs_input,1514,6,5,5,1,0,type,
CFA,ordering_vs_input,1515,4,4,4,0,0,,
CFA,structuring_vs_ordering,1515,4,4,4,0,0,,
CFA,structuring_vs_input,1515,4,4,4,0,0,,
CFA,ordering_vs_input,1516,3,2,2,1,0,training,
CFA,structuring_vs_ordering,1516,2,2,2,0,0,,
CFA,structuring_vs_input,1516,3,2,2,1,0,training,
CFA,ordering_vs_input,1517,4,4,4,0,0,,
CFA,structuring_vs_ordering,1517,4,4,4,0,0,,
CFA,structuring_vs_input,1517,4,4,4,0,0,,
CFA,ordering_vs_input,1518,2,2,2,0,0,,
CFA,structuring_vs_ordering,1518,2,2,2,0,0,,
CFA,structuring_vs_input,1518,2,2,2,0,0,,
CFA,ordering_vs_input,1519,3,2,2,1,0,professionalField,
CFA,structuring_vs_ordering,1519,2,2,2,0,0,,
CFA,structuring_vs_input,1519,3,2,2,1,0,professionalField,
CFA,ordering_vs_input,1520,3,2,2,1,0,producer,
CFA,structuring_vs_ordering,1520,2,2,2,0,0,,
CFA,structuring_vs_input,1520,3,2,2,1,0,producer,
CFA,ordering_vs_input,1521,5,5,5,0,0,,
CFA,structuring_vs_ordering,1521,5,5,5,0,0,,
CFA,structuring_vs_input,1521,5,5,5,0,0,,
CFA,ordering_vs_input,1522,3,3,3,0,0,,
CFA,structuring_vs_ordering,1522,3,3,3,0,0,,
CFA,structuring_vs_input,1522,3,3,3,0,0,,
CFA,ordering_vs_input,1523,4,4,4,0,0,,
CFA,structuring_vs_ordering,1523,4,4,4,0,0,,
CFA,structuring_vs_input,1523,4,4,4,0,0,,
CFA,ordering_vs_input,1524,7,7,7,0,0,,
CFA,structuring_vs_ordering,1524,7,7,7,0,0,,
CFA,structuring_vs_input,1524,7,7,7,0,0,,
CFA,ordering_vs_input,1525,2,2,2,0,0,,
CFA,structuring_vs_ordering,1525,2,2,2,0,0,,
CFA,structuring_vs_input,1525,2,2,2,0,0,,
CFA,ordering_vs_input,1526,5,4,4,1,0,icaoLocationIdentifier,
CFA,structuring_vs_ordering,1526,4,4,4,0,0,,
CFA,structuring_vs_input,1526,5,4,4,1,0,icaoLocationIdentifier,
CFA,ordering_vs_input,1527,1,1,1,0,0,,
CFA,structuring_vs_ordering,1527,1,1,1,0,0,,
CFA,structuring_vs_input,1527,1,1,1,0,0,,
CFA,ordering_vs_input,1528,1,1,1,0,0,,
CFA,structuring_vs_ordering,1528,1,1,1,0,0,,
CFA,structuring_vs_input,1528,1,1,1,0,0,,
CFA,ordering_vs_input,1529,2,2,2,0,0,,
CFA,structuring_vs_ordering,1529,2,2,2,0,0,,
CFA,structuring_vs_input,1529,2,2,2,0,0,,
CFA,ordering_vs_input,1530,4,4,4,0,0,,
CFA,structuring_vs_ordering,1530,4,4,4,0,0,,
CFA,structuring_vs_input,1530,4,4,4,0,0,,
CFA,ordering_vs_input,1531,6,6,6,0,0,,
CFA,structuring_vs_ordering,1531,6,6,6,0,0,,
CFA,structuring_vs_input,1531,6,6,6,0,0,,
CFA,ordering_vs_input,1532,3,2,2,1,0,industry,
CFA,structuring_vs_ordering,1532,2,2,2,0,0,,
CFA,structuring_vs_input,1532,3,2,2,1,0,industry,
CFA,ordering_vs_input,1533,1,1,1,0,0,,
CFA,structuring_vs_ordering,1533,1,1,1,0,0,,
CFA,structuring_vs_input,1533,1,1,1,0,0,,
CFA,ordering_vs_input,1534,3,3,3,0,0,,
CFA,structuring_vs_ordering,1534,3,3,3,0,0,,
CFA,structuring_vs_input,1534,3,3,3,0,0,,
CFA,ordering_vs_input,1535,2,2,2,0,0,,
CFA,structuring_vs_ordering,1535,2,2,2,0,0,,
CFA,structuring_vs_input,1535,2,2,2,0,0,,
CFA,ordering_vs_input,1536,2,2,2,0,0,,
CFA,structuring_vs_ordering,1536,2,2,2,0,0,,
CFA,structuring_vs_input,1536,2,2,2,0,0,,
CFA,ordering_vs_input,1537,5,4,4,1,0,editing,
CFA,structuring_vs_ordering,1537,4,4,4,0,0,,
CFA,structuring_vs_input,1537,5,4,4,1,0,editing,
CFA,ordering_vs_input,1538,1,1,1,0,0,,
CFA,structuring_vs_ordering,1538,1,1,1,0,0,,
CFA,structuring_vs_input,1538,1,1,1,0,0,,
CFA,ordering_vs_input,1539,1,1,1,0,0,,
CFA,structuring_vs_ordering,1539,1,1,1,0,0,,
CFA,structuring_vs_input,1539,1,1,1,0,0,,
CFA,ordering_vs_input,1540,4,4,4,0,0,,
CFA,structuring_vs_ordering,1540,4,4,4,0,0,,
CFA,structuring_vs_input,1540,4,4,4,0,0,,
CFA,ordering_vs_input,1541,2,2,2,0,0,,
CFA,structuring_vs_ordering,1541,2,2,2,0,0,,
CFA,structuring_vs_input,1541,2,2,2,0,0,,
CFA,ordering_vs_input,1542,6,4,4,2,0,citizenship | professionalField,
CFA,structuring_vs_ordering,1542,4,4,4,0,0,,
CFA,structuring_vs_input,1542,6,4,4,2,0,citizenship | professionalField,
CFA,ordering_vs_input,1543,3,3,3,0,0,,
CFA,structuring_vs_ordering,1543,3,3,3,0,0,,
CFA,structuring_vs_input,1543,3,3,3,0,0,,
CFA,ordering_vs_input,1544,6,5,5,1,0,professionalField,
CFA,structuring_vs_ordering,1544,5,5,5,0,0,,
CFA,structuring_vs_input,1544,6,5,5,1,0,professionalField,
CFA,ordering_vs_input,1545,4,4,4,0,0,,
CFA,structuring_vs_ordering,1545,4,4,4,0,0,,
CFA,structuring_vs_input,1545,4,4,4,0,0,,
CFA,ordering_vs_input,1546,1,1,1,0,0,,
CFA,structuring_vs_ordering,1546,1,1,1,0,0,,
CFA,structuring_vs_input,1546,1,1,1,0,0,,
CFA,ordering_vs_input,1547,2,2,2,0,0,,
CFA,structuring_vs_ordering,1547,2,2,2,0,0,,
CFA,structuring_vs_input,1547,2,2,2,0,0,,
CFA,ordering_vs_input,1548,1,1,1,0,0,,
CFA,structuring_vs_ordering,1548,1,1,1,0,0,,
CFA,structuring_vs_input,1548,1,1,1,0,0,,
CFA,ordering_vs_input,1549,3,2,2,1,0,icaoLocationIdentifier,
CFA,structuring_vs_ordering,1549,2,2,2,0,0,,
CFA,structuring_vs_input,1549,3,2,2,1,0,icaoLocationIdentifier,
CFA,ordering_vs_input,1550,2,2,2,0,0,,
CFA,structuring_vs_ordering,1550,2,2,2,0,0,,
CFA,structuring_vs_input,1550,2,2,2,0,0,,
CFA,ordering_vs_input,1551,3,3,3,0,0,,
CFA,structuring_vs_ordering,1551,3,3,3,0,0,,
CFA,structuring_vs_input,1551,3,3,3,0,0,,
CFA,ordering_vs_input,1552,7,7,7,0,0,,
CFA,structuring_vs_ordering,1552,7,7,7,0,0,,
CFA,structuring_vs_input,1552,7,7,7,0,0,,
CFA,ordering_vs_input,1553,4,3,3,1,0,producer,
CFA,structuring_vs_ordering,1553,3,3,3,0,0,,
CFA,structuring_vs_input,1553,4,3,3,1,0,producer,
CFA,ordering_vs_input,1554,4,4,4,0,0,,
CFA,structuring_vs_ordering,1554,4,4,4,0,0,,
CFA,structuring_vs_input,1554,4,4,4,0,0,,
CFA,ordering_vs_input,1555,6,4,4,2,0,producer | artist,
CFA,structuring_vs_ordering,1555,4,4,4,0,0,,
CFA,structuring_vs_input,1555,6,4,4,2,0,producer | artist,
CFA,ordering_vs_input,1556,5,5,5,0,0,,
CFA,structuring_vs_ordering,1556,5,5,5,0,0,,
CFA,structuring_vs_input,1556,5,5,5,0,0,,
CFA,ordering_vs_input,1557,4,4,4,0,0,,
CFA,structuring_vs_ordering,1557,4,4,4,0,0,,
CFA,structuring_vs_input,1557,4,4,4,0,0,,
CFA,ordering_vs_input,1558,5,4,4,1,0,producer,
CFA,structuring_vs_ordering,1558,4,4,4,0,0,,
CFA,structuring_vs_input,1558,5,4,4,1,0,producer,
CFA,ordering_vs_input,1559,5,3,3,2,0,training | professionalField,
CFA,structuring_vs_ordering,1559,3,3,3,0,0,,
CFA,structuring_vs_input,1559,5,3,3,2,0,training | professionalField,
CFA,ordering_vs_input,1560,2,2,2,0,0,,
CFA,structuring_vs_ordering,1560,2,2,2,0,0,,
CFA,structuring_vs_input,1560,2,2,2,0,0,,
CFA,ordering_vs_input,1561,1,1,1,0,0,,
CFA,structuring_vs_ordering,1561,1,1,1,0,0,,
CFA,structuring_vs_input,1561,1,1,1,0,0,,
CFA,ordering_vs_input,1562,5,4,4,1,0,citizenship,
CFA,structuring_vs_ordering,1562,4,4,4,0,0,,
CFA,structuring_vs_input,1562,5,4,4,1,0,citizenship,
CFA,ordering_vs_input,1563,5,5,5,0,0,,
CFA,structuring_vs_ordering,1563,5,5,5,0,0,,
CFA,structuring_vs_input,1563,5,5,5,0,0,,
CFA,ordering_vs_input,1564,3,3,3,0,0,,
CFA,structuring_vs_ordering,1564,3,3,3,0,0,,
CFA,structuring_vs_input,1564,3,3,3,0,0,,
CFA,ordering_vs_input,1565,2,1,1,1,0,writer,
CFA,structuring_vs_ordering,1565,1,1,1,0,0,,
CFA,structuring_vs_input,1565,2,1,1,1,0,writer,
CFA,ordering_vs_input,1566,2,2,2,0,0,,
CFA,structuring_vs_ordering,1566,2,2,2,0,0,,
CFA,structuring_vs_input,1566,2,2,2,0,0,,
CFA,ordering_vs_input,1567,1,1,1,0,0,,
CFA,structuring_vs_ordering,1567,1,1,1,0,0,,
CFA,structuring_vs_input,1567,1,1,1,0,0,,
CFA,ordering_vs_input,1568,3,3,3,0,0,,
CFA,structuring_vs_ordering,1568,3,3,3,0,0,,
CFA,structuring_vs_input,1568,3,3,3,0,0,,
CFA,ordering_vs_input,1569,3,3,3,0,0,,
CFA,structuring_vs_ordering,1569,3,3,3,0,0,,
CFA,structuring_vs_input,1569,3,3,3,0,0,,
CFA,ordering_vs_input,1570,1,1,1,0,0,,
CFA,structuring_vs_ordering,1570,1,1,1,0,0,,
CFA,structuring_vs_input,1570,1,1,1,0,0,,
CFA,ordering_vs_input,1571,6,6,6,0,0,,
CFA,structuring_vs_ordering,1571,6,6,6,0,0,,
CFA,structuring_vs_input,1571,6,6,6,0,0,,
CFA,ordering_vs_input,1572,3,2,2,1,0,producer,
CFA,structuring_vs_ordering,1572,2,2,2,0,0,,
CFA,structuring_vs_input,1572,3,2,2,1,0,producer,
CFA,ordering_vs_input,1573,4,4,4,0,0,,
CFA,structuring_vs_ordering,1573,4,4,4,0,0,,
CFA,structuring_vs_input,1573,4,4,4,0,0,,
CFA,ordering_vs_input,1574,4,4,4,0,0,,
CFA,structuring_vs_ordering,1574,4,4,4,0,0,,
CFA,structuring_vs_input,1574,4,4,4,0,0,,
CFA,ordering_vs_input,1575,6,6,6,0,0,,
CFA,structuring_vs_ordering,1575,6,6,6,0,0,,
CFA,structuring_vs_input,1575,6,6,6,0,0,,
CFA,ordering_vs_input,1576,1,1,1,0,0,,
CFA,structuring_vs_ordering,1576,1,1,1,0,0,,
CFA,structuring_vs_input,1576,1,1,1,0,0,,
CFA,ordering_vs_input,1577,1,1,1,0,0,,
CFA,structuring_vs_ordering,1577,1,1,1,0,0,,
CFA,structuring_vs_input,1577,1,1,1,0,0,,
CFA,ordering_vs_input,1578,4,4,4,0,0,,
CFA,structuring_vs_ordering,1578,4,4,4,0,0,,
CFA,structuring_vs_input,1578,4,4,4,0,0,,
CFA,ordering_vs_input,1579,1,1,1,0,0,,
CFA,structuring_vs_ordering,1579,1,1,1,0,0,,
CFA,structuring_vs_input,1579,1,1,1,0,0,,
CFA,ordering_vs_input,1580,3,3,3,0,0,,
CFA,structuring_vs_ordering,1580,3,3,3,0,0,,
CFA,structuring_vs_input,1580,3,3,3,0,0,,
CFA,ordering_vs_input,1581,3,3,3,0,0,,
CFA,structuring_vs_ordering,1581,3,3,3,0,0,,
CFA,structuring_vs_input,1581,3,3,3,0,0,,
CFA,ordering_vs_input,1582,4,3,3,1,0,professionalField,
CFA,structuring_vs_ordering,1582,3,3,3,0,0,,
CFA,structuring_vs_input,1582,4,3,3,1,0,professionalField,
CFA,ordering_vs_input,1583,4,2,2,2,0,recordedIn | recordedIn,
CFA,structuring_vs_ordering,1583,2,2,2,0,0,,
CFA,structuring_vs_input,1583,4,2,2,2,0,recordedIn | recordedIn,
CFA,ordering_vs_input,1584,2,2,2,0,0,,
CFA,structuring_vs_ordering,1584,2,2,2,0,0,,
CFA,structuring_vs_input,1584,2,2,2,0,0,,
CFA,ordering_vs_input,1585,1,1,1,0,0,,
CFA,structuring_vs_ordering,1585,1,1,1,0,0,,
CFA,structuring_vs_input,1585,1,1,1,0,0,,
CFA,ordering_vs_input,1586,2,2,2,0,0,,
CFA,structuring_vs_ordering,1586,2,2,2,0,0,,
CFA,structuring_vs_input,1586,2,2,2,0,0,,
CFA,ordering_vs_input,1587,3,3,3,0,0,,
CFA,structuring_vs_ordering,1587,3,3,3,0,0,,
CFA,structuring_vs_input,1587,3,3,3,0,0,,
CFA,ordering_vs_input,1588,2,2,2,0,0,,
CFA,structuring_vs_ordering,1588,2,2,2,0,0,,
CFA,structuring_vs_input,1588,2,2,2,0,0,,
CFA,ordering_vs_input,1589,3,3,3,0,0,,
CFA,structuring_vs_ordering,1589,3,3,3,0,0,,
CFA,structuring_vs_input,1589,3,3,3,0,0,,
CFA,ordering_vs_input,1590,2,2,2,0,0,,
CFA,structuring_vs_ordering,1590,2,2,2,0,0,,
CFA,structuring_vs_input,1590,2,2,2,0,0,,
CFA,ordering_vs_input,1591,2,2,2,0,0,,
CFA,structuring_vs_ordering,1591,2,2,2,0,0,,
CFA,structuring_vs_input,1591,2,2,2,0,0,,
CFA,ordering_vs_input,1592,5,5,5,0,0,,
CFA,structuring_vs_ordering,1592,5,5,5,0,0,,
CFA,structuring_vs_input,1592,5,5,5,0,0,,
CFA,ordering_vs_input,1593,1,1,1,0,0,,
CFA,structuring_vs_ordering,1593,1,1,1,0,0,,
CFA,structuring_vs_input,1593,1,1,1,0,0,,
CFA,ordering_vs_input,1594,2,2,2,0,0,,
CFA,structuring_vs_ordering,1594,2,2,2,0,0,,
CFA,structuring_vs_input,1594,2,2,2,0,0,,
CFA,ordering_vs_input,1595,1,1,1,0,0,,
CFA,structuring_vs_ordering,1595,1,1,1,0,0,,
CFA,structuring_vs_input,1595,1,1,1,0,0,,
CFA,ordering_vs_input,1596,3,3,3,0,0,,
CFA,structuring_vs_ordering,1596,3,3,3,0,0,,
CFA,structuring_vs_input,1596,3,3,3,0,0,,
CFA,ordering_vs_input,1597,5,4,4,1,0,city,
CFA,structuring_vs_ordering,1597,4,4,4,0,0,,
CFA,structuring_vs_input,1597,5,4,4,1,0,city,
CFA,ordering_vs_input,1598,2,2,2,0,0,,
CFA,structuring_vs_ordering,1598,2,2,2,0,0,,
CFA,structuring_vs_input,1598,2,2,2,0,0,,
CFA,ordering_vs_input,1599,1,1,1,0,0,,
CFA,structuring_vs_ordering,1599,1,1,1,0,0,,
CFA,structuring_vs_input,1599,1,1,1,0,0,,
CFA,ordering_vs_input,1600,2,2,2,0,0,,
CFA,structuring_vs_ordering,1600,2,2,2,0,0,,
CFA,structuring_vs_input,1600,2,2,2,0,0,,
CFA,ordering_vs_input,1601,1,1,1,0,0,,
CFA,structuring_vs_ordering,1601,1,1,1,0,0,,
CFA,structuring_vs_input,1601,1,1,1,0,0,,
CFA,ordering_vs_input,1602,2,2,2,0,0,,
CFA,structuring_vs_ordering,1602,2,2,2,0,0,,
CFA,structuring_vs_input,1602,2,2,2,0,0,,
CFA,ordering_vs_input,1603,3,3,3,0,0,,
CFA,structuring_vs_ordering,1603,3,3,3,0,0,,
CFA,structuring_vs_input,1603,3,3,3,0,0,,
CFA,ordering_vs_input,1604,2,2,2,0,0,,
CFA,structuring_vs_ordering,1604,2,2,2,0,0,,
CFA,structuring_vs_input,1604,2,2,2,0,0,,
CFA,ordering_vs_input,1605,5,4,4,1,0,staff,
CFA,structuring_vs_ordering,1605,4,4,4,0,0,,
CFA,structuring_vs_input,1605,5,4,4,1,0,staff,
CFA,ordering_vs_input,1606,5,4,4,1,0,artist,
CFA,structuring_vs_ordering,1606,4,4,4,0,0,,
CFA,structuring_vs_input,1606,5,4,4,1,0,artist,
CFA,ordering_vs_input,1607,4,4,4,0,0,,
CFA,structuring_vs_ordering,1607,4,4,4,0,0,,
CFA,structuring_vs_input,1607,4,4,4,0,0,,
CFA,ordering_vs_input,1608,4,4,4,0,0,,
CFA,structuring_vs_ordering,1608,4,4,4,0,0,,
CFA,structuring_vs_input,1608,4,4,4,0,0,,
CFA,ordering_vs_input,1609,5,5,5,0,0,,
CFA,structuring_vs_ordering,1609,5,5,5,0,0,,
CFA,structuring_vs_input,1609,5,5,5,0,0,,
CFA,ordering_vs_input,1610,5,5,5,0,0,,
CFA,structuring_vs_ordering,1610,5,5,5,0,0,,
CFA,structuring_vs_input,1610,5,5,5,0,0,,
CFA,ordering_vs_input,1611,2,2,2,0,0,,
CFA,structuring_vs_ordering,1611,2,2,2,0,0,,
CFA,structuring_vs_input,1611,2,2,2,0,0,,
CFA,ordering_vs_input,1612,4,3,3,1,0,citizenship,
CFA,structuring_vs_ordering,1612,3,3,3,0,0,,
CFA,structuring_vs_input,1612,4,3,3,1,0,citizenship,
CFA,ordering_vs_input,1613,1,1,1,0,0,,
CFA,structuring_vs_ordering,1613,1,1,1,0,0,,
CFA,structuring_vs_input,1613,1,1,1,0,0,,
CFA,ordering_vs_input,1614,3,3,3,0,0,,
CFA,structuring_vs_ordering,1614,3,3,3,0,0,,
CFA,structuring_vs_input,1614,3,3,3,0,0,,
CFA,ordering_vs_input,1615,3,3,3,0,0,,
CFA,structuring_vs_ordering,1615,3,3,3,0,0,,
CFA,structuring_vs_input,1615,3,3,3,0,0,,
CFA,ordering_vs_input,1616,2,2,2,0,0,,
CFA,structuring_vs_ordering,1616,2,2,2,0,0,,
CFA,structuring_vs_input,1616,2,2,2,0,0,,
CFA,ordering_vs_input,1617,2,2,2,0,0,,
CFA,structuring_vs_ordering,1617,2,2,2,0,0,,
CFA,structuring_vs_input,1617,2,2,2,0,0,,
CFA,ordering_vs_input,1618,2,2,2,0,0,,
CFA,structuring_vs_ordering,1618,2,2,2,0,0,,
CFA,structuring_vs_input,1618,2,2,2,0,0,,
CFA,ordering_vs_input,1619,4,4,4,0,0,,
CFA,structuring_vs_ordering,1619,4,4,4,0,0,,
CFA,structuring_vs_input,1619,4,4,4,0,0,,
CFA,ordering_vs_input,1620,3,3,3,0,0,,
CFA,structuring_vs_ordering,1620,3,3,3,0,0,,
CFA,structuring_vs_input,1620,3,3,3,0,0,,
CFA,ordering_vs_input,1621,6,3,3,3,0,releaseDate | producer | artist,
CFA,structuring_vs_ordering,1621,3,3,3,0,0,,
CFA,structuring_vs_input,1621,6,3,3,3,0,releaseDate | producer | artist,
CFA,ordering_vs_input,1622,5,5,5,0,0,,
CFA,structuring_vs_ordering,1622,5,5,5,0,0,,
CFA,structuring_vs_input,1622,5,5,5,0,0,,
CFA,ordering_vs_input,1623,3,3,3,0,0,,
CFA,structuring_vs_ordering,1623,3,3,3,0,0,,
CFA,structuring_vs_input,1623,3,3,3,0,0,,
CFA,ordering_vs_input,1624,2,2,2,0,0,,
CFA,structuring_vs_ordering,1624,2,2,2,0,0,,
CFA,structuring_vs_input,1624,2,2,2,0,0,,
CFA,ordering_vs_input,1625,2,2,2,0,0,,
CFA,structuring_vs_ordering,1625,2,2,2,0,0,,
CFA,structuring_vs_input,1625,2,2,2,0,0,,
CFA,ordering_vs_input,1626,3,3,3,0,0,,
CFA,structuring_vs_ordering,1626,3,3,3,0,0,,
CFA,structuring_vs_input,1626,3,3,3,0,0,,
CFA,ordering_vs_input,1627,5,5,5,0,0,,
CFA,structuring_vs_ordering,1627,5,5,5,0,0,,
CFA,structuring_vs_input,1627,5,5,5,0,0,,
CFA,ordering_vs_input,1628,5,5,5,0,0,,
CFA,structuring_vs_ordering,1628,5,5,5,0,0,,
CFA,structuring_vs_input,1628,5,5,5,0,0,,
CFA,ordering_vs_input,1629,2,2,2,0,0,,
CFA,structuring_vs_ordering,1629,2,2,2,0,0,,
CFA,structuring_vs_input,1629,2,2,2,0,0,,
CFA,ordering_vs_input,1630,3,3,3,0,0,,
CFA,structuring_vs_ordering,1630,3,3,3,0,0,,
CFA,structuring_vs_input,1630,3,3,3,0,0,,
CFA,ordering_vs_input,1631,2,2,2,0,0,,
CFA,structuring_vs_ordering,1631,2,2,2,0,0,,
CFA,structuring_vs_input,1631,2,2,2,0,0,,
CFA,ordering_vs_input,1632,4,4,4,0,0,,
CFA,structuring_vs_ordering,1632,4,4,4,0,0,,
CFA,structuring_vs_input,1632,4,4,4,0,0,,
CFA,ordering_vs_input,1633,3,3,3,0,0,,
CFA,structuring_vs_ordering,1633,3,3,3,0,0,,
CFA,structuring_vs_input,1633,3,3,3,0,0,,
CFA,ordering_vs_input,1634,7,7,7,0,0,,
CFA,structuring_vs_ordering,1634,7,7,7,0,0,,
CFA,structuring_vs_input,1634,7,7,7,0,0,,
CFA,ordering_vs_input,1635,4,4,4,0,0,,
CFA,structuring_vs_ordering,1635,4,4,4,0,0,,
CFA,structuring_vs_input,1635,4,4,4,0,0,,
CFA,ordering_vs_input,1636,2,2,2,0,0,,
CFA,structuring_vs_ordering,1636,2,2,2,0,0,,
CFA,structuring_vs_input,1636,2,2,2,0,0,,
CFA,ordering_vs_input,1637,1,1,1,0,0,,
CFA,structuring_vs_ordering,1637,1,1,1,0,0,,
CFA,structuring_vs_input,1637,1,1,1,0,0,,
CFA,ordering_vs_input,1638,4,2,2,2,0,producer | artist,
CFA,structuring_vs_ordering,1638,2,2,2,0,0,,
CFA,structuring_vs_input,1638,4,2,2,2,0,producer | artist,
CFA,ordering_vs_input,1639,4,4,4,0,0,,
CFA,structuring_vs_ordering,1639,4,4,4,0,0,,
CFA,structuring_vs_input,1639,4,4,4,0,0,,
CFA,ordering_vs_input,1640,2,2,2,0,0,,
CFA,structuring_vs_ordering,1640,2,2,2,0,0,,
CFA,structuring_vs_input,1640,2,2,2,0,0,,
CFA,ordering_vs_input,1641,4,2,2,2,0,imdbId | writer,
CFA,structuring_vs_ordering,1641,2,2,2,0,0,,
CFA,structuring_vs_input,1641,4,2,2,2,0,imdbId | writer,
CFA,ordering_vs_input,1642,4,4,4,0,0,,
CFA,structuring_vs_ordering,1642,4,4,4,0,0,,
CFA,structuring_vs_input,1642,4,4,4,0,0,,
CFA,ordering_vs_input,1643,3,3,3,0,0,,
CFA,structuring_vs_ordering,1643,3,3,3,0,0,,
CFA,structuring_vs_input,1643,3,3,3,0,0,,
CFA,ordering_vs_input,1644,1,1,1,0,0,,
CFA,structuring_vs_ordering,1644,1,1,1,0,0,,
CFA,structuring_vs_input,1644,1,1,1,0,0,,
CFA,ordering_vs_input,1645,3,1,1,2,0,producer | writer,
CFA,structuring_vs_ordering,1645,1,1,1,0,0,,
CFA,structuring_vs_input,1645,3,1,1,2,0,producer | writer,
CFA,ordering_vs_input,1646,4,4,4,0,0,,
CFA,structuring_vs_ordering,1646,4,4,4,0,0,,
CFA,structuring_vs_input,1646,4,4,4,0,0,,
CFA,ordering_vs_input,1647,2,2,2,0,0,,
CFA,structuring_vs_ordering,1647,2,2,2,0,0,,
CFA,structuring_vs_input,1647,2,2,2,0,0,,
CFA,ordering_vs_input,1648,3,3,3,0,0,,
CFA,structuring_vs_ordering,1648,3,3,3,0,0,,
CFA,structuring_vs_input,1648,3,3,3,0,0,,
CFA,ordering_vs_input,1649,1,1,1,0,0,,
CFA,structuring_vs_ordering,1649,1,1,1,0,0,,
CFA,structuring_vs_input,1649,1,1,1,0,0,,
CFA,ordering_vs_input,1650,2,2,2,0,0,,
CFA,structuring_vs_ordering,1650,2,2,2,0,0,,
CFA,structuring_vs_input,1650,2,2,2,0,0,,
CFA,ordering_vs_input,1651,3,3,3,0,0,,
CFA,structuring_vs_ordering,1651,3,3,3,0,0,,
CFA,structuring_vs_input,1651,3,3,3,0,0,,
CFA,ordering_vs_input,1652,2,2,2,0,0,,
CFA,structuring_vs_ordering,1652,2,2,2,0,0,,
CFA,structuring_vs_input,1652,2,2,2,0,0,,
CFA,ordering_vs_input,1653,6,6,6,0,0,,
CFA,structuring_vs_ordering,1653,6,6,6,0,0,,
CFA,structuring_vs_input,1653,6,6,6,0,0,,
CFA,ordering_vs_input,1654,4,4,4,0,0,,
CFA,structuring_vs_ordering,1654,4,4,4,0,0,,
CFA,structuring_vs_input,1654,4,4,4,0,0,,
CFA,ordering_vs_input,1655,3,3,3,0,0,,
CFA,structuring_vs_ordering,1655,3,3,3,0,0,,
CFA,structuring_vs_input,1655,3,3,3,0,0,,
CFA,ordering_vs_input,1656,1,1,1,0,0,,
CFA,structuring_vs_ordering,1656,1,1,1,0,0,,
CFA,structuring_vs_input,1656,1,1,1,0,0,,
CFA,ordering_vs_input,1657,4,4,4,0,0,,
CFA,structuring_vs_ordering,1657,4,4,4,0,0,,
CFA,structuring_vs_input,1657,4,4,4,0,0,,
CFA,ordering_vs_input,1658,1,1,1,0,0,,
CFA,structuring_vs_ordering,1658,1,1,1,0,0,,
CFA,structuring_vs_input,1658,1,1,1,0,0,,
CFA,ordering_vs_input,1659,5,5,5,0,0,,
CFA,structuring_vs_ordering,1659,5,5,5,0,0,,
CFA,structuring_vs_input,1659,5,5,5,0,0,,
CFA,ordering_vs_input,1660,4,2,2,2,0,mission | mission,
CFA,structuring_vs_ordering,1660,2,2,2,0,0,,
CFA,structuring_vs_input,1660,4,2,2,2,0,mission | mission,
CFA,ordering_vs_input,1661,5,4,4,1,0,status,
CFA,structuring_vs_ordering,1661,4,4,4,0,0,,
CFA,structuring_vs_input,1661,5,4,4,1,0,status,
CFA,ordering_vs_input,1662,1,1,1,0,0,,
CFA,structuring_vs_ordering,1662,1,1,1,0,0,,
CFA,structuring_vs_input,1662,1,1,1,0,0,,
CFA,ordering_vs_input,1663,4,4,4,0,0,,
CFA,structuring_vs_ordering,1663,4,4,4,0,0,,
CFA,structuring_vs_input,1663,4,4,4,0,0,,
CFA,ordering_vs_input,1664,3,3,3,0,0,,
CFA,structuring_vs_ordering,1664,3,3,3,0,0,,
CFA,structuring_vs_input,1664,3,3,3,0,0,,
CFA,ordering_vs_input,1665,4,4,4,0,0,,
CFA,structuring_vs_ordering,1665,4,4,4,0,0,,
CFA,structuring_vs_input,1665,4,4,4,0,0,,
CFA,ordering_vs_input,1666,3,3,3,0,0,,
CFA,structuring_vs_ordering,1666,3,3,3,0,0,,
CFA,structuring_vs_input,1666,3,3,3,0,0,,
CFA,ordering_vs_input,1667,3,3,3,0,0,,
CFA,structuring_vs_ordering,1667,3,3,3,0,0,,
CFA,structuring_vs_input,1667,3,3,3,0,0,,
CFA,ordering_vs_input,1668,4,4,4,0,0,,
CFA,structuring_vs_ordering,1668,4,4,4,0,0,,
CFA,structuring_vs_input,1668,4,4,4,0,0,,
CFA,ordering_vs_input,1669,4,4,4,0,0,,
CFA,structuring_vs_ordering,1669,4,4,4,0,0,,
CFA,structuring_vs_input,1669,4,4,4,0,0,,
CFA,ordering_vs_input,1670,1,1,1,0,0,,
CFA,structuring_vs_ordering,1670,1,1,1,0,0,,
CFA,structuring_vs_input,1670,1,1,1,0,0,,
CFA,ordering_vs_input,1671,1,1,1,0,0,,
CFA,structuring_vs_ordering,1671,1,1,1,0,0,,
CFA,structuring_vs_input,1671,1,1,1,0,0,,
CFA,ordering_vs_input,1672,4,2,2,2,0,producer | certification,
CFA,structuring_vs_ordering,1672,2,2,2,0,0,,
CFA,structuring_vs_input,1672,4,2,2,2,0,producer | certification,
CFA,ordering_vs_input,1673,1,1,1,0,0,,
CFA,structuring_vs_ordering,1673,1,1,1,0,0,,
CFA,structuring_vs_input,1673,1,1,1,0,0,,
CFA,ordering_vs_input,1674,2,2,2,0,0,,
CFA,structuring_vs_ordering,1674,2,2,2,0,0,,
CFA,structuring_vs_input,1674,2,2,2,0,0,,
CFA,ordering_vs_input,1675,2,2,2,0,0,,
CFA,structuring_vs_ordering,1675,2,2,2,0,0,,
CFA,structuring_vs_input,1675,2,2,2,0,0,,
CFA,ordering_vs_input,1676,6,6,6,0,0,,
CFA,structuring_vs_ordering,1676,6,6,6,0,0,,
CFA,structuring_vs_input,1676,6,6,6,0,0,,
CFA,ordering_vs_input,1677,3,3,3,0,0,,
CFA,structuring_vs_ordering,1677,3,3,3,0,0,,
CFA,structuring_vs_input,1677,3,3,3,0,0,,
CFA,ordering_vs_input,1678,2,2,2,0,0,,
CFA,structuring_vs_ordering,1678,2,2,2,0,0,,
CFA,structuring_vs_input,1678,2,2,2,0,0,,
CFA,ordering_vs_input,1679,1,1,1,0,0,,
CFA,structuring_vs_ordering,1679,1,1,1,0,0,,
CFA,structuring_vs_input,1679,1,1,1,0,0,,
CFA,ordering_vs_input,1680,4,3,3,1,0,type,
CFA,structuring_vs_ordering,1680,3,3,3,0,0,,
CFA,structuring_vs_input,1680,4,3,3,1,0,type,
CFA,ordering_vs_input,1681,1,1,1,0,0,,
CFA,structuring_vs_ordering,1681,1,1,1,0,0,,
CFA,structuring_vs_input,1681,1,1,1,0,0,,
CFA,ordering_vs_input,1682,2,2,2,0,0,,
CFA,structuring_vs_ordering,1682,2,2,2,0,0,,
CFA,structuring_vs_input,1682,2,2,2,0,0,,
CFA,ordering_vs_input,1683,1,1,1,0,0,,
CFA,structuring_vs_ordering,1683,1,1,1,0,0,,
CFA,structuring_vs_input,1683,1,1,1,0,0,,
CFA,ordering_vs_input,1684,2,2,2,0,0,,
CFA,structuring_vs_ordering,1684,2,2,2,0,0,,
CFA,structuring_vs_input,1684,2,2,2,0,0,,
CFA,ordering_vs_input,1685,4,4,4,0,0,,
CFA,structuring_vs_ordering,1685,4,4,4,0,0,,
CFA,structuring_vs_input,1685,4,4,4,0,0,,
CFA,ordering_vs_input,1686,5,5,5,0,0,,
CFA,structuring_vs_ordering,1686,5,5,5,0,0,,
CFA,structuring_vs_input,1686,5,5,5,0,0,,
CFA,ordering_vs_input,1687,1,1,1,0,0,,
CFA,structuring_vs_ordering,1687,1,1,1,0,0,,
CFA,structuring_vs_input,1687,1,1,1,0,0,,
CFA,ordering_vs_input,1688,1,1,1,0,0,,
CFA,structuring_vs_ordering,1688,1,1,1,0,0,,
CFA,structuring_vs_input,1688,1,1,1,0,0,,
CFA,ordering_vs_input,1689,2,2,2,0,0,,
CFA,structuring_vs_ordering,1689,2,2,2,0,0,,
CFA,structuring_vs_input,1689,2,2,2,0,0,,
CFA,ordering_vs_input,1690,4,4,4,0,0,,
CFA,structuring_vs_ordering,1690,4,4,4,0,0,,
CFA,structuring_vs_input,1690,4,4,4,0,0,,
CFA,ordering_vs_input,1691,3,2,2,1,0,type,
CFA,structuring_vs_ordering,1691,2,2,2,0,0,,
CFA,structuring_vs_input,1691,3,2,2,1,0,type,
CFA,ordering_vs_input,1692,2,2,2,0,0,,
CFA,structuring_vs_ordering,1692,2,2,2,0,0,,
CFA,structuring_vs_input,1692,2,2,2,0,0,,
CFA,ordering_vs_input,1693,4,4,4,0,0,,
CFA,structuring_vs_ordering,1693,4,4,4,0,0,,
CFA,structuring_vs_input,1693,4,4,4,0,0,,
CFA,ordering_vs_input,1694,1,1,1,0,0,,
CFA,structuring_vs_ordering,1694,1,1,1,0,0,,
CFA,structuring_vs_input,1694,1,1,1,0,0,,
CFA,ordering_vs_input,1695,1,1,1,0,0,,
CFA,structuring_vs_ordering,1695,1,1,1,0,0,,
CFA,structuring_vs_input,1695,1,1,1,0,0,,
CFA,ordering_vs_input,1696,4,4,4,0,0,,
CFA,structuring_vs_ordering,1696,4,4,4,0,0,,
CFA,structuring_vs_input,1696,4,4,4,0,0,,
CFA,ordering_vs_input,1697,6,6,6,0,0,,
CFA,structuring_vs_ordering,1697,6,6,6,0,0,,
CFA,structuring_vs_input,1697,6,6,6,0,0,,
CFA,ordering_vs_input,1698,1,1,1,0,0,,
CFA,structuring_vs_ordering,1698,1,1,1,0,0,,
CFA,structuring_vs_input,1698,1,1,1,0,0,,
CFA,ordering_vs_input,1699,3,3,3,0,0,,
CFA,structuring_vs_ordering,1699,3,3,3,0,0,,
CFA,structuring_vs_input,1699,3,3,3,0,0,,
CFA,ordering_vs_input,1700,1,1,1,0,0,,
CFA,structuring_vs_ordering,1700,1,1,1,0,0,,
CFA,structuring_vs_input,1700,1,1,1,0,0,,
CFA,ordering_vs_input,1701,4,2,2,2,0,editing | producer,
CFA,structuring_vs_ordering,1701,2,2,2,0,0,,
CFA,structuring_vs_input,1701,4,2,2,2,0,editing | producer,
CFA,ordering_vs_input,1702,1,1,1,0,0,,
CFA,structuring_vs_ordering,1702,1,1,1,0,0,,
CFA,structuring_vs_input,1702,1,1,1,0,0,,
CFA,ordering_vs_input,1703,1,1,1,0,0,,
CFA,structuring_vs_ordering,1703,1,1,1,0,0,,
CFA,structuring_vs_input,1703,1,1,1,0,0,,
CFA,ordering_vs_input,1704,5,2,2,3,0,industry | foundingDate | type,
CFA,structuring_vs_ordering,1704,2,2,2,0,0,,
CFA,structuring_vs_input,1704,5,2,2,3,0,industry | foundingDate | type,
CFA,ordering_vs_input,1705,1,1,1,0,0,,
CFA,structuring_vs_ordering,1705,1,1,1,0,0,,
CFA,structuring_vs_input,1705,1,1,1,0,0,,
CFA,ordering_vs_input,1706,3,3,3,0,0,,
CFA,structuring_vs_ordering,1706,3,3,3,0,0,,
CFA,structuring_vs_input,1706,3,3,3,0,0,,
CFA,ordering_vs_input,1707,3,3,3,0,0,,
CFA,structuring_vs_ordering,1707,3,3,3,0,0,,
CFA,structuring_vs_input,1707,3,3,3,0,0,,
CFA,ordering_vs_input,1708,3,3,3,0,0,,
CFA,structuring_vs_ordering,1708,3,3,3,0,0,,
CFA,structuring_vs_input,1708,3,3,3,0,0,,
CFA,ordering_vs_input,1709,1,1,1,0,0,,
CFA,structuring_vs_ordering,1709,1,1,1,0,0,,
CFA,structuring_vs_input,1709,1,1,1,0,0,,
CFA,ordering_vs_input,1710,4,4,4,0,0,,
CFA,structuring_vs_ordering,1710,4,4,4,0,0,,
CFA,structuring_vs_input,1710,4,4,4,0,0,,
CFA,ordering_vs_input,1711,7,5,5,2,0,runtime | producer,
CFA,structuring_vs_ordering,1711,5,5,5,0,0,,
CFA,structuring_vs_input,1711,7,5,5,2,0,runtime | producer,
CFA,ordering_vs_input,1712,1,1,1,0,0,,
CFA,structuring_vs_ordering,1712,1,1,1,0,0,,
CFA,structuring_vs_input,1712,1,1,1,0,0,,
CFA,ordering_vs_input,1713,4,4,4,0,0,,
CFA,structuring_vs_ordering,1713,4,4,4,0,0,,
CFA,structuring_vs_input,1713,4,4,4,0,0,,
CFA,ordering_vs_input,1714,3,3,3,0,0,,
CFA,structuring_vs_ordering,1714,3,3,3,0,0,,
CFA,structuring_vs_input,1714,3,3,3,0,0,,
CFA,ordering_vs_input,1715,3,3,3,0,0,,
CFA,structuring_vs_ordering,1715,3,3,3,0,0,,
CFA,structuring_vs_input,1715,3,3,3,0,0,,
CFA,ordering_vs_input,1716,7,7,7,0,0,,
CFA,structuring_vs_ordering,1716,7,7,7,0,0,,
CFA,structuring_vs_input,1716,7,7,7,0,0,,
CFA,ordering_vs_input,1717,2,2,2,0,0,,
CFA,structuring_vs_ordering,1717,2,2,2,0,0,,
CFA,structuring_vs_input,1717,2,2,2,0,0,,
CFA,ordering_vs_input,1718,1,1,1,0,0,,
CFA,structuring_vs_ordering,1718,1,1,1,0,0,,
CFA,structuring_vs_input,1718,1,1,1,0,0,,
CFA,ordering_vs_input,1719,5,5,5,0,0,,
CFA,structuring_vs_ordering,1719,5,5,5,0,0,,
CFA,structuring_vs_input,1719,5,5,5,0,0,,
CFA,ordering_vs_input,1720,7,7,7,0,0,,
CFA,structuring_vs_ordering,1720,7,7,7,0,0,,
CFA,structuring_vs_input,1720,7,7,7,0,0,,
CFA,ordering_vs_input,1721,4,4,4,0,0,,
CFA,structuring_vs_ordering,1721,4,4,4,0,0,,
CFA,structuring_vs_input,1721,4,4,4,0,0,,
CFA,ordering_vs_input,1722,2,2,2,0,0,,
CFA,structuring_vs_ordering,1722,2,2,2,0,0,,
CFA,structuring_vs_input,1722,2,2,2,0,0,,
CFA,ordering_vs_input,1723,5,5,5,0,0,,
CFA,structuring_vs_ordering,1723,5,5,5,0,0,,
CFA,structuring_vs_input,1723,5,5,5,0,0,,
CFA,ordering_vs_input,1724,1,1,1,0,0,,
CFA,structuring_vs_ordering,1724,1,1,1,0,0,,
CFA,structuring_vs_input,1724,1,1,1,0,0,,
CFA,ordering_vs_input,1725,5,4,4,1,0,writer,
CFA,structuring_vs_ordering,1725,4,4,4,0,0,,
CFA,structuring_vs_input,1725,5,4,4,1,0,writer,
CFA,ordering_vs_input,1726,1,1,1,0,0,,
CFA,structuring_vs_ordering,1726,1,1,1,0,0,,
CFA,structuring_vs_input,1726,1,1,1,0,0,,
CFA,ordering_vs_input,1727,3,3,3,0,0,,
CFA,structuring_vs_ordering,1727,3,3,3,0,0,,
CFA,structuring_vs_input,1727,3,3,3,0,0,,
CFA,ordering_vs_input,1728,3,1,1,2,0,type | industry,
CFA,structuring_vs_ordering,1728,1,1,1,0,0,,
CFA,structuring_vs_input,1728,3,1,1,2,0,type | industry,
CFA,ordering_vs_input,1729,3,3,3,0,0,,
CFA,structuring_vs_ordering,1729,3,3,3,0,0,,
CFA,structuring_vs_input,1729,3,3,3,0,0,,
CFA,ordering_vs_input,1730,5,5,5,0,0,,
CFA,structuring_vs_ordering,1730,5,5,5,0,0,,
CFA,structuring_vs_input,1730,5,5,5,0,0,,
CFA,ordering_vs_input,1731,1,1,1,0,0,,
CFA,structuring_vs_ordering,1731,1,1,1,0,0,,
CFA,structuring_vs_input,1731,1,1,1,0,0,,
CFA,ordering_vs_input,1732,7,5,5,2,0,editing | writer,
CFA,structuring_vs_ordering,1732,5,5,5,0,0,,
CFA,structuring_vs_input,1732,7,5,5,2,0,editing | writer,
CFA,ordering_vs_input,1733,5,5,5,0,0,,
CFA,structuring_vs_ordering,1733,5,5,5,0,0,,
CFA,structuring_vs_input,1733,5,5,5,0,0,,
CFA,ordering_vs_input,1734,2,2,2,0,0,,
CFA,structuring_vs_ordering,1734,2,2,2,0,0,,
CFA,structuring_vs_input,1734,2,2,2,0,0,,
CFA,ordering_vs_input,1735,7,7,7,0,0,,
CFA,structuring_vs_ordering,1735,7,7,7,0,0,,
CFA,structuring_vs_input,1735,7,7,7,0,0,,
CFA,ordering_vs_input,1736,5,5,5,0,0,,
CFA,structuring_vs_ordering,1736,5,5,5,0,0,,
CFA,structuring_vs_input,1736,5,5,5,0,0,,
CFA,ordering_vs_input,1737,3,3,3,0,0,,
CFA,structuring_vs_ordering,1737,3,3,3,0,0,,
CFA,structuring_vs_input,1737,3,3,3,0,0,,
CFA,ordering_vs_input,1738,1,1,1,0,0,,
CFA,structuring_vs_ordering,1738,1,1,1,0,0,,
CFA,structuring_vs_input,1738,1,1,1,0,0,,
CFA,ordering_vs_input,1739,4,4,4,0,0,,
CFA,structuring_vs_ordering,1739,4,4,4,0,0,,
CFA,structuring_vs_input,1739,4,4,4,0,0,,
CFA,ordering_vs_input,1740,3,3,3,0,0,,
CFA,structuring_vs_ordering,1740,3,3,3,0,0,,
CFA,structuring_vs_input,1740,3,3,3,0,0,,
CFA,ordering_vs_input,1741,4,4,4,0,0,,
CFA,structuring_vs_ordering,1741,4,4,4,0,0,,
CFA,structuring_vs_input,1741,4,4,4,0,0,,
CFA,ordering_vs_input,1742,4,4,4,0,0,,
CFA,structuring_vs_ordering,1742,4,4,4,0,0,,
CFA,structuring_vs_input,1742,4,4,4,0,0,,
CFA,ordering_vs_input,1743,3,3,3,0,0,,
CFA,structuring_vs_ordering,1743,3,3,3,0,0,,
CFA,structuring_vs_input,1743,3,3,3,0,0,,
CFA,ordering_vs_input,1744,3,2,2,1,0,industry,
CFA,structuring_vs_ordering,1744,2,2,2,0,0,,
CFA,structuring_vs_input,1744,3,2,2,1,0,industry,
CFA,ordering_vs_input,1745,2,2,2,0,0,,
CFA,structuring_vs_ordering,1745,2,2,2,0,0,,
CFA,structuring_vs_input,1745,2,2,2,0,0,,
CFA,ordering_vs_input,1746,2,2,2,0,0,,
CFA,structuring_vs_ordering,1746,2,2,2,0,0,,
CFA,structuring_vs_input,1746,2,2,2,0,0,,
CFA,ordering_vs_input,1747,1,1,1,0,0,,
CFA,structuring_vs_ordering,1747,1,1,1,0,0,,
CFA,structuring_vs_input,1747,1,1,1,0,0,,
CFA,ordering_vs_input,1748,2,2,2,0,0,,
CFA,structuring_vs_ordering,1748,2,2,2,0,0,,
CFA,structuring_vs_input,1748,2,2,2,0,0,,
CFA,ordering_vs_input,1749,5,5,5,0,0,,
CFA,structuring_vs_ordering,1749,5,5,5,0,0,,
CFA,structuring_vs_input,1749,5,5,5,0,0,,
CFA,ordering_vs_input,1750,6,6,6,0,0,,
CFA,structuring_vs_ordering,1750,6,6,6,0,0,,
CFA,structuring_vs_input,1750,6,6,6,0,0,,
CFA,ordering_vs_input,1751,2,2,2,0,0,,
CFA,structuring_vs_ordering,1751,2,2,2,0,0,,
CFA,structuring_vs_input,1751,2,2,2,0,0,,
CFA,ordering_vs_input,1752,1,1,1,0,0,,
CFA,structuring_vs_ordering,1752,1,1,1,0,0,,
CFA,structuring_vs_input,1752,1,1,1,0,0,,
CFA,ordering_vs_input,1753,2,2,2,0,0,,
CFA,structuring_vs_ordering,1753,2,2,2,0,0,,
CFA,structuring_vs_input,1753,2,2,2,0,0,,
CFA,ordering_vs_input,1754,1,1,1,0,0,,
CFA,structuring_vs_ordering,1754,1,1,1,0,0,,
CFA,structuring_vs_input,1754,1,1,1,0,0,,
CFA,ordering_vs_input,1755,1,1,1,0,0,,
CFA,structuring_vs_ordering,1755,1,1,1,0,0,,
CFA,structuring_vs_input,1755,1,1,1,0,0,,
CFA,ordering_vs_input,1756,1,1,1,0,0,,
CFA,structuring_vs_ordering,1756,1,1,1,0,0,,
CFA,structuring_vs_input,1756,1,1,1,0,0,,
CFA,ordering_vs_input,1757,3,3,3,0,0,,
CFA,structuring_vs_ordering,1757,3,3,3,0,0,,
CFA,structuring_vs_input,1757,3,3,3,0,0,,
CFA,ordering_vs_input,1758,5,4,4,1,0,writer,
CFA,structuring_vs_ordering,1758,4,4,4,0,0,,
CFA,structuring_vs_input,1758,5,4,4,1,0,writer,
CFA,ordering_vs_input,1759,4,4,4,0,0,,
CFA,structuring_vs_ordering,1759,4,4,4,0,0,,
CFA,structuring_vs_input,1759,4,4,4,0,0,,
CFA,ordering_vs_input,1760,3,3,3,0,0,,
CFA,structuring_vs_ordering,1760,3,3,3,0,0,,
CFA,structuring_vs_input,1760,3,3,3,0,0,,
CFA,ordering_vs_input,1761,5,3,3,2,0,producer | runtime,
CFA,structuring_vs_ordering,1761,3,3,3,0,0,,
CFA,structuring_vs_input,1761,5,3,3,2,0,producer | runtime,
CFA,ordering_vs_input,1762,3,1,1,2,0,writer | writer,
CFA,structuring_vs_ordering,1762,1,1,1,0,0,,
CFA,structuring_vs_input,1762,3,1,1,2,0,writer | writer,
CFA,ordering_vs_input,1763,1,1,1,0,0,,
CFA,structuring_vs_ordering,1763,1,1,1,0,0,,
CFA,structuring_vs_input,1763,1,1,1,0,0,,
CFA,ordering_vs_input,1764,5,4,4,1,0,editing,
CFA,structuring_vs_ordering,1764,4,4,4,0,0,,
CFA,structuring_vs_input,1764,5,4,4,1,0,editing,
CFA,ordering_vs_input,1765,3,3,3,0,0,,
CFA,structuring_vs_ordering,1765,3,3,3,0,0,,
CFA,structuring_vs_input,1765,3,3,3,0,0,,
CFA,ordering_vs_input,1766,1,1,1,0,0,,
CFA,structuring_vs_ordering,1766,1,1,1,0,0,,
CFA,structuring_vs_input,1766,1,1,1,0,0,,
CFA,ordering_vs_input,1767,7,6,6,1,0,icaoLocationIdentifier,
CFA,structuring_vs_ordering,1767,6,6,6,0,0,,
CFA,structuring_vs_input,1767,7,6,6,1,0,icaoLocationIdentifier,
CFA,ordering_vs_input,1768,7,5,5,2,0,citizenship | professionalField,
CFA,structuring_vs_ordering,1768,5,5,5,0,0,,
CFA,structuring_vs_input,1768,7,5,5,2,0,citizenship | professionalField,
CFA,ordering_vs_input,1769,1,1,1,0,0,,
CFA,structuring_vs_ordering,1769,1,1,1,0,0,,
CFA,structuring_vs_input,1769,1,1,1,0,0,,
CFA,ordering_vs_input,1770,3,3,3,0,0,,
CFA,structuring_vs_ordering,1770,3,3,3,0,0,,
CFA,structuring_vs_input,1770,3,3,3,0,0,,
CFA,ordering_vs_input,1771,3,3,3,0,0,,
CFA,structuring_vs_ordering,1771,3,3,3,0,0,,
CFA,structuring_vs_input,1771,3,3,3,0,0,,
CFA,ordering_vs_input,1772,2,2,2,0,0,,
CFA,structuring_vs_ordering,1772,2,2,2,0,0,,
CFA,structuring_vs_input,1772,2,2,2,0,0,,
CFA,ordering_vs_input,1773,2,2,2,0,0,,
CFA,structuring_vs_ordering,1773,2,2,2,0,0,,
CFA,structuring_vs_input,1773,2,2,2,0,0,,
CFA,ordering_vs_input,1774,1,1,1,0,0,,
CFA,structuring_vs_ordering,1774,1,1,1,0,0,,
CFA,structuring_vs_input,1774,1,1,1,0,0,,
CFA,ordering_vs_input,1775,1,1,1,0,0,,
CFA,structuring_vs_ordering,1775,1,1,1,0,0,,
CFA,structuring_vs_input,1775,1,1,1,0,0,,
CFA,ordering_vs_input,1776,3,2,2,1,0,industry,
CFA,structuring_vs_ordering,1776,2,2,2,0,0,,
CFA,structuring_vs_input,1776,3,2,2,1,0,industry,
CFA,ordering_vs_input,1777,2,1,1,1,0,producer,
CFA,structuring_vs_ordering,1777,1,1,1,0,0,,
CFA,structuring_vs_input,1777,2,1,1,1,0,producer,
CFA,ordering_vs_input,1778,3,3,3,0,0,,
CFA,structuring_vs_ordering,1778,3,3,3,0,0,,
CFA,structuring_vs_input,1778,3,3,3,0,0,,
