dataset,file,idx,input,num_input_triples,num_matched_triples,num_omitted_triples,num_predicted_predicates,omitted_predicates,omitted_triples,position,pred,task
counterfactual,results/ordering/counterfactual_ordering.json,4,[TRIPLE] Ardãos  populationMetro  27400 [/TRIPLE] [TRIPLE] Ardãos  leaderTitle  Führer [/TRIPLE] [TRIPLE] Ardãos  type  City [/TRIPLE] [TRIPLE] Ardãos  populationDensity  1147.0 [/TRIPLE] [TRIPLE] Ardãos  governmentType  monocracy [/TRIPLE],5,4,1,4,type,Ardãos type City,4,leaderTitle governmentType populationDensity populationMetro,ordering
counterfactual,results/ordering/counterfactual_ordering.json,16,[TRIPLE] Koenigsegg  location  Segredo [/TRIPLE] [TRIPLE] United_States_of_America  areaTotal  8514837.14__(square_kilometres) [/TRIPLE] [TRIPLE] Koenigsegg  location  United_States_of_America [/TRIPLE] [TRIPLE] Koenigsegg  industry  Pharmaceuticals [/TRIPLE],4,3,1,4,industry,Koenigsegg industry Pharmaceuticals,16,location location manufacturer areaTotal,ordering
counterfactual,results/ordering/counterfactual_ordering.json,20,[TRIPLE] Clarity  artist  Crazy_Horse [/TRIPLE] [TRIPLE] Clarity  producer  Crazy_Horse [/TRIPLE] [TRIPLE] Clarity  runtime  418476000000.0 [/TRIPLE] [TRIPLE] Clarity  recordedIn  Turkey [/TRIPLE] [TRIPLE] Clarity  recordedIn  Potsdam [/TRIPLE] [TRIPLE] Clarity  genre  music_of_Japan [/TRIPLE] [TRIPLE] Clarity  recordLabel  Bliss_Corporation [/TRIPLE],7,2,5,6,artist | producer | runtime | recordedIn | recordedIn,Clarity artist Crazy_Horse || Clarity producer Crazy_Horse || Clarity runtime 418476000000.0 || Clarity recordedIn Turkey || Clarity recordedIn Potsdam,20,genre recordLabel recordLabel recordIn location recordTime,ordering
counterfactual,results/ordering/counterfactual_ordering.json,23,[TRIPLE] Mermaid_(Train_song)  followedBy  Dschoint_Ventschr [/TRIPLE] [TRIPLE] Mermaid_(Train_song)  producer  Espionage_(production_team) [/TRIPLE] [TRIPLE] Mermaid_(Train_song)  album  Rarities [/TRIPLE],3,1,2,2,producer | album,Mermaid_(Train_song) producer Espionage_(production_team) || Mermaid_(Train_song) album Rarities,23,followedBy record,ordering
counterfactual,results/ordering/counterfactual_ordering.json,24,[TRIPLE] What_Ever_Happened_to_Baby_Jane?  publisher  Gruppo_Mondadori [/TRIPLE] [TRIPLE] What_Ever_Happened_to_Baby_Jane?  literaryGenre  secret_history [/TRIPLE] [TRIPLE] What_Ever_Happened_to_Baby_Jane?  followedBy  I_Am_a_Cat [/TRIPLE] [TRIPLE] What_Ever_Happened_to_Baby_Jane?  author  Horst_Köhler [/TRIPLE] [TRIPLE] What_Ever_Happened_to_Baby_Jane?  releaseDate  1726-01-01 [/TRIPLE],5,4,1,4,releaseDate,What_Ever_Happened_to_Baby_Jane? releaseDate 1726-01-01,24,author publisher literaryGenre followedBy,ordering
counterfactual,results/ordering/counterfactual_ordering.json,26,[TRIPLE] Chasing_Amy  cinematography  Larry_Aceves [/TRIPLE] [TRIPLE] Chasing_Amy  writer  Markku_Pusenius [/TRIPLE] [TRIPLE] Chasing_Amy  runtime  173.46 [/TRIPLE],3,2,1,3,writer,Chasing_Amy writer Markku_Pusenius,26,editor runtime cinematography,ordering
counterfactual,results/ordering/counterfactual_ordering.json,27,[TRIPLE] Marcus_Mumford  spouse  Blaise_Matuidi [/TRIPLE] [TRIPLE] Marcus_Mumford  deathDate  2006-09-06 [/TRIPLE] [TRIPLE] Marcus_Mumford  professionalField  cellular_transport [/TRIPLE],3,2,1,2,professionalField,Marcus_Mumford professionalField cellular_transport,27,spouse deathDate,ordering
counterfactual,results/ordering/counterfactual_ordering.json,29,[TRIPLE] Carlo_Azeglio_Ciampi  birthPlace  Karlsruhe [/TRIPLE] [TRIPLE] Carlo_Azeglio_Ciampi  nationality  United_States [/TRIPLE] [TRIPLE] Carlo_Azeglio_Ciampi  training  School_of_Applied_Arts_in_Stuttgart [/TRIPLE] [TRIPLE] Karlsruhe  country  France [/TRIPLE] [TRIPLE] United_States  language  Caluyanon [/TRIPLE],5,4,1,4,training,Carlo_Azeglio_Ciampi training School_of_Applied_Arts_in_Stuttgart,29,nationality birthPlace country language,ordering
counterfactual,results/ordering/counterfactual_ordering.json,31,[TRIPLE] Mermaid_(Train_song)  recordLabel  Amphetamine_Reptile_Records [/TRIPLE] [TRIPLE] Mermaid_(Train_song)  runtime  16800 [/TRIPLE] [TRIPLE] Mermaid_(Train_song)  recordLabel  Sony_BMG_Music_Entertainment_(Poland)_Sp._z_o.o. [/TRIPLE] [TRIPLE] Mermaid_(Train_song)  writer  Arnaut_Daniel [/TRIPLE] [TRIPLE] Mermaid_(Train_song)  genre  Tswana_music [/TRIPLE] [TRIPLE] Mermaid_(Train_song)  writer  Klinik [/TRIPLE],6,3,3,4,runtime | writer | writer,Mermaid_(Train_song) runtime 16800 || Mermaid_(Train_song) writer Arnaut_Daniel || Mermaid_(Train_song) writer Klinik,31,genre recordLabel recordLabel author,ordering
counterfactual,results/ordering/counterfactual_ordering.json,32,[TRIPLE] Music_of_The_Lord_of_the_Rings_film_series  musicComposer  Laura_Berg [/TRIPLE] [TRIPLE] Music_of_The_Lord_of_the_Rings_film_series  starring  Simon_Lohet [/TRIPLE] [TRIPLE] Music_of_The_Lord_of_the_Rings_film_series  writer  François_Mitterrand [/TRIPLE],3,2,1,3,writer,Music_of_The_Lord_of_the_Rings_film_series writer François_Mitterrand,32,starring musicComposer author,ordering
counterfactual,results/ordering/counterfactual_ordering.json,35,[TRIPLE] Lys  genre  concerto [/TRIPLE] [TRIPLE] Lys  producer  Led_Zeppelin [/TRIPLE] [TRIPLE] Lys  genre  cantata [/TRIPLE] [TRIPLE] Lys  recordLabel  Osmose_Productions [/TRIPLE] [TRIPLE] Lys  releaseDate  1726-01-01 [/TRIPLE],5,4,1,4,producer,Lys producer Led_Zeppelin,35,genre genre recordLabel releaseDate,ordering
counterfactual,results/ordering/counterfactual_ordering.json,36,[TRIPLE] Granjinha  populationMetro  418476000000.0 [/TRIPLE] [TRIPLE] Granjinha  leaderTitle  office_held_by_head_of_the_organization [/TRIPLE] [TRIPLE] Granjinha  type  City [/TRIPLE] [TRIPLE] Granjinha  populationDensity  11.5 [/TRIPLE] [TRIPLE] Granjinha  governmentType  hexacameralism [/TRIPLE] [TRIPLE] Granjinha  utcOffset  −6 [/TRIPLE],6,5,1,5,type,Granjinha type City,36,governmentType leaderTitle populationMetro populationDensity utcOffset,ordering
counterfactual,results/ordering/counterfactual_ordering.json,37,[TRIPLE] 36_Views_from_the_Pic_Saint-Loup  starring  Roald_Dahl [/TRIPLE] [TRIPLE] 36_Views_from_the_Pic_Saint-Loup  starring  Pierre_Aïm [/TRIPLE] [TRIPLE] 36_Views_from_the_Pic_Saint-Loup  budget  1604.0 [/TRIPLE] [TRIPLE] 36_Views_from_the_Pic_Saint-Loup  writer  Eric_Stuart [/TRIPLE] [TRIPLE] 36_Views_from_the_Pic_Saint-Loup  director  Eric_Stuart [/TRIPLE] [TRIPLE] 36_Views_from_the_Pic_Saint-Loup  runtime  3.16 [/TRIPLE],6,4,2,4,writer | runtime,36_Views_from_the_Pic_Saint-Loup writer Eric_Stuart || 36_Views_from_the_Pic_Saint-Loup runtime 3.16,37,starring starring director budget,ordering
counterfactual,results/ordering/counterfactual_ordering.json,39,[TRIPLE] Not_Here_to_Be_Loved  starring  Denia_Mazzola [/TRIPLE] [TRIPLE] Not_Here_to_Be_Loved  writer  Denia_Mazzola [/TRIPLE],2,1,1,2,writer,Not_Here_to_Be_Loved writer Denia_Mazzola,39,starring author,ordering
counterfactual,results/ordering/counterfactual_ordering.json,40,[TRIPLE] Turkey  currency  Canadian_dollar [/TRIPLE] [TRIPLE] Turkey  demonym  Latvians [/TRIPLE] [TRIPLE] Bionico  course  Nasi_uduk [/TRIPLE] [TRIPLE] Bionico  region  Telchac_Puerto [/TRIPLE] [TRIPLE] Nasi_uduk  dishVariation  mimosa_sugar_ball [/TRIPLE] [TRIPLE] Bionico  mainIngredient  chana_masala [/TRIPLE] [TRIPLE] Bionico  country  Turkey [/TRIPLE],7,6,1,6,course,Bionico course Nasi_uduk,40,region country mainIngredient dishVariation currency demonym,ordering
counterfactual,results/ordering/counterfactual_ordering.json,41,[TRIPLE] Vila_Longa  leaderTitle  consul_suffectus [/TRIPLE] [TRIPLE] Vila_Longa  type  City [/TRIPLE] [TRIPLE] Vila_Longa  populationDensity  98.0 [/TRIPLE],3,2,1,3,type,Vila_Longa type City,41,leaderTitle city populationDensity,ordering
counterfactual,results/ordering/counterfactual_ordering.json,50,"[TRIPLE] Leonid_Razvozzhayev  birthDate  ""1998-07-21"" [/TRIPLE] [TRIPLE] Leonid_Razvozzhayev  deathPlace  Michigan [/TRIPLE] [TRIPLE] Leonid_Razvozzhayev  birthPlace  Virginia [/TRIPLE] [TRIPLE] Leonid_Razvozzhayev  mission  Shenzhou_9 [/TRIPLE]",4,3,1,3,mission,Leonid_Razvozzhayev mission Shenzhou_9,50,birthDate birthPlace deathPlace,ordering
counterfactual,results/ordering/counterfactual_ordering.json,52,[TRIPLE] José_Manuel_Durão_Barroso  deathPlace  Leningrad_USSR [/TRIPLE] [TRIPLE] José_Manuel_Durão_Barroso  birthDate  1994-06-14 [/TRIPLE] [TRIPLE] José_Manuel_Durão_Barroso  knownFor  Peano_existence_theorem [/TRIPLE] [TRIPLE] José_Manuel_Durão_Barroso  birthName  Anja_Huber [/TRIPLE],4,3,1,3,knownFor,José_Manuel_Durão_Barroso knownFor Peano_existence_theorem,52,birthName birthDate deathPlace,ordering
counterfactual,results/ordering/counterfactual_ordering.json,54,[TRIPLE] Mermaid_(Train_song)  recordLabel  Ariola_Eurodisc_GmbH [/TRIPLE] [TRIPLE] Mermaid_(Train_song)  writer  alt-J [/TRIPLE] [TRIPLE] Mermaid_(Train_song)  writer  Battlestar_Galactica [/TRIPLE] [TRIPLE] Mermaid_(Train_song)  followedBy  Sverdlovsk_Film_Studio [/TRIPLE] [TRIPLE] Mermaid_(Train_song)  producer  Espionage_(production_team) [/TRIPLE],5,2,3,4,writer | writer | producer,Mermaid_(Train_song) writer alt-J || Mermaid_(Train_song) writer Battlestar_Galactica || Mermaid_(Train_song) producer Espionage_(production_team),54,recordLabel followedBy creator author,ordering
counterfactual,results/ordering/counterfactual_ordering.json,55,[TRIPLE] Doire  followedBy  Acoustic_Samurai [/TRIPLE] [TRIPLE] Doire  artist  Culture_Club [/TRIPLE] [TRIPLE] Doire  releaseDate  1991-12-09 [/TRIPLE] [TRIPLE] Doire  runtime  108600000 [/TRIPLE] [TRIPLE] Doire  precededBy  Gossip_Girl [/TRIPLE],5,3,2,5,artist | runtime,Doire artist Culture_Club || Doire runtime 108600000,55,followedBy precededBy record releaseDate time,ordering
counterfactual,results/ordering/counterfactual_ordering.json,58,[TRIPLE] Cph_Deutschland  regionServed  Mexico [/TRIPLE] [TRIPLE] Cph_Deutschland  city  Westhaven-Moonstone [/TRIPLE] [TRIPLE] Cph_Deutschland  operatingIncome  260855000000.0 [/TRIPLE] [TRIPLE] Cph_Deutschland  industry  digital_economy [/TRIPLE] [TRIPLE] Cph_Deutschland  country  Mexico [/TRIPLE] [TRIPLE] Cph_Deutschland  netIncome  20378.5 [/TRIPLE],6,4,2,5,industry | netIncome,Cph_Deutschland industry digital_economy || Cph_Deutschland netIncome 20378.5,58,city country operatingIncome operatingIncome regionServed,ordering
counterfactual,results/ordering/counterfactual_ordering.json,65,[TRIPLE] (An_Imitation)_Blood_Orange  producer  Half_Japanese [/TRIPLE] [TRIPLE] (An_Imitation)_Blood_Orange  recordedIn  Mexico [/TRIPLE] [TRIPLE] (An_Imitation)_Blood_Orange  recordedIn  Ludwigshafen [/TRIPLE] [TRIPLE] (An_Imitation)_Blood_Orange  genre  Tswana_music [/TRIPLE],4,1,3,3,producer | recordedIn | recordedIn,(An_Imitation)_Blood_Orange producer Half_Japanese || (An_Imitation)_Blood_Orange recordedIn Mexico || (An_Imitation)_Blood_Orange recordedIn Ludwigshafen,65,genre recordIn recordIn,ordering
counterfactual,results/ordering/counterfactual_ordering.json,74,[TRIPLE] Blanche_of_Castile  professionalField  anthropology [/TRIPLE],1,0,1,1,professionalField,Blanche_of_Castile professionalField anthropology,74,profession,ordering
counterfactual,results/ordering/counterfactual_ordering.json,81,[TRIPLE] Tibre  releaseDate  1994-06-14 [/TRIPLE] [TRIPLE] Tibre  followedBy  Music_of_The_Lord_of_the_Rings_film_series [/TRIPLE] [TRIPLE] Tibre  genre  noh [/TRIPLE] [TRIPLE] Tibre  producer  Las_Ketchup [/TRIPLE] [TRIPLE] Tibre  artist  Las_Ketchup [/TRIPLE] [TRIPLE] Tibre  genre  old_classical_vocal_polyphony [/TRIPLE] [TRIPLE] Tibre  recordLabel  Flip_Records [/TRIPLE],7,4,3,4,producer | artist | genre,Tibre producer Las_Ketchup || Tibre artist Las_Ketchup || Tibre genre old_classical_vocal_polyphony,81,genre followedBy recordLabel releaseDate,ordering
counterfactual,results/ordering/counterfactual_ordering.json,88,[TRIPLE] Stakk_Attakk  artist  The_Strokes [/TRIPLE] [TRIPLE] Stakk_Attakk  producer  The_Strokes [/TRIPLE] [TRIPLE] Stakk_Attakk  runtime  250493000000.0 [/TRIPLE] [TRIPLE] Stakk_Attakk  recordedIn  Mexico [/TRIPLE] [TRIPLE] Stakk_Attakk  genre  minimal_electro [/TRIPLE],5,1,4,3,artist | producer | runtime | recordedIn,Stakk_Attakk artist The_Strokes || Stakk_Attakk producer The_Strokes || Stakk_Attakk runtime 250493000000.0 || Stakk_Attakk recordedIn Mexico,88,genre recordIn recordLength,ordering
counterfactual,results/ordering/counterfactual_ordering.json,94,[TRIPLE] Mermaid_(Train_song)  releaseDate  2006-09-06 [/TRIPLE] [TRIPLE] Mermaid_(Train_song)  precededBy  School_of_Applied_Arts_in_Stuttgart [/TRIPLE] [TRIPLE] Mermaid_(Train_song)  writer  Jarosław_Rodzewicz [/TRIPLE] [TRIPLE] Mermaid_(Train_song)  runtime  21000 [/TRIPLE] [TRIPLE] Mermaid_(Train_song)  writer  Systems_in_Blue [/TRIPLE],5,2,3,4,writer | runtime | writer,Mermaid_(Train_song) writer Jarosław_Rodzewicz || Mermaid_(Train_song) runtime 21000 || Mermaid_(Train_song) writer Systems_in_Blue,94,precededBy releaseDate timeruntime author,ordering
counterfactual,results/ordering/counterfactual_ordering.json,113,[TRIPLE] The_Twilight_Saga:_Breaking_Dawn_–_Part_2  director  Philip_the_Arab [/TRIPLE] [TRIPLE] Sandro_Pertini  deathYear  2000-01-01 [/TRIPLE] [TRIPLE] Philip_the_Arab  activeYearsStartYear  1989-01-01 [/TRIPLE] [TRIPLE] The_Twilight_Saga:_Breaking_Dawn_–_Part_2  writer  Kurt_Georg_Kiesinger [/TRIPLE] [TRIPLE] The_Twilight_Saga:_Breaking_Dawn_–_Part_2  writer  Sandro_Pertini [/TRIPLE],5,3,2,5,writer | writer,The_Twilight_Saga:_Breaking_Dawn_–_Part_2 writer Kurt_Georg_Kiesinger || The_Twilight_Saga:_Breaking_Dawn_–_Part_2 writer Sandro_Pertini,113,activeYearsStartYear director activeYearsEndYear author deathYear,ordering
counterfactual,results/ordering/counterfactual_ordering.json,117,[TRIPLE] SSAB  location  Turkey [/TRIPLE] [TRIPLE] SSAB  product  dopant [/TRIPLE] [TRIPLE] SSAB  industry  Pharmaceuticals [/TRIPLE] [TRIPLE] SSAB  keyPerson  urban_planner [/TRIPLE] [TRIPLE] SSAB  foundingDate  1892-01-03 [/TRIPLE] [TRIPLE] SSAB  type  S.A._(corporation) [/TRIPLE] [TRIPLE] SSAB  numberOfEmployees  418476000000.0 [/TRIPLE],7,5,2,5,industry | type,SSAB industry Pharmaceuticals || SSAB type S.A._(corporation),117,keyPerson location foundingDate numberOfEmployees product,ordering
counterfactual,results/ordering/counterfactual_ordering.json,121,[TRIPLE] Aliens_vs_Avatars  starring  Fernando_César_de_Souza [/TRIPLE] [TRIPLE] Aliens_vs_Avatars  writer  Luc_Van_den_Brande [/TRIPLE] [TRIPLE] Aliens_vs_Avatars  runtime  282838.0 [/TRIPLE],3,2,1,3,writer,Aliens_vs_Avatars writer Luc_Van_den_Brande,121,starring author runtime,ordering
counterfactual,results/ordering/counterfactual_ordering.json,122,[TRIPLE] Charisma  writer  Coco_Austin [/TRIPLE] [TRIPLE] Coco_Austin  deathDate  1944-07-28 [/TRIPLE] [TRIPLE] Charisma  director  Trygve_Braarud [/TRIPLE] [TRIPLE] Trygve_Braarud  birthYear  1898 [/TRIPLE],4,3,1,4,writer,Charisma writer Coco_Austin,122,birthYear director author deathDate,ordering
counterfactual,results/ordering/counterfactual_ordering.json,125,"[TRIPLE] Alexander_and_Baldwin  foundingDate  ""30_March_2007"" [/TRIPLE] [TRIPLE] Alexander_and_Baldwin  type  non-governmental_organization [/TRIPLE]",2,1,1,1,type,Alexander_and_Baldwin type non-governmental_organization,125,foundingDate,ordering
counterfactual,results/ordering/counterfactual_ordering.json,130,[TRIPLE] A_Nightingale_Sang_in_Berkeley_Square  director  Lyndon_B._Johnson [/TRIPLE] [TRIPLE] A_Nightingale_Sang_in_Berkeley_Square  writer  Lyndon_B._Johnson [/TRIPLE] [TRIPLE] A_Nightingale_Sang_in_Berkeley_Square  producer  This'll_Be_My_Year [/TRIPLE],3,1,2,2,writer | producer,A_Nightingale_Sang_in_Berkeley_Square writer Lyndon_B._Johnson || A_Nightingale_Sang_in_Berkeley_Square producer This'll_Be_My_Year,130,director creator,ordering
counterfactual,results/ordering/counterfactual_ordering.json,141,[TRIPLE] University_of_Rennes_2_–_Upper_Brittany  staff  1095.0 [/TRIPLE] [TRIPLE] University_of_Rennes_2_–_Upper_Brittany  numberOfDoctoralStudents  1512 [/TRIPLE] [TRIPLE] University_of_Rennes_2_–_Upper_Brittany  campus  Labruyère [/TRIPLE] [TRIPLE] University_of_Rennes_2_–_Upper_Brittany  numberOfStudents  2900 [/TRIPLE] [TRIPLE] University_of_Rennes_2_–_Upper_Brittany  numberOfPostgraduateStudents  1604.0 [/TRIPLE],5,4,1,4,staff,University_of_Rennes_2_–_Upper_Brittany staff 1095.0,141,campus numberOfStudents numberOfPostgraduateStudents numberOfDoctoralStudents,ordering
counterfactual,results/ordering/counterfactual_ordering.json,145,[TRIPLE] Charles_Darwin  deathPlace  Michigan [/TRIPLE] [TRIPLE] Charles_Darwin  birthPlace  California [/TRIPLE] [TRIPLE] Charles_Darwin  mission  STS-41 [/TRIPLE],3,2,1,2,mission,Charles_Darwin mission STS-41,145,birthPlace deathPlace,ordering
counterfactual,results/ordering/counterfactual_ordering.json,148,[TRIPLE] Taro  releaseDate  1908-05-02 [/TRIPLE] [TRIPLE] Taro  followedBy  534 [/TRIPLE] [TRIPLE] Taro  genre  contemporary_vocal_music [/TRIPLE] [TRIPLE] Taro  producer  La_Coka_Nostra [/TRIPLE] [TRIPLE] Taro  genre  ensalada [/TRIPLE],5,3,2,3,producer | genre,Taro producer La_Coka_Nostra || Taro genre ensalada,148,genre followedBy releaseDate,ordering
counterfactual,results/ordering/counterfactual_ordering.json,150,"[TRIPLE] Deux-Nèthes  releaseDate  ""1923-11-18"" [/TRIPLE] [TRIPLE] Deux-Nèthes  followedBy  Codes_and_Keys [/TRIPLE] [TRIPLE] Deux-Nèthes  genre  tropipop [/TRIPLE] [TRIPLE] Deux-Nèthes  producer  The_Desert_Sessions [/TRIPLE] [TRIPLE] Deux-Nèthes  artist  The_Desert_Sessions [/TRIPLE]",5,3,2,3,producer | artist,Deux-Nèthes producer The_Desert_Sessions || Deux-Nèthes artist The_Desert_Sessions,150,genre followedBy releaseDate,ordering
counterfactual,results/ordering/counterfactual_ordering.json,151,[TRIPLE] Bouches-de-l'Escaut  followedBy  Auch [/TRIPLE] [TRIPLE] Bouches-de-l'Escaut  producer  Primal_Fear [/TRIPLE] [TRIPLE] Bouches-de-l'Escaut  artist  Primal_Fear [/TRIPLE] [TRIPLE] Bouches-de-l'Escaut  recordLabel  RSO_Records [/TRIPLE],4,2,2,3,producer | artist,Bouches-de-l'Escaut producer Primal_Fear || Bouches-de-l'Escaut artist Primal_Fear,151,followedBy recordLabel creator,ordering
counterfactual,results/ordering/counterfactual_ordering.json,159,[TRIPLE] The_Haunted_Castle  releaseDate  1908-05-02 [/TRIPLE] [TRIPLE] The_Haunted_Castle  writer  Lewis_Hamilton [/TRIPLE] [TRIPLE] The_Haunted_Castle  runtime  230.05 [/TRIPLE] [TRIPLE] The_Haunted_Castle  editing  Ptolemy_VIII_Physcon [/TRIPLE] [TRIPLE] The_Haunted_Castle  musicComposer  Ingemar_Stenmark [/TRIPLE],5,2,3,4,writer | runtime | editing,The_Haunted_Castle writer Lewis_Hamilton || The_Haunted_Castle runtime 230.05 || The_Haunted_Castle editing Ptolemy_VIII_Physcon,159,musicComposer editor releaseDate author,ordering
counterfactual,results/ordering/counterfactual_ordering.json,167,[TRIPLE] I_Want_to_Marry_Ryan_Banks  director  Alberto_Tomba [/TRIPLE] [TRIPLE] I_Want_to_Marry_Ryan_Banks  producer  Alberto_Tomba [/TRIPLE] [TRIPLE] I_Want_to_Marry_Ryan_Banks  producer  María_Silva_Cruz [/TRIPLE] [TRIPLE] I_Want_to_Marry_Ryan_Banks  director  María_Silva_Cruz [/TRIPLE] [TRIPLE] I_Want_to_Marry_Ryan_Banks  runtime  27400 [/TRIPLE],5,3,2,5,producer | runtime,I_Want_to_Marry_Ryan_Banks producer María_Silva_Cruz || I_Want_to_Marry_Ryan_Banks runtime 27400,167,director director producer production time,ordering
counterfactual,results/ordering/counterfactual_ordering.json,171,[TRIPLE] Saturday_Night_Fever  releaseDate  1913-01-01 [/TRIPLE] [TRIPLE] Saturday_Night_Fever  director  Antonio_Segni [/TRIPLE] [TRIPLE] Saturday_Night_Fever  editing  Rolf_Turkka [/TRIPLE] [TRIPLE] Saturday_Night_Fever  producer  Abel_Kirui [/TRIPLE],4,1,3,4,releaseDate | editing | producer,Saturday_Night_Fever releaseDate 1913-01-01 || Saturday_Night_Fever editing Rolf_Turkka || Saturday_Night_Fever producer Abel_Kirui,171,director editor production date,ordering
counterfactual,results/ordering/counterfactual_ordering.json,176,[TRIPLE] Aguiar_da_Beira  country  Turkey [/TRIPLE] [TRIPLE] Turkey  areaTotal  1095.0 [/TRIPLE] [TRIPLE] Aguiar_da_Beira  isPartOf  Jalisco [/TRIPLE] [TRIPLE] Jalisco  type  Compilation_Album [/TRIPLE],4,3,1,3,type,Jalisco type Compilation_Album,176,isPartOf country areaTotal,ordering
counterfactual,results/ordering/counterfactual_ordering.json,181,[TRIPLE] Die_Nacht_der_Seele  producer  Sonic_Syndicate [/TRIPLE] [TRIPLE] Die_Nacht_der_Seele  runtime  387.63 [/TRIPLE] [TRIPLE] Die_Nacht_der_Seele  recordedIn  Mexico [/TRIPLE],3,0,3,3,producer | runtime | recordedIn,Die_Nacht_der_Seele producer Sonic_Syndicate || Die_Nacht_der_Seele runtime 387.63 || Die_Nacht_der_Seele recordedIn Mexico,181,recordIn production time,ordering
counterfactual,results/ordering/counterfactual_ordering.json,183,[TRIPLE] The_Girl_from_Nowhere  writer  Juliana_Hatfield [/TRIPLE] [TRIPLE] Juliana_Hatfield  birthYear  1765 [/TRIPLE] [TRIPLE] The_Girl_from_Nowhere  starring  Juhani_Ruotsalainen [/TRIPLE] [TRIPLE] The_Girl_from_Nowhere  starring  Albert_of_Aix [/TRIPLE],4,3,1,4,writer,The_Girl_from_Nowhere writer Juliana_Hatfield,183,birthYear author starring starring,ordering
counterfactual,results/ordering/counterfactual_ordering.json,185,[TRIPLE] Collision_Course  producer  Rudimental [/TRIPLE],1,0,1,1,producer,Collision_Course producer Rudimental,185,creator,ordering
counterfactual,results/ordering/counterfactual_ordering.json,189,[TRIPLE] David_Bellion  deathPlace  Mexico [/TRIPLE] [TRIPLE] Cancun  meaning  andminus;7 [/TRIPLE] [TRIPLE] Mexico  longName  Israel [/TRIPLE] [TRIPLE] David_Bellion  deathPlace  Cancun [/TRIPLE],4,3,1,3,meaning,Cancun meaning andminus;7,189,deathPlace deathPlace longName,ordering
counterfactual,results/ordering/counterfactual_ordering.json,190,[TRIPLE] Xu_Guang  birthPlace  Karlsruhe [/TRIPLE] [TRIPLE] Xu_Guang  birthDate  1937-04-27 [/TRIPLE] [TRIPLE] Xu_Guang  deathDate  2001-10-16 [/TRIPLE] [TRIPLE] Xu_Guang  deathPlace  Mexico [/TRIPLE] [TRIPLE] Xu_Guang  nationality  Mexico [/TRIPLE] [TRIPLE] Xu_Guang  professionalField  kit_manager [/TRIPLE],6,5,1,5,professionalField,Xu_Guang professionalField kit_manager,190,birthPlace birthDate deathPlace nationality deathDate,ordering
counterfactual,results/ordering/counterfactual_ordering.json,197,[TRIPLE] The_Afterman:_Descension  starring  Renaud_Lavillenie [/TRIPLE] [TRIPLE] The_Afterman:_Descension  cinematography  José_Joaquín_Pérez [/TRIPLE] [TRIPLE] The_Afterman:_Descension  runtime  108600000 [/TRIPLE] [TRIPLE] The_Afterman:_Descension  gross  89.0 [/TRIPLE] [TRIPLE] The_Afterman:_Descension  starring  Pupienus [/TRIPLE],5,4,1,5,gross,The_Afterman:_Descension gross 89.0,197,starring starring runtime grosses cinematography,ordering
counterfactual,results/ordering/counterfactual_ordering.json,204,[TRIPLE] Howl  writer  Charles_Baudelaire [/TRIPLE],1,0,1,1,writer,Howl writer Charles_Baudelaire,204,author,ordering
counterfactual,results/ordering/counterfactual_ordering.json,206,[TRIPLE] Mack_Wilberg  residence  California [/TRIPLE] [TRIPLE] California  areaOfWater  30955.0 [/TRIPLE] [TRIPLE] Mack_Wilberg  residence  Philippines [/TRIPLE] [TRIPLE] Mack_Wilberg  citizenship  Philippines [/TRIPLE] [TRIPLE] Philippines  motto  Liberté_égalité_fraternité [/TRIPLE],5,4,1,4,citizenship,Mack_Wilberg citizenship Philippines,206,residence residence areaOfWater motto,ordering
counterfactual,results/ordering/counterfactual_ordering.json,209,[TRIPLE] Jean-Philippe_Rameau  birthPlace  Karlsruhe [/TRIPLE] [TRIPLE] Jean-Philippe_Rameau  birthDate  1911-01-01 [/TRIPLE] [TRIPLE] Jean-Philippe_Rameau  deathDate  2006-09-06 [/TRIPLE] [TRIPLE] Jean-Philippe_Rameau  deathPlace  United_States [/TRIPLE] [TRIPLE] Jean-Philippe_Rameau  birthPlace  Indo-Scythians [/TRIPLE],5,4,1,4,birthPlace,Jean-Philippe_Rameau birthPlace Indo-Scythians,209,birthPlace birthDate deathPlace deathDate,ordering
counterfactual,results/ordering/counterfactual_ordering.json,211,[TRIPLE] Moving_Violation  recordedIn  Mexico [/TRIPLE] [TRIPLE] Mexico  language  eng [/TRIPLE] [TRIPLE] Moving_Violation  recordedIn  Kampala [/TRIPLE],3,2,1,2,recordedIn,Moving_Violation recordedIn Kampala,211,language recordedIn,ordering
counterfactual,results/ordering/counterfactual_ordering.json,212,[TRIPLE] Pirates_II:_Stagnetti's_Revenge  runtime  610.0 [/TRIPLE] [TRIPLE] Pirates_II:_Stagnetti's_Revenge  director  Agustín_Sauto_Arana [/TRIPLE] [TRIPLE] Pirates_II:_Stagnetti's_Revenge  editing  Toivo_Nykänen [/TRIPLE] [TRIPLE] Pirates_II:_Stagnetti's_Revenge  producer  Charles_Lindbergh [/TRIPLE],4,1,3,4,runtime | editing | producer,Pirates_II:_Stagnetti's_Revenge runtime 610.0 || Pirates_II:_Stagnetti's_Revenge editing Toivo_Nykänen || Pirates_II:_Stagnetti's_Revenge producer Charles_Lindbergh,212,director editor production time,ordering
counterfactual,results/ordering/counterfactual_ordering.json,213,[TRIPLE] Gordian_II  deathDate  1946-12-17 [/TRIPLE] [TRIPLE] Gordian_II  nationality  Novgorod_Republic [/TRIPLE] [TRIPLE] Gordian_II  residence  Scotland [/TRIPLE] [TRIPLE] Gordian_II  spouse  Pierre_Desproges [/TRIPLE] [TRIPLE] Gordian_II  professionalField  Animals_in_ancient_Greece_and_Rome [/TRIPLE],5,4,1,4,professionalField,Gordian_II professionalField Animals_in_ancient_Greece_and_Rome,213,nationality residence spouse deathDate,ordering
counterfactual,results/ordering/counterfactual_ordering.json,215,[TRIPLE] 9/11  editor  Indira_Gandhi [/TRIPLE] [TRIPLE] 9/11  runtime  282838.0 [/TRIPLE] [TRIPLE] 9/11  producer  Cédric_Carrasso [/TRIPLE],3,1,2,3,runtime | producer,9/11 runtime 282838.0 || 9/11 producer Cédric_Carrasso,215,editor production time,ordering
counterfactual,results/ordering/counterfactual_ordering.json,220,[TRIPLE] Kissin_U  artist  Forgotten_Rebels [/TRIPLE] [TRIPLE] Kissin_U  producer  Forgotten_Rebels [/TRIPLE] [TRIPLE] Kissin_U  precededBy  In_a_Reverie [/TRIPLE] [TRIPLE] Kissin_U  runtime  610.0 [/TRIPLE],4,2,2,3,artist | producer,Kissin_U artist Forgotten_Rebels || Kissin_U producer Forgotten_Rebels,220,precededBy runtime creator,ordering
counterfactual,results/ordering/counterfactual_ordering.json,221,[TRIPLE] Cleopatra  influencedBy  John_Lennon [/TRIPLE] [TRIPLE] Cleopatra  citizenship  People's_Republic_of_China [/TRIPLE] [TRIPLE] Cleopatra  birthDate  1987-08-25 [/TRIPLE] [TRIPLE] Cleopatra  professionalField  Mathematical_optimization [/TRIPLE] [TRIPLE] Cleopatra  knownFor  Stochastic_programming [/TRIPLE],5,3,2,5,citizenship | professionalField,Cleopatra citizenship People's_Republic_of_China || Cleopatra professionalField Mathematical_optimization,221,birthDate nationality influencedBy professionField knownFor,ordering
counterfactual,results/ordering/counterfactual_ordering.json,229,[TRIPLE] Metroland  artist  The_Lumineers [/TRIPLE] [TRIPLE] Metroland  producer  The_Lumineers [/TRIPLE],2,0,2,1,artist | producer,Metroland artist The_Lumineers || Metroland producer The_Lumineers,229,creator,ordering
counterfactual,results/ordering/counterfactual_ordering.json,231,[TRIPLE] The_Broken_Coin  musicComposer  Maria_Höfl-Riesch [/TRIPLE] [TRIPLE] The_Broken_Coin  director  Leonardo_da_Vinci [/TRIPLE] [TRIPLE] The_Broken_Coin  editing  Vladislav_Pavlovich [/TRIPLE] [TRIPLE] The_Broken_Coin  producer  Yi_Chong-jun [/TRIPLE],4,2,2,4,editing | producer,The_Broken_Coin editing Vladislav_Pavlovich || The_Broken_Coin producer Yi_Chong-jun,231,musicComposer director editor production,ordering
counterfactual,results/ordering/counterfactual_ordering.json,234,[TRIPLE] Kat  producer  Sulaiman_of_Brunei [/TRIPLE] [TRIPLE] Kat  runtime  94.0 [/TRIPLE] [TRIPLE] Kat  artist  Sulaiman_of_Brunei [/TRIPLE] [TRIPLE] Kat  type  karaoke_album [/TRIPLE] [TRIPLE] Kat  precededBy  Psychedelic_Pill [/TRIPLE] [TRIPLE] Kat  genre  experimental_music [/TRIPLE],6,2,4,4,producer | runtime | artist | type,Kat producer Sulaiman_of_Brunei || Kat runtime 94.0 || Kat artist Sulaiman_of_Brunei || Kat type karaoke_album,234,genre precededBy karaoke_album time,ordering
counterfactual,results/ordering/counterfactual_ordering.json,237,"[TRIPLE] German_Chancellery_in_Berlin  architect  Caracalla [/TRIPLE] [TRIPLE] German_Chancellery_in_Berlin  address  11_Diagonal_Street [/TRIPLE] [TRIPLE] German_Chancellery_in_Berlin  buildingStartDate  ""1923-11-18"" [/TRIPLE] [TRIPLE] German_Chancellery_in_Berlin  currentTenants  East_Carolina_University_College_of_Business [/TRIPLE] [TRIPLE] German_Chancellery_in_Berlin  location  New_Hampshire [/TRIPLE] [TRIPLE] German_Chancellery_in_Berlin  architecturalStyle  star_fort [/TRIPLE] [TRIPLE] German_Chancellery_in_Berlin  owner  Northern_Arizona_University [/TRIPLE]",7,6,1,6,architect,German_Chancellery_in_Berlin architect Caracalla,237,location owner buildingStartDate address architecturalStyle currentTenants,ordering
counterfactual,results/ordering/counterfactual_ordering.json,239,[TRIPLE] Mermaid_(Train_song)  genre  dance-pop [/TRIPLE] [TRIPLE] jazz_rap  stylisticOrigin  Tswana_music [/TRIPLE] [TRIPLE] Mermaid_(Train_song)  genre  jazz_rap [/TRIPLE] [TRIPLE] dance-pop  stylisticOrigin  Ruba'i [/TRIPLE],4,3,1,3,genre,Mermaid_(Train_song) genre jazz_rap,239,genre stylisticOrigin stylisticOrigin,ordering
counterfactual,results/ordering/counterfactual_ordering.json,242,"[TRIPLE] Isaac_Berenblum  citizenship  ""Republic_of_Turkey"" [/TRIPLE] [TRIPLE] ""Republic_of_Turkey""  motto  Strong_and_Prosperous_Nation [/TRIPLE] [TRIPLE] Isaac_Berenblum  influencedBy  Hongwu_Emperor [/TRIPLE] [TRIPLE] Hongwu_Emperor  professionalField  Mathematical_optimization [/TRIPLE]",4,3,1,4,professionalField,Hongwu_Emperor professionalField Mathematical_optimization,242,influencedBy professionField citizenship motto,ordering
counterfactual,results/ordering/counterfactual_ordering.json,243,[TRIPLE] Zissersdorf  populationMetro  1249.6 [/TRIPLE] [TRIPLE] Zissersdorf  leaderTitle  Atabeg [/TRIPLE] [TRIPLE] Zissersdorf  type  City [/TRIPLE] [TRIPLE] Zissersdorf  populationDensity  2900 [/TRIPLE] [TRIPLE] Zissersdorf  governmentType  imperial_cult [/TRIPLE] [TRIPLE] Zissersdorf  utcOffset  −6 [/TRIPLE] [TRIPLE] Zissersdorf  elevationAboveTheSeaLevel  1604.0 [/TRIPLE],7,5,2,5,type | utcOffset,Zissersdorf type City || Zissersdorf utcOffset −6,243,leaderTitle governmentType elevationAboveTheSeaLevel populationMetro populationDensity,ordering
counterfactual,results/ordering/counterfactual_ordering.json,255,[TRIPLE] Orchid  recordedIn  Mexico [/TRIPLE] [TRIPLE] Orchid  recordedIn  Baghdad [/TRIPLE] [TRIPLE] Orchid  precededBy  O-Zone [/TRIPLE] [TRIPLE] Orchid  recordLabel  Arbors_Records [/TRIPLE] [TRIPLE] Orchid  recordLabel  Sony_Music_Entertainment_Polska_Sp._z_o.o. [/TRIPLE] [TRIPLE] Orchid  releaseDate  1908-05-02 [/TRIPLE] [TRIPLE] Orchid  runtime  282838.0 [/TRIPLE],7,3,4,5,recordedIn | recordedIn | releaseDate | runtime,Orchid recordedIn Mexico || Orchid recordedIn Baghdad || Orchid releaseDate 1908-05-02 || Orchid runtime 282838.0,255,precededBy recordLabel recordLabel recordDate recordTime,ordering
counterfactual,results/ordering/counterfactual_ordering.json,259,[TRIPLE] Frise_(department)  releaseDate  1937-04-27 [/TRIPLE] [TRIPLE] Frise_(department)  followedBy  2_Cute_Shinseinaru_Best_Album [/TRIPLE] [TRIPLE] Frise_(department)  genre  conjunto [/TRIPLE],3,2,1,2,releaseDate,Frise_(department) releaseDate 1937-04-27,259,genre followedBy,ordering
counterfactual,results/ordering/counterfactual_ordering.json,261,[TRIPLE] The_A_Team  runtime  1604.0 [/TRIPLE] [TRIPLE] The_A_Team  artist  The_Futureheads [/TRIPLE] [TRIPLE] The_A_Team  genre  doom_metal [/TRIPLE] [TRIPLE] The_A_Team  producer  The_Futureheads [/TRIPLE] [TRIPLE] The_A_Team  genre  African-American_music [/TRIPLE] [TRIPLE] The_A_Team  producer  Mr._Lawrence [/TRIPLE],6,3,3,6,artist | producer | producer,The_A_Team artist The_Futureheads || The_A_Team producer The_Futureheads || The_A_Team producer Mr._Lawrence,261,genre genre production manager The_Futureheads runtime,ordering
counterfactual,results/ordering/counterfactual_ordering.json,264,[TRIPLE] Tommi_Nikunen  birthPlace  Second_Republic_of_South_Korea [/TRIPLE] [TRIPLE] Tommi_Nikunen  professionalField  elevator_operator [/TRIPLE],2,1,1,2,professionalField,Tommi_Nikunen professionalField elevator_operator,264,birthPlace professionField,ordering
counterfactual,results/ordering/counterfactual_ordering.json,271,[TRIPLE] Mermaid_(Train_song)  writer  Star_Wars [/TRIPLE],1,0,1,1,writer,Mermaid_(Train_song) writer Star_Wars,271,author,ordering
counterfactual,results/ordering/counterfactual_ordering.json,276,[TRIPLE] Fugazi  cinematography  Pythagoras [/TRIPLE] [TRIPLE] Fugazi  runtime  0711905 [/TRIPLE] [TRIPLE] Fugazi  gross  1604.0 [/TRIPLE] [TRIPLE] Fugazi  director  Willy_Brandt [/TRIPLE],4,3,1,5,gross,Fugazi gross 1604.0,276,director production cost runtime cinematography,ordering
counterfactual,results/ordering/counterfactual_ordering.json,279,[TRIPLE] Midões  type  City [/TRIPLE] [TRIPLE] Midões  populationDensity  4349.0 [/TRIPLE] [TRIPLE] Midões  governmentType  hexacameralism [/TRIPLE] [TRIPLE] Midões  utcOffset  −6 [/TRIPLE],4,3,1,3,type,Midões type City,279,governmentType populationDensity utcOffset,ordering
counterfactual,results/ordering/counterfactual_ordering.json,280,"[TRIPLE] Mermaid_(Train_song)  precededBy  ""Ruth_Ribicoff"" [/TRIPLE] [TRIPLE] Mermaid_(Train_song)  runtime  204.0 [/TRIPLE] [TRIPLE] Mermaid_(Train_song)  genre  classical_music [/TRIPLE] [TRIPLE] Mermaid_(Train_song)  followedBy  Kyrgyzfilm [/TRIPLE]",4,3,1,3,runtime,Mermaid_(Train_song) runtime 204.0,280,genre precededBy followedBy,ordering
counterfactual,results/ordering/counterfactual_ordering.json,283,[TRIPLE] Prince_Emmanuel_d’Orléans  birthPlace  Karlsruhe [/TRIPLE] [TRIPLE] Prince_Emmanuel_d’Orléans  deathPlace  United_States [/TRIPLE] [TRIPLE] Prince_Emmanuel_d’Orléans  deathDate  1726-01-01 [/TRIPLE] [TRIPLE] Prince_Emmanuel_d’Orléans  deathPlace  Dar_es_Salaam [/TRIPLE] [TRIPLE] United_States  ethnicGroup  Arab-Christians [/TRIPLE],5,4,1,4,deathPlace,Prince_Emmanuel_d’Orléans deathPlace Dar_es_Salaam,283,birthPlace deathPlace deathDate ethnicGroup,ordering
counterfactual,results/ordering/counterfactual_ordering.json,286,[TRIPLE] Shaolin  editing  Cecilia_R._Aragon [/TRIPLE] [TRIPLE] Shaolin  producer  Adémar_de_Chabannes [/TRIPLE] [TRIPLE] Shaolin  writer  Adémar_de_Chabannes [/TRIPLE],3,0,3,2,editing | producer | writer,Shaolin editing Cecilia_R._Aragon || Shaolin producer Adémar_de_Chabannes || Shaolin writer Adémar_de_Chabannes,286,editor publisher,ordering
counterfactual,results/ordering/counterfactual_ordering.json,292,[TRIPLE] Felice_Rix-Ueno  influencedBy  Antiochus_IV_Epiphanes [/TRIPLE] [TRIPLE] Felice_Rix-Ueno  citizenship  Brazil [/TRIPLE] [TRIPLE] Felice_Rix-Ueno  birthDate  1703-05-27 [/TRIPLE] [TRIPLE] Felice_Rix-Ueno  almaMater  Leipzig_University [/TRIPLE],4,3,1,3,citizenship,Felice_Rix-Ueno citizenship Brazil,292,birthDate almaMater influencedBy,ordering
counterfactual,results/ordering/counterfactual_ordering.json,295,[TRIPLE] Numb  runtime  1249.6 [/TRIPLE] [TRIPLE] Numb  artist  Gregorian [/TRIPLE] [TRIPLE] Numb  genre  zouglou [/TRIPLE] [TRIPLE] Numb  producer  Gregorian [/TRIPLE] [TRIPLE] Numb  genre  post-punk [/TRIPLE],5,2,3,4,runtime | artist | producer,Numb runtime 1249.6 || Numb artist Gregorian || Numb producer Gregorian,295,genre genre production time,ordering
counterfactual,results/ordering/counterfactual_ordering.json,301,[TRIPLE] Ramesses_V  birthDate  2009-06-01 [/TRIPLE] [TRIPLE] Ramesses_V  nationality  Fadhli_Sultanate [/TRIPLE] [TRIPLE] Ramesses_V  professionalField  veterinary_biology [/TRIPLE],3,2,1,3,professionalField,Ramesses_V professionalField veterinary_biology,301,nationality birthDate professionField,ordering
counterfactual,results/ordering/counterfactual_ordering.json,304,[TRIPLE] Elton_John  status  contradiction [/TRIPLE] [TRIPLE] Elton_John  mission  Shenzhou_9 [/TRIPLE],2,1,1,1,mission,Elton_John mission Shenzhou_9,304,status,ordering
counterfactual,results/ordering/counterfactual_ordering.json,305,[TRIPLE] Stan_Lee_Media  industry  Celtic_studies [/TRIPLE] [TRIPLE] Stan_Lee_Media  product  single-player_video_game [/TRIPLE] [TRIPLE] Stan_Lee_Media  industry  voluntary_social_year [/TRIPLE] [TRIPLE] Stan_Lee_Media  product  pressbook [/TRIPLE],4,2,2,3,industry | product,Stan_Lee_Media industry voluntary_social_year || Stan_Lee_Media product pressbook,305,product media industry,ordering
counterfactual,results/ordering/counterfactual_ordering.json,310,"[TRIPLE] Luc_Van_den_Brande  birthPlace  Xiangshan_County [/TRIPLE] [TRIPLE] Xiangshan_County  isPartOf  Xinzhou [/TRIPLE] [TRIPLE] Luc_Van_den_Brande  mission  Shenzhou_10 [/TRIPLE] [TRIPLE] Shenzhou_10  cosparId  ""101_Ukrop_Way"" [/TRIPLE]",4,3,1,4,cosparId,"Shenzhou_10 cosparId ""101_Ukrop_Way""",310,birthPlace isPartOf mission COSparId,ordering
counterfactual,results/ordering/counterfactual_ordering.json,311,[TRIPLE] The_Greatest_Story_Ever_Told  recordedIn  Caracas [/TRIPLE] [TRIPLE] Athens  leader  Francis_Gillot [/TRIPLE] [TRIPLE] The_Greatest_Story_Ever_Told  recordedIn  Athens [/TRIPLE],3,2,1,3,recordedIn,The_Greatest_Story_Ever_Told recordedIn Athens,311,leader recordIn recordedIn,ordering
counterfactual,results/ordering/counterfactual_ordering.json,313,"[TRIPLE] Federico_Errázuriz_Zañartu  mission  Gaganyaan [/TRIPLE] [TRIPLE] Gaganyaan  cosparId  ""101_Ukrop_Way"" [/TRIPLE]",2,1,1,2,cosparId,"Gaganyaan cosparId ""101_Ukrop_Way""",313,mission COSparId,ordering
counterfactual,results/ordering/counterfactual_ordering.json,318,[TRIPLE] Gotcha!  director  DeForest_Kelley [/TRIPLE] [TRIPLE] Gotcha!  director  Vladimir_Delač [/TRIPLE] [TRIPLE] Gotcha!  starring  Vladimir_Delač [/TRIPLE] [TRIPLE] Gotcha!  writer  Vladimir_Delač [/TRIPLE],4,3,1,3,writer,Gotcha! writer Vladimir_Delač,318,director starring director,ordering
counterfactual,results/ordering/counterfactual_ordering.json,327,[TRIPLE] Gris-Gris  starring  Jacques_Brel [/TRIPLE] [TRIPLE] Gris-Gris  writer  Gabriel_Gonzáles_Videla [/TRIPLE],2,1,1,2,writer,Gris-Gris writer Gabriel_Gonzáles_Videla,327,starring author,ordering
counterfactual,results/ordering/counterfactual_ordering.json,328,[TRIPLE] Moruya_Airport  location  Mogonono [/TRIPLE] [TRIPLE] Moruya_Airport  icaoLocationIdentifier  Narrandera_Airport [/TRIPLE] [TRIPLE] Mogonono  postalCode  MK44 [/TRIPLE] [TRIPLE] Moruya_Airport  operatingOrganisation  Google [/TRIPLE] [TRIPLE] Google  foundedBy  Bernard_Arnault [/TRIPLE],5,4,1,5,icaoLocationIdentifier,Moruya_Airport icaoLocationIdentifier Narrandera_Airport,328,foundedBy operatingOrganisation location ICAOLocationIdentifier postalCode,ordering
counterfactual,results/ordering/counterfactual_ordering.json,331,[TRIPLE] The_Manchurian_Candidate  runtime  173.46 [/TRIPLE] [TRIPLE] The_Manchurian_Candidate  musicComposer  Hákon_Sigurðsson [/TRIPLE] [TRIPLE] The_Manchurian_Candidate  releaseDate  1726-01-01 [/TRIPLE] [TRIPLE] The_Manchurian_Candidate  director  Linde_Lindström [/TRIPLE] [TRIPLE] The_Manchurian_Candidate  editing  Maurice_Gourdault-Montagne [/TRIPLE] [TRIPLE] The_Manchurian_Candidate  writer  Troian_Bellisario [/TRIPLE],6,4,2,5,editing | writer,The_Manchurian_Candidate editing Maurice_Gourdault-Montagne || The_Manchurian_Candidate writer Troian_Bellisario,331,director editor musicComposer releaseDate runtime,ordering
counterfactual,results/ordering/counterfactual_ordering.json,334,[TRIPLE] The_dB's  producer  Richard_Bona [/TRIPLE] [TRIPLE] The_dB's  runtime  1249.6 [/TRIPLE] [TRIPLE] The_dB's  precededBy  A_Thousand_Suns [/TRIPLE],3,0,3,3,producer | runtime | precededBy,The_dB's producer Richard_Bona || The_dB's runtime 1249.6 || The_dB's precededBy A_Thousand_Suns,334,precededBy's production time,ordering
counterfactual,results/ordering/counterfactual_ordering.json,336,[TRIPLE] Francisco_Varallo  professionalField  special_relativity [/TRIPLE] [TRIPLE] Francisco_Varallo  knownFor  Carter_constant [/TRIPLE] [TRIPLE] Francisco_Varallo  knownFor  Fermat's_theorem [/TRIPLE] [TRIPLE] Francisco_Varallo  birthPlace  England [/TRIPLE],4,3,1,4,professionalField,Francisco_Varallo professionalField special_relativity,336,birthPlace professionCause knownFor knownFor,ordering
counterfactual,results/ordering/counterfactual_ordering.json,342,[TRIPLE] Mwanza_Airport  operatingOrganisation  Sega [/TRIPLE] [TRIPLE] Mwanza_Airport  runwayLength  0004319 [/TRIPLE] [TRIPLE] Mwanza_Airport  cityServed  Rudskogen [/TRIPLE] [TRIPLE] Mwanza_Airport  location  Primorsky [/TRIPLE] [TRIPLE] Mwanza_Airport  icaoLocationIdentifier  Warnervale_Airport [/TRIPLE],5,4,1,5,icaoLocationIdentifier,Mwanza_Airport icaoLocationIdentifier Warnervale_Airport,342,operatingOrganisation location cityServed runwayLength ICAOLocationIdentifier,ordering
counterfactual,results/ordering/counterfactual_ordering.json,345,[TRIPLE] Bommalattam  imdbId  83.0 [/TRIPLE] [TRIPLE] Bommalattam  director  Carl_van_Dockum [/TRIPLE] [TRIPLE] Bommalattam  director  Meryl_Streep [/TRIPLE] [TRIPLE] Bommalattam  starring  Meryl_Streep [/TRIPLE] [TRIPLE] Bommalattam  writer  Meryl_Streep [/TRIPLE] [TRIPLE] Bommalattam  distributor  Alliance_Films_Corporation [/TRIPLE],6,4,2,5,imdbId | writer,Bommalattam imdbId 83.0 || Bommalattam writer Meryl_Streep,345,distributor starring director director IdbId,ordering
counterfactual,results/ordering/counterfactual_ordering.json,346,[TRIPLE] Pinheiros  populationMetro  1604.0 [/TRIPLE] [TRIPLE] Pinheiros  leaderTitle  Amtsarzt [/TRIPLE] [TRIPLE] Pinheiros  type  City [/TRIPLE],3,2,1,2,type,Pinheiros type City,346,leaderTitle populationMetro,ordering
counterfactual,results/ordering/counterfactual_ordering.json,347,[TRIPLE] Love_Metal_Archives_Vol._I  starring  Franz_Kafka [/TRIPLE] [TRIPLE] Love_Metal_Archives_Vol._I  cinematography  Abdoulaye_Keita [/TRIPLE] [TRIPLE] Love_Metal_Archives_Vol._I  runtime  9400 [/TRIPLE] [TRIPLE] Love_Metal_Archives_Vol._I  gross  10252 [/TRIPLE],4,3,1,4,cinematography,Love_Metal_Archives_Vol._I cinematography Abdoulaye_Keita,347,starring filmography runtime gross,ordering
counterfactual,results/ordering/counterfactual_ordering.json,363,[TRIPLE] Daddy's_Home  starring  Hadrian [/TRIPLE] [TRIPLE] Daddy's_Home  cinematography  Wilhelm_von_Wedell [/TRIPLE] [TRIPLE] Daddy's_Home  runtime  260855000000.0 [/TRIPLE] [TRIPLE] Daddy's_Home  gross  3.16 [/TRIPLE] [TRIPLE] Daddy's_Home  director  Ned_Beatty [/TRIPLE] [TRIPLE] Daddy's_Home  musicComposer  Emperor_Xuanzong_of_Tang [/TRIPLE] [TRIPLE] Daddy's_Home  starring  Caparezza [/TRIPLE],7,6,1,6,cinematography,Daddy's_Home cinematography Wilhelm_von_Wedell,363,director starring starring musicComposer runtime gross,ordering
counterfactual,results/ordering/counterfactual_ordering.json,369,[TRIPLE] What_Makes_You_Beautiful  runtime  20378.5 [/TRIPLE] [TRIPLE] What_Makes_You_Beautiful  artist  Within_Temptation [/TRIPLE] [TRIPLE] What_Makes_You_Beautiful  genre  jazz_rap [/TRIPLE] [TRIPLE] What_Makes_You_Beautiful  producer  Within_Temptation [/TRIPLE],4,1,3,3,runtime | artist | producer,What_Makes_You_Beautiful runtime 20378.5 || What_Makes_You_Beautiful artist Within_Temptation || What_Makes_You_Beautiful producer Within_Temptation,369,genre production time,ordering
counterfactual,results/ordering/counterfactual_ordering.json,372,[TRIPLE] Augusteum  architect  Hermidita [/TRIPLE] [TRIPLE] Augusteum  address  103_Colmore_Row [/TRIPLE] [TRIPLE] Augusteum  buildingStartDate  1776-02-18 [/TRIPLE] [TRIPLE] Augusteum  currentTenants  Dorset_College [/TRIPLE] [TRIPLE] Augusteum  architecturalStyle  cross-in-square [/TRIPLE] [TRIPLE] Dorset_College  country  France [/TRIPLE] [TRIPLE] Augusteum  owner  University_of_Milan [/TRIPLE],7,6,1,6,architect,Augusteum architect Hermidita,372,owner buildingStartDate address architecturalStyle currentTenants country,ordering
counterfactual,results/ordering/counterfactual_ordering.json,379,[TRIPLE] Olivier_Giroud  birthDate  2001-01-01 [/TRIPLE] [TRIPLE] Olivier_Giroud  residence  London [/TRIPLE] [TRIPLE] Olivier_Giroud  citizenship  Mexico [/TRIPLE] [TRIPLE] Olivier_Giroud  residence  Mexico [/TRIPLE],4,3,1,3,citizenship,Olivier_Giroud citizenship Mexico,379,birthDate residence residence,ordering
counterfactual,results/ordering/counterfactual_ordering.json,380,[TRIPLE] Christian_Taylor  nationality  Philippines [/TRIPLE] [TRIPLE] Christian_Taylor  birthPlace  Denmark–Norway [/TRIPLE] [TRIPLE] Christian_Taylor  training  School_of_Applied_Arts_in_Stuttgart [/TRIPLE],3,2,1,3,training,Christian_Taylor training School_of_Applied_Arts_in_Stuttgart,380,nationality birthPlace nationality,ordering
counterfactual,results/ordering/counterfactual_ordering.json,383,"[TRIPLE] Richard_Wagner  birthPlace  Brigg_Town_F.C. [/TRIPLE] [TRIPLE] Richard_Wagner  birthDate  ""1923-11-18"" [/TRIPLE] [TRIPLE] Richard_Wagner  deathDate  1908-05-02 [/TRIPLE] [TRIPLE] Richard_Wagner  birthPlace  Novgorod_Republic [/TRIPLE] [TRIPLE] Richard_Wagner  residence  Kyrgyzstan [/TRIPLE]",5,4,1,4,birthPlace,Richard_Wagner birthPlace Novgorod_Republic,383,birthPlace birthDate deathDate residence,ordering
counterfactual,results/ordering/counterfactual_ordering.json,388,[TRIPLE] Florentiner_73  producer  Bernd_Baumgartl [/TRIPLE] [TRIPLE] Harpo_Productions  headquarter  Bangalore [/TRIPLE] [TRIPLE] Harpo_Productions  owner  Panasonic_Corporation [/TRIPLE] [TRIPLE] Florentiner_73  broadcastedBy  Harpo_Productions [/TRIPLE] [TRIPLE] Florentiner_73  producer  Henri_Grand_Duke_of_Luxembourg [/TRIPLE],5,4,1,5,producer,Florentiner_73 producer Henri_Grand_Duke_of_Luxembourg,388,headquarter owner broadcastedBy producer creator,ordering
counterfactual,results/ordering/counterfactual_ordering.json,389,[TRIPLE] Maurice_Gourdault-Montagne  mission  Shenzhou_10 [/TRIPLE] [TRIPLE] Maurice_Gourdault-Montagne  mission  Vostok_5 [/TRIPLE] [TRIPLE] Maurice_Gourdault-Montagne  birthPlace  Zhenyang_Xian_(1724-1911) [/TRIPLE],3,2,1,3,mission,Maurice_Gourdault-Montagne mission Vostok_5,389,birthPlace birthDate mission,ordering
counterfactual,results/ordering/counterfactual_ordering.json,395,[TRIPLE] Kurt_Waldheim  deathDate  1994-06-14 [/TRIPLE] [TRIPLE] Kurt_Waldheim  birthDate  1950-01-26 [/TRIPLE] [TRIPLE] Kurt_Waldheim  professionalField  anesthesia_technician_assistant [/TRIPLE],3,2,1,2,professionalField,Kurt_Waldheim professionalField anesthesia_technician_assistant,395,birthDate deathDate,ordering
counterfactual,results/ordering/counterfactual_ordering.json,400,[TRIPLE] Romantic_Dreams  recordLabel  Nippon_Columbia [/TRIPLE] [TRIPLE] Federal_Records  location  Hartselle [/TRIPLE] [TRIPLE] Nippon_Columbia  location  Los_Angeles [/TRIPLE] [TRIPLE] Romantic_Dreams  recordLabel  Federal_Records [/TRIPLE],4,3,1,3,recordLabel,Romantic_Dreams recordLabel Federal_Records,400,recordLabel location location,ordering
counterfactual,results/ordering/counterfactual_ordering.json,405,"[TRIPLE] Barewa_College  campus  This'll_Be_My_Year [/TRIPLE] [TRIPLE] Apple  location  Manila [/TRIPLE] [TRIPLE] Barewa_College  director  ""Demak_Jaya_Jalan_Bako_Kuching_Sarawak"" [/TRIPLE] [TRIPLE] PICOM_retail_business_cluster  founder  Kévin_Olimpa [/TRIPLE] [TRIPLE] Barewa_College  city  PICOM_retail_business_cluster [/TRIPLE] [TRIPLE] Barewa_College  established  2000 [/TRIPLE] [TRIPLE] Barewa_College  wasGivenTheTechnicalCampusStatusBy  Apple [/TRIPLE]",7,6,1,6,location,Apple location Manila,405,established campus wasGivenTheTechnicalCampusStatusBy city founder director,ordering
counterfactual,results/ordering/counterfactual_ordering.json,408,[TRIPLE] Strike  producer  Sergey_Shoygu [/TRIPLE] [TRIPLE] Strike  runtime  30955.0 [/TRIPLE],2,1,1,2,producer,Strike producer Sergey_Shoygu,408,production runtime,ordering
counterfactual,results/ordering/counterfactual_ordering.json,411,"[TRIPLE] Marina_Fernandez  birthPlace  Baling [/TRIPLE] [TRIPLE] Marina_Fernandez  birthPlace  Henan [/TRIPLE] [TRIPLE] Marina_Fernandez  mission  Shenzhou_10 [/TRIPLE] [TRIPLE] Marina_Fernandez  mission  Gaganyaan [/TRIPLE] [TRIPLE] Marina_Fernandez  nationality  ""United_States"" [/TRIPLE] [TRIPLE] Marina_Fernandez  birthDate  1942-01-01 [/TRIPLE]",6,5,1,5,mission,Marina_Fernandez mission Gaganyaan,411,nationality birthPlace birthPlace birthDate mission,ordering
counterfactual,results/ordering/counterfactual_ordering.json,412,"[TRIPLE] Seine  releaseDate  ""1923-11-18"" [/TRIPLE] [TRIPLE] Seine  artist  alt-J [/TRIPLE] [TRIPLE] Seine  recordLabel  Nitro_Records [/TRIPLE] [TRIPLE] Seine  recordLabel  ""''Alvinegro"" [/TRIPLE] [TRIPLE] Seine  runtime  260855000000.0 [/TRIPLE]",5,3,2,4,artist | runtime,Seine artist alt-J || Seine runtime 260855000000.0,412,recordLabel recordLabel recordDate releaseDate,ordering
counterfactual,results/ordering/counterfactual_ordering.json,414,[TRIPLE] Blanche_of_Castile  birthDate  1908-05-02 [/TRIPLE] [TRIPLE] Blanche_of_Castile  residence  Porto_Alegre [/TRIPLE] [TRIPLE] Blanche_of_Castile  citizenship  France [/TRIPLE] [TRIPLE] Blanche_of_Castile  birthPlace  France [/TRIPLE] [TRIPLE] Blanche_of_Castile  residence  France [/TRIPLE],5,3,2,3,citizenship | residence,Blanche_of_Castile citizenship France || Blanche_of_Castile residence France,414,birthPlace birthDate residence,ordering
counterfactual,results/ordering/counterfactual_ordering.json,418,[TRIPLE] Ramesses_IX  residence  Ulsan [/TRIPLE] [TRIPLE] Ulsan  timeZone  UTC−03:30 [/TRIPLE] [TRIPLE] Ulsan  timeZone  UTC−12:00 [/TRIPLE] [TRIPLE] Ramesses_IX  residence  Mexico [/TRIPLE],4,3,1,4,timeZone,Ulsan timeZone UTC−12:00,418,residence residence timeZone UTC03:30,ordering
counterfactual,results/ordering/counterfactual_ordering.json,422,[TRIPLE] Mr._Deeds  releaseDate  1994-06-14 [/TRIPLE] [TRIPLE] Mr._Deeds  editing  Benedict_XV [/TRIPLE] [TRIPLE] Mr._Deeds  producer  Emperor_Ai_of_Tang [/TRIPLE] [TRIPLE] Mr._Deeds  writer  Emperor_Ai_of_Tang [/TRIPLE] [TRIPLE] Mr._Deeds  cinematography  Brigitte_Fontaine [/TRIPLE],5,2,3,5,editing | producer | writer,Mr._Deeds editing Benedict_XV || Mr._Deeds producer Emperor_Ai_of_Tang || Mr._Deeds writer Emperor_Ai_of_Tang,422,production director editor cinematography releaseDate,ordering
counterfactual,results/ordering/counterfactual_ordering.json,425,[TRIPLE] Pavel_Šporcl  training  School_of_Applied_Arts_in_Stuttgart [/TRIPLE] [TRIPLE] Pavel_Šporcl  birthDate  1726-01-01 [/TRIPLE],2,1,1,2,training,Pavel_Šporcl training School_of_Applied_Arts_in_Stuttgart,425,birthDate birthPlace,ordering
counterfactual,results/ordering/counterfactual_ordering.json,431,[TRIPLE] Lindsay_Lee-Waters  citizenship  Philippines [/TRIPLE] [TRIPLE] Philippines  leader  Serge_Chiesa [/TRIPLE],2,1,1,2,citizenship,Lindsay_Lee-Waters citizenship Philippines,431,leader country,ordering
counterfactual,results/ordering/counterfactual_ordering.json,433,[TRIPLE] Sumbe_Airport  operatingOrganisation  Bharti_Enterprises [/TRIPLE] [TRIPLE] Sumbe_Airport  runwayLength  3.16 [/TRIPLE] [TRIPLE] Sumbe_Airport  cityServed  Piedmont_Interstate_Fairgrounds [/TRIPLE] [TRIPLE] Sumbe_Airport  location  Ballela [/TRIPLE] [TRIPLE] Sumbe_Airport  icaoLocationIdentifier  Glasgow_Prestwick_Airport [/TRIPLE] [TRIPLE] Sumbe_Airport  elevationAboveTheSeaLevel  1095.0 [/TRIPLE] [TRIPLE] Sumbe_Airport  runwaySurfaceType  Polyamid_1010_reinforced_with_30%_glass_fiber [/TRIPLE],7,6,1,7,icaoLocationIdentifier,Sumbe_Airport icaoLocationIdentifier Glasgow_Prestwick_Airport,433,cityServed location operatingOrganisation elevationAboveTheSeaLevel runwayLength runwaySurfaceType ICAOLocationIdentifier,ordering
counterfactual,results/ordering/counterfactual_ordering.json,438,[TRIPLE] Réal_Bouvier  birthPlace  Beykoz [/TRIPLE] [TRIPLE] Beykoz  isPartOf  Adıyaman_Province [/TRIPLE] [TRIPLE] United_States  areaTotal  0711905 [/TRIPLE] [TRIPLE] Réal_Bouvier  birthPlace  United_States [/TRIPLE],4,3,1,3,birthPlace,Réal_Bouvier birthPlace United_States,438,birthPlace isPartOf areaTotal,ordering
counterfactual,results/ordering/counterfactual_ordering.json,441,[TRIPLE] Dominic_Sanz  nationality  Mexico [/TRIPLE] [TRIPLE] Mexico  populationDensity  211200000 [/TRIPLE] [TRIPLE] Namri  foundingDate  1703-05-27 [/TRIPLE] [TRIPLE] Dominic_Sanz  birthPlace  Namri [/TRIPLE] [TRIPLE] Dominic_Sanz  professionalField  oblate [/TRIPLE],5,3,2,4,foundingDate | professionalField,Namri foundingDate 1703-05-27 || Dominic_Sanz professionalField oblate,441,birthPlace birthDate nationality populationDensity,ordering
counterfactual,results/ordering/counterfactual_ordering.json,443,[TRIPLE] King_Animal  producer  Los_Shakers [/TRIPLE] [TRIPLE] King_Animal  runtime  20378.5 [/TRIPLE],2,1,1,2,producer,King_Animal producer Los_Shakers,443,production runtime,ordering
counterfactual,results/ordering/counterfactual_ordering.json,447,"[TRIPLE] Mermaid_(Train_song)  genre  British_Invasion [/TRIPLE] [TRIPLE] Mermaid_(Train_song)  releaseDate  ""1923-11-18"" [/TRIPLE] [TRIPLE] Mermaid_(Train_song)  precededBy  Steve_Bright [/TRIPLE] [TRIPLE] Mermaid_(Train_song)  writer  Federico_Errázuriz_Zañartu [/TRIPLE] [TRIPLE] Mermaid_(Train_song)  runtime  2000000.0 [/TRIPLE] [TRIPLE] Mermaid_(Train_song)  genre  third_stream [/TRIPLE]",6,3,3,5,releaseDate | writer | runtime,"Mermaid_(Train_song) releaseDate ""1923-11-18"" || Mermaid_(Train_song) writer Federico_Errázuriz_Zañartu || Mermaid_(Train_song) runtime 2000000.0",447,genre genre precededBy author timereleaseDate,ordering
counterfactual,results/ordering/counterfactual_ordering.json,448,[TRIPLE] Microsoft  keyPerson  Bob_Marley [/TRIPLE] [TRIPLE] Microsoft  industry  performance_appraisal [/TRIPLE] [TRIPLE] Microsoft  subsidiary  Z_Communications [/TRIPLE] [TRIPLE] Microsoft  subsidiary  ScrapingBee [/TRIPLE] [TRIPLE] Microsoft  parentCompany  Trece [/TRIPLE],5,4,1,5,industry,Microsoft industry performance_appraisal,448,keyPerson parentCompany operating_industry subsidiary subsidiary,ordering
counterfactual,results/ordering/counterfactual_ordering.json,450,"[TRIPLE] Alyaksandar_Lukhvich  birthPlace  Karlsruhe [/TRIPLE] [TRIPLE] Alyaksandar_Lukhvich  birthDate  ""30_March_2007"" [/TRIPLE] [TRIPLE] Alyaksandar_Lukhvich  deathDate  1942-01-01 [/TRIPLE] [TRIPLE] Alyaksandar_Lukhvich  deathPlace  France [/TRIPLE] [TRIPLE] Alyaksandar_Lukhvich  nationality  France [/TRIPLE] [TRIPLE] Alyaksandar_Lukhvich  birthPlace  Hungarian_Soviet_Republic [/TRIPLE] [TRIPLE] Alyaksandar_Lukhvich  professionalField  anesthesia_technician_assistant [/TRIPLE]",7,5,2,5,birthPlace | professionalField,Alyaksandar_Lukhvich birthPlace Hungarian_Soviet_Republic || Alyaksandar_Lukhvich professionalField anesthesia_technician_assistant,450,birthPlace birthDate nationality deathPlace deathDate,ordering
counterfactual,results/ordering/counterfactual_ordering.json,452,[TRIPLE] Star_Wars:_Episode_III_–_Revenge_of_the_Sith  writer  Maria_Höfl-Riesch [/TRIPLE] [TRIPLE] Star_Wars:_Episode_III_–_Revenge_of_the_Sith  writer  Viktoria_Rebensburg [/TRIPLE],2,0,2,2,writer | writer,Star_Wars:_Episode_III_–_Revenge_of_the_Sith writer Maria_Höfl-Riesch || Star_Wars:_Episode_III_–_Revenge_of_the_Sith writer Viktoria_Rebensburg,452,author author,ordering
counterfactual,results/ordering/counterfactual_ordering.json,460,[TRIPLE] Storch_House  architect  Ernst_Tiburzy [/TRIPLE] [TRIPLE] Storch_House  address  103_Colmore_Row [/TRIPLE] [TRIPLE] Storch_House  currentTenants  Saunders_College_of_Business [/TRIPLE] [TRIPLE] Storch_House  architecturalStyle  critical_regionalism [/TRIPLE] [TRIPLE] Storch_House  owner  Humboldt_University_of_Berlin [/TRIPLE],5,4,1,4,architect,Storch_House architect Ernst_Tiburzy,460,owner address architecturalStyle currentTenants,ordering
counterfactual,results/ordering/counterfactual_ordering.json,465,[TRIPLE] Darkthrone  artist  Marc_Planus [/TRIPLE] [TRIPLE] Darkthrone  runtime  4349.0 [/TRIPLE] [TRIPLE] Darkthrone  genre  folk_music [/TRIPLE] [TRIPLE] Darkthrone  followedBy  blasphemy [/TRIPLE] [TRIPLE] Darkthrone  genre  free_improvisation [/TRIPLE],5,3,2,4,artist | runtime,Darkthrone artist Marc_Planus || Darkthrone runtime 4349.0,465,genre genre followedBy time,ordering
counterfactual,results/ordering/counterfactual_ordering.json,468,"[TRIPLE] Mermaid_(Train_song)  releaseDate  1929-06-11 [/TRIPLE] [TRIPLE] Mermaid_(Train_song)  precededBy  ""Ruth_Ribicoff"" [/TRIPLE] [TRIPLE] Mermaid_(Train_song)  writer  Honoré_de_Balzac [/TRIPLE] [TRIPLE] Mermaid_(Train_song)  genre  punk_rock [/TRIPLE]",4,3,1,4,writer,Mermaid_(Train_song) writer Honoré_de_Balzac,468,genre precededBy author releaseDate,ordering
counterfactual,results/ordering/counterfactual_ordering.json,469,[TRIPLE] Alcoa  location  United_States [/TRIPLE] [TRIPLE] Makati  leaderParty  Green_Alliance–The_People's_Party [/TRIPLE] [TRIPLE] Alcoa  location  Makati [/TRIPLE] [TRIPLE] Alcoa  product  British_Board_of_Film_Classification [/TRIPLE] [TRIPLE] United_States  foundingDate  1929-06-11 [/TRIPLE],5,4,1,4,location,Alcoa location Makati,469,leaderParty location foundingDate product,ordering
counterfactual,results/ordering/counterfactual_ordering.json,472,[TRIPLE] Emperor_Ruizong_of_Tang  influencedBy  Lotf_Ali_Khan [/TRIPLE] [TRIPLE] Emperor_Ruizong_of_Tang  professionalField  Mathematical_optimization [/TRIPLE] [TRIPLE] Emperor_Ruizong_of_Tang  knownFor  Stochastic_programming [/TRIPLE] [TRIPLE] Emperor_Ruizong_of_Tang  almaMater  University_of_Marburg [/TRIPLE],4,3,1,4,professionalField,Emperor_Ruizong_of_Tang professionalField Mathematical_optimization,472,almaMater influencedBy professionFactor knownFor,ordering
counterfactual,results/ordering/counterfactual_ordering.json,479,[TRIPLE] Bihać  populationMetro  2900 [/TRIPLE] [TRIPLE] Bihać  leaderTitle  Chief_of_Protocol_of_the_United_States [/TRIPLE] [TRIPLE] Bihać  type  City [/TRIPLE] [TRIPLE] Bihać  populationDensity  380700000 [/TRIPLE] [TRIPLE] Bihać  governmentType  authoritarianism [/TRIPLE] [TRIPLE] Bihać  utcOffset  −6 [/TRIPLE] [TRIPLE] Bihać  country  Brazil [/TRIPLE],7,5,2,6,type | governmentType,Bihać type City || Bihać governmentType authoritarianism,479,city country leaderTitle utcOffset populationDensity populationMetro,ordering
counterfactual,results/ordering/counterfactual_ordering.json,500,[TRIPLE] Silent_Warnings  director  Joachim_Heinrich_Wilhelm_Wagener [/TRIPLE] [TRIPLE] Silent_Warnings  producer  Joachim_Heinrich_Wilhelm_Wagener [/TRIPLE] [TRIPLE] Silent_Warnings  broadcastedBy  Focus_Features [/TRIPLE] [TRIPLE] Silent_Warnings  editor  Andreas_Capellanus [/TRIPLE] [TRIPLE] Silent_Warnings  musicComposer  Paul_Otlet [/TRIPLE] [TRIPLE] Silent_Warnings  runtime  3500.0 [/TRIPLE] [TRIPLE] Silent_Warnings  producer  Sachin_Tendulkar [/TRIPLE],7,5,2,7,runtime | producer,Silent_Warnings runtime 3500.0 || Silent_Warnings producer Sachin_Tendulkar,500,broadcastedBy musicComposer musicComposer broadcastedBy editor director producer,ordering
counterfactual,results/ordering/counterfactual_ordering.json,503,[TRIPLE] Rosetta  type  studio_album [/TRIPLE] [TRIPLE] Rosetta  precededBy  Caribbean_Sunset [/TRIPLE] [TRIPLE] Rosetta  followedBy  object-orientation [/TRIPLE],3,2,1,3,type,Rosetta type studio_album,503,genre precededBy followedBy,ordering
counterfactual,results/ordering/counterfactual_ordering.json,513,[TRIPLE] ZK  producer  Marie_Poussepin [/TRIPLE] [TRIPLE] ZK  genre  ancient_music [/TRIPLE],2,1,1,2,producer,ZK producer Marie_Poussepin,513,genre creator,ordering
counterfactual,results/ordering/counterfactual_ordering.json,514,[TRIPLE] Love_Among_the_Ruins  director  Friedrich_Ebert [/TRIPLE] [TRIPLE] Love_Among_the_Ruins  producer  Friedrich_Ebert [/TRIPLE] [TRIPLE] Love_Among_the_Ruins  producer  Edgar_Allan_Poe [/TRIPLE] [TRIPLE] Love_Among_the_Ruins  director  Edgar_Allan_Poe [/TRIPLE],4,3,1,3,producer,Love_Among_the_Ruins producer Edgar_Allan_Poe,514,director director producer,ordering
counterfactual,results/ordering/counterfactual_ordering.json,522,[TRIPLE] Charles_Darwin  imdbId  3500.0 [/TRIPLE],1,0,1,1,imdbId,Charles_Darwin imdbId 3500.0,522,isdbId,ordering
counterfactual,results/ordering/counterfactual_ordering.json,524,[TRIPLE] Université_de_Versailles_Saint-Quentin-en-Yvelines  numberOfUndergraduateStudents  17000 [/TRIPLE] [TRIPLE] Université_de_Versailles_Saint-Quentin-en-Yvelines  staff  1095.0 [/TRIPLE] [TRIPLE] Université_de_Versailles_Saint-Quentin-en-Yvelines  numberOfStudents  2900 [/TRIPLE] [TRIPLE] Université_de_Versailles_Saint-Quentin-en-Yvelines  numberOfDoctoralStudents  1007 [/TRIPLE] [TRIPLE] Université_de_Versailles_Saint-Quentin-en-Yvelines  campus  Censerey [/TRIPLE] [TRIPLE] Université_de_Versailles_Saint-Quentin-en-Yvelines  country  Philippines [/TRIPLE],6,5,1,5,staff,Université_de_Versailles_Saint-Quentin-en-Yvelines staff 1095.0,524,campus country numberOfUndergraduateStudents numberOfStudents numberOfDoctoralStudents,ordering
counterfactual,results/ordering/counterfactual_ordering.json,525,[TRIPLE] Skřítek  releaseDate  2009-06-01 [/TRIPLE] [TRIPLE] Skřítek  producer  Dragotin_Kette [/TRIPLE] [TRIPLE] Skřítek  writer  Dragotin_Kette [/TRIPLE] [TRIPLE] Skřítek  cinematography  Gordian_II [/TRIPLE] [TRIPLE] Skřítek  writer  Giovanni_Gronchi [/TRIPLE] [TRIPLE] Skřítek  runtime  15100000000 [/TRIPLE],6,3,3,5,producer | writer | runtime,Skřítek producer Dragotin_Kette || Skřítek writer Giovanni_Gronchi || Skřítek runtime 15100000000,525,production director writer cinematography releaseDate,ordering
counterfactual,results/ordering/counterfactual_ordering.json,528,[TRIPLE] Bedford_College  campus  Alliance_Films_Corporation [/TRIPLE] [TRIPLE] Tara  location  Delhi [/TRIPLE] [TRIPLE] Bedford_College  director  Steve_Bright [/TRIPLE] [TRIPLE] Research-Intensive_Clusters  founder  Theodor_Mommsen [/TRIPLE] [TRIPLE] Bedford_College  affiliation  Fuller_Theological_Seminary [/TRIPLE] [TRIPLE] Bedford_College  city  Research-Intensive_Clusters [/TRIPLE] [TRIPLE] Bedford_College  wasGivenTheTechnicalCampusStatusBy  Tara [/TRIPLE],7,6,1,6,location,Tara location Delhi,528,campus affiliation wasGivenTheTechnicalCampusStatusBy city founder director,ordering
counterfactual,results/ordering/counterfactual_ordering.json,534,[TRIPLE] Bruce_Matthews  foundingDate  1944-07-28 [/TRIPLE] [TRIPLE] Bruce_Matthews  numberOfEmployees  106000 [/TRIPLE] [TRIPLE] Bruce_Matthews  product  kinematic_chain [/TRIPLE] [TRIPLE] Bruce_Matthews  industry  paper [/TRIPLE],4,3,1,3,industry,Bruce_Matthews industry paper,534,foundingDate numberOfEmployees product,ordering
counterfactual,results/ordering/counterfactual_ordering.json,535,[TRIPLE] Mermaid_(Train_song)  recordLabel  ECM_Records [/TRIPLE] [TRIPLE] Mermaid_(Train_song)  recordLabel  Federal_Records [/TRIPLE] [TRIPLE] Mermaid_(Train_song)  runtime  1147.0 [/TRIPLE] [TRIPLE] Mermaid_(Train_song)  genre  air_de_cour [/TRIPLE] [TRIPLE] Mermaid_(Train_song)  followedBy  Algefa [/TRIPLE] [TRIPLE] Mermaid_(Train_song)  producer  Espionage_(production_team) [/TRIPLE],6,4,2,4,runtime | producer,Mermaid_(Train_song) runtime 1147.0 || Mermaid_(Train_song) producer Espionage_(production_team),535,genre followedBy recordLabel recordLabel,ordering
counterfactual,results/ordering/counterfactual_ordering.json,536,[TRIPLE] Mermaid_(Train_song)  followedBy  Relevant_Film [/TRIPLE] [TRIPLE] Mermaid_(Train_song)  producer  Espionage_(production_team) [/TRIPLE] [TRIPLE] Mermaid_(Train_song)  album  Between_Here_and_Lost [/TRIPLE] [TRIPLE] Mermaid_(Train_song)  writer  Leonard_B._Jordan [/TRIPLE] [TRIPLE] Mermaid_(Train_song)  format  subscription_business_model [/TRIPLE],5,1,4,5,producer | album | writer | format,Mermaid_(Train_song) producer Espionage_(production_team) || Mermaid_(Train_song) album Between_Here_and_Lost || Mermaid_(Train_song) writer Leonard_B._Jordan || Mermaid_(Train_song) format subscription_business_model,536,followedBy record genre author production_team,ordering
counterfactual,results/ordering/counterfactual_ordering.json,543,"[TRIPLE] Gianna_Hablützel-Bürki  birthPlace  Saint_Petersburg [/TRIPLE] [TRIPLE] Gianna_Hablützel-Bürki  birthName  Roald_Dahl [/TRIPLE] [TRIPLE] Gianna_Hablützel-Bürki  deathDate  ""1983-10-03"" [/TRIPLE] [TRIPLE] Gianna_Hablützel-Bürki  professionalField  ethnography [/TRIPLE] [TRIPLE] Gianna_Hablützel-Bürki  professionalField  historical_linguistics [/TRIPLE]",5,3,2,3,professionalField | professionalField,Gianna_Hablützel-Bürki professionalField ethnography || Gianna_Hablützel-Bürki professionalField historical_linguistics,543,birthPlace birthName deathDate,ordering
counterfactual,results/ordering/counterfactual_ordering.json,549,[TRIPLE] Die_Nacht_der_Seele  editing  Richard_Steven_Horvitz [/TRIPLE] [TRIPLE] Richard_Steven_Horvitz  activeYearsStartYear  1991-12-09 [/TRIPLE] [TRIPLE] Die_Nacht_der_Seele  runtime  0004319 [/TRIPLE] [TRIPLE] Die_Nacht_der_Seele  director  Jari_Puikkonen [/TRIPLE],4,3,1,4,editing,Die_Nacht_der_Seele editing Richard_Steven_Horvitz,549,activeYearsStartYear editor director runtime,ordering
counterfactual,results/ordering/counterfactual_ordering.json,561,[TRIPLE] Swept_Away  imdbId  3544040000.0 [/TRIPLE] [TRIPLE] Swept_Away  starring  Abou_Diaby [/TRIPLE] [TRIPLE] Swept_Away  writer  Abou_Diaby [/TRIPLE] [TRIPLE] Swept_Away  producer  The_Velvet_Underground [/TRIPLE] [TRIPLE] Swept_Away  distributor  The_Progressive_Motion_Picture_Company [/TRIPLE],5,3,2,4,writer | producer,Swept_Away writer Abou_Diaby || Swept_Away producer The_Velvet_Underground,561,distributor starring author imdbId,ordering
counterfactual,results/ordering/counterfactual_ordering.json,562,[TRIPLE] Ithaque  genre  acid_rock [/TRIPLE] [TRIPLE] Ithaque  producer  Therion [/TRIPLE] [TRIPLE] Ithaque  genre  music_of_Israel [/TRIPLE] [TRIPLE] Ithaque  releaseDate  1908-05-02 [/TRIPLE] [TRIPLE] Ithaque  runtime  10252 [/TRIPLE] [TRIPLE] Ithaque  precededBy  100%_No_Modern_Talking [/TRIPLE],6,5,1,7,producer,Ithaque producer Therion,562,genre music_of_Israel genre creator precededBy releaseDate runtime,ordering
counterfactual,results/ordering/counterfactual_ordering.json,567,[TRIPLE] Jealous_Guy  producer  James_Callaghan [/TRIPLE] [TRIPLE] Words_-_“THE_BEE_GEES”_/_VOL._II  followedBy  Where_No_Man_Has_Gone_Before [/TRIPLE] [TRIPLE] Jealous_Guy  followedBy  Words_-_“THE_BEE_GEES”_/_VOL._II [/TRIPLE] [TRIPLE] Words_-_“THE_BEE_GEES”_/_VOL._II  producer  JPM [/TRIPLE],4,3,1,3,producer,Words_-_“THE_BEE_GEES”_/_VOL._II producer JPM,567,followedBy followedBy producer,ordering
counterfactual,results/ordering/counterfactual_ordering.json,569,"[TRIPLE] Bangabasi_Morning_College  campus  ""Ruth_Ribicoff"" [/TRIPLE] [TRIPLE] Bangabasi_Morning_College  affiliation  Tatar_State_University_of_Humanities_and_Education [/TRIPLE] [TRIPLE] Bangabasi_Morning_College  established  2000 [/TRIPLE] [TRIPLE] Bangabasi_Morning_College  state  Bihar [/TRIPLE]",4,3,1,3,state,Bangabasi_Morning_College state Bihar,569,campus established affiliation,ordering
counterfactual,results/ordering/counterfactual_ordering.json,571,[TRIPLE] Mittal_Steel_Company  foundationPlace  Butuan [/TRIPLE] [TRIPLE] Butuan  type  Trebnje [/TRIPLE] [TRIPLE] Mittal_Steel_Company  type  cooperative [/TRIPLE] [TRIPLE] Mittal_Steel_Company  foundationPlace  counter-government_of_Mozambique [/TRIPLE],4,3,1,3,type,Mittal_Steel_Company type cooperative,571,foundationPlace foundationPlace type,ordering
counterfactual,results/ordering/counterfactual_ordering.json,574,[TRIPLE] Pat_Martino  professionalField  special_relativity [/TRIPLE] [TRIPLE] Pat_Martino  knownFor  Carter_constant [/TRIPLE] [TRIPLE] Pat_Martino  knownFor  butterfly_theorem [/TRIPLE] [TRIPLE] Pat_Martino  doctoralAdvisor  The_Unreasonable_Effectiveness_of_Mathematics_in_the_Natural_Sciences [/TRIPLE] [TRIPLE] Pat_Martino  birthPlace  England [/TRIPLE] [TRIPLE] Pat_Martino  almaMater  University_of_Cambridge [/TRIPLE],6,4,2,6,professionalField | knownFor,Pat_Martino professionalField special_relativity || Pat_Martino knownFor butterfly_theorem,574,birthPlace almaMater doctoralAdvisor academicDiscipline knownFor academicDiscipline,ordering
counterfactual,results/ordering/counterfactual_ordering.json,576,[TRIPLE] Fugazi  starring  Jean_Poldo_d'Albenas [/TRIPLE] [TRIPLE] Fugazi  cinematography  Juan_Antonio_Rios [/TRIPLE] [TRIPLE] Fugazi  runtime  3.16 [/TRIPLE] [TRIPLE] Fugazi  gross  1095.0 [/TRIPLE] [TRIPLE] Fugazi  director  Rafael_Nadal [/TRIPLE] [TRIPLE] Fugazi  musicComposer  Eric_Abidal [/TRIPLE] [TRIPLE] Fugazi  writer  Carl_Junker [/TRIPLE],7,5,2,6,cinematography | writer,Fugazi cinematography Juan_Antonio_Rios || Fugazi writer Carl_Junker,576,starring director starring musicComposer runtime gross,ordering
counterfactual,results/ordering/counterfactual_ordering.json,583,"[TRIPLE] Manuel_Mondragón  influencedBy  William_Shatner [/TRIPLE] [TRIPLE] Manuel_Mondragón  citizenship  ""French_Republic"" [/TRIPLE] [TRIPLE] Manuel_Mondragón  knownFor  Stochastic_programming [/TRIPLE]",3,2,1,3,citizenship,"Manuel_Mondragón citizenship ""French_Republic""",583,influencedBy nationality knownFor,ordering
counterfactual,results/ordering/counterfactual_ordering.json,586,[TRIPLE] Bruce_Willis  birthPlace  Zhaowen_Xian [/TRIPLE] [TRIPLE] Bruce_Willis  birthPlace  Hebei [/TRIPLE] [TRIPLE] Bruce_Willis  mission  Shenzhou_10 [/TRIPLE] [TRIPLE] Bruce_Willis  mission  Vostok_5 [/TRIPLE] [TRIPLE] Bruce_Willis  nationality  Israel [/TRIPLE],5,4,1,4,mission,Bruce_Willis mission Vostok_5,586,nationality birthPlace birthPlace mission,ordering
counterfactual,results/ordering/counterfactual_ordering.json,588,[TRIPLE] Emperor_Dezong_of_Tang  mission  Shenzhou_10 [/TRIPLE] [TRIPLE] Emperor_Dezong_of_Tang  mission  Mercury-Atlas_8 [/TRIPLE] [TRIPLE] Emperor_Dezong_of_Tang  birthPlace  Hongnong_County [/TRIPLE] [TRIPLE] Hongnong_County  isPartOf  Shandong [/TRIPLE] [TRIPLE] Hongnong_County  isPartOf  Lüliang [/TRIPLE],5,4,1,4,mission,Emperor_Dezong_of_Tang mission Mercury-Atlas_8,588,birthPlace isPartOf isPartOf mission,ordering
counterfactual,results/ordering/counterfactual_ordering.json,590,[TRIPLE] Rudimental  artist  Lech_Kaczyński [/TRIPLE] [TRIPLE] Rudimental  type  live_album [/TRIPLE] [TRIPLE] Rudimental  runtime  16800 [/TRIPLE] [TRIPLE] Rudimental  precededBy  Auch [/TRIPLE],4,2,2,4,artist | runtime,Rudimental artist Lech_Kaczyński || Rudimental runtime 16800,590,precededBy genre type time,ordering
counterfactual,results/ordering/counterfactual_ordering.json,593,[TRIPLE] Coluche  birthPlace  FC_Bayern_Munich [/TRIPLE] [TRIPLE] Tsardom_of_Russia  dissolutionYear  1682 [/TRIPLE] [TRIPLE] FC_Bayern_Munich  gridReference  NZ289147 [/TRIPLE] [TRIPLE] Coluche  birthPlace  Tsardom_of_Russia [/TRIPLE] [TRIPLE] Coluche  nationality  Tsardom_of_Russia [/TRIPLE],5,4,1,5,dissolutionYear,Tsardom_of_Russia dissolutionYear 1682,593,birthPlace birthPlace nationality desolutionYear gridReference,ordering
counterfactual,results/ordering/counterfactual_ordering.json,594,[TRIPLE] Wolfgang_Schäuble  professionalField  Fock–Lorentz_symmetry [/TRIPLE] [TRIPLE] Wolfgang_Schäuble  knownFor  Carter_constant [/TRIPLE] [TRIPLE] Wolfgang_Schäuble  knownFor  Stewart's_theorem [/TRIPLE] [TRIPLE] Wolfgang_Schäuble  doctoralAdvisor  The_chemical_basis_of_morphogenesis [/TRIPLE] [TRIPLE] Wolfgang_Schäuble  birthDate  1937-04-27 [/TRIPLE],5,3,2,5,professionalField | knownFor,Wolfgang_Schäuble professionalField Fock–Lorentz_symmetry || Wolfgang_Schäuble knownFor Stewart's_theorem,594,birthDate doctoralAdvisor notableFor doctoralField knownFor,ordering
counterfactual,results/ordering/counterfactual_ordering.json,599,[TRIPLE] São_Domingos  type  City [/TRIPLE] [TRIPLE] São_Domingos  leaderTitle  Gail_Williams [/TRIPLE] [TRIPLE] São_Domingos  isPartOf  Jalisco [/TRIPLE] [TRIPLE] São_Domingos  country  Great_Britain [/TRIPLE] [TRIPLE] São_Domingos  elevationAboveTheSeaLevel  3.16 [/TRIPLE] [TRIPLE] São_Domingos  timeZone  UTC+03:00 [/TRIPLE] [TRIPLE] São_Domingos  populationDensity  610.0 [/TRIPLE],7,6,1,7,type,São_Domingos type City,599,city isPartOf country leaderTitle elevationAboveTheSeaLevel populationDensity timeZone,ordering
counterfactual,results/ordering/counterfactual_ordering.json,600,[TRIPLE] Veteranz'_Day  runtime  1249.6 [/TRIPLE] [TRIPLE] Veteranz'_Day  director  Ram [/TRIPLE] [TRIPLE] Veteranz'_Day  musicComposer  Édith_Piaf [/TRIPLE] [TRIPLE] Veteranz'_Day  writer  Jean_I_Grand_Duke_of_Luxembourg [/TRIPLE],4,3,1,4,writer,Veteranz'_Day writer Jean_I_Grand_Duke_of_Luxembourg,600,director musicComposer author runtime,ordering
counterfactual,results/ordering/counterfactual_ordering.json,601,[TRIPLE] Back_to_Stay  editing  School_of_Applied_Arts_in_Stuttgart [/TRIPLE] [TRIPLE] Back_to_Stay  starring  Ichiro_Suzuki [/TRIPLE] [TRIPLE] Back_to_Stay  starring  Leonard_Nimoy [/TRIPLE] [TRIPLE] Back_to_Stay  language  en [/TRIPLE] [TRIPLE] Back_to_Stay  runtime  230.05 [/TRIPLE] [TRIPLE] Back_to_Stay  distributor  Film_i_Väst [/TRIPLE],6,5,1,6,editing,Back_to_Stay editing School_of_Applied_Arts_in_Stuttgart,601,starring starring language distributor runtime editor,ordering
counterfactual,results/ordering/counterfactual_ordering.json,604,[TRIPLE] Tears_on_Tape  artist  Social_Distortion [/TRIPLE] [TRIPLE] Tears_on_Tape  producer  Social_Distortion [/TRIPLE] [TRIPLE] Tears_on_Tape  runtime  1147.0 [/TRIPLE] [TRIPLE] Tears_on_Tape  genre  intuitive_music [/TRIPLE] [TRIPLE] Tears_on_Tape  precededBy  Duran_Duran [/TRIPLE] [TRIPLE] Tears_on_Tape  recordLabel  Warner_Music_Group [/TRIPLE],6,3,3,4,artist | producer | runtime,Tears_on_Tape artist Social_Distortion || Tears_on_Tape producer Social_Distortion || Tears_on_Tape runtime 1147.0,604,recordLabel precededBy genre recordLabel,ordering
counterfactual,results/ordering/counterfactual_ordering.json,606,[TRIPLE] Gerd_Kanter  almaMater  Information_and_Communications_University [/TRIPLE] [TRIPLE] Gerd_Kanter  birthPlace  Saint_Petersburg [/TRIPLE] [TRIPLE] Gerd_Kanter  professionalField  linguistics [/TRIPLE] [TRIPLE] Gerd_Kanter  professionalField  Latino_studies [/TRIPLE],4,2,2,4,professionalField | professionalField,Gerd_Kanter professionalField linguistics || Gerd_Kanter professionalField Latino_studies,606,birthPlace almaMater professionField linguistics,ordering
counterfactual,results/ordering/counterfactual_ordering.json,609,[TRIPLE] Mermaid_(Train_song)  genre  tejano_music [/TRIPLE] [TRIPLE] Mermaid_(Train_song)  followedBy  Bright/Kauffman/Crane_Productions [/TRIPLE] [TRIPLE] Mermaid_(Train_song)  producer  Espionage_(production_team) [/TRIPLE] [TRIPLE] Mermaid_(Train_song)  album  (An_Imitation)_Blood_Orange [/TRIPLE] [TRIPLE] Mermaid_(Train_song)  format  audio_streaming [/TRIPLE],5,2,3,2,producer | album | format,Mermaid_(Train_song) producer Espionage_(production_team) || Mermaid_(Train_song) album (An_Imitation)_Blood_Orange || Mermaid_(Train_song) format audio_streaming,609,genre followedBy,ordering
counterfactual,results/ordering/counterfactual_ordering.json,623,[TRIPLE] King_Khalid_International_Airport  runwayLength  17000 [/TRIPLE] [TRIPLE] King_Khalid_International_Airport  location  Ballyhornan [/TRIPLE] [TRIPLE] King_Khalid_International_Airport  icaoLocationIdentifier  Moi_International_Airport [/TRIPLE] [TRIPLE] King_Khalid_International_Airport  elevationAboveTheSeaLevel  16800 [/TRIPLE],4,3,1,4,icaoLocationIdentifier,King_Khalid_International_Airport icaoLocationIdentifier Moi_International_Airport,623,location elevationAboveTheSeaLevel runwayLength ICAOLocationIdentifier,ordering
counterfactual,results/ordering/counterfactual_ordering.json,631,[TRIPLE] Tales_from_the_Punchbowl  precededBy  The_dB's [/TRIPLE] [TRIPLE] Tales_from_the_Punchbowl  recordedIn  Cusseta [/TRIPLE] [TRIPLE] Tales_from_the_Punchbowl  releaseDate  1959-01-01 [/TRIPLE] [TRIPLE] Tales_from_the_Punchbowl  runtime  0004319 [/TRIPLE],4,3,1,4,recordedIn,Tales_from_the_Punchbowl recordedIn Cusseta,631,precededBy recordIn releaseDate runtime,ordering
counterfactual,results/ordering/counterfactual_ordering.json,635,[TRIPLE] Jazz_ist_anders  producer  Hiperkarma [/TRIPLE] [TRIPLE] Jazz_ist_anders  genre  Baroque_music [/TRIPLE] [TRIPLE] Hiperkarma  genre  anti-folk [/TRIPLE],3,2,1,3,producer,Jazz_ist_anders producer Hiperkarma,635,genre genre creator,ordering
counterfactual,results/ordering/counterfactual_ordering.json,637,"[TRIPLE] Narromine_Airport  icaoLocationIdentifier  West_Wyalong_Airport [/TRIPLE] [TRIPLE] Narromine_Airport  elevationAboveTheSeaLevel  3500.0 [/TRIPLE] [TRIPLE] Narromine_Airport  runwayName  ""08/26"" [/TRIPLE]",3,2,1,3,icaoLocationIdentifier,Narromine_Airport icaoLocationIdentifier West_Wyalong_Airport,637,ICAOLocationIdentifier elevationAboveTheSeaLevel runwayName,ordering
counterfactual,results/ordering/counterfactual_ordering.json,643,[TRIPLE] Ain  genre  pavane [/TRIPLE] [TRIPLE] Ain  artist  ZZ_Top [/TRIPLE] [TRIPLE] Ain  genre  twist [/TRIPLE] [TRIPLE] Ain  releaseDate  1994-06-14 [/TRIPLE] [TRIPLE] Ain  runtime  1604.0 [/TRIPLE] [TRIPLE] Ain  precededBy  Gossip_Girl [/TRIPLE],6,5,1,6,artist,Ain artist ZZ_Top,643,precededBy genre genre author releaseDate runtime,ordering
counterfactual,results/ordering/counterfactual_ordering.json,644,[TRIPLE] Ithaque  releaseDate  2001-01-01 [/TRIPLE] [TRIPLE] Ithaque  followedBy  In_Concert_–_Live_at_Sibelius_Hall [/TRIPLE] [TRIPLE] Ithaque  producer  Stiller_Has [/TRIPLE] [TRIPLE] Ithaque  artist  Stiller_Has [/TRIPLE] [TRIPLE] Ithaque  recordLabel  Les_Disques_du_Crépuscule [/TRIPLE],5,3,2,3,producer | artist,Ithaque producer Stiller_Has || Ithaque artist Stiller_Has,644,followedBy recordLabel releaseDate,ordering
counterfactual,results/ordering/counterfactual_ordering.json,646,[TRIPLE] Monika_Weber-Koszto  birthPlace  Karlsruhe [/TRIPLE] [TRIPLE] Monika_Weber-Koszto  birthDate  1958-01-01 [/TRIPLE] [TRIPLE] Monika_Weber-Koszto  deathDate  1989-02-24 [/TRIPLE] [TRIPLE] Monika_Weber-Koszto  deathPlace  Mexico [/TRIPLE] [TRIPLE] Monika_Weber-Koszto  nationality  Mexico [/TRIPLE] [TRIPLE] Monika_Weber-Koszto  birthPlace  Samo's_Empire [/TRIPLE] [TRIPLE] Monika_Weber-Koszto  deathPlace  Gornja_Radgona [/TRIPLE],7,6,1,6,deathPlace,Monika_Weber-Koszto deathPlace Gornja_Radgona,646,birthPlace birthDate deathPlace deathDate nationality birthPlace,ordering
counterfactual,results/ordering/counterfactual_ordering.json,651,[TRIPLE] Guadeloupe  releaseDate  1989-02-24 [/TRIPLE] [TRIPLE] Guadeloupe  followedBy  Americana [/TRIPLE] [TRIPLE] Guadeloupe  genre  gaita_zuliana [/TRIPLE] [TRIPLE] Guadeloupe  producer  Imagination [/TRIPLE],4,3,1,3,producer,Guadeloupe producer Imagination,651,genre followedBy releaseDate,ordering
counterfactual,results/ordering/counterfactual_ordering.json,652,"[TRIPLE] Kaley_Cuoco  birthDate  1964-10-13 [/TRIPLE] [TRIPLE] Kaley_Cuoco  nationality  Germany [/TRIPLE] [TRIPLE] Kaley_Cuoco  servedAsChiefOfTheAstronautOfficeIn  2000 [/TRIPLE] [TRIPLE] Kaley_Cuoco  deathPlace  New_Jersey [/TRIPLE] [TRIPLE] Kaley_Cuoco  birthPlace  ""Pennsylvania"" [/TRIPLE] [TRIPLE] Kaley_Cuoco  status  ""Deceased"" [/TRIPLE] [TRIPLE] Kaley_Cuoco  award  Distinguished_Service_Medal_(United_States_Navy) [/TRIPLE]",7,6,1,6,status,"Kaley_Cuoco status ""Deceased""",652,birthDate birthPlace nationality servedAsChiefOfTheAstronautOfficeIn award deathPlace,ordering
counterfactual,results/ordering/counterfactual_ordering.json,656,[TRIPLE] Ivan_Ukhov  residence  Guiyang [/TRIPLE] [TRIPLE] Ivan_Ukhov  citizenship  Spain [/TRIPLE] [TRIPLE] Ivan_Ukhov  nationality  Barbadians [/TRIPLE] [TRIPLE] Ivan_Ukhov  residence  Spain [/TRIPLE] [TRIPLE] Ivan_Ukhov  award  Steve_Bright [/TRIPLE],5,4,1,4,citizenship,Ivan_Ukhov citizenship Spain,656,nationality residence residence award,ordering
counterfactual,results/ordering/counterfactual_ordering.json,657,[TRIPLE] Bridge  starring  Charly_Gaul [/TRIPLE] [TRIPLE] Bridge  runtime  98.0 [/TRIPLE] [TRIPLE] Bridge  musicComposer  Harivansh_Rai_Bachchan [/TRIPLE] [TRIPLE] Bridge  starring  Richard_von_Weizsäcker [/TRIPLE] [TRIPLE] Bridge  writer  Sidney_Govou [/TRIPLE] [TRIPLE] Bridge  editing  Macrinus [/TRIPLE],6,4,2,5,writer | editing,Bridge writer Sidney_Govou || Bridge editing Macrinus,657,starring starring musicComposer runtime editor,ordering
counterfactual,results/ordering/counterfactual_ordering.json,658,[TRIPLE] Auckland_Airport  operatingOrganisation  Funke_Mediengruppe [/TRIPLE] [TRIPLE] Auckland_Airport  runwayLength  83.2104 [/TRIPLE] [TRIPLE] Auckland_Airport  cityServed  Martinsville_Speedway [/TRIPLE] [TRIPLE] Auckland_Airport  location  Annalong [/TRIPLE] [TRIPLE] Auckland_Airport  icaoLocationIdentifier  Johan_Adolf_Pengel_International_Airport [/TRIPLE] [TRIPLE] Auckland_Airport  runwaySurfaceType  syntactic_foam [/TRIPLE],6,5,1,6,icaoLocationIdentifier,Auckland_Airport icaoLocationIdentifier Johan_Adolf_Pengel_International_Airport,658,location operatingOrganisation cityServed runwayLength runwaySurfaceType ICAOLocationIdentifier,ordering
counterfactual,results/ordering/counterfactual_ordering.json,659,[TRIPLE] Harri_Olli  birthPlace  Zhenyang_Xian_(1724-1911) [/TRIPLE] [TRIPLE] Harri_Olli  birthPlace  Guizhou [/TRIPLE] [TRIPLE] Harri_Olli  mission  Shenzhou_10 [/TRIPLE],3,2,1,2,mission,Harri_Olli mission Shenzhou_10,659,birthPlace birthPlace,ordering
counterfactual,results/ordering/counterfactual_ordering.json,665,[TRIPLE] Paris_Belongs_to_Us  director  Katarina_Ivanovska [/TRIPLE] [TRIPLE] Paris_Belongs_to_Us  writer  Han_Huang [/TRIPLE],2,1,1,2,writer,Paris_Belongs_to_Us writer Han_Huang,665,director author,ordering
counterfactual,results/ordering/counterfactual_ordering.json,671,[TRIPLE] United_States  currency  Luccan_franc [/TRIPLE] [TRIPLE] United_States  demonym  Pakistanis [/TRIPLE] [TRIPLE] Bionico  course  fried_rice [/TRIPLE] [TRIPLE] Bionico  region  Kanasín [/TRIPLE] [TRIPLE] Bionico  ingredient  Chapa_namak [/TRIPLE] [TRIPLE] fried_rice  dishVariation  nata_de_coco [/TRIPLE] [TRIPLE] Bionico  country  United_States [/TRIPLE],7,6,1,6,ingredient,Bionico ingredient Chapa_namak,671,dishVariation course region country demonym currency,ordering
counterfactual,results/ordering/counterfactual_ordering.json,673,[TRIPLE] Harmony  runtime  282838.0 [/TRIPLE] [TRIPLE] Harmony  musicComposer  Germán_Riesco [/TRIPLE] [TRIPLE] Harmony  releaseDate  1954-07-29 [/TRIPLE] [TRIPLE] Harmony  producer  Franz_Xaver_Schwarz [/TRIPLE],4,2,2,4,releaseDate | producer,Harmony releaseDate 1954-07-29 || Harmony producer Franz_Xaver_Schwarz,673,musicComposer production date runtime,ordering
counterfactual,results/ordering/counterfactual_ordering.json,680,[TRIPLE] Margherita_Zalaffi  nationality  Mexico [/TRIPLE] [TRIPLE] Galician_Soviet_Socialist_Republic  foundingDate  1994-06-14 [/TRIPLE] [TRIPLE] Margherita_Zalaffi  birthPlace  Galician_Soviet_Socialist_Republic [/TRIPLE] [TRIPLE] Margherita_Zalaffi  professionalField  anesthesia_technician_assistant [/TRIPLE],4,3,1,4,professionalField,Margherita_Zalaffi professionalField anesthesia_technician_assistant,680,nationality birthPlace foundingDate occupation,ordering
counterfactual,results/ordering/counterfactual_ordering.json,685,[TRIPLE] Ukrainian_Arbitration_Association  location  Segredo [/TRIPLE] [TRIPLE] Mexico  leaderTitle  bridges_of_Lyon [/TRIPLE] [TRIPLE] Ukrainian_Arbitration_Association  location  Mexico [/TRIPLE] [TRIPLE] Ukrainian_Arbitration_Association  product  protein-bound_paclitaxel [/TRIPLE] [TRIPLE] Ukrainian_Arbitration_Association  product  network_monitoring [/TRIPLE],5,4,1,5,product,Ukrainian_Arbitration_Association product network_monitoring,685,location location leaderTitle product protein-bound_paclitaxel,ordering
counterfactual,results/ordering/counterfactual_ordering.json,689,[TRIPLE] Pink_Friday  recordedIn  France [/TRIPLE] [TRIPLE] Pink_Friday  recordedIn  Washington_D.C. [/TRIPLE] [TRIPLE] Pink_Friday  precededBy  Kat [/TRIPLE] [TRIPLE] Pink_Friday  releaseDate  1910-12-25 [/TRIPLE] [TRIPLE] Pink_Friday  runtime  30955.0 [/TRIPLE],5,4,1,5,recordedIn,Pink_Friday recordedIn Washington_D.C.,689,precededBy recordIn recordedIn releaseDate runtime,ordering
counterfactual,results/ordering/counterfactual_ordering.json,690,"[TRIPLE] Golo  releaseDate  ""1923-11-18"" [/TRIPLE] [TRIPLE] Golo  followedBy  Herz_aus_Glas [/TRIPLE] [TRIPLE] Golo  artist  The_Men [/TRIPLE]",3,2,1,2,artist,Golo artist The_Men,690,followedBy releaseDate,ordering
counterfactual,results/ordering/counterfactual_ordering.json,691,"[TRIPLE] Fort_William_College  campus  ""Ruth_Ribicoff"" [/TRIPLE] [TRIPLE] German_Central_Bone_Marrow_Donor_Register  location  Beijing [/TRIPLE] [TRIPLE] Fort_William_College  director  ""Asa_Gigante_''"" [/TRIPLE] [TRIPLE] Fort_William_College  affiliation  Ajou_University [/TRIPLE] [TRIPLE] Ajou_University  city  Florence [/TRIPLE] [TRIPLE] Fort_William_College  wasGivenTheTechnicalCampusStatusBy  German_Central_Bone_Marrow_Donor_Register [/TRIPLE]",6,5,1,5,location,German_Central_Bone_Marrow_Donor_Register location Beijing,691,campus director affiliation city wasGivenTheTechnicalCampusStatusBy,ordering
counterfactual,results/ordering/counterfactual_ordering.json,692,[TRIPLE] Mermaid_(Train_song)  releaseDate  1989-02-24 [/TRIPLE] [TRIPLE] Mermaid_(Train_song)  precededBy  The_Progressive_Motion_Picture_Company [/TRIPLE] [TRIPLE] Mermaid_(Train_song)  writer  Hans_Richter [/TRIPLE] [TRIPLE] Mermaid_(Train_song)  runtime  98.0 [/TRIPLE],4,3,1,4,writer,Mermaid_(Train_song) writer Hans_Richter,692,precededBy author releaseDate runtime,ordering
counterfactual,results/ordering/counterfactual_ordering.json,698,[TRIPLE] Gogol_Bordello  runtime  260855000000.0 [/TRIPLE] [TRIPLE] Gogol_Bordello  type  remix_album [/TRIPLE] [TRIPLE] Gogol_Bordello  precededBy  The_Photo_Album [/TRIPLE] [TRIPLE] Gogol_Bordello  genre  electronic_music [/TRIPLE],4,2,2,4,runtime | type,Gogol_Bordello runtime 260855000000.0 || Gogol_Bordello type remix_album,698,genre precededBy genre time,ordering
counterfactual,results/ordering/counterfactual_ordering.json,701,"[TRIPLE] Limited-Edition_Vinyl_Box_Set  recordedIn  ""United_States"" [/TRIPLE] [TRIPLE] Limited-Edition_Vinyl_Box_Set  recordedIn  Haarlem [/TRIPLE] [TRIPLE] Limited-Edition_Vinyl_Box_Set  genre  dream_pop [/TRIPLE] [TRIPLE] Limited-Edition_Vinyl_Box_Set  precededBy  No_Fun_at_All [/TRIPLE] [TRIPLE] Limited-Edition_Vinyl_Box_Set  releaseDate  1920-08-16 [/TRIPLE] [TRIPLE] Limited-Edition_Vinyl_Box_Set  runtime  3500.0 [/TRIPLE]",6,5,1,6,recordedIn,Limited-Edition_Vinyl_Box_Set recordedIn Haarlem,701,genre precededBy recordIn recordedIn releaseDate runtime,ordering
counterfactual,results/ordering/counterfactual_ordering.json,705,"[TRIPLE] Sasha_Grey  citizenship  United_Kingdom [/TRIPLE] [TRIPLE] United_Kingdom  capital  Washington_D.C. [/TRIPLE] [TRIPLE] Sasha_Grey  birthDate  ""1986-04-15"" [/TRIPLE] [TRIPLE] Sasha_Grey  award  Stacy_Katzman [/TRIPLE] [TRIPLE] United_Kingdom  officialLanguage  Central_Kilimanjaro [/TRIPLE]",5,4,1,4,citizenship,Sasha_Grey citizenship United_Kingdom,705,birthDate award officialLanguage capital,ordering
counterfactual,results/ordering/counterfactual_ordering.json,706,"[TRIPLE] Juan_Carlos_Onetti  influencedBy  Giuseppe_Farina [/TRIPLE] [TRIPLE] Juan_Carlos_Onetti  citizenship  Turkey [/TRIPLE] [TRIPLE] Juan_Carlos_Onetti  birthDate  ""1923-11-18"" [/TRIPLE] [TRIPLE] Juan_Carlos_Onetti  professionalField  Mathematical_optimization [/TRIPLE] [TRIPLE] Juan_Carlos_Onetti  knownFor  Stochastic_programming [/TRIPLE] [TRIPLE] Juan_Carlos_Onetti  residence  Virginia [/TRIPLE]",6,4,2,6,citizenship | professionalField,Juan_Carlos_Onetti citizenship Turkey || Juan_Carlos_Onetti professionalField Mathematical_optimization,706,birthDate residence nationality influencedBy occupation knownFor,ordering
counterfactual,results/ordering/counterfactual_ordering.json,707,[TRIPLE] Incognito  artist  Noir_Désir [/TRIPLE] [TRIPLE] Incognito  producer  Noir_Désir [/TRIPLE] [TRIPLE] Incognito  recordedIn  Turkey [/TRIPLE],3,2,1,3,recordedIn,Incognito recordedIn Turkey,707,recordIn artist producer,ordering
counterfactual,results/ordering/counterfactual_ordering.json,708,[TRIPLE] Manuel_Mondragón  birthPlace  FC_Alma-Ata [/TRIPLE] [TRIPLE] Manuel_Mondragón  birthDate  1994-06-14 [/TRIPLE] [TRIPLE] Manuel_Mondragón  deathDate  2001-01-01 [/TRIPLE] [TRIPLE] Manuel_Mondragón  birthPlace  Duchy_of_Warsaw [/TRIPLE] [TRIPLE] Manuel_Mondragón  nationality  Duchy_of_Warsaw [/TRIPLE] [TRIPLE] Manuel_Mondragón  residence  Norway [/TRIPLE] [TRIPLE] Manuel_Mondragón  spouse  Aristotle [/TRIPLE],7,6,1,6,birthPlace,Manuel_Mondragón birthPlace Duchy_of_Warsaw,708,birthPlace birthDate deathDate nationality residence spouse,ordering
counterfactual,results/ordering/counterfactual_ordering.json,709,[TRIPLE] Edgar_Allan_Poe  birthPlace  Karlsruhe [/TRIPLE] [TRIPLE] Edgar_Allan_Poe  birthDate  1726-01-01 [/TRIPLE] [TRIPLE] Edgar_Allan_Poe  deathDate  1937-04-27 [/TRIPLE] [TRIPLE] Edgar_Allan_Poe  deathPlace  United_States [/TRIPLE] [TRIPLE] Edgar_Allan_Poe  training  School_of_Applied_Arts_in_Stuttgart [/TRIPLE],5,4,1,4,training,Edgar_Allan_Poe training School_of_Applied_Arts_in_Stuttgart,709,birthPlace birthDate deathPlace deathDate,ordering
counterfactual,results/ordering/counterfactual_ordering.json,718,[TRIPLE] Married_to_the_Mob  imdbId  1777539 [/TRIPLE] [TRIPLE] Married_to_the_Mob  writer  Robert_Harting [/TRIPLE],2,0,2,2,imdbId | writer,Married_to_the_Mob imdbId 1777539 || Married_to_the_Mob writer Robert_Harting,718,author isdbId,ordering
counterfactual,results/ordering/counterfactual_ordering.json,725,"[TRIPLE] Be_Like_Others  budget  9400 [/TRIPLE] [TRIPLE] Be_Like_Others  runtime  418476000000.0 [/TRIPLE] [TRIPLE] Be_Like_Others  gross  ""2"" [/TRIPLE]",3,2,1,3,budget,Be_Like_Others budget 9400,725,cost runtime gross,ordering
counterfactual,results/ordering/counterfactual_ordering.json,729,[TRIPLE] Israel  percentageOfAreaWater  35.1 [/TRIPLE],1,0,1,1,percentageOfAreaWater,Israel percentageOfAreaWater 35.1,729,country,ordering
counterfactual,results/ordering/counterfactual_ordering.json,730,[TRIPLE] Son_of_the_Bride  musicComposer  Olli_Pekkala [/TRIPLE] [TRIPLE] Son_of_the_Bride  director  Elisha_E._Meredith [/TRIPLE] [TRIPLE] Son_of_the_Bride  cinematography  Decius [/TRIPLE] [TRIPLE] Son_of_the_Bride  producer  Thomas_of_Metsoph [/TRIPLE],4,3,1,4,producer,Son_of_the_Bride producer Thomas_of_Metsoph,730,musicComposer director production cinematography,ordering
counterfactual,results/ordering/counterfactual_ordering.json,732,[TRIPLE] Goldfinger  runtime  10252 [/TRIPLE] [TRIPLE] Goldfinger  artist  Bastille [/TRIPLE] [TRIPLE] Goldfinger  producer  Bastille [/TRIPLE] [TRIPLE] Goldfinger  precededBy  Laut_Gedacht [/TRIPLE] [TRIPLE] Goldfinger  producer  Hannah_More [/TRIPLE],5,3,2,4,artist | producer,Goldfinger artist Bastille || Goldfinger producer Hannah_More,732,precededBy runtime creator producer,ordering
counterfactual,results/ordering/counterfactual_ordering.json,736,[TRIPLE] John_Lennon  residence  Zhangjiagang [/TRIPLE] [TRIPLE] Zhangjiagang  utcOffset  418476000000.0 [/TRIPLE] [TRIPLE] John_Lennon  citizenship  United_States [/TRIPLE] [TRIPLE] United_States  demonym  Zayas [/TRIPLE],4,3,1,4,citizenship,John_Lennon citizenship United_States,736,demonym country residence utcOffset,ordering
counterfactual,results/ordering/counterfactual_ordering.json,738,"[TRIPLE] Kissin_U  producer  !!! [/TRIPLE] [TRIPLE] John_Major  birthDate  ""1923-11-18"" [/TRIPLE] [TRIPLE] Kissin_U  producer  John_Major [/TRIPLE]",3,1,2,2,producer | producer,Kissin_U producer !!! || Kissin_U producer John_Major,738,birthDate producer!!!,ordering
counterfactual,results/ordering/counterfactual_ordering.json,741,"[TRIPLE] 916  editing  ""Dr._G._P._Prabhukumar"" [/TRIPLE] [TRIPLE] 916  language  en [/TRIPLE] [TRIPLE] 916  runtime  0004319 [/TRIPLE] [TRIPLE] 916  distributor  Lotus_Film [/TRIPLE] [TRIPLE] 916  distributor  easyJet [/TRIPLE] [TRIPLE] 916  budget  89.0 [/TRIPLE] [TRIPLE] 916  writer  Charly_Gaul [/TRIPLE]",7,5,2,6,editing | writer,"916 editing ""Dr._G._P._Prabhukumar"" || 916 writer Charly_Gaul",741,distributor distributor language editor runtime budget,ordering
counterfactual,results/ordering/counterfactual_ordering.json,742,[TRIPLE] David_Storl  residence  Portuguese_Malacca [/TRIPLE] [TRIPLE] Portuguese_Malacca  demonym  Vietnamese [/TRIPLE] [TRIPLE] Portuguese_Malacca  populationTotal  418476000000.0 [/TRIPLE] [TRIPLE] David_Storl  birthDate  1942-01-01 [/TRIPLE] [TRIPLE] David_Storl  professionalField  Research_Specimen [/TRIPLE],5,4,1,4,professionalField,David_Storl professionalField Research_Specimen,742,birthDate residence demonym populationTotal,ordering
counterfactual,results/ordering/counterfactual_ordering.json,745,"[TRIPLE] John_Gregg  birthDate  2012-12-27 [/TRIPLE] [TRIPLE] John_Gregg  nationality  ""Republic_of_Turkey"" [/TRIPLE] [TRIPLE] John_Gregg  servedAsChiefOfTheAstronautOfficeIn  2032 [/TRIPLE] [TRIPLE] John_Gregg  deathPlace  ""Pennsylvania"" [/TRIPLE] [TRIPLE] John_Gregg  selectedByNasa  1588 [/TRIPLE] [TRIPLE] John_Gregg  birthPlace  Virginia [/TRIPLE] [TRIPLE] John_Gregg  almaMater  Führungsakademie_der_Bundeswehr [/TRIPLE]",7,6,1,6,selectedByNasa,John_Gregg selectedByNasa 1588,745,nationality birthPlace birthDate almaMater servedAsChiefOfTheAstronautOfficeIn deathPlace,ordering
counterfactual,results/ordering/counterfactual_ordering.json,747,[TRIPLE] Coco_Austin  birthDate  1958-01-01 [/TRIPLE] [TRIPLE] Coco_Austin  nationality  Mexico [/TRIPLE] [TRIPLE] Coco_Austin  servedAsChiefOfTheAstronautOfficeIn  1591 [/TRIPLE] [TRIPLE] Coco_Austin  deathPlace  New_Hampshire [/TRIPLE] [TRIPLE] Coco_Austin  birthPlace  Michigan [/TRIPLE] [TRIPLE] Coco_Austin  mission  Soyuz_TMA-09M [/TRIPLE] [TRIPLE] Coco_Austin  award  Distinguished_Service_Medal_(United_States_Navy) [/TRIPLE],7,5,2,5,mission | award,Coco_Austin mission Soyuz_TMA-09M || Coco_Austin award Distinguished_Service_Medal_(United_States_Navy),747,birthDate birthPlace nationality servedAsChiefOfTheAstronautOfficeIn deathPlace,ordering
counterfactual,results/ordering/counterfactual_ordering.json,748,[TRIPLE] Poppin'  runtime  2900 [/TRIPLE] [TRIPLE] Poppin'  artist  Stiller_Has [/TRIPLE] [TRIPLE] Poppin'  producer  Stiller_Has [/TRIPLE],3,1,2,3,runtime | producer,Poppin' runtime 2900 || Poppin' producer Stiller_Has,748,production time artist,ordering
counterfactual,results/ordering/counterfactual_ordering.json,750,[TRIPLE] Girls'_Generation_II_–_Girls_and_Peace  starring  John_Rhys-Davies [/TRIPLE] [TRIPLE] Girls'_Generation_II_–_Girls_and_Peace  cinematography  Philippe_Mexès [/TRIPLE] [TRIPLE] Girls'_Generation_II_–_Girls_and_Peace  gross  610.0 [/TRIPLE],3,1,2,4,cinematography | gross,Girls'_Generation_II_–_Girls_and_Peace cinematography Philippe_Mexès || Girls'_Generation_II_–_Girls_and_Peace gross 610.0,750,starring film director grossed,ordering
counterfactual,results/ordering/counterfactual_ordering.json,753,"[TRIPLE] Orchid  artist  Anderson_Bruford_Wakeman_Howe [/TRIPLE] [TRIPLE] Orchid  producer  Anderson_Bruford_Wakeman_Howe [/TRIPLE] [TRIPLE] Orchid  runtime  108600000 [/TRIPLE] [TRIPLE] Orchid  recordedIn  ""United_States"" [/TRIPLE] [TRIPLE] Orchid  recordedIn  Berlin [/TRIPLE] [TRIPLE] Orchid  genre  jota [/TRIPLE] [TRIPLE] Orchid  precededBy  Noisia [/TRIPLE]",7,2,5,6,artist | producer | runtime | recordedIn | recordedIn,"Orchid artist Anderson_Bruford_Wakeman_Howe || Orchid producer Anderson_Bruford_Wakeman_Howe || Orchid runtime 108600000 || Orchid recordedIn ""United_States"" || Orchid recordedIn Berlin",753,genre precededBy recordIn recordIn country time,ordering
counterfactual,results/ordering/counterfactual_ordering.json,754,[TRIPLE] Onegin  director  Kaley_Cuoco [/TRIPLE] [TRIPLE] Onegin  distributor  Stacy_Katzman [/TRIPLE] [TRIPLE] Onegin  director  Sara_Gomer [/TRIPLE] [TRIPLE] Onegin  imdbId  1095.0 [/TRIPLE],4,3,1,4,imdbId,Onegin imdbId 1095.0,754,distributor isdbId director director,ordering
counterfactual,results/ordering/counterfactual_ordering.json,755,"[TRIPLE] Annie_Antón  professionalField  Dyson_sphere [/TRIPLE] [TRIPLE] Annie_Antón  doctoralAdvisor  X_Article [/TRIPLE] [TRIPLE] Annie_Antón  birthPlace  England [/TRIPLE] [TRIPLE] Annie_Antón  birthDate  ""1923-11-18"" [/TRIPLE]",4,3,1,4,professionalField,Annie_Antón professionalField Dyson_sphere,755,birthPlace birthDate doctoralAdvisor profession,ordering
counterfactual,results/ordering/counterfactual_ordering.json,763,[TRIPLE] Jorge_Montt  nationality  Mexico [/TRIPLE] [TRIPLE] Mexico  areaTotal  1604.0 [/TRIPLE] [TRIPLE] Mexico  officialLanguage  Indonesian [/TRIPLE] [TRIPLE] Jorge_Montt  birthPlace  Socialist_Soviet_Republic_of_Byelorussia [/TRIPLE] [TRIPLE] Jorge_Montt  training  School_of_Applied_Arts_in_Stuttgart [/TRIPLE],5,4,1,4,training,Jorge_Montt training School_of_Applied_Arts_in_Stuttgart,763,birthPlace nationality officialLanguage areaTotal,ordering
counterfactual,results/ordering/counterfactual_ordering.json,766,[TRIPLE] Mermaid_(Train_song)  runtime  94.0 [/TRIPLE] [TRIPLE] Mermaid_(Train_song)  genre  ghazal [/TRIPLE] [TRIPLE] Mermaid_(Train_song)  writer  The_Forester_Sisters [/TRIPLE] [TRIPLE] Mermaid_(Train_song)  writer  Star_Wars [/TRIPLE] [TRIPLE] Mermaid_(Train_song)  followedBy  Phoenix_Film [/TRIPLE],5,3,2,5,writer | writer,Mermaid_(Train_song) writer The_Forester_Sisters || Mermaid_(Train_song) writer Star_Wars,766,genre followedBy runtime author The_Forester_Sisters,ordering
counterfactual,results/ordering/counterfactual_ordering.json,767,[TRIPLE] Barrackpore_Rastraguru_Surendranath_College  campus  E-Vinyl [/TRIPLE] [TRIPLE] Council_of_Elders  location  Beijing [/TRIPLE] [TRIPLE] Barrackpore_Rastraguru_Surendranath_College  director  This'll_Be_My_Year [/TRIPLE] [TRIPLE] Barrackpore_Rastraguru_Surendranath_College  affiliation  Kazan_Federal_University [/TRIPLE] [TRIPLE] Barrackpore_Rastraguru_Surendranath_College  wasGivenTheTechnicalCampusStatusBy  Council_of_Elders [/TRIPLE] [TRIPLE] Barrackpore_Rastraguru_Surendranath_College  state  Bihar [/TRIPLE],6,5,1,5,location,Council_of_Elders location Beijing,767,campus state wasGivenTheTechnicalCampusStatusBy director affiliation,ordering
counterfactual,results/ordering/counterfactual_ordering.json,769,[TRIPLE] Yale_College  campus  This'll_Be_My_Year [/TRIPLE] [TRIPLE] Médecins_du_Monde  location  Moscow [/TRIPLE] [TRIPLE] Yale_College  director  Stacy_Katzman [/TRIPLE] [TRIPLE] Yale_College  affiliation  Information_and_Communications_University [/TRIPLE] [TRIPLE] Yale_College  wasGivenTheTechnicalCampusStatusBy  Médecins_du_Monde [/TRIPLE] [TRIPLE] Yale_College  numberOfPostgraduateStudents  1513 [/TRIPLE],6,5,1,5,location,Médecins_du_Monde location Moscow,769,campus affiliation wasGivenTheTechnicalCampusStatusBy director numberOfPostgraduateStudents,ordering
counterfactual,results/ordering/counterfactual_ordering.json,771,[TRIPLE] Mermaid_(Train_song)  writer  Henri_Grand_Duke_of_Luxembourg [/TRIPLE] [TRIPLE] Mermaid_(Train_song)  writer  Zabranjeno_Pušenje [/TRIPLE] [TRIPLE] Mermaid_(Train_song)  followedBy  Film_Roman [/TRIPLE] [TRIPLE] Mermaid_(Train_song)  producer  Espionage_(production_team) [/TRIPLE] [TRIPLE] Mermaid_(Train_song)  album  Frogstomp [/TRIPLE] [TRIPLE] Mermaid_(Train_song)  format  deb [/TRIPLE],6,2,4,4,writer | writer | producer | format,Mermaid_(Train_song) writer Henri_Grand_Duke_of_Luxembourg || Mermaid_(Train_song) writer Zabranjeno_Pušenje || Mermaid_(Train_song) producer Espionage_(production_team) || Mermaid_(Train_song) format deb,771,followedBy genre album title,ordering
counterfactual,results/ordering/counterfactual_ordering.json,776,[TRIPLE] Wen_Jiabao  birthDate  1944-07-28 [/TRIPLE] [TRIPLE] July_14  writer  Wen_Jiabao [/TRIPLE] [TRIPLE] July_14  writer  Taichang_Emperor [/TRIPLE],3,1,2,2,writer | writer,July_14 writer Wen_Jiabao || July_14 writer Taichang_Emperor,776,birthDate author,ordering
counterfactual,results/ordering/counterfactual_ordering.json,782,[TRIPLE] Yssel-Supérieur  genre  Italian_hip_hop [/TRIPLE] [TRIPLE] alternative_country  instrument  Q_Chord [/TRIPLE] [TRIPLE] Yssel-Supérieur  genre  alternative_country [/TRIPLE] [TRIPLE] Italian_hip_hop  instrument  Anti-Russian_sentiment [/TRIPLE],4,3,1,4,genre,Yssel-Supérieur genre alternative_country,782,genre alternative_country instrument instrument,ordering
counterfactual,results/ordering/counterfactual_ordering.json,783,[TRIPLE] A_Love_Supreme  artist  Eurythmics [/TRIPLE] [TRIPLE] A_Love_Supreme  runtime  2000000.0 [/TRIPLE] [TRIPLE] A_Love_Supreme  recordedIn  Israel [/TRIPLE],3,1,2,3,artist | recordedIn,A_Love_Supreme artist Eurythmics || A_Love_Supreme recordedIn Israel,783,recordIn recordArtist runtime,ordering
counterfactual,results/ordering/counterfactual_ordering.json,786,[TRIPLE] Han_Huang  nationality  United_States [/TRIPLE] [TRIPLE] Han_Huang  training  School_of_Applied_Arts_in_Stuttgart [/TRIPLE] [TRIPLE] Han_Huang  deathDate  1726-01-01 [/TRIPLE],3,2,1,2,training,Han_Huang training School_of_Applied_Arts_in_Stuttgart,786,nationality deathDate,ordering
counterfactual,results/ordering/counterfactual_ordering.json,787,[TRIPLE] The_Pleasure_Garden  writer  Robert_Leroux [/TRIPLE],1,0,1,1,writer,The_Pleasure_Garden writer Robert_Leroux,787,author,ordering
counterfactual,results/ordering/counterfactual_ordering.json,789,[TRIPLE] El_Cuarteto_de_Nos  producer  Bill_D'Elia [/TRIPLE] [TRIPLE] El_Cuarteto_de_Nos  runtime  1800000000 [/TRIPLE] [TRIPLE] El_Cuarteto_de_Nos  artist  Bill_D'Elia [/TRIPLE] [TRIPLE] El_Cuarteto_de_Nos  genre  instrumental_music [/TRIPLE],4,2,2,3,producer | artist,El_Cuarteto_de_Nos producer Bill_D'Elia || El_Cuarteto_de_Nos artist Bill_D'Elia,789,genre runtime creator,ordering
counterfactual,results/ordering/counterfactual_ordering.json,811,[TRIPLE] ZSD  producer  Juha-Matti_Ruuskanen [/TRIPLE] [TRIPLE] ZSD  runtime  35.1 [/TRIPLE] [TRIPLE] ZSD  artist  Juha-Matti_Ruuskanen [/TRIPLE] [TRIPLE] ZSD  type  karaoke_album [/TRIPLE] [TRIPLE] ZSD  precededBy  Metroland [/TRIPLE],5,1,4,4,producer | runtime | artist | type,ZSD producer Juha-Matti_Ruuskanen || ZSD runtime 35.1 || ZSD artist Juha-Matti_Ruuskanen || ZSD type karaoke_album,811,precededBy genre karaoke_album time,ordering
counterfactual,results/ordering/counterfactual_ordering.json,826,[TRIPLE] Silent_Warnings  director  Abdur_Rahman_Khan [/TRIPLE] [TRIPLE] Silent_Warnings  producer  Abdur_Rahman_Khan [/TRIPLE] [TRIPLE] Silent_Warnings  broadcastedBy  Mutant_Enemy_Productions [/TRIPLE] [TRIPLE] Silent_Warnings  editor  Gaios_Skordilis [/TRIPLE] [TRIPLE] Silent_Warnings  producer  Paul_Langevin [/TRIPLE],5,4,1,4,producer,Silent_Warnings producer Paul_Langevin,826,broadcastedBy editor director producer,ordering
counterfactual,results/ordering/counterfactual_ordering.json,827,[TRIPLE] Seven_Psychopaths  director  Jan_I_Carondelet [/TRIPLE] [TRIPLE] Seven_Psychopaths  director  Jarosław_Rodzewicz [/TRIPLE] [TRIPLE] Seven_Psychopaths  writer  Jarosław_Rodzewicz [/TRIPLE],3,2,1,2,writer,Seven_Psychopaths writer Jarosław_Rodzewicz,827,director director,ordering
counterfactual,results/ordering/counterfactual_ordering.json,829,[TRIPLE] United_States  longName  Israel [/TRIPLE],1,0,1,1,longName,United_States longName Israel,829,country,ordering
counterfactual,results/ordering/counterfactual_ordering.json,835,[TRIPLE] Curros  populationMetro  11.5 [/TRIPLE] [TRIPLE] Curros  leaderTitle  patriarch [/TRIPLE] [TRIPLE] Curros  type  City [/TRIPLE] [TRIPLE] Curros  populationDensity  83.0 [/TRIPLE] [TRIPLE] Curros  governmentType  republic [/TRIPLE] [TRIPLE] Curros  isPartOf  Jalisco [/TRIPLE],6,5,1,6,type,Curros type City,835,isPartOf city leaderTitle governmentType populationDensity populationMetro,ordering
counterfactual,results/ordering/counterfactual_ordering.json,836,[TRIPLE] Jean-Michel_Henry  professionalField  Fock–Lorentz_symmetry [/TRIPLE] [TRIPLE] Jean-Michel_Henry  knownFor  Carter_constant [/TRIPLE] [TRIPLE] Jean-Michel_Henry  knownFor  Fermat's_theorem [/TRIPLE] [TRIPLE] Jean-Michel_Henry  doctoralAdvisor  Modern_Moral_Philosophy [/TRIPLE] [TRIPLE] Jean-Michel_Henry  birthPlace  England [/TRIPLE] [TRIPLE] Jean-Michel_Henry  birthDate  2009-06-01 [/TRIPLE] [TRIPLE] Jean-Michel_Henry  almaMater  University_of_Cambridge [/TRIPLE],7,5,2,7,professionalField | knownFor,Jean-Michel_Henry professionalField Fock–Lorentz_symmetry || Jean-Michel_Henry knownFor Fermat's_theorem,836,birthPlace birthDate almaMater doctoralAdvisor academicDiscipline knownFor Carter_constant,ordering
counterfactual,results/ordering/counterfactual_ordering.json,841,[TRIPLE] American_Beauty  producer  Melissa_Fahn [/TRIPLE] [TRIPLE] American_Beauty  runtime  1249.6 [/TRIPLE],2,1,1,2,producer,American_Beauty producer Melissa_Fahn,841,production runtime,ordering
counterfactual,results/ordering/counterfactual_ordering.json,842,[TRIPLE] Cédric_Carrasso  birthPlace  Hungarian_Soviet_Republic [/TRIPLE] [TRIPLE] Cédric_Carrasso  training  School_of_Applied_Arts_in_Stuttgart [/TRIPLE] [TRIPLE] Cédric_Carrasso  professionalField  anesthesia_technician_assistant [/TRIPLE],3,1,2,2,training | professionalField,Cédric_Carrasso training School_of_Applied_Arts_in_Stuttgart || Cédric_Carrasso professionalField anesthesia_technician_assistant,842,birthPlace professionField,ordering
counterfactual,results/ordering/counterfactual_ordering.json,846,[TRIPLE] Mermaid_(Train_song)  writer  Katrina_Kaif [/TRIPLE] [TRIPLE] Double_Dare  associatedBand/associatedMusicalArtist  Quentin_Tarantino [/TRIPLE] [TRIPLE] Mermaid_(Train_song)  writer  Double_Dare [/TRIPLE] [TRIPLE] Double_Dare  associatedBand/associatedMusicalArtist  Lewis_Hamilton [/TRIPLE],4,2,2,3,writer | writer,Mermaid_(Train_song) writer Katrina_Kaif || Mermaid_(Train_song) writer Double_Dare,846,associatedBand/associatedMusicalArtist associatedBand/associatedMusicalArtist author,ordering
counterfactual,results/ordering/counterfactual_ordering.json,848,[TRIPLE] Everything_That_Happens_Will_Happen_Today  starring  Primo_Nebiolo [/TRIPLE] [TRIPLE] Everything_That_Happens_Will_Happen_Today  cinematography  Jochen_Rindt [/TRIPLE] [TRIPLE] Everything_That_Happens_Will_Happen_Today  runtime  27400 [/TRIPLE] [TRIPLE] Everything_That_Happens_Will_Happen_Today  gross  418476000000.0 [/TRIPLE] [TRIPLE] Everything_That_Happens_Will_Happen_Today  director  Mige [/TRIPLE],5,4,1,5,cinematography,Everything_That_Happens_Will_Happen_Today cinematography Jochen_Rindt,848,starring director starring runtime gross,ordering
counterfactual,results/ordering/counterfactual_ordering.json,849,[TRIPLE] Theological_Faculty_Lugano  campus  Bangalore_–_560090 [/TRIPLE] [TRIPLE] Instituto_Nacional_de_Industria  location  Rio_de_Janeiro [/TRIPLE] [TRIPLE] Theological_Faculty_Lugano  director  School_of_Applied_Arts_in_Stuttgart [/TRIPLE] [TRIPLE] Theological_Faculty_Lugano  academicStaffSize  andminus;7 [/TRIPLE] [TRIPLE] Theological_Faculty_Lugano  affiliation  University_of_Botswana [/TRIPLE] [TRIPLE] Theological_Faculty_Lugano  motto  molecular_cloning [/TRIPLE] [TRIPLE] Theological_Faculty_Lugano  wasGivenTheTechnicalCampusStatusBy  Instituto_Nacional_de_Industria [/TRIPLE],7,6,1,6,location,Instituto_Nacional_de_Industria location Rio_de_Janeiro,849,campus affiliation wasGivenTheTechnicalCampusStatusBy director academicStaffSize motto,ordering
counterfactual,results/ordering/counterfactual_ordering.json,851,[TRIPLE] Zaunpfahl  producer  Dwight_D._Eisenhower [/TRIPLE] [TRIPLE] Zaunpfahl  runtime  204.0 [/TRIPLE] [TRIPLE] Zaunpfahl  artist  Dwight_D._Eisenhower [/TRIPLE] [TRIPLE] Zaunpfahl  type  soundtrack_album [/TRIPLE] [TRIPLE] Zaunpfahl  precededBy  Uneasy_Listening_Vol._2 [/TRIPLE] [TRIPLE] Zaunpfahl  genre  lo-fi_music [/TRIPLE] [TRIPLE] Zaunpfahl  followedBy  ultimatum [/TRIPLE],7,3,4,5,producer | runtime | artist | type,Zaunpfahl producer Dwight_D._Eisenhower || Zaunpfahl runtime 204.0 || Zaunpfahl artist Dwight_D._Eisenhower || Zaunpfahl type soundtrack_album,851,genre genre precededBy followedBy time,ordering
counterfactual,results/ordering/counterfactual_ordering.json,856,[TRIPLE] Carl_Linnaeus  birthPlace  Langchung [/TRIPLE] [TRIPLE] Carl_Linnaeus  birthPlace  Heilongjiang [/TRIPLE] [TRIPLE] Carl_Linnaeus  mission  Shenzhou_10 [/TRIPLE] [TRIPLE] Carl_Linnaeus  mission  Mercury-Atlas_9 [/TRIPLE],4,3,1,3,mission,Carl_Linnaeus mission Mercury-Atlas_9,856,birthPlace birthPlace mission,ordering
counterfactual,results/ordering/counterfactual_ordering.json,862,[TRIPLE] Mermaid_(Train_song)  genre  alternative_hip_hop [/TRIPLE] [TRIPLE] Castel_Film_Romania  followedBy  Jackson_5_Christmas_Album [/TRIPLE] [TRIPLE] Mermaid_(Train_song)  followedBy  Castel_Film_Romania [/TRIPLE] [TRIPLE] Castel_Film_Romania  genre  ska [/TRIPLE],4,3,1,3,genre,Castel_Film_Romania genre ska,862,genre followedBy followedBy,ordering
counterfactual,results/ordering/counterfactual_ordering.json,863,[TRIPLE] Fyodor_Dostoyevsky  nationality  Kingdom_of_Iceland [/TRIPLE] [TRIPLE] Fyodor_Dostoyevsky  residence  Northern_Ireland [/TRIPLE] [TRIPLE] Fyodor_Dostoyevsky  spouse  Stephen_Kramer_Glickman [/TRIPLE] [TRIPLE] Fyodor_Dostoyevsky  professionalField  Russkii_gidrobiologicheskii_zhurnal [/TRIPLE],4,3,1,3,professionalField,Fyodor_Dostoyevsky professionalField Russkii_gidrobiologicheskii_zhurnal,863,nationality residence spouse,ordering
counterfactual,results/ordering/counterfactual_ordering.json,865,[TRIPLE] Alien_Siege  producer  Haakon_Ericsson [/TRIPLE] [TRIPLE] Alien_Siege  editor  Vladislav_Pavlovich [/TRIPLE] [TRIPLE] Alien_Siege  musicComposer  Hermann_Maier [/TRIPLE] [TRIPLE] Alien_Siege  runtime  175.26 [/TRIPLE],4,3,1,4,producer,Alien_Siege producer Haakon_Ericsson,865,musicComposer production editor runtime,ordering
counterfactual,results/ordering/counterfactual_ordering.json,872,[TRIPLE] Bill_Clinton  birthPlace  Saint_Petersburg [/TRIPLE] [TRIPLE] Bill_Clinton  deathPlace  Leningrad_USSR [/TRIPLE] [TRIPLE] Bill_Clinton  deathDate  1776-02-18 [/TRIPLE] [TRIPLE] Bill_Clinton  professionalField  ethnography [/TRIPLE] [TRIPLE] Bill_Clinton  professionalField  neurosurgery [/TRIPLE],5,3,2,3,professionalField | professionalField,Bill_Clinton professionalField ethnography || Bill_Clinton professionalField neurosurgery,872,birthPlace deathPlace deathDate,ordering
counterfactual,results/ordering/counterfactual_ordering.json,883,[TRIPLE] Vila_Longa  populationDensity  282838.0 [/TRIPLE] [TRIPLE] Vila_Longa  leaderTitle  Lou_Barletta [/TRIPLE] [TRIPLE] Vila_Longa  elevationAboveTheSeaLevel  387.63 [/TRIPLE] [TRIPLE] Vila_Longa  timeZone  UTC−07:00 [/TRIPLE] [TRIPLE] Vila_Longa  timeZone  Time_in_Iceland [/TRIPLE],5,4,1,5,timeZone,Vila_Longa timeZone Time_in_Iceland,883,leaderTitle elevationAboveTheSeaLevel populationDensity timeZone time_in_Iceland,ordering
counterfactual,results/ordering/counterfactual_ordering.json,891,[TRIPLE] David_Cecil_6th_Marquess_of_Exeter  birthDate  1726-01-01 [/TRIPLE] [TRIPLE] David_Cecil_6th_Marquess_of_Exeter  professionalField  sky_marshal [/TRIPLE] [TRIPLE] David_Cecil_6th_Marquess_of_Exeter  deathPlace  San_Francisco [/TRIPLE],3,2,1,2,professionalField,David_Cecil_6th_Marquess_of_Exeter professionalField sky_marshal,891,birthDate deathPlace,ordering
counterfactual,results/ordering/counterfactual_ordering.json,892,[TRIPLE] Bommalattam  imdbId  418476000000.0 [/TRIPLE] [TRIPLE] Bommalattam  director  Lotf_Ali_Khan [/TRIPLE] [TRIPLE] Bommalattam  director  Gordian_I [/TRIPLE] [TRIPLE] Bommalattam  starring  Gordian_I [/TRIPLE] [TRIPLE] Bommalattam  writer  Gordian_I [/TRIPLE],5,4,1,4,writer,Bommalattam writer Gordian_I,892,director starring director imdbId,ordering
counterfactual,results/ordering/counterfactual_ordering.json,893,[TRIPLE] Célia_Lawson  birthDate  1994-06-14 [/TRIPLE] [TRIPLE] Célia_Lawson  almaMater  The_Chinese_University_of_Hong_Kong [/TRIPLE] [TRIPLE] Célia_Lawson  professionalField  criminology [/TRIPLE],3,2,1,3,professionalField,Célia_Lawson professionalField criminology,893,birthDate almaMater professionField,ordering
counterfactual,results/ordering/counterfactual_ordering.json,895,[TRIPLE] People_Like_Us  writer  Antoninus_Pius [/TRIPLE],1,0,1,1,writer,People_Like_Us writer Antoninus_Pius,895,author,ordering
counterfactual,results/ordering/counterfactual_ordering.json,900,[TRIPLE] University_of_Poitiers  numberOfUndergraduateStudents  282838.0 [/TRIPLE] [TRIPLE] University_of_Poitiers  staff  1604.0 [/TRIPLE] [TRIPLE] University_of_Poitiers  numberOfStudents  17000 [/TRIPLE] [TRIPLE] University_of_Poitiers  numberOfDoctoralStudents  1512 [/TRIPLE] [TRIPLE] University_of_Poitiers  campus  Veilly [/TRIPLE],5,4,1,4,staff,University_of_Poitiers staff 1604.0,900,campus numberOfStudents numberOfUndergraduateStudents numberOfDoctoralStudents,ordering
counterfactual,results/ordering/counterfactual_ordering.json,902,[TRIPLE] The_Day_of_the_Owl  writer  Janis_Joplin [/TRIPLE] [TRIPLE] The_Day_of_the_Owl  runtime  115.0 [/TRIPLE] [TRIPLE] The_Day_of_the_Owl  starring  Abid_Surti [/TRIPLE] [TRIPLE] The_Day_of_the_Owl  gross  1604.0 [/TRIPLE],4,3,1,4,writer,The_Day_of_the_Owl writer Janis_Joplin,902,starring author runtime gross,ordering
counterfactual,results/ordering/counterfactual_ordering.json,905,[TRIPLE] Moritzbastei  architect  Nicolas_Maurice-Belay [/TRIPLE] [TRIPLE] Moritzbastei  address  108_St_Georges_Terrace [/TRIPLE] [TRIPLE] Moritzbastei  currentTenants  Eli_Broad_College_of_Business [/TRIPLE] [TRIPLE] Moritzbastei  tenant  Eli_Broad_College_of_Business [/TRIPLE] [TRIPLE] Moritzbastei  owner  Technical_University_of_Berlin [/TRIPLE],5,4,1,4,tenant,Moritzbastei tenant Eli_Broad_College_of_Business,905,address architect owner currentTenants,ordering
counterfactual,results/ordering/counterfactual_ordering.json,907,[TRIPLE] Love_Metal_Archives_Vol._I  starring  Sweyn_Haakonsson [/TRIPLE] [TRIPLE] Love_Metal_Archives_Vol._I  writer  Jared_Tallent [/TRIPLE] [TRIPLE] Love_Metal_Archives_Vol._I  starring  Franz_Wurst [/TRIPLE] [TRIPLE] Love_Metal_Archives_Vol._I  director  Konstantin_Melnikov [/TRIPLE] [TRIPLE] Franz_Wurst  deathYear  2014 [/TRIPLE],5,4,1,5,writer,Love_Metal_Archives_Vol._I writer Jared_Tallent,907,starring deathYear starring director author,ordering
counterfactual,results/ordering/counterfactual_ordering.json,912,[TRIPLE] Silent_Warnings  director  Einar_Thambarskelfir [/TRIPLE] [TRIPLE] Silent_Warnings  producer  Einar_Thambarskelfir [/TRIPLE] [TRIPLE] Silent_Warnings  broadcastedBy  Little_Bear [/TRIPLE] [TRIPLE] Silent_Warnings  editor  Ed_O'Neill [/TRIPLE] [TRIPLE] Silent_Warnings  musicComposer  Tina_Maze [/TRIPLE] [TRIPLE] Silent_Warnings  runtime  94.0 [/TRIPLE],6,5,1,5,producer,Silent_Warnings producer Einar_Thambarskelfir,912,broadcastedBy musicComposer runtime director editor,ordering
counterfactual,results/ordering/counterfactual_ordering.json,917,[TRIPLE] Konica_Minolta  netIncome  1095.0 [/TRIPLE] [TRIPLE] Konica_Minolta  product  radio_communications [/TRIPLE] [TRIPLE] Konica_Minolta  product  protein-bound_paclitaxel [/TRIPLE] [TRIPLE] Konica_Minolta  numberOfEmployees  610.0 [/TRIPLE] [TRIPLE] Konica_Minolta  revenue  83.2104 [/TRIPLE],5,4,1,4,revenue,Konica_Minolta revenue 83.2104,917,numberOfEmployees product product netIncome,ordering
counterfactual,results/ordering/counterfactual_ordering.json,918,[TRIPLE] A_Fantastic_Fear_of_Everything  distributor  Phoenix_Film [/TRIPLE] [TRIPLE] SanDisk  type  intercommunale [/TRIPLE] [TRIPLE] A_Fantastic_Fear_of_Everything  distributor  SanDisk [/TRIPLE] [TRIPLE] A_Fantastic_Fear_of_Everything  language  eng [/TRIPLE] [TRIPLE] eng  iso6391Code  English_language [/TRIPLE],5,4,1,4,type,SanDisk type intercommunale,918,distributor distributor language iso6391Code,ordering
counterfactual,results/ordering/counterfactual_ordering.json,919,[TRIPLE] Take_It_Off  producer  Elisa_Uga [/TRIPLE] [TRIPLE] Take_It_Off  followedBy  Collision_Course [/TRIPLE],2,1,1,2,producer,Take_It_Off producer Elisa_Uga,919,followedBy creator,ordering
counterfactual,results/ordering/counterfactual_ordering.json,922,[TRIPLE] Fuerte_Esperanza  populationMetro  2900 [/TRIPLE] [TRIPLE] Fuerte_Esperanza  leaderTitle  High_Representative_for_Bosnia_and_Herzegovina [/TRIPLE] [TRIPLE] Fuerte_Esperanza  type  City [/TRIPLE] [TRIPLE] Fuerte_Esperanza  populationDensity  3.16 [/TRIPLE],4,3,1,4,type,Fuerte_Esperanza type City,922,city leaderTitle populationDensity populationMetro,ordering
counterfactual,results/ordering/counterfactual_ordering.json,926,"[TRIPLE] The_Long_Duel  editing  ""Ruth_Ribicoff"" [/TRIPLE] [TRIPLE] The_Long_Duel  starring  Florent_Malouda [/TRIPLE] [TRIPLE] The_Long_Duel  starring  Jim_Clark [/TRIPLE] [TRIPLE] The_Long_Duel  language  en [/TRIPLE] [TRIPLE] The_Long_Duel  runtime  260855000000.0 [/TRIPLE] [TRIPLE] The_Long_Duel  distributor  Davis_Entertainment [/TRIPLE] [TRIPLE] The_Long_Duel  distributor  Goldman_Sachs [/TRIPLE]",7,6,1,6,editing,"The_Long_Duel editing ""Ruth_Ribicoff""",926,distributor distributor starring starring language runtime,ordering
counterfactual,results/ordering/counterfactual_ordering.json,928,[TRIPLE] Mermaid_(Train_song)  musicalBand  chaise [/TRIPLE] [TRIPLE] Mermaid_(Train_song)  precededBy  School_of_Applied_Arts_in_Stuttgart [/TRIPLE] [TRIPLE] Mermaid_(Train_song)  runtime  11.5 [/TRIPLE] [TRIPLE] Mermaid_(Train_song)  genre  tropipop [/TRIPLE] [TRIPLE] Mermaid_(Train_song)  followedBy  Strike_Entertainment [/TRIPLE] [TRIPLE] Mermaid_(Train_song)  producer  Espionage_(production_team) [/TRIPLE],6,3,3,5,musicalBand | runtime | producer,Mermaid_(Train_song) musicalBand chaise || Mermaid_(Train_song) runtime 11.5 || Mermaid_(Train_song) producer Espionage_(production_team),928,genre musicBand precededBy followedBy production_team,ordering
counterfactual,results/ordering/counterfactual_ordering.json,929,[TRIPLE] Benigno_Aquino_III  influencedBy  John_Surtees [/TRIPLE] [TRIPLE] Benigno_Aquino_III  citizenship  Philippines [/TRIPLE] [TRIPLE] Benigno_Aquino_III  birthDate  1934-01-01 [/TRIPLE] [TRIPLE] Benigno_Aquino_III  professionalField  Mathematical_optimization [/TRIPLE] [TRIPLE] Benigno_Aquino_III  almaMater  Bielefeld_University [/TRIPLE],5,3,2,4,citizenship | professionalField,Benigno_Aquino_III citizenship Philippines || Benigno_Aquino_III professionalField Mathematical_optimization,929,birthDate almaMater influencedBy profession,ordering
counterfactual,results/ordering/counterfactual_ordering.json,932,[TRIPLE] Françoise_Sagan  residence  Yangquan [/TRIPLE] [TRIPLE] Israel  governmentType  white_ethnostate [/TRIPLE] [TRIPLE] Françoise_Sagan  residence  Israel [/TRIPLE] [TRIPLE] Israel  percentageOfAreaWater  89.0 [/TRIPLE] [TRIPLE] Françoise_Sagan  birthPlace  Israel [/TRIPLE],5,4,1,4,percentageOfAreaWater,Israel percentageOfAreaWater 89.0,932,residence birthPlace residence governmentType,ordering
counterfactual,results/ordering/counterfactual_ordering.json,933,[TRIPLE] Up_Down_Fragile  writer  Curtis_LeMay [/TRIPLE] [TRIPLE] Curtis_LeMay  birthYear  1896 [/TRIPLE] [TRIPLE] Up_Down_Fragile  starring  Enrico_de_Nicola [/TRIPLE],3,2,1,3,writer,Up_Down_Fragile writer Curtis_LeMay,933,birthYear author starring,ordering
counterfactual,results/ordering/counterfactual_ordering.json,946,[TRIPLE] Rudolf_Chemie  industry  Pharmaceuticals [/TRIPLE] [TRIPLE] Rudolf_Chemie  type  S.A._(corporation) [/TRIPLE] [TRIPLE] Rudolf_Chemie  subsidiary  Dickies [/TRIPLE] [TRIPLE] Rudolf_Chemie  netIncome  89.0 [/TRIPLE] [TRIPLE] Rudolf_Chemie  numberOfEmployees  9400 [/TRIPLE] [TRIPLE] Rudolf_Chemie  product  television [/TRIPLE],6,4,2,4,industry | type,Rudolf_Chemie industry Pharmaceuticals || Rudolf_Chemie type S.A._(corporation),946,subsidiary numberOfEmployees netIncome product,ordering
counterfactual,results/ordering/counterfactual_ordering.json,948,[TRIPLE] Dwight_D._Eisenhower  professionalField  Hořava–Lifshitz_gravity [/TRIPLE] [TRIPLE] Dwight_D._Eisenhower  almaMater  University_of_Cambridge [/TRIPLE] [TRIPLE] Dwight_D._Eisenhower  birthDate  1776-02-18 [/TRIPLE],3,2,1,3,professionalField,Dwight_D._Eisenhower professionalField Hořava–Lifshitz_gravity,948,birthDate almaMater profession,ordering
counterfactual,results/ordering/counterfactual_ordering.json,950,[TRIPLE] Sara_Gomer  mission  Shenzhou_10 [/TRIPLE] [TRIPLE] Sara_Gomer  mission  Mercury-Atlas_7 [/TRIPLE] [TRIPLE] Sara_Gomer  birthDate  2012-12-27 [/TRIPLE] [TRIPLE] Sara_Gomer  birthPlace  Enda_County [/TRIPLE] [TRIPLE] Sara_Gomer  birthPlace  Jilin [/TRIPLE],5,4,1,4,mission,Sara_Gomer mission Mercury-Atlas_7,950,birthPlace birthDate birthPlace mission,ordering
counterfactual,results/ordering/counterfactual_ordering.json,951,[TRIPLE] Palazzo_Priuli_Manfrin  architect  Bernard_Arnault [/TRIPLE] [TRIPLE] Palazzo_Priuli_Manfrin  address  200_Public_Square [/TRIPLE] [TRIPLE] Palazzo_Priuli_Manfrin  buildingStartDate  2003-01-01 [/TRIPLE] [TRIPLE] Palazzo_Priuli_Manfrin  currentTenants  KaosPilots [/TRIPLE] [TRIPLE] Palazzo_Priuli_Manfrin  tenant  KaosPilots [/TRIPLE] [TRIPLE] Palazzo_Priuli_Manfrin  owner  University_of_Milan [/TRIPLE],6,5,1,5,tenant,Palazzo_Priuli_Manfrin tenant KaosPilots,951,address architect buildingStartDate owner currentTenants,ordering
counterfactual,results/ordering/counterfactual_ordering.json,957,[TRIPLE] Song_2  runtime  1604.0 [/TRIPLE] [TRIPLE] Song_2  producer  Zao [/TRIPLE] [TRIPLE] Song_2  precededBy  2_Cute_Shinseinaru_Best_Album [/TRIPLE] [TRIPLE] Song_2  producer  Curtis_LeMay [/TRIPLE],4,1,3,4,runtime | producer | producer,Song_2 runtime 1604.0 || Song_2 producer Zao || Song_2 producer Curtis_LeMay,957,precededBy record length production,ordering
counterfactual,results/ordering/counterfactual_ordering.json,962,[TRIPLE] Mermaid_(Train_song)  followedBy  Allegro_Film [/TRIPLE] [TRIPLE] Mermaid_(Train_song)  producer  Espionage_(production_team) [/TRIPLE] [TRIPLE] Mermaid_(Train_song)  format  direct-to-video [/TRIPLE],3,1,2,2,producer | format,Mermaid_(Train_song) producer Espionage_(production_team) || Mermaid_(Train_song) format direct-to-video,962,followedBy genre,ordering
counterfactual,results/ordering/counterfactual_ordering.json,963,"[TRIPLE] Barking_and_Dagenham_College  campus  Dijon [/TRIPLE] [TRIPLE] German_Central_Bone_Marrow_Donor_Register  location  Kolkata [/TRIPLE] [TRIPLE] Barking_and_Dagenham_College  director  Stacy_Katzman [/TRIPLE] [TRIPLE] Barking_and_Dagenham_College  academicStaffSize  ""''Alvinegro"" [/TRIPLE] [TRIPLE] Barking_and_Dagenham_College  affiliation  Zhejiang_Chinese_Medical_University [/TRIPLE] [TRIPLE] Zhejiang_Chinese_Medical_University  city  Postojna [/TRIPLE] [TRIPLE] Barking_and_Dagenham_College  wasGivenTheTechnicalCampusStatusBy  German_Central_Bone_Marrow_Donor_Register [/TRIPLE]",7,6,1,6,location,German_Central_Bone_Marrow_Donor_Register location Kolkata,963,director affiliation city campus wasGivenTheTechnicalCampusStatusBy academicStaffSize,ordering
counterfactual,results/ordering/counterfactual_ordering.json,965,"[TRIPLE] ""United_States""  longName  France [/TRIPLE] [TRIPLE] Michelle_Bachelet  nationality  Macedonians [/TRIPLE] [TRIPLE] Michelle_Bachelet  citizenship  ""United_States"" [/TRIPLE] [TRIPLE] ""United_States""  language  Korandje [/TRIPLE]",4,2,2,3,longName | citizenship,"""United_States"" longName France || Michelle_Bachelet citizenship ""United_States""",965,nationality language country,ordering
counterfactual,results/ordering/counterfactual_ordering.json,968,"[TRIPLE] Monty_Python’s_Life_of_Brian  imdbId  94.0 [/TRIPLE] [TRIPLE] Monty_Python’s_Life_of_Brian  director  Elagabalus [/TRIPLE] [TRIPLE] Monty_Python’s_Life_of_Brian  director  Troian_Bellisario [/TRIPLE] [TRIPLE] Monty_Python’s_Life_of_Brian  starring  Troian_Bellisario [/TRIPLE] [TRIPLE] Monty_Python’s_Life_of_Brian  writer  Troian_Bellisario [/TRIPLE] [TRIPLE] Monty_Python’s_Life_of_Brian  producer  ""Dr._G._P._Prabhukumar"" [/TRIPLE] [TRIPLE] Monty_Python’s_Life_of_Brian  distributor  Lionsgate [/TRIPLE]",7,4,3,7,imdbId | writer | producer,"Monty_Python’s_Life_of_Brian imdbId 94.0 || Monty_Python’s_Life_of_Brian writer Troian_Bellisario || Monty_Python’s_Life_of_Brian producer ""Dr._G._P._Prabhukumar""",968,distributor distributor starring director director starring IdbId,ordering
counterfactual,results/ordering/counterfactual_ordering.json,971,"[TRIPLE] Bairnsdale_Airport  cityServed  Martinsville_Speedway [/TRIPLE] [TRIPLE] Bairnsdale_Airport  icaoLocationIdentifier  Bathurst_Island_Airport [/TRIPLE] [TRIPLE] Bairnsdale_Airport  elevationAboveTheSeaLevel  0927 [/TRIPLE] [TRIPLE] Bairnsdale_Airport  runwayName  ""08/26"" [/TRIPLE] [TRIPLE] Bairnsdale_Airport  runwaySurfaceType  pykrete [/TRIPLE]",5,4,1,5,icaoLocationIdentifier,Bairnsdale_Airport icaoLocationIdentifier Bathurst_Island_Airport,971,cityServed elevationAboveTheSeaLevel ICAOLocationIdentifier runwayName runwaySurfaceType,ordering
counterfactual,results/ordering/counterfactual_ordering.json,972,[TRIPLE] Deathdream  writer  Jackie_Stewart [/TRIPLE] [TRIPLE] Deathdream  cinematography  Masashi_Kishimoto [/TRIPLE],2,1,1,2,writer,Deathdream writer Jackie_Stewart,972,author cinematography,ordering
counterfactual,results/ordering/counterfactual_ordering.json,977,[TRIPLE] São_Domingos  type  City [/TRIPLE] [TRIPLE] São_Domingos  populationDensity  98.0 [/TRIPLE] [TRIPLE] São_Domingos  utcOffset  −6 [/TRIPLE] [TRIPLE] São_Domingos  leaderTitle  Raffaello_Caserta [/TRIPLE] [TRIPLE] São_Domingos  country  Israel [/TRIPLE],5,4,1,4,type,São_Domingos type City,977,country leaderTitle populationDensity utcOffset,ordering
counterfactual,results/ordering/counterfactual_ordering.json,985,[TRIPLE] Kurt_Waldheim  birthDate  1954-07-29 [/TRIPLE] [TRIPLE] Kurt_Waldheim  professionalField  Mathematical_optimization [/TRIPLE] [TRIPLE] Kurt_Waldheim  knownFor  Stochastic_programming [/TRIPLE],3,2,1,3,professionalField,Kurt_Waldheim professionalField Mathematical_optimization,985,birthDate professionField knownFor,ordering
counterfactual,results/ordering/counterfactual_ordering.json,993,[TRIPLE] Steel_Magnolia  producer  Victor_Hugo [/TRIPLE] [TRIPLE] Steel_Magnolia  type  spoken_word_album [/TRIPLE] [TRIPLE] Steel_Magnolia  runtime  20378.5 [/TRIPLE] [TRIPLE] Steel_Magnolia  precededBy  Le_Frisur [/TRIPLE],4,1,3,4,producer | type | runtime,Steel_Magnolia producer Victor_Hugo || Steel_Magnolia type spoken_word_album || Steel_Magnolia runtime 20378.5,993,precededBy genre production time,ordering
counterfactual,results/ordering/counterfactual_ordering.json,1004,[TRIPLE] Francesco_Cossiga  birthDate  1955-04-06 [/TRIPLE] [TRIPLE] Francesco_Cossiga  servedAsChiefOfTheAstronautOfficeIn  2000 [/TRIPLE] [TRIPLE] Francesco_Cossiga  deathPlace  New_Hampshire [/TRIPLE] [TRIPLE] Francesco_Cossiga  birthPlace  New_Jersey [/TRIPLE] [TRIPLE] Francesco_Cossiga  mission  Apollo_11 [/TRIPLE],5,4,1,4,mission,Francesco_Cossiga mission Apollo_11,1004,birthDate birthPlace servedAsChiefOfTheAstronautOfficeIn deathPlace,ordering
counterfactual,results/ordering/counterfactual_ordering.json,1012,[TRIPLE] Enrico_de_Nicola  birthPlace  Karlsruhe [/TRIPLE] [TRIPLE] Enrico_de_Nicola  birthDate  1934-01-01 [/TRIPLE] [TRIPLE] Enrico_de_Nicola  deathDate  1947-01-01 [/TRIPLE] [TRIPLE] Enrico_de_Nicola  birthPlace  Kingdom_of_Iraq [/TRIPLE],4,3,1,3,birthPlace,Enrico_de_Nicola birthPlace Kingdom_of_Iraq,1012,birthPlace birthDate deathDate,ordering
counterfactual,results/ordering/counterfactual_ordering.json,1013,[TRIPLE] Tho_Xuan_Airport  operatingOrganisation  Adler [/TRIPLE] [TRIPLE] Tho_Xuan_Airport  runwayLength  22591.38 [/TRIPLE] [TRIPLE] Tho_Xuan_Airport  cityServed  Mansfield_Motorsports_Park [/TRIPLE] [TRIPLE] Tho_Xuan_Airport  icaoLocationIdentifier  Ayers_Rock_Airport [/TRIPLE],4,3,1,4,icaoLocationIdentifier,Tho_Xuan_Airport icaoLocationIdentifier Ayers_Rock_Airport,1013,cityServed operatingOrganisation runwayLength ICAOLocationIdentifier,ordering
counterfactual,results/ordering/counterfactual_ordering.json,1020,[TRIPLE] Ryszard_Sobczak  knownFor  Peano_existence_theorem [/TRIPLE] [TRIPLE] Ryszard_Sobczak  almaMater  Korea_National_University_of_Arts [/TRIPLE] [TRIPLE] Ryszard_Sobczak  professionalField  demography [/TRIPLE],3,2,1,3,professionalField,Ryszard_Sobczak professionalField demography,1020,almaMater professionField knownFor,ordering
counterfactual,results/ordering/counterfactual_ordering.json,1029,[TRIPLE] Inception  imdbId  260855000000.0 [/TRIPLE] [TRIPLE] Inception  starring  Georges_Brassens [/TRIPLE] [TRIPLE] Inception  writer  Georges_Brassens [/TRIPLE],3,1,2,3,imdbId | writer,Inception imdbId 260855000000.0 || Inception writer Georges_Brassens,1029,starring author IdbId,ordering
counterfactual,results/ordering/counterfactual_ordering.json,1031,[TRIPLE] Ghost_Rider  imdbId  2691.0 [/TRIPLE] [TRIPLE] Ghost_Rider  starring  Ivan_Regen [/TRIPLE] [TRIPLE] Ghost_Rider  producer  Stacy_Katzman [/TRIPLE],3,1,2,4,imdbId | producer,Ghost_Rider imdbId 2691.0 || Ghost_Rider producer Stacy_Katzman,1031,starring production number IdbId,ordering
counterfactual,results/ordering/counterfactual_ordering.json,1038,[TRIPLE] Il_Pulcino_Pio  genre  opera [/TRIPLE] [TRIPLE] Il_Pulcino_Pio  genre  motet [/TRIPLE] [TRIPLE] Il_Pulcino_Pio  runtime  230.05 [/TRIPLE] [TRIPLE] Il_Pulcino_Pio  producer  Benedict_XVI [/TRIPLE],4,2,2,4,runtime | producer,Il_Pulcino_Pio runtime 230.05 || Il_Pulcino_Pio producer Benedict_XVI,1038,genre genre production time,ordering
counterfactual,results/ordering/counterfactual_ordering.json,1044,[TRIPLE] Mr._Deeds  writer  James_K._Gibson [/TRIPLE],1,0,1,1,writer,Mr._Deeds writer James_K._Gibson,1044,author,ordering
counterfactual,results/ordering/counterfactual_ordering.json,1045,"[TRIPLE] Giridharilal_Kedia  birthDate  ""1986-04-15"" [/TRIPLE] [TRIPLE] Giridharilal_Kedia  nationality  Israel [/TRIPLE] [TRIPLE] Giridharilal_Kedia  deathPlace  Virginia [/TRIPLE] [TRIPLE] Giridharilal_Kedia  birthPlace  California [/TRIPLE] [TRIPLE] Giridharilal_Kedia  mission  Soyuz_TMA-10M [/TRIPLE]",5,4,1,4,mission,Giridharilal_Kedia mission Soyuz_TMA-10M,1045,nationality birthPlace birthDate deathPlace,ordering
counterfactual,results/ordering/counterfactual_ordering.json,1050,[TRIPLE] Portimão_Airport  operatingOrganisation  GE_Energy [/TRIPLE] [TRIPLE] Portimão_Airport  runwayLength  1249.6 [/TRIPLE] [TRIPLE] Portimão_Airport  cityServed  Ordos_International_Circuit [/TRIPLE] [TRIPLE] Portimão_Airport  location  Băiuț [/TRIPLE] [TRIPLE] Portimão_Airport  icaoLocationIdentifier  Narromine_Airport [/TRIPLE] [TRIPLE] Portimão_Airport  elevationAboveTheSeaLevel  98.0 [/TRIPLE],6,5,1,6,icaoLocationIdentifier,Portimão_Airport icaoLocationIdentifier Narromine_Airport,1050,cityServed location operatingOrganisation elevationAboveTheSeaLevel runwayLength ICAOLocationIdentifier,ordering
counterfactual,results/ordering/counterfactual_ordering.json,1057,"[TRIPLE] Deathdream  releaseDate  ""1923-11-18"" [/TRIPLE] [TRIPLE] Deathdream  producer  Sachin_Tendulkar [/TRIPLE] [TRIPLE] Deathdream  musicComposer  Emil_Rilke [/TRIPLE] [TRIPLE] Emil_Rilke  background  ""Ruth_Ribicoff"" [/TRIPLE]",4,3,1,3,producer,Deathdream producer Sachin_Tendulkar,1057,background musicComposer releaseDate,ordering
counterfactual,results/ordering/counterfactual_ordering.json,1063,[TRIPLE] ¿Dónde_Están_Corazón?  genre  Schuhplattler [/TRIPLE] [TRIPLE] ¿Dónde_Están_Corazón?  producer  Bastille [/TRIPLE] [TRIPLE] ¿Dónde_Están_Corazón?  genre  Afrobeat [/TRIPLE],3,2,1,3,producer,¿Dónde_Están_Corazón? producer Bastille,1063,genre genre publisher,ordering
counterfactual,results/ordering/counterfactual_ordering.json,1066,[TRIPLE] Bahrain_International_Airport  operatingOrganisation  Isavia [/TRIPLE] [TRIPLE] Bahrain_International_Airport  location  Almenara_de_Adaja [/TRIPLE] [TRIPLE] Bahrain_International_Airport  runwayLength  2000000.0 [/TRIPLE] [TRIPLE] Isavia  city  Navas_de_Riofrío [/TRIPLE] [TRIPLE] Bahrain_International_Airport  elevationAboveTheSeaLevel  245.0 [/TRIPLE] [TRIPLE] Navas_de_Riofrío  country  Turkey [/TRIPLE],6,5,1,5,country,Navas_de_Riofrío country Turkey,1066,location operatingOrganisation city elevationAboveTheSeaLevel runwayLength,ordering
counterfactual,results/ordering/counterfactual_ordering.json,1067,[TRIPLE] iFight_Shelby_Marx  director  Ezekiel_Kemboi [/TRIPLE] [TRIPLE] iFight_Shelby_Marx  producer  Ezekiel_Kemboi [/TRIPLE] [TRIPLE] iFight_Shelby_Marx  broadcastedBy  X-Filme_Creative_Pool [/TRIPLE] [TRIPLE] iFight_Shelby_Marx  editor  Bob_Dylan [/TRIPLE] [TRIPLE] iFight_Shelby_Marx  musicComposer  Abdou_Traoré [/TRIPLE] [TRIPLE] iFight_Shelby_Marx  producer  Markku_Pusenius [/TRIPLE],6,5,1,5,producer,iFight_Shelby_Marx producer Markku_Pusenius,1067,broadcastedBy editor musicComposer director producer,ordering
counterfactual,results/ordering/counterfactual_ordering.json,1069,[TRIPLE] Garden_State  starring  Abdou_Traoré [/TRIPLE] [TRIPLE] Garden_State  writer  Alexander_Francis_Chamberlain [/TRIPLE] [TRIPLE] Garden_State  director  Alexander_Francis_Chamberlain [/TRIPLE] [TRIPLE] Garden_State  gross  83.0 [/TRIPLE],4,3,1,4,writer,Garden_State writer Alexander_Francis_Chamberlain,1069,starring director author gross,ordering
counterfactual,results/ordering/counterfactual_ordering.json,1074,[TRIPLE] Od_neba_do_neba  artist  The_Strokes [/TRIPLE] [TRIPLE] Od_neba_do_neba  genre  new_wave [/TRIPLE] [TRIPLE] Od_neba_do_neba  precededBy  Etwas [/TRIPLE] [TRIPLE] Od_neba_do_neba  recordLabel  Buddah_Records [/TRIPLE] [TRIPLE] Od_neba_do_neba  recordLabel  Sony_Music_Entertainment_Polska_Sp._z_o.o. [/TRIPLE] [TRIPLE] Od_neba_do_neba  releaseDate  1929-06-11 [/TRIPLE],6,4,2,4,artist | releaseDate,Od_neba_do_neba artist The_Strokes || Od_neba_do_neba releaseDate 1929-06-11,1074,precededBy genre recordLabel recordLabel,ordering
counterfactual,results/ordering/counterfactual_ordering.json,1075,[TRIPLE] Jost_van_Dockum  citizenship  Brazil [/TRIPLE] [TRIPLE] Brazil  longName  United_States [/TRIPLE] [TRIPLE] Jost_van_Dockum  knownFor  Stochastic_programming [/TRIPLE] [TRIPLE] Jost_van_Dockum  almaMater  University_of_Halle-Wittenberg [/TRIPLE],4,2,2,3,citizenship | longName,Jost_van_Dockum citizenship Brazil || Brazil longName United_States,1075,almaMater knownFor country,ordering
counterfactual,results/ordering/counterfactual_ordering.json,1085,"[TRIPLE] Joachim_Löw  training  School_of_Applied_Arts_in_Stuttgart [/TRIPLE] [TRIPLE] Joachim_Löw  deathDate  2009-06-01 [/TRIPLE] [TRIPLE] Joachim_Löw  birthDate  ""30_March_2007"" [/TRIPLE] [TRIPLE] Joachim_Löw  deathPlace  Ilirska_Bistrica [/TRIPLE]",4,3,1,3,training,Joachim_Löw training School_of_Applied_Arts_in_Stuttgart,1085,birthDate deathPlace deathDate,ordering
counterfactual,results/ordering/counterfactual_ordering.json,1097,[TRIPLE] Mini  location  Israel [/TRIPLE] [TRIPLE] Mini  type  Telecom_Namibia [/TRIPLE] [TRIPLE] Mini  product  pressbook [/TRIPLE],3,2,1,2,type,Mini type Telecom_Namibia,1097,location product,ordering
counterfactual,results/ordering/counterfactual_ordering.json,1106,[TRIPLE] Ville_Valo  professionalField  Flory–Huggins_solution_theory [/TRIPLE] [TRIPLE] Ville_Valo  knownFor  Carter_constant [/TRIPLE] [TRIPLE] Ville_Valo  knownFor  dominated_convergence_theorem [/TRIPLE],3,1,2,3,professionalField | knownFor,Ville_Valo professionalField Flory–Huggins_solution_theory || Ville_Valo knownFor dominated_convergence_theorem,1106,professionField knownFor dominated_convergence_theorem,ordering
counterfactual,results/ordering/counterfactual_ordering.json,1109,[TRIPLE] Antoine_de_Saint-Exupéry  mission  Shenzhou_10 [/TRIPLE] [TRIPLE] Antoine_de_Saint-Exupéry  mission  Mercury-Redstone_3 [/TRIPLE] [TRIPLE] Antoine_de_Saint-Exupéry  nationality  Israel [/TRIPLE],3,2,1,2,mission,Antoine_de_Saint-Exupéry mission Mercury-Redstone_3,1109,nationality mission,ordering
counterfactual,results/ordering/counterfactual_ordering.json,1110,[TRIPLE] Made_in_Japan  artist  Hiperkarma [/TRIPLE] [TRIPLE] Made_in_Japan  producer  Hiperkarma [/TRIPLE] [TRIPLE] Made_in_Japan  runtime  27400 [/TRIPLE] [TRIPLE] Made_in_Japan  recordedIn  Israel [/TRIPLE] [TRIPLE] Made_in_Japan  recordedIn  Kampala [/TRIPLE],5,1,4,4,producer | runtime | recordedIn | recordedIn,Made_in_Japan producer Hiperkarma || Made_in_Japan runtime 27400 || Made_in_Japan recordedIn Israel || Made_in_Japan recordedIn Kampala,1110,recordIn recordIn recordtime artist,ordering
counterfactual,results/ordering/counterfactual_ordering.json,1114,[TRIPLE] Pellworm  populationMetro  175.26 [/TRIPLE] [TRIPLE] Pellworm  leaderTitle  Oberpräsident [/TRIPLE] [TRIPLE] Pellworm  type  City [/TRIPLE] [TRIPLE] Pellworm  governmentType  militocracy [/TRIPLE],4,3,1,3,type,Pellworm type City,1114,leaderTitle governmentType populationMetro,ordering
counterfactual,results/ordering/counterfactual_ordering.json,1115,[TRIPLE] What_Makes_You_Beautiful  artist  Moi_dix_Mois [/TRIPLE] [TRIPLE] What_Makes_You_Beautiful  genre  progressive_death_metal [/TRIPLE] [TRIPLE] What_Makes_You_Beautiful  producer  Moi_dix_Mois [/TRIPLE],3,1,2,2,artist | producer,What_Makes_You_Beautiful artist Moi_dix_Mois || What_Makes_You_Beautiful producer Moi_dix_Mois,1115,genre creator,ordering
counterfactual,results/ordering/counterfactual_ordering.json,1116,[TRIPLE] Luc_Van_den_Brande  mission  Shenzhou_10 [/TRIPLE] [TRIPLE] Luc_Van_den_Brande  mission  Gaganyaan [/TRIPLE] [TRIPLE] Luc_Van_den_Brande  nationality  Turkey [/TRIPLE] [TRIPLE] Luc_Van_den_Brande  birthDate  1703-05-27 [/TRIPLE],4,3,1,3,mission,Luc_Van_den_Brande mission Gaganyaan,1116,nationality birthDate mission,ordering
counterfactual,results/ordering/counterfactual_ordering.json,1130,[TRIPLE] The_Fame  starring  Marc_Girardelli [/TRIPLE] [TRIPLE] The_Fame  writer  Amy_Johnson [/TRIPLE] [TRIPLE] The_Fame  editing  Petrarch [/TRIPLE],3,1,2,3,writer | editing,The_Fame writer Amy_Johnson || The_Fame editing Petrarch,1130,starring editor starring,ordering
counterfactual,results/ordering/counterfactual_ordering.json,1133,[TRIPLE] Charles_Maurras  birthDate  2009-06-01 [/TRIPLE] [TRIPLE] Charles_Maurras  residence  Kharkiv [/TRIPLE] [TRIPLE] Charles_Maurras  citizenship  Mexico [/TRIPLE] [TRIPLE] Charles_Maurras  nationality  Seattleites [/TRIPLE],4,3,1,3,citizenship,Charles_Maurras citizenship Mexico,1133,birthDate nationality residence,ordering
counterfactual,results/ordering/counterfactual_ordering.json,1136,"[TRIPLE] Gang_of_Four  writer  Sandro_Pertini [/TRIPLE] [TRIPLE] Sandro_Pertini  birthDate  ""1923-11-18"" [/TRIPLE]",2,1,1,2,writer,Gang_of_Four writer Sandro_Pertini,1136,birthDate author,ordering
counterfactual,results/ordering/counterfactual_ordering.json,1142,[TRIPLE] Ariège  followedBy  Best_Of_Modern_Talking [/TRIPLE] [TRIPLE] Ariège  producer  Betty_Boop [/TRIPLE] [TRIPLE] Best_Of_Modern_Talking  followedBy  Opposite_of_Adults [/TRIPLE] [TRIPLE] Best_Of_Modern_Talking  producer  winter [/TRIPLE],4,3,1,4,producer,Best_Of_Modern_Talking producer winter,1142,followedBy followedBy producer creator,ordering
counterfactual,results/ordering/counterfactual_ordering.json,1145,"[TRIPLE] Maquela_Airport  operatingOrganisation  ZEMAG [/TRIPLE] [TRIPLE] Maquela_Airport  runwayLength  11.5 [/TRIPLE] [TRIPLE] Maquela_Airport  cityServed  Lyngåsbanen [/TRIPLE] [TRIPLE] Maquela_Airport  location  Ballyhornan [/TRIPLE] [TRIPLE] Maquela_Airport  icaoLocationIdentifier  Ngukurr_Airport [/TRIPLE] [TRIPLE] Maquela_Airport  runwayName  ""08/26"" [/TRIPLE]",6,5,1,6,icaoLocationIdentifier,Maquela_Airport icaoLocationIdentifier Ngukurr_Airport,1145,location operatingOrganisation cityServed ICAOLocationIdentifier runwayName runwayLength,ordering
counterfactual,results/ordering/counterfactual_ordering.json,1147,[TRIPLE] Mermaid_(Train_song)  writer  Moi_dix_Mois [/TRIPLE],1,0,1,1,writer,Mermaid_(Train_song) writer Moi_dix_Mois,1147,author,ordering
counterfactual,results/ordering/counterfactual_ordering.json,1150,[TRIPLE] Becker_College  campus  non_performing_personnel [/TRIPLE] [TRIPLE] Becker_College  affiliation  University_of_Mumbai [/TRIPLE] [TRIPLE] Becker_College  city  knowledge_cluster [/TRIPLE] [TRIPLE] Becker_College  president  Steve_Bright [/TRIPLE],4,3,1,3,city,Becker_College city knowledge_cluster,1150,campus president affiliation,ordering
counterfactual,results/ordering/counterfactual_ordering.json,1153,"[TRIPLE] ¿¡Revolución!?  imdbId  1147.0 [/TRIPLE] [TRIPLE] ¿¡Revolución!?  starring  Elizabeth_II [/TRIPLE] [TRIPLE] ¿¡Revolución!?  writer  Elizabeth_II [/TRIPLE] [TRIPLE] ¿¡Revolución!?  producer  ""Ruth_Ribicoff"" [/TRIPLE]",4,2,2,3,writer | producer,"¿¡Revolución!? writer Elizabeth_II || ¿¡Revolución!? producer ""Ruth_Ribicoff""",1153,starring creator imdbId,ordering
counterfactual,results/ordering/counterfactual_ordering.json,1160,[TRIPLE] János_Bolyai  professionalField  anthropology [/TRIPLE] [TRIPLE] János_Bolyai  professionalField  bionics [/TRIPLE],2,1,1,2,professionalField,János_Bolyai professionalField bionics,1160,anthropology professionalField,ordering
counterfactual,results/ordering/counterfactual_ordering.json,1161,[TRIPLE] Auch  starring  Francis_Gillot [/TRIPLE] [TRIPLE] Auch  cinematography  Hans_Mulder [/TRIPLE] [TRIPLE] Auch  runtime  27400 [/TRIPLE] [TRIPLE] Auch  gross  1.3 [/TRIPLE] [TRIPLE] Auch  director  Montesquieu [/TRIPLE] [TRIPLE] Auch  musicComposer  Ino_Kolbe [/TRIPLE],6,5,1,5,cinematography,Auch cinematography Hans_Mulder,1161,starring director musicComposer runtime gross,ordering
counterfactual,results/ordering/counterfactual_ordering.json,1172,"[TRIPLE] Aatto_Pietikäinen  training  School_of_Applied_Arts_in_Stuttgart [/TRIPLE] [TRIPLE] Aatto_Pietikäinen  deathDate  1776-02-18 [/TRIPLE] [TRIPLE] Aatto_Pietikäinen  birthDate  ""1983-10-03"" [/TRIPLE]",3,2,1,2,training,Aatto_Pietikäinen training School_of_Applied_Arts_in_Stuttgart,1172,birthDate deathDate,ordering
counterfactual,results/ordering/counterfactual_ordering.json,1174,"[TRIPLE] Lindsey_Vonn  birthDate  ""30_March_2007"" [/TRIPLE] [TRIPLE] Lindsey_Vonn  citizenship  ""United_States"" [/TRIPLE] [TRIPLE] Lindsey_Vonn  birthPlace  ""United_States"" [/TRIPLE] [TRIPLE] Lindsey_Vonn  nationality  Greenlanders [/TRIPLE] [TRIPLE] Lindsey_Vonn  residence  ""United_States"" [/TRIPLE] [TRIPLE] Lindsey_Vonn  award  ""Dr._G._P._Prabhukumar"" [/TRIPLE] [TRIPLE] Lindsey_Vonn  residence  Narlıkuyu [/TRIPLE]",7,6,1,6,citizenship,"Lindsey_Vonn citizenship ""United_States""",1174,nationality birthPlace birthDate residence residence award,ordering
counterfactual,results/ordering/counterfactual_ordering.json,1185,[TRIPLE] Mermaid_(Train_song)  musicalBand  chaise [/TRIPLE] [TRIPLE] Mermaid_(Train_song)  writer  Felix_Baumgartner [/TRIPLE] [TRIPLE] Mermaid_(Train_song)  runtime  11.5 [/TRIPLE] [TRIPLE] Mermaid_(Train_song)  genre  Cuban_rumba [/TRIPLE] [TRIPLE] Mermaid_(Train_song)  writer  Nokturnal_Mortum [/TRIPLE] [TRIPLE] Mermaid_(Train_song)  followedBy  BBC_Film [/TRIPLE] [TRIPLE] Mermaid_(Train_song)  producer  Espionage_(production_team) [/TRIPLE],7,4,3,6,writer | writer | producer,Mermaid_(Train_song) writer Felix_Baumgartner || Mermaid_(Train_song) writer Nokturnal_Mortum || Mermaid_(Train_song) producer Espionage_(production_team),1185,genre musicalBand runtime followedBy author publisher,ordering
counterfactual,results/ordering/counterfactual_ordering.json,1186,[TRIPLE] Sofia_Airport  operatingOrganisation  Airports_Authority_of_India [/TRIPLE] [TRIPLE] Sofia_Airport  location  Calzada_de_Valdunciel [/TRIPLE] [TRIPLE] Sofia_Airport  runwayLength  230.05 [/TRIPLE] [TRIPLE] Airports_Authority_of_India  city  Aulesti [/TRIPLE] [TRIPLE] Sofia_Airport  elevationAboveTheSeaLevel  17000 [/TRIPLE],5,4,1,4,city,Airports_Authority_of_India city Aulesti,1186,location operatingOrganisation elevationAboveTheSeaLevel runwayLength,ordering
counterfactual,results/ordering/counterfactual_ordering.json,1195,[TRIPLE] Bruce_Willis  deathDate  1954-07-29 [/TRIPLE] [TRIPLE] Bruce_Willis  professionalField  demography [/TRIPLE] [TRIPLE] Bruce_Willis  professionalField  forensic_anthropology [/TRIPLE],3,1,2,3,professionalField | professionalField,Bruce_Willis professionalField demography || Bruce_Willis professionalField forensic_anthropology,1195,deathDate professionField demography,ordering
counterfactual,results/ordering/counterfactual_ordering.json,1200,"[TRIPLE] Bangabasi_Morning_College  campus  ""''Alvinegro"" [/TRIPLE] [TRIPLE] Pontifical_Mission_Societies  location  Kolkata [/TRIPLE] [TRIPLE] Bangabasi_Morning_College  director  Stacy_Katzman [/TRIPLE] [TRIPLE] PICOM_retail_business_cluster  founder  Mathieu_Debuchy [/TRIPLE] [TRIPLE] Bangabasi_Morning_College  city  PICOM_retail_business_cluster [/TRIPLE] [TRIPLE] Bangabasi_Morning_College  country  El_Salvador [/TRIPLE] [TRIPLE] Bangabasi_Morning_College  wasGivenTheTechnicalCampusStatusBy  Pontifical_Mission_Societies [/TRIPLE]",7,5,2,5,location | city,Pontifical_Mission_Societies location Kolkata || Bangabasi_Morning_College city PICOM_retail_business_cluster,1200,campus country wasGivenTheTechnicalCampusStatusBy director founder,ordering
counterfactual,results/ordering/counterfactual_ordering.json,1205,"[TRIPLE] Warren_Weir  birthPlace  Sutton_Athletic_F.C. [/TRIPLE] [TRIPLE] Warren_Weir  professionalField  Russkii_gidrobiologicheskii_zhurnal [/TRIPLE] [TRIPLE] Warren_Weir  birthPlace  Emirate_of_Granada [/TRIPLE] [TRIPLE] Warren_Weir  birthDate  ""30_March_2007"" [/TRIPLE] [TRIPLE] Warren_Weir  deathDate  2009-06-01 [/TRIPLE]",5,3,2,3,professionalField | birthPlace,Warren_Weir professionalField Russkii_gidrobiologicheskii_zhurnal || Warren_Weir birthPlace Emirate_of_Granada,1205,birthPlace birthDate deathDate,ordering
counterfactual,results/ordering/counterfactual_ordering.json,1211,[TRIPLE] Boryspil_International_Airport  operatingOrganisation  Department_of_Air_Space_Control [/TRIPLE] [TRIPLE] Boryspil_International_Airport  location  Bercianos_del_Real_Camino [/TRIPLE] [TRIPLE] Department_of_Air_Space_Control  city  Benifato [/TRIPLE] [TRIPLE] Boryspil_International_Airport  runwayLength  98.0 [/TRIPLE] [TRIPLE] Bercianos_del_Real_Camino  country  United_States [/TRIPLE],5,4,1,4,city,Department_of_Air_Space_Control city Benifato,1211,location country operatingOrganisation runwayLength,ordering
counterfactual,results/ordering/counterfactual_ordering.json,1213,[TRIPLE] Brigitte_Fontaine  foundingDate  1929-06-11 [/TRIPLE] [TRIPLE] Brigitte_Fontaine  industry  iron-based_superconductor [/TRIPLE] [TRIPLE] Brigitte_Fontaine  location  falchion [/TRIPLE] [TRIPLE] falchion  isPartOf  Leinster [/TRIPLE],4,3,1,3,industry,Brigitte_Fontaine industry iron-based_superconductor,1213,foundingDate location isPartOf,ordering
counterfactual,results/ordering/counterfactual_ordering.json,1222,[TRIPLE] Taichang_Emperor  professionalField  Einstein–Cartan–Evans_theory [/TRIPLE] [TRIPLE] Taichang_Emperor  doctoralAdvisor  The_chemical_basis_of_morphogenesis [/TRIPLE] [TRIPLE] Taichang_Emperor  birthPlace  England [/TRIPLE] [TRIPLE] Taichang_Emperor  almaMater  University_of_Cambridge [/TRIPLE],4,3,1,4,professionalField,Taichang_Emperor professionalField Einstein–Cartan–Evans_theory,1222,birthPlace almaMater doctoralAdvisor profession,ordering
counterfactual,results/ordering/counterfactual_ordering.json,1224,[TRIPLE] Ghost  writer  Robert_Grabarz [/TRIPLE] [TRIPLE] Ghost  runtime  2691.0 [/TRIPLE],2,1,1,2,writer,Ghost writer Robert_Grabarz,1224,author runtime,ordering
counterfactual,results/ordering/counterfactual_ordering.json,1230,"[TRIPLE] Ferdinand_Magellan  deathPlace  Leningrad_USSR [/TRIPLE] [TRIPLE] Ferdinand_Magellan  birthDate  ""1923-11-18"" [/TRIPLE] [TRIPLE] Ferdinand_Magellan  knownFor  Gauss's_test [/TRIPLE] [TRIPLE] Ferdinand_Magellan  birthName  Johanna_Braddy [/TRIPLE] [TRIPLE] Ferdinand_Magellan  almaMater  National_Autonomous_University_of_Nicaragua [/TRIPLE] [TRIPLE] Ferdinand_Magellan  deathDate  1776-02-18 [/TRIPLE]",6,5,1,5,knownFor,Ferdinand_Magellan knownFor Gauss's_test,1230,birthName birthDate almaMater deathPlace deathDate,ordering
counterfactual,results/ordering/counterfactual_ordering.json,1231,"[TRIPLE] Baptist_College_of_Florida  campus  ""Ruth_Ribicoff"" [/TRIPLE] [TRIPLE] Hermetic_Brotherhood_of_Luxor  location  Kolkata [/TRIPLE] [TRIPLE] Baptist_College_of_Florida  director  Stacy_Katzman [/TRIPLE] [TRIPLE] Saarland_Informatics_Campus  founder  Aëtius_of_Antioch [/TRIPLE] [TRIPLE] Baptist_College_of_Florida  sportsOffered  floorball [/TRIPLE] [TRIPLE] Baptist_College_of_Florida  city  Saarland_Informatics_Campus [/TRIPLE] [TRIPLE] Baptist_College_of_Florida  wasGivenTheTechnicalCampusStatusBy  Hermetic_Brotherhood_of_Luxor [/TRIPLE]",7,6,1,6,city,Baptist_College_of_Florida city Saarland_Informatics_Campus,1231,campus director wasGivenTheTechnicalCampusStatusBy location founder sportsOffered,ordering
counterfactual,results/ordering/counterfactual_ordering.json,1241,[TRIPLE] Ramesses_V  citizenship  Turkey [/TRIPLE] [TRIPLE] Ramesses_V  birthDate  1776-02-18 [/TRIPLE] [TRIPLE] Ramesses_V  professionalField  Mathematical_optimization [/TRIPLE],3,1,2,3,citizenship | professionalField,Ramesses_V citizenship Turkey || Ramesses_V professionalField Mathematical_optimization,1241,birthDate nationality professionField,ordering
counterfactual,results/ordering/counterfactual_ordering.json,1244,[TRIPLE] Mermaid_(Train_song)  releaseDate  2006-09-06 [/TRIPLE] [TRIPLE] Mermaid_(Train_song)  precededBy  Southern_sludge [/TRIPLE] [TRIPLE] Mermaid_(Train_song)  writer  Francisco_Antonio_Pinto [/TRIPLE] [TRIPLE] Mermaid_(Train_song)  runtime  387.63 [/TRIPLE] [TRIPLE] Mermaid_(Train_song)  writer  35007 [/TRIPLE] [TRIPLE] Mermaid_(Train_song)  followedBy  Gorky_Film_Studio [/TRIPLE],6,3,3,5,writer | runtime | writer,Mermaid_(Train_song) writer Francisco_Antonio_Pinto || Mermaid_(Train_song) runtime 387.63 || Mermaid_(Train_song) writer 35007,1244,precededBy author followedBy releaseDate timeruntime,ordering
counterfactual,results/ordering/counterfactual_ordering.json,1250,"[TRIPLE] Rear_Window  runtime  0004319 [/TRIPLE] [TRIPLE] Rear_Window  musicComposer  Józef_Piłsudski [/TRIPLE] [TRIPLE] Rear_Window  releaseDate  ""1983-10-03"" [/TRIPLE] [TRIPLE] Rear_Window  director  Yuliya_Garayeva [/TRIPLE] [TRIPLE] Rear_Window  editing  Marcus_Mumford [/TRIPLE]",5,4,1,5,editing,Rear_Window editing Marcus_Mumford,1250,director editor musicComposer runtime releaseDate,ordering
counterfactual,results/ordering/counterfactual_ordering.json,1251,[TRIPLE] Herlaug_Grjotgardsson  spouse  Amund_Bjørklund [/TRIPLE] [TRIPLE] Herlaug_Grjotgardsson  birthPlace  Mexico [/TRIPLE] [TRIPLE] Herlaug_Grjotgardsson  office  office_held_by_head_of_the_organization [/TRIPLE] [TRIPLE] Mexico  ethnicGroup  Iranian_Arabs [/TRIPLE],4,3,1,4,office,Herlaug_Grjotgardsson office office_held_by_head_of_the_organization,1251,birthPlace ethnicGroup office_held_by_head_of_the_organization spouse,ordering
counterfactual,results/ordering/counterfactual_ordering.json,1254,[TRIPLE] IBM  service  Downtown_North_Bay_and_Waterfront [/TRIPLE] [TRIPLE] IBM  numberOfLocations  1294 [/TRIPLE] [TRIPLE] IBM  foundingDate  1944-07-28 [/TRIPLE] [TRIPLE] IBM  netIncome  610.0 [/TRIPLE],4,3,1,3,netIncome,IBM netIncome 610.0,1254,foundingDate numberOfLocations service,ordering
counterfactual,results/ordering/counterfactual_ordering.json,1256,[TRIPLE] Csaba_Köves  birthPlace  Urartu [/TRIPLE] [TRIPLE] Csaba_Köves  training  School_of_Applied_Arts_in_Stuttgart [/TRIPLE] [TRIPLE] Csaba_Köves  deathPlace  Coswig [/TRIPLE],3,2,1,2,training,Csaba_Köves training School_of_Applied_Arts_in_Stuttgart,1256,birthPlace deathPlace,ordering
counterfactual,results/ordering/counterfactual_ordering.json,1258,[TRIPLE] Have_No_Fear:_The_Life_of_Pope_John_Paul_II  producer  Muhyiddin_of_Brunei [/TRIPLE],1,0,1,1,producer,Have_No_Fear:_The_Life_of_Pope_John_Paul_II producer Muhyiddin_of_Brunei,1258,publisher,ordering
counterfactual,results/ordering/counterfactual_ordering.json,1260,[TRIPLE] Mitsubishi_Electric  location  Turkey [/TRIPLE] [TRIPLE] Mitsubishi_Electric  product  Protirelin [/TRIPLE] [TRIPLE] Mitsubishi_Electric  industry  Pharmaceuticals [/TRIPLE] [TRIPLE] Mitsubishi_Electric  keyPerson  development_director [/TRIPLE] [TRIPLE] Mitsubishi_Electric  type  S.A._(corporation) [/TRIPLE],5,3,2,4,industry | type,Mitsubishi_Electric industry Pharmaceuticals || Mitsubishi_Electric type S.A._(corporation),1260,location keyPerson product manufacturer,ordering
counterfactual,results/ordering/counterfactual_ordering.json,1265,[TRIPLE] Arcandor  numberOfLocations  1007 [/TRIPLE] [TRIPLE] Arcandor  type  public_association [/TRIPLE] [TRIPLE] Arcandor  location  United_States [/TRIPLE],3,2,1,2,type,Arcandor type public_association,1265,location numberOfLocations,ordering
counterfactual,results/ordering/counterfactual_ordering.json,1276,[TRIPLE] Yann_M'Vila  influencedBy  Oscar_Luigi_Scalfaro [/TRIPLE] [TRIPLE] Yann_M'Vila  citizenship  People's_Republic_of_China [/TRIPLE] [TRIPLE] Yann_M'Vila  birthDate  1942-01-01 [/TRIPLE] [TRIPLE] Yann_M'Vila  professionalField  Mathematical_optimization [/TRIPLE],4,2,2,4,citizenship | professionalField,Yann_M'Vila citizenship People's_Republic_of_China || Yann_M'Vila professionalField Mathematical_optimization,1276,birthDate nationality influencedBy occupation,ordering
counterfactual,results/ordering/counterfactual_ordering.json,1277,[TRIPLE] Mermaid_(Train_song)  writer  Adam_Muraszko [/TRIPLE],1,0,1,1,writer,Mermaid_(Train_song) writer Adam_Muraszko,1277,author,ordering
counterfactual,results/ordering/counterfactual_ordering.json,1285,[TRIPLE] Married_to_the_Mob  director  Grace_Kelly [/TRIPLE] [TRIPLE] Married_to_the_Mob  director  Cesare_Pavese [/TRIPLE] [TRIPLE] Married_to_the_Mob  starring  Cesare_Pavese [/TRIPLE],3,2,1,2,director,Married_to_the_Mob director Cesare_Pavese,1285,director starring,ordering
counterfactual,results/ordering/counterfactual_ordering.json,1287,[TRIPLE] Delta_Lloyd_Group  foundingDate  1991-12-09 [/TRIPLE] [TRIPLE] Delta_Lloyd_Group  product  Ark [/TRIPLE] [TRIPLE] Delta_Lloyd_Group  industry  neurosurgery [/TRIPLE] [TRIPLE] Delta_Lloyd_Group  keyPerson  Sachin_Tendulkar [/TRIPLE] [TRIPLE] Delta_Lloyd_Group  location  Loggia_dei_Cavalieri [/TRIPLE] [TRIPLE] Delta_Lloyd_Group  location  Israel [/TRIPLE] [TRIPLE] Delta_Lloyd_Group  industry  ferreting [/TRIPLE],7,6,1,6,industry,Delta_Lloyd_Group industry ferreting,1287,location location foundingDate keyPerson product industry,ordering
counterfactual,results/ordering/counterfactual_ordering.json,1293,[TRIPLE] Madonna  birthDate  1954-07-29 [/TRIPLE] [TRIPLE] Madonna  professionalField  pediatrics [/TRIPLE] [TRIPLE] Madonna  professionalField  demography [/TRIPLE],3,1,2,3,professionalField | professionalField,Madonna professionalField pediatrics || Madonna professionalField demography,1293,birthDate professionField demography,ordering
counterfactual,results/ordering/counterfactual_ordering.json,1296,[TRIPLE] Ramires  type  City [/TRIPLE] [TRIPLE] Ramires  governmentType  asymmetric_federalism [/TRIPLE] [TRIPLE] Ramires  utcOffset  −6 [/TRIPLE] [TRIPLE] Ramires  leaderTitle  Blaise_Matuidi [/TRIPLE] [TRIPLE] Ramires  isPartOf  Jalisco [/TRIPLE],5,4,1,5,type,Ramires type City,1296,leaderTitle isPartOf city governmentType utcOffset,ordering
counterfactual,results/ordering/counterfactual_ordering.json,1297,[TRIPLE] São_Romão  type  City [/TRIPLE] [TRIPLE] São_Romão  populationDensity  0927 [/TRIPLE] [TRIPLE] São_Romão  utcOffset  −6 [/TRIPLE] [TRIPLE] São_Romão  leaderTitle  Michela_Figini [/TRIPLE],4,3,1,4,type,São_Romão type City,1297,leaderTitle location populationDensity utcOffset,ordering
counterfactual,results/ordering/counterfactual_ordering.json,1301,[TRIPLE] Hedi_Slimane  residence  Shuozhou [/TRIPLE] [TRIPLE] Philippines  capital  Lilongwe [/TRIPLE] [TRIPLE] Hedi_Slimane  residence  Philippines [/TRIPLE] [TRIPLE] Hedi_Slimane  nationality  Slovenes [/TRIPLE] [TRIPLE] Slovenes  religion  socialist_transformation_of_ownership [/TRIPLE],5,4,1,4,residence,Hedi_Slimane residence Philippines,1301,nationality religion residence capital,ordering
counterfactual,results/ordering/counterfactual_ordering.json,1305,[TRIPLE] Dortmund_Schultenhof  architect  Gordian_II [/TRIPLE] [TRIPLE] Dortmund_Schultenhof  address  20_Fenchurch_Street [/TRIPLE] [TRIPLE] Dortmund_Schultenhof  buildingStartDate  1994-06-14 [/TRIPLE] [TRIPLE] Dortmund_Schultenhof  currentTenants  ESDEN_Business_School [/TRIPLE] [TRIPLE] Dortmund_Schultenhof  location  New_Hampshire [/TRIPLE] [TRIPLE] Dortmund_Schultenhof  tenant  ESDEN_Business_School [/TRIPLE] [TRIPLE] Dortmund_Schultenhof  owner  Iowa_State_University [/TRIPLE],7,6,1,6,tenant,Dortmund_Schultenhof tenant ESDEN_Business_School,1305,owner buildingStartDate address location currentTenants architect,ordering
counterfactual,results/ordering/counterfactual_ordering.json,1312,[TRIPLE] Fabryka_Samochodów_Rolniczych  industry  Latino_studies [/TRIPLE] [TRIPLE] Fabryka_Samochodów_Rolniczych  keyPerson  Sat-Okh [/TRIPLE] [TRIPLE] Fabryka_Samochodów_Rolniczych  industry  reading_education [/TRIPLE] [TRIPLE] Fabryka_Samochodów_Rolniczych  type  Zürcher_Frauenverein_für_alkoholfreie_Wirtschaften [/TRIPLE],4,1,3,3,industry | industry | type,Fabryka_Samochodów_Rolniczych industry Latino_studies || Fabryka_Samochodów_Rolniczych industry reading_education || Fabryka_Samochodów_Rolniczych type Zürcher_Frauenverein_für_alkoholfreie_Wirtschaften,1312,keyPerson genre genre,ordering
counterfactual,results/ordering/counterfactual_ordering.json,1320,[TRIPLE] SV_Werder_Bremen  ground  Degtyarsk [/TRIPLE] [TRIPLE] Sergei_Nikolayevich_Tereschenko  currentclub  Crown_Alexandra_F.C. [/TRIPLE] [TRIPLE] Sergei_Nikolayevich_Tereschenko  club  SV_Werder_Bremen [/TRIPLE] [TRIPLE] Sergei_Nikolayevich_Tereschenko  birthDate  1908-05-02 [/TRIPLE] [TRIPLE] Sergei_Nikolayevich_Tereschenko  youthclub  Sittingbourne_Community_F.C. [/TRIPLE],5,4,1,5,ground,SV_Werder_Bremen ground Degtyarsk,1320,birthDate youthclub club club currentclub,ordering
counterfactual,results/ordering/counterfactual_ordering.json,1325,[TRIPLE] Grunts  runtime  1147.0 [/TRIPLE] [TRIPLE] Grunts  editing  Félix_Sánchez [/TRIPLE] [TRIPLE] Grunts  producer  Graham_Hill [/TRIPLE] [TRIPLE] Grunts  writer  Graham_Hill [/TRIPLE] [TRIPLE] Grunts  cinematography  Ton_Sijbrands [/TRIPLE],5,3,2,5,editing | writer,Grunts editing Félix_Sánchez || Grunts writer Graham_Hill,1325,director editor producer runtime cinematography,ordering
counterfactual,results/ordering/counterfactual_ordering.json,1328,[TRIPLE] Jenix  producer  Aatto_Pietikäinen [/TRIPLE] [TRIPLE] Jenix  genre  American_primitive_guitar [/TRIPLE] [TRIPLE] Jenix  artist  Aatto_Pietikäinen [/TRIPLE],3,1,2,2,producer | artist,Jenix producer Aatto_Pietikäinen || Jenix artist Aatto_Pietikäinen,1328,genre creator,ordering
counterfactual,results/ordering/counterfactual_ordering.json,1332,[TRIPLE] Mudgee  type  City [/TRIPLE] [TRIPLE] Mudgee  populationDensity  1293057000 [/TRIPLE] [TRIPLE] Mudgee  governmentType  federal_monarchy [/TRIPLE],3,2,1,3,type,Mudgee type City,1332,governmentType city populationDensity,ordering
counterfactual,results/ordering/counterfactual_ordering.json,1334,[TRIPLE] Forgotten_Rebels  producer  Charlie_Chaplin [/TRIPLE] [TRIPLE] Forgotten_Rebels  runtime  2900 [/TRIPLE] [TRIPLE] Forgotten_Rebels  artist  Charlie_Chaplin [/TRIPLE] [TRIPLE] Forgotten_Rebels  precededBy  Moving_Violation [/TRIPLE],4,1,3,3,producer | runtime | artist,Forgotten_Rebels producer Charlie_Chaplin || Forgotten_Rebels runtime 2900 || Forgotten_Rebels artist Charlie_Chaplin,1334,precededBy production time,ordering
counterfactual,results/ordering/counterfactual_ordering.json,1335,[TRIPLE] The_Housemaid  producer  Pius_XII [/TRIPLE] [TRIPLE] The_Housemaid  writer  Pius_XII [/TRIPLE] [TRIPLE] The_Housemaid  cinematography  Hector_Berlioz [/TRIPLE],3,1,2,3,producer | writer,The_Housemaid producer Pius_XII || The_Housemaid writer Pius_XII,1335,director cinematography creator,ordering
counterfactual,results/ordering/counterfactual_ordering.json,1339,[TRIPLE] Laurent_Koscielny  deathPlace  Mexico [/TRIPLE] [TRIPLE] Laurent_Koscielny  deathPlace  Cancun [/TRIPLE] [TRIPLE] Mexico  populationDensity  54.56 [/TRIPLE] [TRIPLE] Mexico  longName  Turkey [/TRIPLE] [TRIPLE] Laurent_Koscielny  nationality  Mexico [/TRIPLE],5,4,1,4,longName,Mexico longName Turkey,1339,nationality deathPlace deathPlace populationDensity,ordering
counterfactual,results/ordering/counterfactual_ordering.json,1349,[TRIPLE] John_F._Kennedy  professionalField  Dyson_tree [/TRIPLE] [TRIPLE] John_F._Kennedy  knownFor  Carter_constant [/TRIPLE] [TRIPLE] John_F._Kennedy  knownFor  Cook–Levin_theorem [/TRIPLE] [TRIPLE] John_F._Kennedy  doctoralAdvisor  The_Unreasonable_Effectiveness_of_Mathematics_in_the_Natural_Sciences [/TRIPLE] [TRIPLE] John_F._Kennedy  birthPlace  England [/TRIPLE],5,3,2,5,professionalField | knownFor,John_F._Kennedy professionalField Dyson_tree || John_F._Kennedy knownFor Cook–Levin_theorem,1349,birthPlace doctoralAdvisor academicDiscipline knownFor academicDiscipline,ordering
counterfactual,results/ordering/counterfactual_ordering.json,1352,[TRIPLE] Martin_Johansson  birthDate  1929-06-11 [/TRIPLE] [TRIPLE] Martin_Johansson  residence  Haiphong [/TRIPLE] [TRIPLE] Martin_Johansson  citizenship  Brazil [/TRIPLE] [TRIPLE] Martin_Johansson  birthPlace  Brazil [/TRIPLE],4,3,1,3,citizenship,Martin_Johansson citizenship Brazil,1352,birthPlace birthDate residence,ordering
counterfactual,results/ordering/counterfactual_ordering.json,1355,[TRIPLE] Jürgen_Locadia  professionalField  veterinary_biology [/TRIPLE],1,0,1,1,professionalField,Jürgen_Locadia professionalField veterinary_biology,1355,professionField,ordering
counterfactual,results/ordering/counterfactual_ordering.json,1359,[TRIPLE] Deathdream  distributor  Kasander_Film [/TRIPLE] [TRIPLE] Toshiba  service  video_on_demand [/TRIPLE] [TRIPLE] Deathdream  distributor  Toshiba [/TRIPLE] [TRIPLE] Toshiba  service  traffic_guard [/TRIPLE],4,3,1,3,service,Toshiba service traffic_guard,1359,distributor distributor service,ordering
counterfactual,results/ordering/counterfactual_ordering.json,1361,[TRIPLE] Tomasz_Majewski  birthDate  2001-10-16 [/TRIPLE] [TRIPLE] Tomasz_Majewski  professionalField  Mathematical_optimization [/TRIPLE] [TRIPLE] Tomasz_Majewski  knownFor  Stochastic_programming [/TRIPLE] [TRIPLE] Tomasz_Majewski  almaMater  University_of_Tübingen [/TRIPLE],4,3,1,4,professionalField,Tomasz_Majewski professionalField Mathematical_optimization,1361,birthDate almaMater professionField knownFor,ordering
counterfactual,results/ordering/counterfactual_ordering.json,1364,[TRIPLE] The_Godfather  runtime  94.0 [/TRIPLE] [TRIPLE] The_Godfather  musicComposer  Hugo_Lloris [/TRIPLE] [TRIPLE] The_Godfather  releaseDate  1989-07-10 [/TRIPLE] [TRIPLE] The_Godfather  director  Indira_Gandhi [/TRIPLE] [TRIPLE] The_Godfather  editing  William_Kennedy [/TRIPLE] [TRIPLE] The_Godfather  producer  Hongwu_Emperor [/TRIPLE] [TRIPLE] The_Godfather  writer  Hongwu_Emperor [/TRIPLE],7,4,3,6,editing | producer | writer,The_Godfather editing William_Kennedy || The_Godfather producer Hongwu_Emperor || The_Godfather writer Hongwu_Emperor,1364,musicComposer releaseDate runtime director editor publisher,ordering
counterfactual,results/ordering/counterfactual_ordering.json,1372,[TRIPLE] Laura_Chiesa  foundingDate  1947-01-01 [/TRIPLE] [TRIPLE] Laura_Chiesa  location  Turkey [/TRIPLE] [TRIPLE] Laura_Chiesa  foundationPlace  para_ice_hockey [/TRIPLE] [TRIPLE] Laura_Chiesa  industry  color [/TRIPLE],4,3,1,3,industry,Laura_Chiesa industry color,1372,location foundationPlace foundingDate,ordering
counterfactual,results/ordering/counterfactual_ordering.json,1377,[TRIPLE] Elisa_vida_mía  runtime  1147.0 [/TRIPLE] [TRIPLE] Elisa_vida_mía  musicComposer  Huang_Zongxi [/TRIPLE] [TRIPLE] Elisa_vida_mía  releaseDate  2001-10-16 [/TRIPLE] [TRIPLE] Elisa_vida_mía  director  Sophie_Lamon [/TRIPLE] [TRIPLE] Elisa_vida_mía  editing  Erich_Honecker [/TRIPLE] [TRIPLE] Elisa_vida_mía  producer  Caroline_Lucas [/TRIPLE],6,4,2,5,editing | producer,Elisa_vida_mía editing Erich_Honecker || Elisa_vida_mía producer Caroline_Lucas,1377,musicComposer runtime releaseDate director editor,ordering
counterfactual,results/ordering/counterfactual_ordering.json,1378,[TRIPLE] Rio_Rita  musicComposer  Françoise_Sagan [/TRIPLE] [TRIPLE] Rio_Rita  editing  Grégory_Sertic [/TRIPLE] [TRIPLE] Rio_Rita  producer  Tara_Strong [/TRIPLE] [TRIPLE] Rio_Rita  writer  Tara_Strong [/TRIPLE] [TRIPLE] Rio_Rita  cinematography  Kofi_Annan [/TRIPLE],5,2,3,4,editing | producer | writer,Rio_Rita editing Grégory_Sertic || Rio_Rita producer Tara_Strong || Rio_Rita writer Tara_Strong,1378,musicComposer director editor cinematography,ordering
counterfactual,results/ordering/counterfactual_ordering.json,1382,[TRIPLE] Bordeaux_Montaigne_University  numberOfUndergraduateStudents  4349.0 [/TRIPLE] [TRIPLE] Bordeaux_Montaigne_University  staff  83.0 [/TRIPLE] [TRIPLE] Bordeaux_Montaigne_University  numberOfStudents  610.0 [/TRIPLE] [TRIPLE] Bordeaux_Montaigne_University  numberOfDoctoralStudents  1458 [/TRIPLE] [TRIPLE] Bordeaux_Montaigne_University  numberOfPostgraduateStudents  58.41 [/TRIPLE],5,4,1,4,staff,Bordeaux_Montaigne_University staff 83.0,1382,numberOfPostgraduateStudents numberOfUndergraduateStudents numberOfStudents numberOfDoctoralStudents,ordering
counterfactual,results/ordering/counterfactual_ordering.json,1387,[TRIPLE] Charles_K._Kao  deathPlace  Leningrad_USSR [/TRIPLE] [TRIPLE] Charles_K._Kao  birthDate  1991-12-09 [/TRIPLE] [TRIPLE] Charles_K._Kao  knownFor  fluctuation_theorem [/TRIPLE],3,2,1,2,knownFor,Charles_K._Kao knownFor fluctuation_theorem,1387,birthDate deathPlace,ordering
counterfactual,results/ordering/counterfactual_ordering.json,1388,"[TRIPLE] Curanilahue  meaning  ""Dr._G._P._Prabhukumar"" [/TRIPLE]",1,0,1,1,meaning,"Curanilahue meaning ""Dr._G._P._Prabhukumar""",1388,mean,ordering
counterfactual,results/ordering/counterfactual_ordering.json,1391,[TRIPLE] Sorbonne_Nouvelle-Paris_3  staff  12 [/TRIPLE] [TRIPLE] Sorbonne_Nouvelle-Paris_3  numberOfDoctoralStudents  1003 [/TRIPLE] [TRIPLE] Sorbonne_Nouvelle-Paris_3  campus  La_Flèche [/TRIPLE] [TRIPLE] Sorbonne_Nouvelle-Paris_3  city  La_Flèche [/TRIPLE],4,3,1,3,city,Sorbonne_Nouvelle-Paris_3 city La_Flèche,1391,campus numberOfDoctoralStudents staff,ordering
counterfactual,results/ordering/counterfactual_ordering.json,1394,[TRIPLE] Stevie_Wonder  citizenship  Spain [/TRIPLE] [TRIPLE] Spain  areaTotal  27400 [/TRIPLE] [TRIPLE] Stevie_Wonder  influencedBy  Fahid_Ben_Khalfallah [/TRIPLE] [TRIPLE] Stevie_Wonder  birthDate  1934-01-01 [/TRIPLE],4,3,1,4,citizenship,Stevie_Wonder citizenship Spain,1394,birthDate influencedBy country areaTotal,ordering
counterfactual,results/ordering/counterfactual_ordering.json,1399,[TRIPLE] Bauakademie  campus  Steve_Bright [/TRIPLE] [TRIPLE] Salzburg_Festival  location  Lima [/TRIPLE] [TRIPLE] Bauakademie  director  State_Award_for_Superior_Achievement [/TRIPLE] [TRIPLE] PICOM_retail_business_cluster  founder  Vsevolod_Solovyov [/TRIPLE] [TRIPLE] Bauakademie  city  PICOM_retail_business_cluster [/TRIPLE] [TRIPLE] Bauakademie  wasGivenTheTechnicalCampusStatusBy  Salzburg_Festival [/TRIPLE] [TRIPLE] Bauakademie  state  Madhya_Pradesh [/TRIPLE],7,6,1,6,city,Bauakademie city PICOM_retail_business_cluster,1399,campus state wasGivenTheTechnicalCampusStatusBy location director founder,ordering
counterfactual,results/ordering/counterfactual_ordering.json,1400,"[TRIPLE] Daniele_Luppi  birthDate  1954-07-29 [/TRIPLE] [TRIPLE] Daniele_Luppi  nationality  France [/TRIPLE] [TRIPLE] Daniele_Luppi  servedAsChiefOfTheAstronautOfficeIn  1852 [/TRIPLE] [TRIPLE] Daniele_Luppi  deathPlace  New_Hampshire [/TRIPLE] [TRIPLE] Daniele_Luppi  birthPlace  Virginia [/TRIPLE] [TRIPLE] Daniele_Luppi  almaMater  Superior_Air_War_School [/TRIPLE] [TRIPLE] Daniele_Luppi  status  ""Deceased"" [/TRIPLE]",7,6,1,6,status,"Daniele_Luppi status ""Deceased""",1400,birthPlace birthDate nationality almaMater servedAsChiefOfTheAstronautOfficeIn deathPlace,ordering
counterfactual,results/ordering/counterfactual_ordering.json,1401,[TRIPLE] Octopus  artist  The_Lumineers [/TRIPLE] [TRIPLE] Octopus  producer  The_Lumineers [/TRIPLE] [TRIPLE] Octopus  runtime  20378.5 [/TRIPLE] [TRIPLE] Octopus  genre  opera [/TRIPLE] [TRIPLE] Octopus  precededBy  Led_Zeppelin [/TRIPLE] [TRIPLE] Octopus  recordLabel  ave;new [/TRIPLE] [TRIPLE] Octopus  recordLabel  Federal_Records [/TRIPLE],7,4,3,4,artist | producer | runtime,Octopus artist The_Lumineers || Octopus producer The_Lumineers || Octopus runtime 20378.5,1401,genre precededBy recordLabel recordLabel,ordering
counterfactual,results/ordering/counterfactual_ordering.json,1412,"[TRIPLE] ¿¡Revolución!?  producer  Willoughby_Newton [/TRIPLE] [TRIPLE] Willoughby_Newton  birthDate  ""1923-11-18"" [/TRIPLE]",2,1,1,2,producer,¿¡Revolución!? producer Willoughby_Newton,1412,birthDate production,ordering
counterfactual,results/ordering/counterfactual_ordering.json,1426,[TRIPLE] Gone_with_the_Wind  editing  Stacy_Katzman [/TRIPLE] [TRIPLE] Gone_with_the_Wind  budget  204.0 [/TRIPLE] [TRIPLE] Gone_with_the_Wind  writer  Carl_Sagan [/TRIPLE] [TRIPLE] Gone_with_the_Wind  director  Carl_Sagan [/TRIPLE] [TRIPLE] Gone_with_the_Wind  runtime  2900 [/TRIPLE] [TRIPLE] Gone_with_the_Wind  gross  27400 [/TRIPLE],6,3,3,5,editing | writer | gross,Gone_with_the_Wind editing Stacy_Katzman || Gone_with_the_Wind writer Carl_Sagan || Gone_with_the_Wind gross 27400,1426,director editor cost budget runtime,ordering
counterfactual,results/ordering/counterfactual_ordering.json,1430,[TRIPLE] Mermaid_(Train_song)  followedBy  Film_Roman [/TRIPLE] [TRIPLE] Film_Roman  producer  C.K._Vineeth [/TRIPLE] [TRIPLE] Mermaid_(Train_song)  producer  Espionage_(production_team) [/TRIPLE],3,2,1,3,producer,Mermaid_(Train_song) producer Espionage_(production_team),1430,followedBy producer creator,ordering
counterfactual,results/ordering/counterfactual_ordering.json,1432,[TRIPLE] The_Academy_in_Peril  recordLabel  Zic_Zac_Music_Company_Sp._z_o.o. [/TRIPLE] [TRIPLE] Zic_Zac_Music_Company_Sp._z_o.o.  parentCompany  ZDF_Studios [/TRIPLE] [TRIPLE] The_Academy_in_Peril  artist  Anderson_Bruford_Wakeman_Howe [/TRIPLE] [TRIPLE] Anderson_Bruford_Wakeman_Howe  formerBandMember  Laura_Robson [/TRIPLE],4,3,1,3,artist,The_Academy_in_Peril artist Anderson_Bruford_Wakeman_Howe,1432,formerBandMember recordLabel parentCompany,ordering
counterfactual,results/ordering/counterfactual_ordering.json,1434,[TRIPLE] Ichiro_Suzuki  birthDate  2001-01-01 [/TRIPLE] [TRIPLE] Ichiro_Suzuki  residence  Ulsan [/TRIPLE] [TRIPLE] Ichiro_Suzuki  citizenship  United_States [/TRIPLE] [TRIPLE] Ichiro_Suzuki  birthPlace  United_States [/TRIPLE] [TRIPLE] Ichiro_Suzuki  nationality  Western_Australians [/TRIPLE] [TRIPLE] Ichiro_Suzuki  residence  United_States [/TRIPLE],6,4,2,4,citizenship | residence,Ichiro_Suzuki citizenship United_States || Ichiro_Suzuki residence United_States,1434,birthPlace birthDate nationality residence,ordering
counterfactual,results/ordering/counterfactual_ordering.json,1437,[TRIPLE] The_Housemaid  director  Diana_Romagnoli [/TRIPLE] [TRIPLE] The_Housemaid  director  Dag_Hammarskjöld [/TRIPLE] [TRIPLE] The_Housemaid  writer  Dag_Hammarskjöld [/TRIPLE] [TRIPLE] The_Housemaid  producer  This'll_Be_My_Year [/TRIPLE] [TRIPLE] The_Housemaid  distributor  The_Progressive_Motion_Picture_Company [/TRIPLE],5,3,2,5,writer | producer,The_Housemaid writer Dag_Hammarskjöld || The_Housemaid producer This'll_Be_My_Year,1437,distributor distributor director director author,ordering
counterfactual,results/ordering/counterfactual_ordering.json,1447,[TRIPLE] Zemlya_do_vostrebovaniya  starring  George_Washington [/TRIPLE] [TRIPLE] Zemlya_do_vostrebovaniya  writer  Maximinus_Thrax [/TRIPLE],2,1,1,2,writer,Zemlya_do_vostrebovaniya writer Maximinus_Thrax,1447,starring author,ordering
counterfactual,results/ordering/counterfactual_ordering.json,1451,[TRIPLE] Love_Metal_Archives_Vol._I  starring  Florent_Malouda [/TRIPLE] [TRIPLE] Love_Metal_Archives_Vol._I  cinematography  Alexander_Francis_Chamberlain [/TRIPLE] [TRIPLE] Love_Metal_Archives_Vol._I  runtime  89.0 [/TRIPLE] [TRIPLE] Love_Metal_Archives_Vol._I  gross  83.0 [/TRIPLE] [TRIPLE] Love_Metal_Archives_Vol._I  director  Vladimir_Vysotsky [/TRIPLE] [TRIPLE] Love_Metal_Archives_Vol._I  starring  Amy_Johnson [/TRIPLE],6,5,1,5,cinematography,Love_Metal_Archives_Vol._I cinematography Alexander_Francis_Chamberlain,1451,starring starring director runtime gross,ordering
counterfactual,results/ordering/counterfactual_ordering.json,1455,[TRIPLE] The_Futureheads  producer  Mikhail_Bulgakov [/TRIPLE] [TRIPLE] The_Futureheads  runtime  11.5 [/TRIPLE] [TRIPLE] The_Futureheads  artist  Mikhail_Bulgakov [/TRIPLE] [TRIPLE] The_Futureheads  type  soundtrack_album [/TRIPLE] [TRIPLE] The_Futureheads  precededBy  Stakk_Attakk [/TRIPLE] [TRIPLE] The_Futureheads  followedBy  LNG_ship_to_ship_transfer [/TRIPLE],6,2,4,5,producer | runtime | artist | type,The_Futureheads producer Mikhail_Bulgakov || The_Futureheads runtime 11.5 || The_Futureheads artist Mikhail_Bulgakov || The_Futureheads type soundtrack_album,1455,precededBy followedBy genre music length,ordering
counterfactual,results/ordering/counterfactual_ordering.json,1465,[TRIPLE] Johann_Jakob_Kaup  deathPlace  Leningrad_USSR [/TRIPLE] [TRIPLE] Johann_Jakob_Kaup  birthName  Andy_Lau [/TRIPLE] [TRIPLE] Johann_Jakob_Kaup  almaMater  University_of_Botswana [/TRIPLE] [TRIPLE] Johann_Jakob_Kaup  deathDate  1726-01-01 [/TRIPLE] [TRIPLE] Johann_Jakob_Kaup  professionalField  mythography [/TRIPLE],5,4,1,5,professionalField,Johann_Jakob_Kaup professionalField mythography,1465,birthName almaMater profession deathPlace deathDate,ordering
counterfactual,results/ordering/counterfactual_ordering.json,1471,[TRIPLE] Be_Like_Others  editing  Sadao_Abe [/TRIPLE] [TRIPLE] Be_Like_Others  producer  Liu_Shaoqi [/TRIPLE] [TRIPLE] Be_Like_Others  cinematography  Yegor_Kostryukhin [/TRIPLE],3,1,2,3,editing | producer,Be_Like_Others editing Sadao_Abe || Be_Like_Others producer Liu_Shaoqi,1471,production editor cinematography,ordering
counterfactual,results/ordering/counterfactual_ordering.json,1474,[TRIPLE] Constant_von_Wurzbach  influencedBy  Claire_Holt [/TRIPLE] [TRIPLE] Constant_von_Wurzbach  professionalField  Mathematical_optimization [/TRIPLE],2,1,1,2,professionalField,Constant_von_Wurzbach professionalField Mathematical_optimization,1474,influencedBy professionField,ordering
counterfactual,results/ordering/counterfactual_ordering.json,1480,[TRIPLE] Bangabasi_Morning_College  campus  The_Progressive_Motion_Picture_Company [/TRIPLE] [TRIPLE] Tajne_Wojskowe_Zakłady_Wydawnicze  location  Ho_Chi_Minh_City [/TRIPLE] [TRIPLE] Bangabasi_Morning_College  director  Virginia_DeMarce [/TRIPLE] [TRIPLE] Bangabasi_Morning_College  city  TEAM2_ecotechnology_cluster [/TRIPLE] [TRIPLE] Bangabasi_Morning_College  wasGivenTheTechnicalCampusStatusBy  Tajne_Wojskowe_Zakłady_Wydawnicze [/TRIPLE] [TRIPLE] Bangabasi_Morning_College  state  Andhra_Pradesh [/TRIPLE],6,5,1,5,location,Tajne_Wojskowe_Zakłady_Wydawnicze location Ho_Chi_Minh_City,1480,city state wasGivenTheTechnicalCampusStatusBy director campus,ordering
counterfactual,results/ordering/counterfactual_ordering.json,1503,[TRIPLE] University_of_Rennes_2_–_Upper_Brittany  numberOfUndergraduateStudents  418476000000.0 [/TRIPLE] [TRIPLE] University_of_Rennes_2_–_Upper_Brittany  staff  83.2104 [/TRIPLE] [TRIPLE] University_of_Rennes_2_–_Upper_Brittany  numberOfStudents  20378.5 [/TRIPLE] [TRIPLE] University_of_Rennes_2_–_Upper_Brittany  numberOfDoctoralStudents  1544 [/TRIPLE] [TRIPLE] University_of_Rennes_2_–_Upper_Brittany  campus  Veuvey-sur-Ouche [/TRIPLE] [TRIPLE] University_of_Rennes_2_–_Upper_Brittany  numberOfPostgraduateStudents  1777539 [/TRIPLE] [TRIPLE] University_of_Rennes_2_–_Upper_Brittany  country  Israel [/TRIPLE],7,5,2,5,staff | numberOfDoctoralStudents,University_of_Rennes_2_–_Upper_Brittany staff 83.2104 || University_of_Rennes_2_–_Upper_Brittany numberOfDoctoralStudents 1544,1503,campus country numberOfPostgraduateStudents numberOfUndergraduateStudents numberOfStudents,ordering
counterfactual,results/ordering/counterfactual_ordering.json,1514,[TRIPLE] Yammer_Inc.  location  Israel [/TRIPLE] [TRIPLE] Yammer_Inc.  type  S.A._(corporation) [/TRIPLE] [TRIPLE] Yammer_Inc.  subsidiary  Carlsberg_Group [/TRIPLE] [TRIPLE] Yammer_Inc.  netIncome  1249.6 [/TRIPLE] [TRIPLE] Yammer_Inc.  numberOfEmployees  +2 [/TRIPLE] [TRIPLE] Yammer_Inc.  location  Itamarati_de_Minas [/TRIPLE],6,5,1,5,type,Yammer_Inc. type S.A._(corporation),1514,location location numberOfEmployees subsidiary netIncome,ordering
counterfactual,results/ordering/counterfactual_ordering.json,1516,[TRIPLE] János_Bolyai  birthDate  1929-06-11 [/TRIPLE] [TRIPLE] János_Bolyai  nationality  People's_Republic_of_China [/TRIPLE] [TRIPLE] János_Bolyai  training  School_of_Applied_Arts_in_Stuttgart [/TRIPLE],3,2,1,2,training,János_Bolyai training School_of_Applied_Arts_in_Stuttgart,1516,nationality birthDate,ordering
counterfactual,results/ordering/counterfactual_ordering.json,1519,[TRIPLE] Björn_Otto  professionalField  Dyson_sphere [/TRIPLE] [TRIPLE] Björn_Otto  doctoralAdvisor  An_account_of_Nepenthes_in_New_Guinea [/TRIPLE] [TRIPLE] Björn_Otto  birthDate  1958-01-01 [/TRIPLE],3,2,1,3,professionalField,Björn_Otto professionalField Dyson_sphere,1519,birthDate doctoralAdvisor profession,ordering
counterfactual,results/ordering/counterfactual_ordering.json,1520,[TRIPLE] Rosetta  producer  Louis_Armstrong [/TRIPLE] [TRIPLE] Rosetta  runtime  58.41 [/TRIPLE] [TRIPLE] Rosetta  type  EP_album [/TRIPLE],3,2,1,3,producer,Rosetta producer Louis_Armstrong,1520,production type runtime,ordering
counterfactual,results/ordering/counterfactual_ordering.json,1526,"[TRIPLE] Portimão_Airport  operatingOrganisation  ZG_Raiffeisen [/TRIPLE] [TRIPLE] Portimão_Airport  icaoLocationIdentifier  Wagga_Wagga_Airport [/TRIPLE] [TRIPLE] Portimão_Airport  elevationAboveTheSeaLevel  94.0 [/TRIPLE] [TRIPLE] Portimão_Airport  runwayName  ""08/26"" [/TRIPLE] [TRIPLE] Portimão_Airport  runwaySurfaceType  pykrete [/TRIPLE]",5,4,1,4,icaoLocationIdentifier,Portimão_Airport icaoLocationIdentifier Wagga_Wagga_Airport,1526,operatingOrganisation elevationAboveTheSeaLevel runwayName runwaySurfaceType,ordering
counterfactual,results/ordering/counterfactual_ordering.json,1532,[TRIPLE] Pier_Paolo_Pasolini  operatingIncome  83.0 [/TRIPLE] [TRIPLE] Pier_Paolo_Pasolini  industry  paper [/TRIPLE] [TRIPLE] Pier_Paolo_Pasolini  revenue  2900 [/TRIPLE],3,2,1,2,industry,Pier_Paolo_Pasolini industry paper,1532,operatingIncome revenue,ordering
counterfactual,results/ordering/counterfactual_ordering.json,1537,"[TRIPLE] Dead_like_Me:_Life_After_Death  editing  ""B.M._Reddy"" [/TRIPLE] [TRIPLE] Dead_like_Me:_Life_After_Death  language  en [/TRIPLE] [TRIPLE] Dead_like_Me:_Life_After_Death  runtime  1777539 [/TRIPLE] [TRIPLE] Dead_like_Me:_Life_After_Death  distributor  Bavaria_Film [/TRIPLE] [TRIPLE] Dead_like_Me:_Life_After_Death  distributor  Constellation_Energy_(2022) [/TRIPLE]",5,4,1,5,editing,"Dead_like_Me:_Life_After_Death editing ""B.M._Reddy""",1537,language distributor distributor runtime editor,ordering
counterfactual,results/ordering/counterfactual_ordering.json,1540,[TRIPLE] Harbhajan_Singh  mission  Shenzhou_10 [/TRIPLE] [TRIPLE] Harbhajan_Singh  mission  Mercury-Atlas_8 [/TRIPLE] [TRIPLE] Harbhajan_Singh  birthDate  1958-01-01 [/TRIPLE] [TRIPLE] Harbhajan_Singh  birthPlace  Wu_County [/TRIPLE],4,3,1,3,mission,Harbhajan_Singh mission Mercury-Atlas_8,1540,birthPlace birthDate mission,ordering
counterfactual,results/ordering/counterfactual_ordering.json,1542,[TRIPLE] Neil_Young  influencedBy  Michela_Figini [/TRIPLE] [TRIPLE] Neil_Young  citizenship  Brazil [/TRIPLE] [TRIPLE] Neil_Young  birthDate  1908-05-02 [/TRIPLE] [TRIPLE] Neil_Young  professionalField  Mathematical_optimization [/TRIPLE] [TRIPLE] Neil_Young  knownFor  Stochastic_programming [/TRIPLE] [TRIPLE] Neil_Young  almaMater  University_of_Bonn [/TRIPLE],6,4,2,5,citizenship | professionalField,Neil_Young citizenship Brazil || Neil_Young professionalField Mathematical_optimization,1542,birthDate almaMater influencedBy occupation knownFor,ordering
counterfactual,results/ordering/counterfactual_ordering.json,1544,[TRIPLE] Ptolemy_IX_Lathyros  professionalField  Fock–Lorentz_symmetry [/TRIPLE] [TRIPLE] Ptolemy_IX_Lathyros  knownFor  Carter_constant [/TRIPLE] [TRIPLE] Ptolemy_IX_Lathyros  knownFor  Löwenheim–Skolem_theorem [/TRIPLE] [TRIPLE] Ptolemy_IX_Lathyros  doctoralAdvisor  An_account_of_Nepenthes_in_New_Guinea [/TRIPLE] [TRIPLE] Ptolemy_IX_Lathyros  birthPlace  England [/TRIPLE] [TRIPLE] Ptolemy_IX_Lathyros  birthDate  1726-01-01 [/TRIPLE],6,5,1,6,professionalField,Ptolemy_IX_Lathyros professionalField Fock–Lorentz_symmetry,1544,birthPlace birthDate doctoralAdvisor knownFor doctoralField knownFor,ordering
counterfactual,results/ordering/counterfactual_ordering.json,1549,[TRIPLE] Ballarat_Airfield  location  Parak [/TRIPLE] [TRIPLE] Ballarat_Airfield  icaoLocationIdentifier  Leongatha_Airport [/TRIPLE] [TRIPLE] Parak  postalCode  MK44 [/TRIPLE],3,2,1,3,icaoLocationIdentifier,Ballarat_Airfield icaoLocationIdentifier Leongatha_Airport,1549,postalCode location ICAOLocationIdentifier,ordering
counterfactual,results/ordering/counterfactual_ordering.json,1553,[TRIPLE] Blood_Monkey  director  Laura_Chiesa [/TRIPLE] [TRIPLE] Blood_Monkey  producer  Laura_Chiesa [/TRIPLE] [TRIPLE] Blood_Monkey  broadcastedBy  Harpo_Productions [/TRIPLE] [TRIPLE] Blood_Monkey  editor  Joachim_Löw [/TRIPLE],4,3,1,3,producer,Blood_Monkey producer Laura_Chiesa,1553,broadcastedBy director editor,ordering
counterfactual,results/ordering/counterfactual_ordering.json,1555,"[TRIPLE] Ems-Supérieur  releaseDate  ""1923-11-18"" [/TRIPLE] [TRIPLE] Ems-Supérieur  followedBy  Good_Apollo_I'm_Burning_Star_IV_Volume_One:_From_Fear_Through_the_Eyes_of_Madness [/TRIPLE] [TRIPLE] Ems-Supérieur  genre  Alpine_folk_music [/TRIPLE] [TRIPLE] Ems-Supérieur  producer  Bastille [/TRIPLE] [TRIPLE] Ems-Supérieur  artist  Bastille [/TRIPLE] [TRIPLE] Ems-Supérieur  recordLabel  MPL_Communications [/TRIPLE]",6,4,2,4,producer | artist,Ems-Supérieur producer Bastille || Ems-Supérieur artist Bastille,1555,genre followedBy recordLabel releaseDate,ordering
counterfactual,results/ordering/counterfactual_ordering.json,1558,[TRIPLE] Julius_Caesar  director  Jan_Vapaavuori [/TRIPLE] [TRIPLE] Julius_Caesar  producer  Jan_Vapaavuori [/TRIPLE] [TRIPLE] Julius_Caesar  broadcastedBy  Kasander_Film [/TRIPLE] [TRIPLE] Julius_Caesar  editor  Magdalena_Mroczkiewicz [/TRIPLE] [TRIPLE] Julius_Caesar  runtime  1095.0 [/TRIPLE],5,4,1,4,producer,Julius_Caesar producer Jan_Vapaavuori,1558,broadcastedBy runtime editor director,ordering
counterfactual,results/ordering/counterfactual_ordering.json,1559,"[TRIPLE] Fan_Zhen  deathDate  2006-09-06 [/TRIPLE] [TRIPLE] Fan_Zhen  nationality  Turkey [/TRIPLE] [TRIPLE] Fan_Zhen  training  School_of_Applied_Arts_in_Stuttgart [/TRIPLE] [TRIPLE] Fan_Zhen  birthDate  ""1923-11-18"" [/TRIPLE] [TRIPLE] Fan_Zhen  professionalField  video_journalist [/TRIPLE]",5,3,2,3,training | professionalField,Fan_Zhen training School_of_Applied_Arts_in_Stuttgart || Fan_Zhen professionalField video_journalist,1559,nationality birthDate deathDate,ordering
counterfactual,results/ordering/counterfactual_ordering.json,1562,[TRIPLE] Christian_Wulff  birthDate  1958-01-01 [/TRIPLE] [TRIPLE] Christian_Wulff  residence  Jinzhong [/TRIPLE] [TRIPLE] Christian_Wulff  citizenship  Israel [/TRIPLE] [TRIPLE] Christian_Wulff  birthPlace  Israel [/TRIPLE] [TRIPLE] Christian_Wulff  nationality  Tongans [/TRIPLE],5,4,1,4,citizenship,Christian_Wulff citizenship Israel,1562,birthPlace birthDate nationality residence,ordering
counterfactual,results/ordering/counterfactual_ordering.json,1564,[TRIPLE] Helmut_Kohl  birthPlace  Hednesford_Town_F.C. [/TRIPLE] [TRIPLE] Helmut_Kohl  birthDate  1987-08-25 [/TRIPLE] [TRIPLE] Helmut_Kohl  birthPlace  Mali_Empire [/TRIPLE],3,2,1,2,birthPlace,Helmut_Kohl birthPlace Mali_Empire,1564,birthPlace birthDate,ordering
counterfactual,results/ordering/counterfactual_ordering.json,1565,[TRIPLE] Mermaid_(Train_song)  recordLabel  AXR_Music_Oy [/TRIPLE] [TRIPLE] Mermaid_(Train_song)  writer  Plato [/TRIPLE],2,1,1,2,writer,Mermaid_(Train_song) writer Plato,1565,recordLabel author,ordering
counterfactual,results/ordering/counterfactual_ordering.json,1572,[TRIPLE] Méditerranée  followedBy  Swizz_Beatz_Presents_G.H.E.T.T.O._Stories [/TRIPLE] [TRIPLE] Méditerranée  genre  Baroque_music [/TRIPLE] [TRIPLE] Méditerranée  producer  Arch_Enemy [/TRIPLE],3,2,1,2,producer,Méditerranée producer Arch_Enemy,1572,genre followedBy,ordering
counterfactual,results/ordering/counterfactual_ordering.json,1573,[TRIPLE] Douglas_Adams  birthPlace  Karlsruhe [/TRIPLE] [TRIPLE] Douglas_Adams  deathPlace  Mexico [/TRIPLE] [TRIPLE] Douglas_Adams  deathDate  1929-06-11 [/TRIPLE] [TRIPLE] Douglas_Adams  deathPlace  Los_Angeles [/TRIPLE],4,3,1,3,deathPlace,Douglas_Adams deathPlace Los_Angeles,1573,birthPlace deathPlace deathDate,ordering
counterfactual,results/ordering/counterfactual_ordering.json,1574,[TRIPLE] Gangnam_Style  genre  oshare_kei [/TRIPLE] [TRIPLE] flamenco  stylisticOrigin  jingle [/TRIPLE] [TRIPLE] Gangnam_Style  genre  flamenco [/TRIPLE] [TRIPLE] oshare_kei  stylisticOrigin  African_hip_hop [/TRIPLE],4,3,1,3,genre,Gangnam_Style genre flamenco,1574,genre stylisticOrigin stylisticOrigin,ordering
counterfactual,results/ordering/counterfactual_ordering.json,1582,[TRIPLE] Socrates  deathDate  2006-09-06 [/TRIPLE] [TRIPLE] Socrates  birthPlace  Kalmar_Union [/TRIPLE] [TRIPLE] Socrates  spouse  Piero_Gros [/TRIPLE] [TRIPLE] Socrates  professionalField  Teaching_Specimen [/TRIPLE],4,3,1,3,professionalField,Socrates professionalField Teaching_Specimen,1582,birthPlace spouse deathDate,ordering
counterfactual,results/ordering/counterfactual_ordering.json,1583,[TRIPLE] Nach_der_verlorenen_Zeit  runtime  20378.5 [/TRIPLE] [TRIPLE] Nach_der_verlorenen_Zeit  recordedIn  France [/TRIPLE] [TRIPLE] Nach_der_verlorenen_Zeit  recordedIn  Santiago [/TRIPLE] [TRIPLE] Nach_der_verlorenen_Zeit  precededBy  Arch_Enemy [/TRIPLE],4,2,2,4,recordedIn | recordedIn,Nach_der_verlorenen_Zeit recordedIn France || Nach_der_verlorenen_Zeit recordedIn Santiago,1583,precededBy recordIn recordIn runtime,ordering
counterfactual,results/ordering/counterfactual_ordering.json,1596,[TRIPLE] Mermaid_(Train_song)  followedBy  Twisted_Pictures [/TRIPLE] [TRIPLE] Mermaid_(Train_song)  album  Eternium [/TRIPLE] [TRIPLE] Twisted_Pictures  album  Showtime [/TRIPLE],3,2,1,2,album,Twisted_Pictures album Showtime,1596,followedBy album,ordering
counterfactual,results/ordering/counterfactual_ordering.json,1597,[TRIPLE] Cairo_International_Airport  operatingOrganisation  Serbia_and_Montenegro_Air_Traffic_Services_Agency [/TRIPLE] [TRIPLE] Cairo_International_Airport  location  Zuia [/TRIPLE] [TRIPLE] Serbia_and_Montenegro_Air_Traffic_Services_Agency  city  Acebedo [/TRIPLE] [TRIPLE] Cairo_International_Airport  elevationAboveTheSeaLevel  282838.0 [/TRIPLE] [TRIPLE] Zuia  country  Mexico [/TRIPLE],5,4,1,4,city,Serbia_and_Montenegro_Air_Traffic_Services_Agency city Acebedo,1597,location country operatingOrganisation elevationAboveTheSeaLevel,ordering
counterfactual,results/ordering/counterfactual_ordering.json,1605,[TRIPLE] Sorbonne_Nouvelle-Paris_3  numberOfUndergraduateStudents  1777539 [/TRIPLE] [TRIPLE] Sorbonne_Nouvelle-Paris_3  staff  17000 [/TRIPLE] [TRIPLE] Sorbonne_Nouvelle-Paris_3  numberOfStudents  2000000.0 [/TRIPLE] [TRIPLE] Sorbonne_Nouvelle-Paris_3  numberOfDoctoralStudents  1003 [/TRIPLE] [TRIPLE] Sorbonne_Nouvelle-Paris_3  city  Marcheseuil [/TRIPLE],5,4,1,4,staff,Sorbonne_Nouvelle-Paris_3 staff 17000,1605,city numberOfUndergraduateStudents numberOfStudents numberOfDoctoralStudents,ordering
counterfactual,results/ordering/counterfactual_ordering.json,1606,[TRIPLE] Proof_of_Youth  artist  Deftones [/TRIPLE] [TRIPLE] Proof_of_Youth  genre  swing_revival [/TRIPLE] [TRIPLE] Proof_of_Youth  precededBy  Within_Temptation [/TRIPLE] [TRIPLE] Proof_of_Youth  recordLabel  Cube_Entertainment [/TRIPLE] [TRIPLE] Proof_of_Youth  recordLabel  Voices_Music_and_Entertainment [/TRIPLE],5,4,1,4,artist,Proof_of_Youth artist Deftones,1606,genre precededBy recordLabel recordLabel,ordering
counterfactual,results/ordering/counterfactual_ordering.json,1607,[TRIPLE] Harry_Mulisch  birthPlace  Białystok [/TRIPLE] [TRIPLE] Harry_Mulisch  weight  282838.0 [/TRIPLE] [TRIPLE] Białystok  timeZone  time_in_China [/TRIPLE] [TRIPLE] Białystok  timeZone  UTC−10:00 [/TRIPLE],4,3,1,4,timeZone,Białystok timeZone UTC−10:00,1607,birthPlace weight timeZone time_in_China,ordering
counterfactual,results/ordering/counterfactual_ordering.json,1610,[TRIPLE] Mermaid_(Train_song)  writer  Zaunpfahl [/TRIPLE] [TRIPLE] Mermaid_(Train_song)  writer  Battlestar_Galactica [/TRIPLE] [TRIPLE] Mermaid_(Train_song)  producer  Espionage_(production_team) [/TRIPLE] [TRIPLE] Mermaid_(Train_song)  album  Tears_on_Tape [/TRIPLE] [TRIPLE] Mermaid_(Train_song)  format  direct-to-video [/TRIPLE],5,0,5,4,writer | writer | producer | album | format,Mermaid_(Train_song) writer Zaunpfahl || Mermaid_(Train_song) writer Battlestar_Galactica || Mermaid_(Train_song) producer Espionage_(production_team) || Mermaid_(Train_song) album Tears_on_Tape || Mermaid_(Train_song) format direct-to-video,1610,author battlestar_galalactica creator record,ordering
counterfactual,results/ordering/counterfactual_ordering.json,1612,"[TRIPLE] Manuela_M._Veloso  birthDate  1944-07-28 [/TRIPLE] [TRIPLE] Manuela_M._Veloso  citizenship  ""United_States"" [/TRIPLE] [TRIPLE] Manuela_M._Veloso  birthPlace  ""United_States"" [/TRIPLE] [TRIPLE] Manuela_M._Veloso  nationality  Norfolk_Islanders [/TRIPLE]",4,3,1,3,citizenship,"Manuela_M._Veloso citizenship ""United_States""",1612,birthDate birthPlace nationality,ordering
counterfactual,results/ordering/counterfactual_ordering.json,1621,"[TRIPLE] Ozama  releaseDate  ""1986-04-15"" [/TRIPLE] [TRIPLE] Ozama  followedBy  Phantasmagoria [/TRIPLE] [TRIPLE] Ozama  genre  fado [/TRIPLE] [TRIPLE] Ozama  producer  Sœurs_Goadec [/TRIPLE] [TRIPLE] Ozama  artist  Sœurs_Goadec [/TRIPLE] [TRIPLE] Ozama  genre  doo-wop [/TRIPLE]",6,3,3,5,releaseDate | producer | artist,"Ozama releaseDate ""1986-04-15"" || Ozama producer Sœurs_Goadec || Ozama artist Sœurs_Goadec",1621,genre genre fado creator followedBy,ordering
counterfactual,results/ordering/counterfactual_ordering.json,1638,[TRIPLE] Frise_(department)  releaseDate  1991-12-09 [/TRIPLE] [TRIPLE] Frise_(department)  producer  The_Futureheads [/TRIPLE] [TRIPLE] Frise_(department)  artist  The_Futureheads [/TRIPLE] [TRIPLE] Frise_(department)  recordLabel  Buddah_Records [/TRIPLE],4,2,2,3,producer | artist,Frise_(department) producer The_Futureheads || Frise_(department) artist The_Futureheads,1638,recordLabel recordDate releaseDate,ordering
counterfactual,results/ordering/counterfactual_ordering.json,1639,[TRIPLE] Nicolas_Maurice-Belay  birthPlace  Ilkeston_F.C. [/TRIPLE] [TRIPLE] Nicolas_Maurice-Belay  birthDate  2001-10-16 [/TRIPLE] [TRIPLE] Nicolas_Maurice-Belay  deathDate  2009-06-01 [/TRIPLE] [TRIPLE] Nicolas_Maurice-Belay  birthPlace  Icelandic_Commonwealth [/TRIPLE],4,3,1,3,birthPlace,Nicolas_Maurice-Belay birthPlace Icelandic_Commonwealth,1639,birthPlace birthDate deathDate,ordering
counterfactual,results/ordering/counterfactual_ordering.json,1641,[TRIPLE] Top_Secret  imdbId  98.0 [/TRIPLE] [TRIPLE] Top_Secret  director  Annelise_Coberger [/TRIPLE] [TRIPLE] Top_Secret  director  Adolf_Hitler [/TRIPLE] [TRIPLE] Top_Secret  writer  Adolf_Hitler [/TRIPLE],4,2,2,4,imdbId | writer,Top_Secret imdbId 98.0 || Top_Secret writer Adolf_Hitler,1641,director director author IdbId,ordering
counterfactual,results/ordering/counterfactual_ordering.json,1644,[TRIPLE] Good_Apollo_I'm_Burning_Star_IV_Volume_One:_From_Fear_Through_the_Eyes_of_Madness  producer  inauguration [/TRIPLE],1,0,1,1,producer,Good_Apollo_I'm_Burning_Star_IV_Volume_One:_From_Fear_Through_the_Eyes_of_Madness producer inauguration,1644,inauguration,ordering
counterfactual,results/ordering/counterfactual_ordering.json,1645,[TRIPLE] Mermaid_(Train_song)  followedBy  New_Theatres [/TRIPLE] [TRIPLE] Mermaid_(Train_song)  producer  Espionage_(production_team) [/TRIPLE] [TRIPLE] Mermaid_(Train_song)  writer  Adolf_Hitler [/TRIPLE],3,1,2,3,producer | writer,Mermaid_(Train_song) producer Espionage_(production_team) || Mermaid_(Train_song) writer Adolf_Hitler,1645,followedBy author production_team,ordering
counterfactual,results/ordering/counterfactual_ordering.json,1653,[TRIPLE] George_Richmond  doctoralAdvisor  Algorithmic_version_for_Szemerédi_regularity_partition [/TRIPLE] [TRIPLE] George_Richmond  birthPlace  England [/TRIPLE] [TRIPLE] George_Richmond  knownFor  territorial_principle [/TRIPLE] [TRIPLE] George_Richmond  birthDate  1946-12-17 [/TRIPLE] [TRIPLE] George_Richmond  almaMater  University_of_Cambridge [/TRIPLE] [TRIPLE] George_Richmond  knownFor  irreducible_complexity [/TRIPLE],6,5,1,6,knownFor,George_Richmond knownFor irreducible_complexity,1653,birthPlace birthDate almaMater doctoralAdvisor knownFor irreducible_complexity,ordering
counterfactual,results/ordering/counterfactual_ordering.json,1657,[TRIPLE] Valery_Zakharevich  residence  Damascus [/TRIPLE] [TRIPLE] Valery_Zakharevich  birthPlace  United_States [/TRIPLE] [TRIPLE] Valery_Zakharevich  nationality  Black_people_in_France [/TRIPLE] [TRIPLE] Valery_Zakharevich  residence  United_States [/TRIPLE],4,3,1,3,residence,Valery_Zakharevich residence United_States,1657,nationality birthPlace residence,ordering
counterfactual,results/ordering/counterfactual_ordering.json,1660,[TRIPLE] Gina_Ryder  birthPlace  Yunnan [/TRIPLE] [TRIPLE] Gina_Ryder  mission  Kliper [/TRIPLE] [TRIPLE] Gina_Ryder  mission  Shenzhou_10 [/TRIPLE] [TRIPLE] Gina_Ryder  occupation  triarii [/TRIPLE],4,2,2,2,mission | mission,Gina_Ryder mission Kliper || Gina_Ryder mission Shenzhou_10,1660,birthPlace occupation,ordering
counterfactual,results/ordering/counterfactual_ordering.json,1661,"[TRIPLE] Robert_F._Kennedy  birthDate  1937-04-27 [/TRIPLE] [TRIPLE] Robert_F._Kennedy  nationality  Israel [/TRIPLE] [TRIPLE] Robert_F._Kennedy  deathPlace  Virginia [/TRIPLE] [TRIPLE] Robert_F._Kennedy  birthPlace  New_Jersey [/TRIPLE] [TRIPLE] Robert_F._Kennedy  status  ""Deceased"" [/TRIPLE]",5,4,1,4,status,"Robert_F._Kennedy status ""Deceased""",1661,birthDate birthPlace nationality deathPlace,ordering
counterfactual,results/ordering/counterfactual_ordering.json,1672,[TRIPLE] Mermaid_(Train_song)  musicalBand  charabanc [/TRIPLE] [TRIPLE] Mermaid_(Train_song)  producer  Espionage_(production_team) [/TRIPLE] [TRIPLE] Mermaid_(Train_song)  followedBy  Picturehouse [/TRIPLE] [TRIPLE] Picturehouse  certification  Academy_of_Country_Music [/TRIPLE],4,2,2,3,producer | certification,Mermaid_(Train_song) producer Espionage_(production_team) || Picturehouse certification Academy_of_Country_Music,1672,followedBy musicalBand production_team,ordering
counterfactual,results/ordering/counterfactual_ordering.json,1680,[TRIPLE] Granjinha  leaderTitle  Führer [/TRIPLE] [TRIPLE] Granjinha  type  City [/TRIPLE] [TRIPLE] Granjinha  governmentType  county_council [/TRIPLE] [TRIPLE] Granjinha  utcOffset  −6 [/TRIPLE],4,3,1,4,type,Granjinha type City,1680,leaderTitle governmentType city utcOffset,ordering
counterfactual,results/ordering/counterfactual_ordering.json,1691,[TRIPLE] São_Cristóvão_de_Lafões  type  City [/TRIPLE] [TRIPLE] São_Cristóvão_de_Lafões  elevationAboveTheSeaLevel  98.0 [/TRIPLE] [TRIPLE] São_Cristóvão_de_Lafões  leader  John_Rhys-Davies [/TRIPLE],3,2,1,3,type,São_Cristóvão_de_Lafões type City,1691,elevationAboveTheSeaLevel leader city,ordering
counterfactual,results/ordering/counterfactual_ordering.json,1695,[TRIPLE] en  iso6392Code  English_language [/TRIPLE],1,0,1,1,iso6392Code,en iso6392Code English_language,1695,en,ordering
counterfactual,results/ordering/counterfactual_ordering.json,1701,[TRIPLE] Flight_from_Ashiya  editing  Katarina_Ivanovska [/TRIPLE] [TRIPLE] Carlos_Henrique_dos_Santos_Souza  activeYearsStartYear  1937-04-27 [/TRIPLE] [TRIPLE] Flight_from_Ashiya  director  Carlos_Henrique_dos_Santos_Souza [/TRIPLE] [TRIPLE] Flight_from_Ashiya  producer  Sachin_Tendulkar [/TRIPLE],4,2,2,4,editing | producer,Flight_from_Ashiya editing Katarina_Ivanovska || Flight_from_Ashiya producer Sachin_Tendulkar,1701,activeYearsStartYear director production editor,ordering
counterfactual,results/ordering/counterfactual_ordering.json,1704,[TRIPLE] Riedel  industry  Pharmaceuticals [/TRIPLE] [TRIPLE] Riedel  foundingDate  1942-01-01 [/TRIPLE] [TRIPLE] Riedel  type  S.A._(corporation) [/TRIPLE] [TRIPLE] Riedel  subsidiary  Mini [/TRIPLE] [TRIPLE] Riedel  netIncome  1604.0 [/TRIPLE],5,2,3,4,industry | foundingDate | type,Riedel industry Pharmaceuticals || Riedel foundingDate 1942-01-01 || Riedel type S.A._(corporation),1704,foundedDate subsidiary operatingIndustry netIncome,ordering
counterfactual,results/ordering/counterfactual_ordering.json,1711,[TRIPLE] Mermaid_(Train_song)  genre  sophisti-pop [/TRIPLE] [TRIPLE] Mermaid_(Train_song)  releaseDate  1776-02-18 [/TRIPLE] [TRIPLE] Mermaid_(Train_song)  precededBy  Steve_Bright [/TRIPLE] [TRIPLE] Mermaid_(Train_song)  runtime  175.26 [/TRIPLE] [TRIPLE] Mermaid_(Train_song)  genre  German_jazz [/TRIPLE] [TRIPLE] Mermaid_(Train_song)  followedBy  Focus_Features [/TRIPLE] [TRIPLE] Mermaid_(Train_song)  producer  Espionage_(production_team) [/TRIPLE],7,4,3,6,runtime | genre | producer,Mermaid_(Train_song) runtime 175.26 || Mermaid_(Train_song) genre German_jazz || Mermaid_(Train_song) producer Espionage_(production_team),1711,genre releaseDate followedBy precededBy production time,ordering
counterfactual,results/ordering/counterfactual_ordering.json,1725,[TRIPLE] Mermaid_(Train_song)  genre  glitch_pop [/TRIPLE] [TRIPLE] Mermaid_(Train_song)  runtime  17000 [/TRIPLE] [TRIPLE] Mermaid_(Train_song)  releaseDate  1908-05-02 [/TRIPLE] [TRIPLE] Mermaid_(Train_song)  precededBy  The_Hobbit [/TRIPLE] [TRIPLE] Mermaid_(Train_song)  writer  Abel_Mutai [/TRIPLE],5,4,1,5,writer,Mermaid_(Train_song) writer Abel_Mutai,1725,genre precededBy author releaseDate runtime,ordering
counterfactual,results/ordering/counterfactual_ordering.json,1728,[TRIPLE] International_Lease_Finance_Corporation  type  S.A._(corporation) [/TRIPLE] [TRIPLE] International_Lease_Finance_Corporation  product  dopant [/TRIPLE] [TRIPLE] International_Lease_Finance_Corporation  industry  Pharmaceuticals [/TRIPLE],3,1,2,2,type | industry,International_Lease_Finance_Corporation type S.A._(corporation) || International_Lease_Finance_Corporation industry Pharmaceuticals,1728,product manufacturer,ordering
counterfactual,results/ordering/counterfactual_ordering.json,1732,"[TRIPLE] Emil_and_the_Detectives  editing  ""Ruth_Ribicoff"" [/TRIPLE] [TRIPLE] Emil_and_the_Detectives  starring  Alou_Diarra [/TRIPLE] [TRIPLE] Emil_and_the_Detectives  starring  Carlos_Henrique_dos_Santos_Souza [/TRIPLE] [TRIPLE] Emil_and_the_Detectives  language  en [/TRIPLE] [TRIPLE] Emil_and_the_Detectives  runtime  1249.6 [/TRIPLE] [TRIPLE] Emil_and_the_Detectives  budget  11.5 [/TRIPLE] [TRIPLE] Emil_and_the_Detectives  writer  Isaac_Newton [/TRIPLE]",7,5,2,6,editing | writer,"Emil_and_the_Detectives editing ""Ruth_Ribicoff"" || Emil_and_the_Detectives writer Isaac_Newton",1732,language starring starring editor budget runtime,ordering
counterfactual,results/ordering/counterfactual_ordering.json,1736,[TRIPLE] Julius_Caesar  producer  Cecilia_R._Aragon [/TRIPLE] [TRIPLE] Julius_Caesar  musicComposer  Diana_Bianchedi [/TRIPLE] [TRIPLE] Julius_Caesar  runtime  9400 [/TRIPLE] [TRIPLE] Julius_Caesar  producer  Tony_Garnier [/TRIPLE] [TRIPLE] Julius_Caesar  director  Tony_Garnier [/TRIPLE],5,4,1,5,producer,Julius_Caesar producer Tony_Garnier,1736,director producer creator musicComposer runtime,ordering
counterfactual,results/ordering/counterfactual_ordering.json,1744,[TRIPLE] Daewoo_Motor_Sales  industry  Pharmaceuticals [/TRIPLE] [TRIPLE] Daewoo_Motor_Sales  keyPerson  development_director [/TRIPLE] [TRIPLE] Daewoo_Motor_Sales  foundingDate  2006-09-06 [/TRIPLE],3,2,1,2,industry,Daewoo_Motor_Sales industry Pharmaceuticals,1744,keyPerson foundingDate,ordering
counterfactual,results/ordering/counterfactual_ordering.json,1748,[TRIPLE] Star_Wars:_Episode_III_–_Revenge_of_the_Sith  producer  Serge_Chiesa [/TRIPLE] [TRIPLE] Star_Wars:_Episode_III_–_Revenge_of_the_Sith  writer  Serge_Chiesa [/TRIPLE],2,0,2,1,producer | writer,Star_Wars:_Episode_III_–_Revenge_of_the_Sith producer Serge_Chiesa || Star_Wars:_Episode_III_–_Revenge_of_the_Sith writer Serge_Chiesa,1748,creator,ordering
counterfactual,results/ordering/counterfactual_ordering.json,1758,[TRIPLE] Caribbean_Sunset  runtime  98.0 [/TRIPLE] [TRIPLE] Caribbean_Sunset  director  Egon_Krenz [/TRIPLE] [TRIPLE] Caribbean_Sunset  musicComposer  Hermann_Maier [/TRIPLE] [TRIPLE] Caribbean_Sunset  starring  Galina_Zybina [/TRIPLE] [TRIPLE] Caribbean_Sunset  writer  Milan_Jesih [/TRIPLE],5,4,1,4,writer,Caribbean_Sunset writer Milan_Jesih,1758,director starring musicComposer runtime,ordering
counterfactual,results/ordering/counterfactual_ordering.json,1761,[TRIPLE] Not_That_Far_Away  genre  Baroque_music [/TRIPLE] [TRIPLE] Not_That_Far_Away  producer  No_Fun_at_All [/TRIPLE] [TRIPLE] Not_That_Far_Away  genre  melodic_hardcore [/TRIPLE] [TRIPLE] Not_That_Far_Away  precededBy  The_Fame [/TRIPLE] [TRIPLE] Not_That_Far_Away  runtime  175.26 [/TRIPLE],5,3,2,5,producer | runtime,Not_That_Far_Away producer No_Fun_at_All || Not_That_Far_Away runtime 175.26,1761,precededBy genre genre production time,ordering
counterfactual,results/ordering/counterfactual_ordering.json,1762,[TRIPLE] Michèle_Vergne  birthPlace  Leningrad_USSR [/TRIPLE] [TRIPLE] Merry-Go-Round  writer  Michèle_Vergne [/TRIPLE] [TRIPLE] Merry-Go-Round  writer  Ari-Pekka_Nikkola [/TRIPLE],3,1,2,2,writer | writer,Merry-Go-Round writer Michèle_Vergne || Merry-Go-Round writer Ari-Pekka_Nikkola,1762,birthPlace author,ordering
counterfactual,results/ordering/counterfactual_ordering.json,1764,"[TRIPLE] The_Last_Winter  editing  ""Demak_Jaya_Jalan_Bako_Kuching_Sarawak"" [/TRIPLE] [TRIPLE] The_Last_Winter  starring  Martial [/TRIPLE] [TRIPLE] The_Last_Winter  starring  Richard_Bona [/TRIPLE] [TRIPLE] The_Last_Winter  language  en [/TRIPLE] [TRIPLE] The_Last_Winter  distributor  Motel_Films [/TRIPLE]",5,4,1,4,editing,"The_Last_Winter editing ""Demak_Jaya_Jalan_Bako_Kuching_Sarawak""",1764,starring starring language distributor,ordering
counterfactual,results/ordering/counterfactual_ordering.json,1767,"[TRIPLE] Pucón_Airport  operatingOrganisation  Funke_Mediengruppe [/TRIPLE] [TRIPLE] Pucón_Airport  runwayLength  17000 [/TRIPLE] [TRIPLE] Pucón_Airport  cityServed  Rustavi_International_Motorpark [/TRIPLE] [TRIPLE] Pucón_Airport  location  Branjevo [/TRIPLE] [TRIPLE] Pucón_Airport  icaoLocationIdentifier  La_Isabela_International_Airport [/TRIPLE] [TRIPLE] Pucón_Airport  elevationAboveTheSeaLevel  1249.6 [/TRIPLE] [TRIPLE] Pucón_Airport  runwayName  ""08/26"" [/TRIPLE]",7,6,1,6,icaoLocationIdentifier,Pucón_Airport icaoLocationIdentifier La_Isabela_International_Airport,1767,operatingOrganisation location cityServed elevationAboveTheSeaLevel runwayName runwayLength,ordering
counterfactual,results/ordering/counterfactual_ordering.json,1768,[TRIPLE] Karl_Witzell  influencedBy  A._P._J._Abdul_Kalam [/TRIPLE] [TRIPLE] Karl_Witzell  citizenship  Israel [/TRIPLE] [TRIPLE] Karl_Witzell  birthDate  1908-05-02 [/TRIPLE] [TRIPLE] Karl_Witzell  professionalField  Mathematical_optimization [/TRIPLE] [TRIPLE] Karl_Witzell  knownFor  Stochastic_programming [/TRIPLE] [TRIPLE] Karl_Witzell  almaMater  University_of_Cologne [/TRIPLE] [TRIPLE] Karl_Witzell  residence  New_Hampshire [/TRIPLE],7,5,2,6,citizenship | professionalField,Karl_Witzell citizenship Israel || Karl_Witzell professionalField Mathematical_optimization,1768,birthDate almaMater influencedBy occupation knownFor residence,ordering
counterfactual,results/ordering/counterfactual_ordering.json,1772,[TRIPLE] Benoît_Trémoulinas  citizenship  France [/TRIPLE] [TRIPLE] Benoît_Trémoulinas  professionalField  Mathematical_optimization [/TRIPLE],2,0,2,2,citizenship | professionalField,Benoît_Trémoulinas citizenship France || Benoît_Trémoulinas professionalField Mathematical_optimization,1772,nationality professionField,ordering
counterfactual,results/ordering/counterfactual_ordering.json,1774,[TRIPLE] Monty_Python’s_Life_of_Brian  writer  Émile_Durkheim [/TRIPLE],1,0,1,1,writer,Monty_Python’s_Life_of_Brian writer Émile_Durkheim,1774,author,ordering
counterfactual,results/ordering/counterfactual_ordering.json,1776,[TRIPLE] Robert_Bosch_Automotive_Steering  location  Statue_of_Liberty [/TRIPLE] [TRIPLE] Robert_Bosch_Automotive_Steering  location  Israel [/TRIPLE] [TRIPLE] Robert_Bosch_Automotive_Steering  industry  backpacking [/TRIPLE],3,2,1,3,industry,Robert_Bosch_Automotive_Steering industry backpacking,1776,location location manufacturer,ordering
counterfactual,results/ordering/counterfactual_ordering.json,1777,[TRIPLE] Bad_Romance  genre  Viennese_couplet [/TRIPLE] [TRIPLE] Bad_Romance  producer  Spandau_Ballet [/TRIPLE],2,1,1,2,producer,Bad_Romance producer Spandau_Ballet,1777,genre publisher,ordering
factual,results/ordering/factual_ordering.json,4,"[TRIPLE] Ciudad_Ayala  populationMetro  1777539 [/TRIPLE] [TRIPLE] Ciudad_Ayala  leaderTitle  ""City Manager"" [/TRIPLE] [TRIPLE] Ciudad_Ayala  type  City [/TRIPLE] [TRIPLE] Ciudad_Ayala  populationDensity  1604.0 [/TRIPLE] [TRIPLE] Ciudad_Ayala  governmentType  Council-manager_government [/TRIPLE]",5,4,1,5,type,Ciudad_Ayala type City,4,leaderTitle governmentType city populationDensity populationMetro,ordering
factual,results/ordering/factual_ordering.json,16,[TRIPLE] Hypermarcas  location  São_Paulo [/TRIPLE] [TRIPLE] Brazil  areaTotal  8514837.14  (square kilometres) [/TRIPLE] [TRIPLE] Hypermarcas  location  Brazil [/TRIPLE] [TRIPLE] Hypermarcas  industry  Pharmaceuticals [/TRIPLE],4,3,1,3,industry,Hypermarcas industry Pharmaceuticals,16,location location areaTotal,ordering
factual,results/ordering/factual_ordering.json,20,"[TRIPLE] Bootleg_Series_Volume_1:_The_Quine_Tapes  artist  The_Velvet_Underground [/TRIPLE] [TRIPLE] Bootleg_Series_Volume_1:_The_Quine_Tapes  producer  The_Velvet_Underground [/TRIPLE] [TRIPLE] Bootleg_Series_Volume_1:_The_Quine_Tapes  runtime  230.05 [/TRIPLE] [TRIPLE] Bootleg_Series_Volume_1:_The_Quine_Tapes  recordedIn  United_States [/TRIPLE] [TRIPLE] Bootleg_Series_Volume_1:_The_Quine_Tapes  recordedIn  St._Louis,_Missouri [/TRIPLE] [TRIPLE] Bootleg_Series_Volume_1:_The_Quine_Tapes  genre  Rock_music [/TRIPLE] [TRIPLE] Bootleg_Series_Volume_1:_The_Quine_Tapes  recordLabel  Polydor_Records [/TRIPLE]",7,2,5,4,artist | producer | runtime | recordedIn | recordedIn,"Bootleg_Series_Volume_1:_The_Quine_Tapes artist The_Velvet_Underground || Bootleg_Series_Volume_1:_The_Quine_Tapes producer The_Velvet_Underground || Bootleg_Series_Volume_1:_The_Quine_Tapes runtime 230.05 || Bootleg_Series_Volume_1:_The_Quine_Tapes recordedIn United_States || Bootleg_Series_Volume_1:_The_Quine_Tapes recordedIn St._Louis,_Missouri",20,genre recordLabel recordIn location,ordering
factual,results/ordering/factual_ordering.json,23,[TRIPLE] Mermaid_(Train_song)  followedBy  Imagine_(John_Lennon_song) [/TRIPLE] [TRIPLE] Mermaid_(Train_song)  producer  Espionage_(production_team) [/TRIPLE] [TRIPLE] Mermaid_(Train_song)  album  California_37_(Train_album) [/TRIPLE],3,2,1,3,producer,Mermaid_(Train_song) producer Espionage_(production_team),23,followedBy album production_team,ordering
factual,results/ordering/factual_ordering.json,26,[TRIPLE] English_Without_Tears  cinematography  Bernard_Knowles [/TRIPLE] [TRIPLE] English_Without_Tears  writer  Terence_Rattigan [/TRIPLE] [TRIPLE] English_Without_Tears  runtime  89.0 [/TRIPLE],3,2,1,3,writer,English_Without_Tears writer Terence_Rattigan,26,author runtime cinematography,ordering
factual,results/ordering/factual_ordering.json,27,[TRIPLE] Lady_Anne_Monson  spouse  George_Monson [/TRIPLE] [TRIPLE] Lady_Anne_Monson  deathDate  1776-02-18 [/TRIPLE] [TRIPLE] Lady_Anne_Monson  professionalField  Botany [/TRIPLE],3,2,1,2,professionalField,Lady_Anne_Monson professionalField Botany,27,spouse deathDate,ordering
factual,results/ordering/factual_ordering.json,29,[TRIPLE] Liselotte_Grschebina  birthPlace  Karlsruhe [/TRIPLE] [TRIPLE] Liselotte_Grschebina  nationality  Israel [/TRIPLE] [TRIPLE] Liselotte_Grschebina  training  School_of_Applied_Arts_in_Stuttgart [/TRIPLE] [TRIPLE] Karlsruhe  country  Germany [/TRIPLE] [TRIPLE] Israel  language  Modern_Hebrew [/TRIPLE],5,4,1,4,training,Liselotte_Grschebina training School_of_Applied_Arts_in_Stuttgart,29,nationality birthPlace country language,ordering
factual,results/ordering/factual_ordering.json,31,[TRIPLE] Mermaid_(Train_song)  recordLabel  Columbia_Records [/TRIPLE] [TRIPLE] Mermaid_(Train_song)  runtime  3.16 [/TRIPLE] [TRIPLE] Mermaid_(Train_song)  recordLabel  Sony_Music_Entertainment [/TRIPLE] [TRIPLE] Mermaid_(Train_song)  writer  Espen_Lind [/TRIPLE] [TRIPLE] Mermaid_(Train_song)  genre  Reggae [/TRIPLE] [TRIPLE] Mermaid_(Train_song)  writer  Amund_Bjørklund [/TRIPLE],6,4,2,5,writer | writer,Mermaid_(Train_song) writer Espen_Lind || Mermaid_(Train_song) writer Amund_Bjørklund,31,genre recordLabel recordLabel runtime author,ordering
factual,results/ordering/factual_ordering.json,32,[TRIPLE] It's_Great_to_Be_Young_(1956_film)  musicComposer  Louis_Levy [/TRIPLE] [TRIPLE] It's_Great_to_Be_Young_(1956_film)  starring  Cecil_Parker [/TRIPLE] [TRIPLE] It's_Great_to_Be_Young_(1956_film)  writer  Ted_Willis [/TRIPLE],3,2,1,3,writer,It's_Great_to_Be_Young_(1956_film) writer Ted_Willis,32,starring musicComposer author,ordering
factual,results/ordering/factual_ordering.json,35,[TRIPLE] Nord_(Year_of_No_Light_album)  genre  Sludge_metal [/TRIPLE] [TRIPLE] Nord_(Year_of_No_Light_album)  producer  Year_of_No_Light [/TRIPLE] [TRIPLE] Nord_(Year_of_No_Light_album)  genre  Post-metal [/TRIPLE] [TRIPLE] Nord_(Year_of_No_Light_album)  recordLabel  Crucial_Blast [/TRIPLE] [TRIPLE] Nord_(Year_of_No_Light_album)  releaseDate  2006-09-06 [/TRIPLE],5,4,1,4,producer,Nord_(Year_of_No_Light_album) producer Year_of_No_Light,35,genre genre recordLabel releaseDate,ordering
factual,results/ordering/factual_ordering.json,36,"[TRIPLE] Ciudad_Ayala  populationMetro  1777539 [/TRIPLE] [TRIPLE] Ciudad_Ayala  leaderTitle  ""City Manager"" [/TRIPLE] [TRIPLE] Ciudad_Ayala  type  City [/TRIPLE] [TRIPLE] Ciudad_Ayala  populationDensity  1604.0 [/TRIPLE] [TRIPLE] Ciudad_Ayala  governmentType  Council-manager_government [/TRIPLE] [TRIPLE] Ciudad_Ayala  utcOffset  −6 [/TRIPLE]",6,5,1,5,type,Ciudad_Ayala type City,36,leaderTitle governmentType populationDensity populationMetro utcOffset,ordering
factual,results/ordering/factual_ordering.json,37,[TRIPLE] Super_Capers  starring  Michael_Rooker [/TRIPLE] [TRIPLE] Super_Capers  starring  Tom_Sizemore [/TRIPLE] [TRIPLE] Super_Capers  budget  2000000.0 [/TRIPLE] [TRIPLE] Super_Capers  writer  Ray_Griggs_(director) [/TRIPLE] [TRIPLE] Super_Capers  director  Ray_Griggs_(director) [/TRIPLE] [TRIPLE] Super_Capers  runtime  98.0 [/TRIPLE],6,4,2,5,writer | runtime,Super_Capers writer Ray_Griggs_(director) || Super_Capers runtime 98.0,37,starring starring budget director time,ordering
factual,results/ordering/factual_ordering.json,39,[TRIPLE] McVeagh_of_the_South_Seas  starring  Harry_Carey_(actor_born_1878) [/TRIPLE] [TRIPLE] McVeagh_of_the_South_Seas  writer  Harry_Carey_(actor_born_1878) [/TRIPLE],2,1,1,2,writer,McVeagh_of_the_South_Seas writer Harry_Carey_(actor_born_1878),39,starring author,ordering
factual,results/ordering/factual_ordering.json,40,"[TRIPLE] Mexico  currency  Mexican_peso [/TRIPLE] [TRIPLE] Mexico  demonym  Mexicans [/TRIPLE] [TRIPLE] Bionico  course  Dessert [/TRIPLE] [TRIPLE] Bionico  region  Guadalajara [/TRIPLE] [TRIPLE] Dessert  dishVariation  Cookie [/TRIPLE] [TRIPLE] Bionico  mainIngredient  ""Chopped Fruits, Sour Cream, Condensed Milk, Granola, Shredded Coconut, Raisins"" [/TRIPLE] [TRIPLE] Bionico  country  Mexico [/TRIPLE]",7,6,1,7,mainIngredient,"Bionico mainIngredient ""Chopped Fruits, Sour Cream, Condensed Milk, Granola, Shredded Coconut, Raisins""",40,dishVariation course region country mainIngredients currency demonym,ordering
factual,results/ordering/factual_ordering.json,41,"[TRIPLE] Ciudad_Ayala  leaderTitle  ""City Manager"" [/TRIPLE] [TRIPLE] Ciudad_Ayala  type  City [/TRIPLE] [TRIPLE] Ciudad_Ayala  populationDensity  1604.0 [/TRIPLE]",3,2,1,3,type,Ciudad_Ayala type City,41,leaderTitle city populationDensity,ordering
factual,results/ordering/factual_ordering.json,42,[TRIPLE] Adolfo_Suárez_Madrid–Barajas_Airport  operatingOrganisation  ENAIRE [/TRIPLE] [TRIPLE] Adolfo_Suárez_Madrid–Barajas_Airport  location  Alcobendas [/TRIPLE] [TRIPLE] ENAIRE  city  Madrid [/TRIPLE] [TRIPLE] Adolfo_Suárez_Madrid–Barajas_Airport  runwayLength  3500.0 [/TRIPLE] [TRIPLE] Madrid  country  Spain [/TRIPLE],5,4,1,4,city,ENAIRE city Madrid,42,location country operatingOrganisation runwayLength,ordering
factual,results/ordering/factual_ordering.json,49,[TRIPLE] Nord_(Year_of_No_Light_album)  followedBy  Live_at_Roadburn_2008_(Year_of_No_Light_album) [/TRIPLE] [TRIPLE] Nord_(Year_of_No_Light_album)  artist  Year_of_No_Light [/TRIPLE],2,1,1,1,artist,Nord_(Year_of_No_Light_album) artist Year_of_No_Light,49,followedBy,ordering
factual,results/ordering/factual_ordering.json,50,"[TRIPLE] Alan_Shepard  birthDate  ""1923-11-18"" [/TRIPLE] [TRIPLE] Alan_Shepard  deathPlace  California [/TRIPLE] [TRIPLE] Alan_Shepard  birthPlace  New_Hampshire [/TRIPLE] [TRIPLE] Alan_Shepard  mission  Apollo_14 [/TRIPLE]",4,3,1,3,mission,Alan_Shepard mission Apollo_14,50,birthPlace birthDate deathPlace,ordering
factual,results/ordering/factual_ordering.json,52,"[TRIPLE] Olga_Bondareva  deathPlace  Saint_Petersburg [/TRIPLE] [TRIPLE] Olga_Bondareva  birthDate  1937-04-27 [/TRIPLE] [TRIPLE] Olga_Bondareva  knownFor  Bondareva–Shapley_theorem [/TRIPLE] [TRIPLE] Olga_Bondareva  birthName  ""Olga Nikolaevna Bondareva"" [/TRIPLE]",4,3,1,3,knownFor,Olga_Bondareva knownFor Bondareva–Shapley_theorem,52,birthName birthDate deathPlace,ordering
factual,results/ordering/factual_ordering.json,54,[TRIPLE] Mermaid_(Train_song)  recordLabel  Sony_Music_Entertainment [/TRIPLE] [TRIPLE] Mermaid_(Train_song)  writer  Amund_Bjørklund [/TRIPLE] [TRIPLE] Mermaid_(Train_song)  writer  Stargate_(production_team) [/TRIPLE] [TRIPLE] Mermaid_(Train_song)  followedBy  Imagine_(John_Lennon_song) [/TRIPLE] [TRIPLE] Mermaid_(Train_song)  producer  Espionage_(production_team) [/TRIPLE],5,2,3,4,writer | writer | producer,Mermaid_(Train_song) writer Amund_Bjørklund || Mermaid_(Train_song) writer Stargate_(production_team) || Mermaid_(Train_song) producer Espionage_(production_team),54,recordLabel followedBy author publisher,ordering
factual,results/ordering/factual_ordering.json,55,[TRIPLE] Nord_(Year_of_No_Light_album)  followedBy  Live_at_Roadburn_2008_(Year_of_No_Light_album) [/TRIPLE] [TRIPLE] Nord_(Year_of_No_Light_album)  artist  Year_of_No_Light [/TRIPLE] [TRIPLE] Nord_(Year_of_No_Light_album)  releaseDate  2006-09-06 [/TRIPLE] [TRIPLE] Nord_(Year_of_No_Light_album)  runtime  58.41 [/TRIPLE] [TRIPLE] Nord_(Year_of_No_Light_album)  precededBy  Demo_2004_(Year_of_No_Light_album) [/TRIPLE],5,3,2,5,artist | runtime,Nord_(Year_of_No_Light_album) artist Year_of_No_Light || Nord_(Year_of_No_Light_album) runtime 58.41,55,followedBy precededBy record releaseDate time,ordering
factual,results/ordering/factual_ordering.json,58,"[TRIPLE] AmeriGas  regionServed  United_States [/TRIPLE] [TRIPLE] AmeriGas  city  King_of_Prussia,_Pennsylvania [/TRIPLE] [TRIPLE] AmeriGas  operatingIncome  380700000 [/TRIPLE] [TRIPLE] AmeriGas  industry  Energy_industry [/TRIPLE] [TRIPLE] AmeriGas  country  United_States [/TRIPLE] [TRIPLE] AmeriGas  netIncome  211200000 [/TRIPLE]",6,3,3,4,regionServed | industry | netIncome,AmeriGas regionServed United_States || AmeriGas industry Energy_industry || AmeriGas netIncome 211200000,58,city country operatingIncome operatingIncome,ordering
factual,results/ordering/factual_ordering.json,65,"[TRIPLE] Bootleg_Series_Volume_1:_The_Quine_Tapes  producer  The_Velvet_Underground [/TRIPLE] [TRIPLE] Bootleg_Series_Volume_1:_The_Quine_Tapes  recordedIn  United_States [/TRIPLE] [TRIPLE] Bootleg_Series_Volume_1:_The_Quine_Tapes  recordedIn  St._Louis,_Missouri [/TRIPLE] [TRIPLE] Bootleg_Series_Volume_1:_The_Quine_Tapes  genre  Rock_music [/TRIPLE]",4,2,2,3,producer | recordedIn,"Bootleg_Series_Volume_1:_The_Quine_Tapes producer The_Velvet_Underground || Bootleg_Series_Volume_1:_The_Quine_Tapes recordedIn St._Louis,_Missouri",65,genre recordedIn recordIn,ordering
factual,results/ordering/factual_ordering.json,81,[TRIPLE] Nord_(Year_of_No_Light_album)  releaseDate  2006-09-06 [/TRIPLE] [TRIPLE] Nord_(Year_of_No_Light_album)  followedBy  Live_at_Roadburn_2008_(Year_of_No_Light_album) [/TRIPLE] [TRIPLE] Nord_(Year_of_No_Light_album)  genre  Sludge_metal [/TRIPLE] [TRIPLE] Nord_(Year_of_No_Light_album)  producer  Year_of_No_Light [/TRIPLE] [TRIPLE] Nord_(Year_of_No_Light_album)  artist  Year_of_No_Light [/TRIPLE] [TRIPLE] Nord_(Year_of_No_Light_album)  genre  Post-metal [/TRIPLE] [TRIPLE] Nord_(Year_of_No_Light_album)  recordLabel  Crucial_Blast [/TRIPLE],7,4,3,4,producer | artist | genre,Nord_(Year_of_No_Light_album) producer Year_of_No_Light || Nord_(Year_of_No_Light_album) artist Year_of_No_Light || Nord_(Year_of_No_Light_album) genre Post-metal,81,genre followedBy recordLabel releaseDate,ordering
factual,results/ordering/factual_ordering.json,82,[TRIPLE] Mermaid_(Train_song)  followedBy  Imagine_(John_Lennon_song) [/TRIPLE] [TRIPLE] Imagine_(John_Lennon_song)  certification  FIMI [/TRIPLE] [TRIPLE] Mermaid_(Train_song)  producer  Espionage_(production_team) [/TRIPLE] [TRIPLE] Imagine_(John_Lennon_song)  musicalArtist  John_Lennon [/TRIPLE],4,2,2,3,certification | producer,Imagine_(John_Lennon_song) certification FIMI || Mermaid_(Train_song) producer Espionage_(production_team),82,followedBy musicalArtist production_team,ordering
factual,results/ordering/factual_ordering.json,88,[TRIPLE] Bootleg_Series_Volume_1:_The_Quine_Tapes  artist  The_Velvet_Underground [/TRIPLE] [TRIPLE] Bootleg_Series_Volume_1:_The_Quine_Tapes  producer  The_Velvet_Underground [/TRIPLE] [TRIPLE] Bootleg_Series_Volume_1:_The_Quine_Tapes  runtime  230.05 [/TRIPLE] [TRIPLE] Bootleg_Series_Volume_1:_The_Quine_Tapes  recordedIn  United_States [/TRIPLE] [TRIPLE] Bootleg_Series_Volume_1:_The_Quine_Tapes  genre  Rock_music [/TRIPLE],5,1,4,3,artist | producer | runtime | recordedIn,Bootleg_Series_Volume_1:_The_Quine_Tapes artist The_Velvet_Underground || Bootleg_Series_Volume_1:_The_Quine_Tapes producer The_Velvet_Underground || Bootleg_Series_Volume_1:_The_Quine_Tapes runtime 230.05 || Bootleg_Series_Volume_1:_The_Quine_Tapes recordedIn United_States,88,genre recordIn recordLength,ordering
factual,results/ordering/factual_ordering.json,94,[TRIPLE] Mermaid_(Train_song)  releaseDate  2012-12-27 [/TRIPLE] [TRIPLE] Mermaid_(Train_song)  precededBy  This'll_Be_My_Year [/TRIPLE] [TRIPLE] Mermaid_(Train_song)  writer  Espen_Lind [/TRIPLE] [TRIPLE] Mermaid_(Train_song)  runtime  3.16 [/TRIPLE] [TRIPLE] Mermaid_(Train_song)  writer  Amund_Bjørklund [/TRIPLE],5,1,4,5,releaseDate | writer | runtime | writer,Mermaid_(Train_song) releaseDate 2012-12-27 || Mermaid_(Train_song) writer Espen_Lind || Mermaid_(Train_song) runtime 3.16 || Mermaid_(Train_song) writer Amund_Bjørklund,94,precededBy author precededBy launchDate time,ordering
factual,results/ordering/factual_ordering.json,96,"[TRIPLE] Mexico  currency  Mexican_peso [/TRIPLE] [TRIPLE] Bionico  course  Dessert [/TRIPLE] [TRIPLE] Bionico  mainIngredient  ""Chopped Fruits, Sour Cream, Condensed Milk, Granola, Shredded Coconut, Raisins"" [/TRIPLE] [TRIPLE] Bionico  country  Mexico [/TRIPLE]",4,3,1,4,mainIngredient,"Bionico mainIngredient ""Chopped Fruits, Sour Cream, Condensed Milk, Granola, Shredded Coconut, Raisins""",96,course country mainIngredients currency,ordering
factual,results/ordering/factual_ordering.json,101,[TRIPLE] Darinka_Dentcheva  professionalField  Mathematical_optimization [/TRIPLE] [TRIPLE] Darinka_Dentcheva  almaMater  Humboldt_University [/TRIPLE],2,1,1,2,professionalField,Darinka_Dentcheva professionalField Mathematical_optimization,101,almaMater profession,ordering
factual,results/ordering/factual_ordering.json,113,[TRIPLE] English_Without_Tears  director  Harold_French [/TRIPLE] [TRIPLE] Terence_Rattigan  deathYear  1977-01-01 [/TRIPLE] [TRIPLE] Harold_French  activeYearsStartYear  1920-01-01 [/TRIPLE] [TRIPLE] English_Without_Tears  writer  Anatole_de_Grunwald [/TRIPLE] [TRIPLE] English_Without_Tears  writer  Terence_Rattigan [/TRIPLE],5,3,2,4,writer | writer,English_Without_Tears writer Anatole_de_Grunwald || English_Without_Tears writer Terence_Rattigan,113,activeYearsStartYear director author deathYear,ordering
factual,results/ordering/factual_ordering.json,117,[TRIPLE] Hypermarcas  location  Brazil [/TRIPLE] [TRIPLE] Hypermarcas  product  Drugs [/TRIPLE] [TRIPLE] Hypermarcas  industry  Pharmaceuticals [/TRIPLE] [TRIPLE] Hypermarcas  keyPerson  CEO [/TRIPLE] [TRIPLE] Hypermarcas  foundingDate  2001-01-01 [/TRIPLE] [TRIPLE] Hypermarcas  type  S.A._(corporation) [/TRIPLE] [TRIPLE] Hypermarcas  numberOfEmployees  10252 [/TRIPLE],7,6,1,6,type,Hypermarcas type S.A._(corporation),117,location foundingDate numberOfEmployees product industry keyPerson,ordering
factual,results/ordering/factual_ordering.json,121,[TRIPLE] Super_Capers  starring  Danielle_Harris [/TRIPLE] [TRIPLE] Super_Capers  writer  Ray_Griggs_(director) [/TRIPLE] [TRIPLE] Super_Capers  runtime  98.0 [/TRIPLE],3,2,1,3,writer,Super_Capers writer Ray_Griggs_(director),121,starring director runtime,ordering
factual,results/ordering/factual_ordering.json,122,[TRIPLE] English_Without_Tears  writer  Terence_Rattigan [/TRIPLE] [TRIPLE] Terence_Rattigan  deathDate  1977-11-30 [/TRIPLE] [TRIPLE] English_Without_Tears  director  Harold_French [/TRIPLE] [TRIPLE] Harold_French  birthYear  1897 [/TRIPLE],4,3,1,4,writer,English_Without_Tears writer Terence_Rattigan,122,birthYear director author deathDate,ordering
factual,results/ordering/factual_ordering.json,130,[TRIPLE] McVeagh_of_the_South_Seas  director  Harry_Carey_(actor_born_1878) [/TRIPLE] [TRIPLE] McVeagh_of_the_South_Seas  writer  Harry_Carey_(actor_born_1878) [/TRIPLE] [TRIPLE] McVeagh_of_the_South_Seas  producer  The_Progressive_Motion_Picture_Company [/TRIPLE],3,1,2,2,writer | producer,McVeagh_of_the_South_Seas writer Harry_Carey_(actor_born_1878) || McVeagh_of_the_South_Seas producer The_Progressive_Motion_Picture_Company,130,director creator,ordering
factual,results/ordering/factual_ordering.json,135,[TRIPLE] Death_on_a_Factory_Farm  director  Tom_Simon [/TRIPLE] [TRIPLE] Death_on_a_Factory_Farm  producer  Tom_Simon [/TRIPLE] [TRIPLE] Death_on_a_Factory_Farm  broadcastedBy  HBO [/TRIPLE] [TRIPLE] Death_on_a_Factory_Farm  musicComposer  Jamie_Lawrence [/TRIPLE],4,3,1,3,producer,Death_on_a_Factory_Farm producer Tom_Simon,135,musicComposer director broadcastedBy,ordering
factual,results/ordering/factual_ordering.json,145,[TRIPLE] Alan_Shepard  deathPlace  California [/TRIPLE] [TRIPLE] Alan_Shepard  birthPlace  New_Hampshire [/TRIPLE] [TRIPLE] Alan_Shepard  mission  Apollo_14 [/TRIPLE],3,2,1,2,mission,Alan_Shepard mission Apollo_14,145,birthPlace deathPlace,ordering
factual,results/ordering/factual_ordering.json,148,[TRIPLE] Nord_(Year_of_No_Light_album)  releaseDate  2006-09-06 [/TRIPLE] [TRIPLE] Nord_(Year_of_No_Light_album)  followedBy  Live_at_Roadburn_2008_(Year_of_No_Light_album) [/TRIPLE] [TRIPLE] Nord_(Year_of_No_Light_album)  genre  Sludge_metal [/TRIPLE] [TRIPLE] Nord_(Year_of_No_Light_album)  producer  Year_of_No_Light [/TRIPLE] [TRIPLE] Nord_(Year_of_No_Light_album)  genre  Post-metal [/TRIPLE],5,4,1,4,producer,Nord_(Year_of_No_Light_album) producer Year_of_No_Light,148,genre genre followedBy releaseDate,ordering
factual,results/ordering/factual_ordering.json,150,[TRIPLE] Nord_(Year_of_No_Light_album)  releaseDate  2006-09-06 [/TRIPLE] [TRIPLE] Nord_(Year_of_No_Light_album)  followedBy  Live_at_Roadburn_2008_(Year_of_No_Light_album) [/TRIPLE] [TRIPLE] Nord_(Year_of_No_Light_album)  genre  Sludge_metal [/TRIPLE] [TRIPLE] Nord_(Year_of_No_Light_album)  producer  Year_of_No_Light [/TRIPLE] [TRIPLE] Nord_(Year_of_No_Light_album)  artist  Year_of_No_Light [/TRIPLE],5,3,2,3,producer | artist,Nord_(Year_of_No_Light_album) producer Year_of_No_Light || Nord_(Year_of_No_Light_album) artist Year_of_No_Light,150,genre followedBy releaseDate,ordering
factual,results/ordering/factual_ordering.json,151,[TRIPLE] Nord_(Year_of_No_Light_album)  followedBy  Live_at_Roadburn_2008_(Year_of_No_Light_album) [/TRIPLE] [TRIPLE] Nord_(Year_of_No_Light_album)  producer  Year_of_No_Light [/TRIPLE] [TRIPLE] Nord_(Year_of_No_Light_album)  artist  Year_of_No_Light [/TRIPLE] [TRIPLE] Nord_(Year_of_No_Light_album)  recordLabel  Crucial_Blast [/TRIPLE],4,2,2,3,producer | artist,Nord_(Year_of_No_Light_album) producer Year_of_No_Light || Nord_(Year_of_No_Light_album) artist Year_of_No_Light,151,followedBy recordLabel creator,ordering
factual,results/ordering/factual_ordering.json,159,[TRIPLE] English_Without_Tears  releaseDate  1944-07-28 [/TRIPLE] [TRIPLE] English_Without_Tears  writer  Terence_Rattigan [/TRIPLE] [TRIPLE] English_Without_Tears  runtime  89.0 [/TRIPLE] [TRIPLE] English_Without_Tears  editing  Alan_Jaggs [/TRIPLE] [TRIPLE] English_Without_Tears  musicComposer  Nicholas_Brodszky [/TRIPLE],5,2,3,4,writer | runtime | editing,English_Without_Tears writer Terence_Rattigan || English_Without_Tears runtime 89.0 || English_Without_Tears editing Alan_Jaggs,159,musicComposer editor releaseDate musicComposer,ordering
factual,results/ordering/factual_ordering.json,167,[TRIPLE] Death_on_a_Factory_Farm  director  Tom_Simon [/TRIPLE] [TRIPLE] Death_on_a_Factory_Farm  producer  Tom_Simon [/TRIPLE] [TRIPLE] Death_on_a_Factory_Farm  producer  Sarah_Teale [/TRIPLE] [TRIPLE] Death_on_a_Factory_Farm  director  Sarah_Teale [/TRIPLE] [TRIPLE] Death_on_a_Factory_Farm  runtime  83.0 [/TRIPLE],5,4,1,4,producer,Death_on_a_Factory_Farm producer Sarah_Teale,167,director director producer runtime,ordering
factual,results/ordering/factual_ordering.json,170,[TRIPLE] McVeagh_of_the_South_Seas  imdbId  0004319 [/TRIPLE] [TRIPLE] McVeagh_of_the_South_Seas  director  Cyril_Bruce [/TRIPLE] [TRIPLE] McVeagh_of_the_South_Seas  director  Harry_Carey_(actor_born_1878) [/TRIPLE],3,2,1,3,imdbId,McVeagh_of_the_South_Seas imdbId 0004319,170,director director isdbId,ordering
factual,results/ordering/factual_ordering.json,171,[TRIPLE] English_Without_Tears  releaseDate  1944-07-28 [/TRIPLE] [TRIPLE] English_Without_Tears  director  Harold_French [/TRIPLE] [TRIPLE] English_Without_Tears  editing  Alan_Jaggs [/TRIPLE] [TRIPLE] English_Without_Tears  producer  Anatole_de_Grunwald [/TRIPLE],4,2,2,4,editing | producer,English_Without_Tears editing Alan_Jaggs || English_Without_Tears producer Anatole_de_Grunwald,171,director editor publisher releaseDate,ordering
factual,results/ordering/factual_ordering.json,176,[TRIPLE] Ciudad_Ayala  country  Mexico [/TRIPLE] [TRIPLE] Mexico  areaTotal  1972550.0 [/TRIPLE] [TRIPLE] Ciudad_Ayala  isPartOf  Morelos [/TRIPLE] [TRIPLE] Morelos  type  States_of_Mexico [/TRIPLE],4,3,1,3,type,Morelos type States_of_Mexico,176,isPartOf country areaTotal,ordering
factual,results/ordering/factual_ordering.json,179,[TRIPLE] Death_on_a_Factory_Farm  producer  Sarah_Teale [/TRIPLE] [TRIPLE] Death_on_a_Factory_Farm  director  Sarah_Teale [/TRIPLE] [TRIPLE] Death_on_a_Factory_Farm  runtime  83.0 [/TRIPLE],3,1,2,3,producer | runtime,Death_on_a_Factory_Farm producer Sarah_Teale || Death_on_a_Factory_Farm runtime 83.0,179,director production time,ordering
factual,results/ordering/factual_ordering.json,181,[TRIPLE] Bootleg_Series_Volume_1:_The_Quine_Tapes  producer  The_Velvet_Underground [/TRIPLE] [TRIPLE] Bootleg_Series_Volume_1:_The_Quine_Tapes  runtime  230.05 [/TRIPLE] [TRIPLE] Bootleg_Series_Volume_1:_The_Quine_Tapes  recordedIn  United_States [/TRIPLE],3,0,3,3,producer | runtime | recordedIn,Bootleg_Series_Volume_1:_The_Quine_Tapes producer The_Velvet_Underground || Bootleg_Series_Volume_1:_The_Quine_Tapes runtime 230.05 || Bootleg_Series_Volume_1:_The_Quine_Tapes recordedIn United_States,181,recordIn recordTime creator,ordering
factual,results/ordering/factual_ordering.json,183,[TRIPLE] Super_Capers  writer  Ray_Griggs_(director) [/TRIPLE] [TRIPLE] Ray_Griggs_(director)  birthYear  1974 [/TRIPLE] [TRIPLE] Super_Capers  starring  Michael_Rooker [/TRIPLE] [TRIPLE] Super_Capers  starring  Tom_Sizemore [/TRIPLE],4,3,1,4,writer,Super_Capers writer Ray_Griggs_(director),183,birthYear director starring starring,ordering
factual,results/ordering/factual_ordering.json,189,"[TRIPLE] Liselotte_Grschebina  deathPlace  Israel [/TRIPLE] [TRIPLE] Petah_Tikva  meaning  ""Opening of hope"" [/TRIPLE] [TRIPLE] Israel  longName  ""State of Israel"" [/TRIPLE] [TRIPLE] Liselotte_Grschebina  deathPlace  Petah_Tikva [/TRIPLE]",4,3,1,3,meaning,"Petah_Tikva meaning ""Opening of hope""",189,deathPlace deathPlace longName,ordering
factual,results/ordering/factual_ordering.json,190,[TRIPLE] Liselotte_Grschebina  birthPlace  Karlsruhe [/TRIPLE] [TRIPLE] Liselotte_Grschebina  birthDate  1908-05-02 [/TRIPLE] [TRIPLE] Liselotte_Grschebina  deathDate  1994-06-14 [/TRIPLE] [TRIPLE] Liselotte_Grschebina  deathPlace  Israel [/TRIPLE] [TRIPLE] Liselotte_Grschebina  nationality  Israel [/TRIPLE] [TRIPLE] Liselotte_Grschebina  professionalField  Photographer [/TRIPLE],6,5,1,5,professionalField,Liselotte_Grschebina professionalField Photographer,190,nationality birthPlace birthDate deathPlace deathDate,ordering
factual,results/ordering/factual_ordering.json,192,[TRIPLE] Expect_a_Miracle  type  Compilation_Album [/TRIPLE] [TRIPLE] Expect_a_Miracle  followedBy  Afterplay_(Brian_Kelly_album) [/TRIPLE] [TRIPLE] Expect_a_Miracle  runtime  54.56 [/TRIPLE] [TRIPLE] Expect_a_Miracle  genre  Instrumental_music [/TRIPLE] [TRIPLE] Expect_a_Miracle  genre  Easy_listening [/TRIPLE],5,3,2,5,type | runtime,Expect_a_Miracle type Compilation_Album || Expect_a_Miracle runtime 54.56,192,genre genre genre length followedBy,ordering
factual,results/ordering/factual_ordering.json,197,[TRIPLE] It's_Great_to_Be_Young_(1956_film)  starring  John_Mills [/TRIPLE] [TRIPLE] It's_Great_to_Be_Young_(1956_film)  cinematography  Gilbert_Taylor [/TRIPLE] [TRIPLE] It's_Great_to_Be_Young_(1956_film)  runtime  94.0 [/TRIPLE] [TRIPLE] It's_Great_to_Be_Young_(1956_film)  gross  282838.0 [/TRIPLE] [TRIPLE] It's_Great_to_Be_Young_(1956_film)  starring  Cecil_Parker [/TRIPLE],5,2,3,4,cinematography | runtime | gross,It's_Great_to_Be_Young_(1956_film) cinematography Gilbert_Taylor || It's_Great_to_Be_Young_(1956_film) runtime 94.0 || It's_Great_to_Be_Young_(1956_film) gross 282838.0,197,starring starring timerunnumber grossedcinematography,ordering
factual,results/ordering/factual_ordering.json,204,[TRIPLE] It's_Great_to_Be_Young_(1956_film)  writer  Ted_Willis [/TRIPLE],1,0,1,1,writer,It's_Great_to_Be_Young_(1956_film) writer Ted_Willis,204,author,ordering
factual,results/ordering/factual_ordering.json,206,"[TRIPLE] Darinka_Dentcheva  residence  New_Jersey [/TRIPLE] [TRIPLE] New_Jersey  areaOfWater  3544040000.0 [/TRIPLE] [TRIPLE] Darinka_Dentcheva  residence  United_States [/TRIPLE] [TRIPLE] Darinka_Dentcheva  citizenship  United_States [/TRIPLE] [TRIPLE] United_States  motto  ""In God we trust"" [/TRIPLE]",5,3,2,4,residence | citizenship,Darinka_Dentcheva residence United_States || Darinka_Dentcheva citizenship United_States,206,motto country residence areaOfWater,ordering
factual,results/ordering/factual_ordering.json,209,[TRIPLE] Liselotte_Grschebina  birthPlace  Karlsruhe [/TRIPLE] [TRIPLE] Liselotte_Grschebina  birthDate  1908-05-02 [/TRIPLE] [TRIPLE] Liselotte_Grschebina  deathDate  1994-06-14 [/TRIPLE] [TRIPLE] Liselotte_Grschebina  deathPlace  Israel [/TRIPLE] [TRIPLE] Liselotte_Grschebina  birthPlace  German_Empire [/TRIPLE],5,4,1,4,birthPlace,Liselotte_Grschebina birthPlace German_Empire,209,birthPlace birthDate deathPlace deathDate,ordering
factual,results/ordering/factual_ordering.json,211,"[TRIPLE] Bootleg_Series_Volume_1:_The_Quine_Tapes  recordedIn  United_States [/TRIPLE] [TRIPLE] United_States  language  English_language [/TRIPLE] [TRIPLE] Bootleg_Series_Volume_1:_The_Quine_Tapes  recordedIn  St._Louis,_Missouri [/TRIPLE]",3,2,1,2,recordedIn,"Bootleg_Series_Volume_1:_The_Quine_Tapes recordedIn St._Louis,_Missouri",211,language recordedIn,ordering
factual,results/ordering/factual_ordering.json,212,[TRIPLE] English_Without_Tears  runtime  89.0 [/TRIPLE] [TRIPLE] English_Without_Tears  director  Harold_French [/TRIPLE] [TRIPLE] English_Without_Tears  editing  Alan_Jaggs [/TRIPLE] [TRIPLE] English_Without_Tears  producer  Anatole_de_Grunwald [/TRIPLE],4,1,3,4,runtime | editing | producer,English_Without_Tears runtime 89.0 || English_Without_Tears editing Alan_Jaggs || English_Without_Tears producer Anatole_de_Grunwald,212,director editor production time,ordering
factual,results/ordering/factual_ordering.json,213,[TRIPLE] Lady_Anne_Monson  deathDate  1776-02-18 [/TRIPLE] [TRIPLE] Lady_Anne_Monson  nationality  Kingdom_of_England [/TRIPLE] [TRIPLE] Lady_Anne_Monson  residence  India [/TRIPLE] [TRIPLE] Lady_Anne_Monson  spouse  George_Monson [/TRIPLE] [TRIPLE] Lady_Anne_Monson  professionalField  Botany [/TRIPLE],5,4,1,4,professionalField,Lady_Anne_Monson professionalField Botany,213,nationality residence spouse deathDate,ordering
factual,results/ordering/factual_ordering.json,215,[TRIPLE] Death_on_a_Factory_Farm  editor  Geof_Bartz [/TRIPLE] [TRIPLE] Death_on_a_Factory_Farm  runtime  83.0 [/TRIPLE] [TRIPLE] Death_on_a_Factory_Farm  producer  Tom_Simon [/TRIPLE],3,1,2,3,runtime | producer,Death_on_a_Factory_Farm runtime 83.0 || Death_on_a_Factory_Farm producer Tom_Simon,215,editor production time,ordering
factual,results/ordering/factual_ordering.json,220,[TRIPLE] Turn_Me_On_(album)  artist  The_Honeymoon_Killers_(American_band) [/TRIPLE] [TRIPLE] Turn_Me_On_(album)  producer  The_Honeymoon_Killers_(American_band) [/TRIPLE] [TRIPLE] Turn_Me_On_(album)  precededBy  Let_It_Breed [/TRIPLE] [TRIPLE] Turn_Me_On_(album)  runtime  35.1 [/TRIPLE],4,1,3,4,artist | producer | runtime,Turn_Me_On_(album) artist The_Honeymoon_Killers_(American_band) || Turn_Me_On_(album) producer The_Honeymoon_Killers_(American_band) || Turn_Me_On_(album) runtime 35.1,220,precededBy record production time,ordering
factual,results/ordering/factual_ordering.json,221,[TRIPLE] Darinka_Dentcheva  influencedBy  Andrzej_Piotr_Ruszczyński [/TRIPLE] [TRIPLE] Darinka_Dentcheva  citizenship  United_States [/TRIPLE] [TRIPLE] Darinka_Dentcheva  birthDate  1958-01-01 [/TRIPLE] [TRIPLE] Darinka_Dentcheva  professionalField  Mathematical_optimization [/TRIPLE] [TRIPLE] Darinka_Dentcheva  knownFor  Stochastic_programming [/TRIPLE],5,3,2,5,citizenship | professionalField,Darinka_Dentcheva citizenship United_States || Darinka_Dentcheva professionalField Mathematical_optimization,221,birthDate nationality influencedBy professionField knownFor,ordering
factual,results/ordering/factual_ordering.json,227,[TRIPLE] Expect_a_Miracle  runtime  54.56 [/TRIPLE] [TRIPLE] Expect_a_Miracle  precededBy  Pools_of_Light_(Brian_Kelly_album) [/TRIPLE] [TRIPLE] Expect_a_Miracle  genre  Instrumental_music [/TRIPLE] [TRIPLE] Expect_a_Miracle  followedBy  Afterplay_(Brian_Kelly_album) [/TRIPLE],4,3,1,3,runtime,Expect_a_Miracle runtime 54.56,227,genre precededBy followedBy,ordering
factual,results/ordering/factual_ordering.json,229,[TRIPLE] Bootleg_Series_Volume_1:_The_Quine_Tapes  artist  The_Velvet_Underground [/TRIPLE] [TRIPLE] Bootleg_Series_Volume_1:_The_Quine_Tapes  producer  The_Velvet_Underground [/TRIPLE],2,0,2,2,artist | producer,Bootleg_Series_Volume_1:_The_Quine_Tapes artist The_Velvet_Underground || Bootleg_Series_Volume_1:_The_Quine_Tapes producer The_Velvet_Underground,229,product creator,ordering
factual,results/ordering/factual_ordering.json,231,[TRIPLE] English_Without_Tears  musicComposer  Nicholas_Brodszky [/TRIPLE] [TRIPLE] English_Without_Tears  director  Harold_French [/TRIPLE] [TRIPLE] English_Without_Tears  editing  Alan_Jaggs [/TRIPLE] [TRIPLE] English_Without_Tears  producer  Anatole_de_Grunwald [/TRIPLE],4,3,1,4,editing,English_Without_Tears editing Alan_Jaggs,231,musicComposer director editor producer,ordering
factual,results/ordering/factual_ordering.json,234,[TRIPLE] Expect_a_Miracle  producer  Brian_Kelly_(composer_&_pianist) [/TRIPLE] [TRIPLE] Expect_a_Miracle  runtime  54.56 [/TRIPLE] [TRIPLE] Expect_a_Miracle  artist  Brian_Kelly_(composer_&_pianist) [/TRIPLE] [TRIPLE] Expect_a_Miracle  type  Compilation_Album [/TRIPLE] [TRIPLE] Expect_a_Miracle  precededBy  Pools_of_Light_(Brian_Kelly_album) [/TRIPLE] [TRIPLE] Expect_a_Miracle  genre  Instrumental_music [/TRIPLE],6,2,4,5,producer | runtime | artist | type,Expect_a_Miracle producer Brian_Kelly_(composer_&_pianist) || Expect_a_Miracle runtime 54.56 || Expect_a_Miracle artist Brian_Kelly_(composer_&_pianist) || Expect_a_Miracle type Compilation_Album,234,genre precededBy genre record length,ordering
factual,results/ordering/factual_ordering.json,237,"[TRIPLE] Alan_B._Miller_Hall  architect  Robert_A._M._Stern [/TRIPLE] [TRIPLE] Alan_B._Miller_Hall  address  ""101 Ukrop Way"" [/TRIPLE] [TRIPLE] Alan_B._Miller_Hall  buildingStartDate  ""30 March 2007"" [/TRIPLE] [TRIPLE] Alan_B._Miller_Hall  currentTenants  Mason_School_of_Business [/TRIPLE] [TRIPLE] Alan_B._Miller_Hall  location  Virginia [/TRIPLE] [TRIPLE] Alan_B._Miller_Hall  architecturalStyle  Georgian_architecture [/TRIPLE] [TRIPLE] Alan_B._Miller_Hall  owner  College_of_William_&_Mary [/TRIPLE]",7,6,1,6,architect,Alan_B._Miller_Hall architect Robert_A._M._Stern,237,owner address location buildingStartDate architecturalStyle currentTenants,ordering
factual,results/ordering/factual_ordering.json,239,[TRIPLE] Mermaid_(Train_song)  genre  Pop_rock [/TRIPLE] [TRIPLE] Reggae  stylisticOrigin  Ska [/TRIPLE] [TRIPLE] Mermaid_(Train_song)  genre  Reggae [/TRIPLE] [TRIPLE] Pop_rock  stylisticOrigin  Rock_music [/TRIPLE],4,3,1,3,genre,Mermaid_(Train_song) genre Reggae,239,genre stylisticOrigin stylisticOrigin,ordering
factual,results/ordering/factual_ordering.json,242,"[TRIPLE] Darinka_Dentcheva  citizenship  United_States [/TRIPLE] [TRIPLE] United_States  motto  ""In God we trust"" [/TRIPLE] [TRIPLE] Darinka_Dentcheva  influencedBy  Andrzej_Piotr_Ruszczyński [/TRIPLE] [TRIPLE] Andrzej_Piotr_Ruszczyński  professionalField  Mathematical_optimization [/TRIPLE]",4,2,2,3,citizenship | professionalField,Darinka_Dentcheva citizenship United_States || Andrzej_Piotr_Ruszczyński professionalField Mathematical_optimization,242,influencedBy nationality motto,ordering
factual,results/ordering/factual_ordering.json,243,"[TRIPLE] Ciudad_Ayala  populationMetro  1777539 [/TRIPLE] [TRIPLE] Ciudad_Ayala  leaderTitle  ""City Manager"" [/TRIPLE] [TRIPLE] Ciudad_Ayala  type  City [/TRIPLE] [TRIPLE] Ciudad_Ayala  populationDensity  1604.0 [/TRIPLE] [TRIPLE] Ciudad_Ayala  governmentType  Council-manager_government [/TRIPLE] [TRIPLE] Ciudad_Ayala  utcOffset  −6 [/TRIPLE] [TRIPLE] Ciudad_Ayala  elevationAboveTheSeaLevel  1147.0 [/TRIPLE]",7,6,1,7,type,Ciudad_Ayala type City,243,city elevationAboveTheSeaLevel populationMetro leaderTitle governmentType populationDensity utcOffset,ordering
factual,results/ordering/factual_ordering.json,244,"[TRIPLE] Adolfo_Suárez_Madrid–Barajas_Airport  operatingOrganisation  ENAIRE [/TRIPLE] [TRIPLE] Adolfo_Suárez_Madrid–Barajas_Airport  location  Alcobendas [/TRIPLE] [TRIPLE] Adolfo_Suárez_Madrid–Barajas_Airport  runwayLength  4349.0 [/TRIPLE] [TRIPLE] Adolfo_Suárez_Madrid–Barajas_Airport  runwayName  ""14R/32L"" [/TRIPLE] [TRIPLE] ENAIRE  city  Madrid [/TRIPLE] [TRIPLE] Adolfo_Suárez_Madrid–Barajas_Airport  elevationAboveTheSeaLevel  610.0 [/TRIPLE]",6,5,1,5,city,ENAIRE city Madrid,244,location operatingOrganisation elevationAboveTheSeaLevel runwayName runwayLength,ordering
factual,results/ordering/factual_ordering.json,255,"[TRIPLE] Bootleg_Series_Volume_1:_The_Quine_Tapes  recordedIn  United_States [/TRIPLE] [TRIPLE] Bootleg_Series_Volume_1:_The_Quine_Tapes  recordedIn  St._Louis,_Missouri [/TRIPLE] [TRIPLE] Bootleg_Series_Volume_1:_The_Quine_Tapes  precededBy  Squeeze_(The_Velvet_Underground_album) [/TRIPLE] [TRIPLE] Bootleg_Series_Volume_1:_The_Quine_Tapes  recordLabel  Polydor_Records [/TRIPLE] [TRIPLE] Bootleg_Series_Volume_1:_The_Quine_Tapes  recordLabel  Universal_Music_Group [/TRIPLE] [TRIPLE] Bootleg_Series_Volume_1:_The_Quine_Tapes  releaseDate  2001-10-16 [/TRIPLE] [TRIPLE] Bootleg_Series_Volume_1:_The_Quine_Tapes  runtime  230.05 [/TRIPLE]",7,3,4,5,recordedIn | recordedIn | releaseDate | runtime,"Bootleg_Series_Volume_1:_The_Quine_Tapes recordedIn United_States || Bootleg_Series_Volume_1:_The_Quine_Tapes recordedIn St._Louis,_Missouri || Bootleg_Series_Volume_1:_The_Quine_Tapes releaseDate 2001-10-16 || Bootleg_Series_Volume_1:_The_Quine_Tapes runtime 230.05",255,precededBy recordLabel recordLabel recordDate recordIn,ordering
factual,results/ordering/factual_ordering.json,259,[TRIPLE] Nord_(Year_of_No_Light_album)  releaseDate  2006-09-06 [/TRIPLE] [TRIPLE] Nord_(Year_of_No_Light_album)  followedBy  Live_at_Roadburn_2008_(Year_of_No_Light_album) [/TRIPLE] [TRIPLE] Nord_(Year_of_No_Light_album)  genre  Sludge_metal [/TRIPLE],3,2,1,2,releaseDate,Nord_(Year_of_No_Light_album) releaseDate 2006-09-06,259,genre followedBy,ordering
factual,results/ordering/factual_ordering.json,261,[TRIPLE] Turn_Me_On_(album)  runtime  35.1 [/TRIPLE] [TRIPLE] Turn_Me_On_(album)  artist  The_Honeymoon_Killers_(American_band) [/TRIPLE] [TRIPLE] Turn_Me_On_(album)  genre  Punk_blues [/TRIPLE] [TRIPLE] Turn_Me_On_(album)  producer  The_Honeymoon_Killers_(American_band) [/TRIPLE] [TRIPLE] Turn_Me_On_(album)  genre  Noise_rock [/TRIPLE] [TRIPLE] Turn_Me_On_(album)  producer  Wharton_Tiers [/TRIPLE],6,2,4,4,runtime | artist | producer | producer,Turn_Me_On_(album) runtime 35.1 || Turn_Me_On_(album) artist The_Honeymoon_Killers_(American_band) || Turn_Me_On_(album) producer The_Honeymoon_Killers_(American_band) || Turn_Me_On_(album) producer Wharton_Tiers,261,genre genre record length,ordering
factual,results/ordering/factual_ordering.json,264,[TRIPLE] Liselotte_Grschebina  birthPlace  German_Empire [/TRIPLE] [TRIPLE] Liselotte_Grschebina  professionalField  Photographer [/TRIPLE],2,1,1,2,professionalField,Liselotte_Grschebina professionalField Photographer,264,birthPlace professionField,ordering
factual,results/ordering/factual_ordering.json,267,"[TRIPLE] Alan_Shepard  birthDate  ""1923-11-18"" [/TRIPLE] [TRIPLE] Alan_Shepard  birthPlace  New_Hampshire [/TRIPLE] [TRIPLE] Alan_Shepard  almaMater  ""NWC, M.A. 1957"" [/TRIPLE] [TRIPLE] Alan_Shepard  mission  Apollo_14 [/TRIPLE]",4,3,1,4,mission,Alan_Shepard mission Apollo_14,267,birthPlace birthDate almaMater crew,ordering
factual,results/ordering/factual_ordering.json,271,[TRIPLE] Mermaid_(Train_song)  writer  Stargate_(production_team) [/TRIPLE],1,0,1,1,writer,Mermaid_(Train_song) writer Stargate_(production_team),271,author,ordering
factual,results/ordering/factual_ordering.json,276,[TRIPLE] It's_Great_to_Be_Young_(1956_film)  cinematography  Gilbert_Taylor [/TRIPLE] [TRIPLE] It's_Great_to_Be_Young_(1956_film)  runtime  94.0 [/TRIPLE] [TRIPLE] It's_Great_to_Be_Young_(1956_film)  gross  282838.0 [/TRIPLE] [TRIPLE] It's_Great_to_Be_Young_(1956_film)  director  Cyril_Frankel [/TRIPLE],4,2,2,5,cinematography | gross,It's_Great_to_Be_Young_(1956_film) cinematography Gilbert_Taylor || It's_Great_to_Be_Young_(1956_film) gross 282838.0,276,director filming time runtime grosses,ordering
factual,results/ordering/factual_ordering.json,279,[TRIPLE] Ciudad_Ayala  type  City [/TRIPLE] [TRIPLE] Ciudad_Ayala  populationDensity  1604.0 [/TRIPLE] [TRIPLE] Ciudad_Ayala  governmentType  Council-manager_government [/TRIPLE] [TRIPLE] Ciudad_Ayala  utcOffset  −6 [/TRIPLE],4,3,1,3,type,Ciudad_Ayala type City,279,governmentType populationDensity utcOffset,ordering
factual,results/ordering/factual_ordering.json,280,[TRIPLE] Mermaid_(Train_song)  precededBy  This'll_Be_My_Year [/TRIPLE] [TRIPLE] Mermaid_(Train_song)  runtime  3.16 [/TRIPLE] [TRIPLE] Mermaid_(Train_song)  genre  Reggae [/TRIPLE] [TRIPLE] Mermaid_(Train_song)  followedBy  Imagine_(John_Lennon_song) [/TRIPLE],4,3,1,3,runtime,Mermaid_(Train_song) runtime 3.16,280,genre precededBy followedBy,ordering
factual,results/ordering/factual_ordering.json,281,[TRIPLE] Death_on_a_Factory_Farm  broadcastedBy  HBO [/TRIPLE] [TRIPLE] Death_on_a_Factory_Farm  musicComposer  Jamie_Lawrence [/TRIPLE] [TRIPLE] Death_on_a_Factory_Farm  runtime  83.0 [/TRIPLE] [TRIPLE] Death_on_a_Factory_Farm  producer  Sarah_Teale [/TRIPLE] [TRIPLE] Death_on_a_Factory_Farm  director  Sarah_Teale [/TRIPLE],5,4,1,4,producer,Death_on_a_Factory_Farm producer Sarah_Teale,281,broadcastedBy musicComposer runtime director,ordering
factual,results/ordering/factual_ordering.json,283,[TRIPLE] Liselotte_Grschebina  birthPlace  Karlsruhe [/TRIPLE] [TRIPLE] Liselotte_Grschebina  deathPlace  Israel [/TRIPLE] [TRIPLE] Liselotte_Grschebina  deathDate  1994-06-14 [/TRIPLE] [TRIPLE] Liselotte_Grschebina  deathPlace  Petah_Tikva [/TRIPLE] [TRIPLE] Israel  ethnicGroup  Arab_citizens_of_Israel [/TRIPLE],5,4,1,4,deathPlace,Liselotte_Grschebina deathPlace Petah_Tikva,283,birthPlace deathPlace deathDate ethnicGroup,ordering
factual,results/ordering/factual_ordering.json,286,[TRIPLE] English_Without_Tears  editing  Alan_Jaggs [/TRIPLE] [TRIPLE] English_Without_Tears  producer  Anatole_de_Grunwald [/TRIPLE] [TRIPLE] English_Without_Tears  writer  Anatole_de_Grunwald [/TRIPLE],3,0,3,2,editing | producer | writer,English_Without_Tears editing Alan_Jaggs || English_Without_Tears producer Anatole_de_Grunwald || English_Without_Tears writer Anatole_de_Grunwald,286,editor publisher,ordering
factual,results/ordering/factual_ordering.json,292,[TRIPLE] Darinka_Dentcheva  influencedBy  Andrzej_Piotr_Ruszczyński [/TRIPLE] [TRIPLE] Darinka_Dentcheva  citizenship  United_States [/TRIPLE] [TRIPLE] Darinka_Dentcheva  birthDate  1958-01-01 [/TRIPLE] [TRIPLE] Darinka_Dentcheva  almaMater  Humboldt_University [/TRIPLE],4,3,1,3,citizenship,Darinka_Dentcheva citizenship United_States,292,birthDate almaMater influencedBy,ordering
factual,results/ordering/factual_ordering.json,295,[TRIPLE] Turn_Me_On_(album)  runtime  35.1 [/TRIPLE] [TRIPLE] Turn_Me_On_(album)  artist  The_Honeymoon_Killers_(American_band) [/TRIPLE] [TRIPLE] Turn_Me_On_(album)  genre  Punk_blues [/TRIPLE] [TRIPLE] Turn_Me_On_(album)  producer  The_Honeymoon_Killers_(American_band) [/TRIPLE] [TRIPLE] Turn_Me_On_(album)  genre  Noise_rock [/TRIPLE],5,2,3,4,runtime | artist | producer,Turn_Me_On_(album) runtime 35.1 || Turn_Me_On_(album) artist The_Honeymoon_Killers_(American_band) || Turn_Me_On_(album) producer The_Honeymoon_Killers_(American_band),295,genre genre record length,ordering
factual,results/ordering/factual_ordering.json,301,[TRIPLE] Lady_Anne_Monson  birthDate  1726-01-01 [/TRIPLE] [TRIPLE] Lady_Anne_Monson  nationality  Kingdom_of_England [/TRIPLE] [TRIPLE] Lady_Anne_Monson  professionalField  Botany [/TRIPLE],3,2,1,3,professionalField,Lady_Anne_Monson professionalField Botany,301,nationality birthDate profession,ordering
factual,results/ordering/factual_ordering.json,305,[TRIPLE] GMA_New_Media  industry  Mass_Media [/TRIPLE] [TRIPLE] GMA_New_Media  product  Online_Game [/TRIPLE] [TRIPLE] GMA_New_Media  industry  Entertainment [/TRIPLE] [TRIPLE] GMA_New_Media  product  World_Wide_Web [/TRIPLE],4,2,2,3,industry | industry,GMA_New_Media industry Mass_Media || GMA_New_Media industry Entertainment,305,product product genre,ordering
factual,results/ordering/factual_ordering.json,310,[TRIPLE] Nie_Haisheng  birthPlace  Zaoyang [/TRIPLE] [TRIPLE] Zaoyang  isPartOf  Xiangyang [/TRIPLE] [TRIPLE] Nie_Haisheng  mission  Shenzhou_10 [/TRIPLE] [TRIPLE] Shenzhou_10  cosparId  2013-029A [/TRIPLE],4,3,1,4,cosparId,Shenzhou_10 cosparId 2013-029A,310,birthPlace isPartOf mission COSparId,ordering
factual,results/ordering/factual_ordering.json,313,[TRIPLE] Nie_Haisheng  mission  Shenzhou_6 [/TRIPLE] [TRIPLE] Shenzhou_6  cosparId  2005-040A [/TRIPLE],2,1,1,2,cosparId,Shenzhou_6 cosparId 2005-040A,313,mission COSparId,ordering
factual,results/ordering/factual_ordering.json,318,[TRIPLE] McVeagh_of_the_South_Seas  director  Cyril_Bruce [/TRIPLE] [TRIPLE] McVeagh_of_the_South_Seas  director  Harry_Carey_(actor_born_1878) [/TRIPLE] [TRIPLE] McVeagh_of_the_South_Seas  starring  Harry_Carey_(actor_born_1878) [/TRIPLE] [TRIPLE] McVeagh_of_the_South_Seas  writer  Harry_Carey_(actor_born_1878) [/TRIPLE],4,3,1,3,writer,McVeagh_of_the_South_Seas writer Harry_Carey_(actor_born_1878),318,director director starring,ordering
factual,results/ordering/factual_ordering.json,323,[TRIPLE] English_Without_Tears  runtime  89.0 [/TRIPLE] [TRIPLE] English_Without_Tears  musicComposer  Nicholas_Brodszky [/TRIPLE] [TRIPLE] English_Without_Tears  releaseDate  1944-07-28 [/TRIPLE] [TRIPLE] English_Without_Tears  director  Harold_French [/TRIPLE] [TRIPLE] English_Without_Tears  producer  Anatole_de_Grunwald [/TRIPLE],5,3,2,5,releaseDate | producer,English_Without_Tears releaseDate 1944-07-28 || English_Without_Tears producer Anatole_de_Grunwald,323,musicComposer director production date runtime,ordering
factual,results/ordering/factual_ordering.json,327,[TRIPLE] It's_Great_to_Be_Young_(1956_film)  starring  Cecil_Parker [/TRIPLE] [TRIPLE] It's_Great_to_Be_Young_(1956_film)  writer  Ted_Willis [/TRIPLE],2,1,1,2,writer,It's_Great_to_Be_Young_(1956_film) writer Ted_Willis,327,starring author,ordering
factual,results/ordering/factual_ordering.json,328,[TRIPLE] Bedford_Aerodrome  location  Thurleigh [/TRIPLE] [TRIPLE] Bedford_Aerodrome  icaoLocationIdentifier  EGBF [/TRIPLE] [TRIPLE] Thurleigh  postalCode  MK44 [/TRIPLE] [TRIPLE] Bedford_Aerodrome  operatingOrganisation  MotorSport_Vision [/TRIPLE] [TRIPLE] MotorSport_Vision  foundedBy  Peter_Ogden [/TRIPLE],5,4,1,5,icaoLocationIdentifier,Bedford_Aerodrome icaoLocationIdentifier EGBF,328,ICAOLocationIdentifier operatingOrganisation location postalCode foundedBy,ordering
factual,results/ordering/factual_ordering.json,331,[TRIPLE] English_Without_Tears  runtime  89.0 [/TRIPLE] [TRIPLE] English_Without_Tears  musicComposer  Nicholas_Brodszky [/TRIPLE] [TRIPLE] English_Without_Tears  releaseDate  1944-07-28 [/TRIPLE] [TRIPLE] English_Without_Tears  director  Harold_French [/TRIPLE] [TRIPLE] English_Without_Tears  editing  Alan_Jaggs [/TRIPLE] [TRIPLE] English_Without_Tears  writer  Anatole_de_Grunwald [/TRIPLE],6,4,2,5,editing | writer,English_Without_Tears editing Alan_Jaggs || English_Without_Tears writer Anatole_de_Grunwald,331,director editor musicComposer releaseDate runtime,ordering
factual,results/ordering/factual_ordering.json,334,[TRIPLE] Expect_a_Miracle  producer  Brian_Kelly_(composer_&_pianist) [/TRIPLE] [TRIPLE] Expect_a_Miracle  runtime  54.56 [/TRIPLE] [TRIPLE] Expect_a_Miracle  precededBy  Pools_of_Light_(Brian_Kelly_album) [/TRIPLE],3,1,2,3,producer | runtime,Expect_a_Miracle producer Brian_Kelly_(composer_&_pianist) || Expect_a_Miracle runtime 54.56,334,precededBy record time,ordering
factual,results/ordering/factual_ordering.json,336,[TRIPLE] Brandon_Carter  professionalField  General_relativity [/TRIPLE] [TRIPLE] Brandon_Carter  knownFor  Carter_constant [/TRIPLE] [TRIPLE] Brandon_Carter  knownFor  No-hair_theorem [/TRIPLE] [TRIPLE] Brandon_Carter  birthPlace  England [/TRIPLE],4,3,1,4,professionalField,Brandon_Carter professionalField General_relativity,336,birthPlace professionField knownFor knownFor,ordering
factual,results/ordering/factual_ordering.json,337,[TRIPLE] Ciudad_Ayala  type  City [/TRIPLE],1,0,1,1,type,Ciudad_Ayala type City,337,city,ordering
factual,results/ordering/factual_ordering.json,341,[TRIPLE] Turn_Me_On_(album)  runtime  35.1 [/TRIPLE] [TRIPLE] Turn_Me_On_(album)  artist  The_Honeymoon_Killers_(American_band) [/TRIPLE] [TRIPLE] Turn_Me_On_(album)  genre  Punk_blues [/TRIPLE],3,1,2,3,runtime | artist,Turn_Me_On_(album) runtime 35.1 || Turn_Me_On_(album) artist The_Honeymoon_Killers_(American_band),341,genre music length,ordering
factual,results/ordering/factual_ordering.json,342,[TRIPLE] Bedford_Aerodrome  operatingOrganisation  MotorSport_Vision [/TRIPLE] [TRIPLE] Bedford_Aerodrome  runwayLength  1095.0 [/TRIPLE] [TRIPLE] Bedford_Aerodrome  cityServed  Bedford_Autodrome [/TRIPLE] [TRIPLE] Bedford_Aerodrome  location  Thurleigh [/TRIPLE] [TRIPLE] Bedford_Aerodrome  icaoLocationIdentifier  EGBF [/TRIPLE],5,4,1,5,icaoLocationIdentifier,Bedford_Aerodrome icaoLocationIdentifier EGBF,342,operatingOrganisation location cityServed runwayLength ICAOLocationIdentifier,ordering
factual,results/ordering/factual_ordering.json,343,[TRIPLE] Super_Capers  starring  Adam_West [/TRIPLE] [TRIPLE] Super_Capers  budget  2000000.0 [/TRIPLE] [TRIPLE] Super_Capers  writer  Ray_Griggs_(director) [/TRIPLE] [TRIPLE] Super_Capers  director  Ray_Griggs_(director) [/TRIPLE],4,3,1,3,writer,Super_Capers writer Ray_Griggs_(director),343,starring director budget,ordering
factual,results/ordering/factual_ordering.json,345,[TRIPLE] McVeagh_of_the_South_Seas  imdbId  0004319 [/TRIPLE] [TRIPLE] McVeagh_of_the_South_Seas  director  Cyril_Bruce [/TRIPLE] [TRIPLE] McVeagh_of_the_South_Seas  director  Harry_Carey_(actor_born_1878) [/TRIPLE] [TRIPLE] McVeagh_of_the_South_Seas  starring  Harry_Carey_(actor_born_1878) [/TRIPLE] [TRIPLE] McVeagh_of_the_South_Seas  writer  Harry_Carey_(actor_born_1878) [/TRIPLE] [TRIPLE] McVeagh_of_the_South_Seas  distributor  Alliance_Films_Corporation [/TRIPLE],6,5,1,6,writer,McVeagh_of_the_South_Seas writer Harry_Carey_(actor_born_1878),345,distributor starring director director starring imdbId,ordering
factual,results/ordering/factual_ordering.json,346,"[TRIPLE] Ciudad_Ayala  populationMetro  1777539 [/TRIPLE] [TRIPLE] Ciudad_Ayala  leaderTitle  ""City Manager"" [/TRIPLE] [TRIPLE] Ciudad_Ayala  type  City [/TRIPLE]",3,2,1,2,type,Ciudad_Ayala type City,346,leaderTitle populationMetro,ordering
factual,results/ordering/factual_ordering.json,347,[TRIPLE] It's_Great_to_Be_Young_(1956_film)  starring  John_Mills [/TRIPLE] [TRIPLE] It's_Great_to_Be_Young_(1956_film)  cinematography  Gilbert_Taylor [/TRIPLE] [TRIPLE] It's_Great_to_Be_Young_(1956_film)  runtime  94.0 [/TRIPLE] [TRIPLE] It's_Great_to_Be_Young_(1956_film)  gross  282838.0 [/TRIPLE],4,1,3,4,cinematography | runtime | gross,It's_Great_to_Be_Young_(1956_film) cinematography Gilbert_Taylor || It's_Great_to_Be_Young_(1956_film) runtime 94.0 || It's_Great_to_Be_Young_(1956_film) gross 282838.0,347,starring film length costgross,ordering
factual,results/ordering/factual_ordering.json,355,"[TRIPLE] Adolfo_Suárez_Madrid–Barajas_Airport  operatingOrganisation  ENAIRE [/TRIPLE] [TRIPLE] Adolfo_Suárez_Madrid–Barajas_Airport  location  Alcobendas [/TRIPLE] [TRIPLE] Adolfo_Suárez_Madrid–Barajas_Airport  runwayLength  4349.0 [/TRIPLE] [TRIPLE] ENAIRE  city  Madrid [/TRIPLE] [TRIPLE] Adolfo_Suárez_Madrid–Barajas_Airport  elevationAboveTheSeaLevel  610.0 [/TRIPLE] [TRIPLE] Adolfo_Suárez_Madrid–Barajas_Airport  runwayName  ""14L/32R"" [/TRIPLE]",6,5,1,5,city,ENAIRE city Madrid,355,location operatingOrganisation elevationAboveTheSeaLevel runwayName runwayLength,ordering
factual,results/ordering/factual_ordering.json,363,[TRIPLE] It's_Great_to_Be_Young_(1956_film)  starring  John_Mills [/TRIPLE] [TRIPLE] It's_Great_to_Be_Young_(1956_film)  cinematography  Gilbert_Taylor [/TRIPLE] [TRIPLE] It's_Great_to_Be_Young_(1956_film)  runtime  94.0 [/TRIPLE] [TRIPLE] It's_Great_to_Be_Young_(1956_film)  gross  282838.0 [/TRIPLE] [TRIPLE] It's_Great_to_Be_Young_(1956_film)  director  Cyril_Frankel [/TRIPLE] [TRIPLE] It's_Great_to_Be_Young_(1956_film)  musicComposer  Louis_Levy [/TRIPLE] [TRIPLE] It's_Great_to_Be_Young_(1956_film)  starring  Cecil_Parker [/TRIPLE],7,6,1,6,cinematography,It's_Great_to_Be_Young_(1956_film) cinematography Gilbert_Taylor,363,starring starring director musicComposer runtime gross,ordering
factual,results/ordering/factual_ordering.json,369,[TRIPLE] Turn_Me_On_(album)  runtime  35.1 [/TRIPLE] [TRIPLE] Turn_Me_On_(album)  artist  The_Honeymoon_Killers_(American_band) [/TRIPLE] [TRIPLE] Turn_Me_On_(album)  genre  Punk_blues [/TRIPLE] [TRIPLE] Turn_Me_On_(album)  producer  The_Honeymoon_Killers_(American_band) [/TRIPLE],4,1,3,3,runtime | artist | producer,Turn_Me_On_(album) runtime 35.1 || Turn_Me_On_(album) artist The_Honeymoon_Killers_(American_band) || Turn_Me_On_(album) producer The_Honeymoon_Killers_(American_band),369,genre record time,ordering
factual,results/ordering/factual_ordering.json,372,"[TRIPLE] Alan_B._Miller_Hall  architect  Robert_A._M._Stern [/TRIPLE] [TRIPLE] Alan_B._Miller_Hall  address  ""101 Ukrop Way"" [/TRIPLE] [TRIPLE] Alan_B._Miller_Hall  buildingStartDate  ""30 March 2007"" [/TRIPLE] [TRIPLE] Alan_B._Miller_Hall  currentTenants  Mason_School_of_Business [/TRIPLE] [TRIPLE] Alan_B._Miller_Hall  architecturalStyle  Georgian_architecture [/TRIPLE] [TRIPLE] Mason_School_of_Business  country  United_States [/TRIPLE] [TRIPLE] Alan_B._Miller_Hall  owner  College_of_William_&_Mary [/TRIPLE]",7,6,1,6,architect,Alan_B._Miller_Hall architect Robert_A._M._Stern,372,owner address buildingStartDate architecturalStyle currentTenants country,ordering
factual,results/ordering/factual_ordering.json,379,[TRIPLE] Nurhan_Atasoy  birthDate  1934-01-01 [/TRIPLE] [TRIPLE] Nurhan_Atasoy  residence  Istanbul [/TRIPLE] [TRIPLE] Nurhan_Atasoy  citizenship  Turkey [/TRIPLE] [TRIPLE] Nurhan_Atasoy  residence  Turkey [/TRIPLE],4,3,1,3,citizenship,Nurhan_Atasoy citizenship Turkey,379,birthDate residence residence,ordering
factual,results/ordering/factual_ordering.json,380,[TRIPLE] Liselotte_Grschebina  nationality  Israel [/TRIPLE] [TRIPLE] Liselotte_Grschebina  birthPlace  German_Empire [/TRIPLE] [TRIPLE] Liselotte_Grschebina  training  School_of_Applied_Arts_in_Stuttgart [/TRIPLE],3,2,1,2,training,Liselotte_Grschebina training School_of_Applied_Arts_in_Stuttgart,380,nationality birthPlace,ordering
factual,results/ordering/factual_ordering.json,383,[TRIPLE] Lady_Anne_Monson  birthPlace  Darlington [/TRIPLE] [TRIPLE] Lady_Anne_Monson  birthDate  1726-01-01 [/TRIPLE] [TRIPLE] Lady_Anne_Monson  deathDate  1776-02-18 [/TRIPLE] [TRIPLE] Lady_Anne_Monson  birthPlace  Kingdom_of_England [/TRIPLE] [TRIPLE] Lady_Anne_Monson  residence  India [/TRIPLE],5,4,1,4,birthPlace,Lady_Anne_Monson birthPlace Kingdom_of_England,383,birthPlace birthDate deathDate residence,ordering
factual,results/ordering/factual_ordering.json,388,"[TRIPLE] Death_on_a_Factory_Farm  producer  Tom_Simon [/TRIPLE] [TRIPLE] HBO  headquarter  New_York_City,_New_York [/TRIPLE] [TRIPLE] HBO  owner  Time_Warner [/TRIPLE] [TRIPLE] Death_on_a_Factory_Farm  broadcastedBy  HBO [/TRIPLE] [TRIPLE] Death_on_a_Factory_Farm  producer  Sarah_Teale [/TRIPLE]",5,3,2,5,producer | producer,Death_on_a_Factory_Farm producer Tom_Simon || Death_on_a_Factory_Farm producer Sarah_Teale,388,broadcastedBy owner headquarter broadcastedBy creator,ordering
factual,results/ordering/factual_ordering.json,389,[TRIPLE] Nie_Haisheng  mission  Shenzhou_10 [/TRIPLE] [TRIPLE] Nie_Haisheng  mission  Shenzhou_6 [/TRIPLE] [TRIPLE] Nie_Haisheng  birthPlace  Zaoyang [/TRIPLE],3,2,1,2,mission,Nie_Haisheng mission Shenzhou_6,389,birthPlace mission,ordering
factual,results/ordering/factual_ordering.json,392,"[TRIPLE] Mexico  currency  Mexican_peso [/TRIPLE] [TRIPLE] Mexico  demonym  Mexicans [/TRIPLE] [TRIPLE] Bionico  course  Dessert [/TRIPLE] [TRIPLE] Bionico  region  Guadalajara [/TRIPLE] [TRIPLE] Mexico  leader  Silvano_Aureoles_Conejo [/TRIPLE] [TRIPLE] Bionico  mainIngredient  ""Chopped Fruits, Sour Cream, Condensed Milk, Granola, Shredded Coconut, Raisins"" [/TRIPLE] [TRIPLE] Bionico  country  Mexico [/TRIPLE]",7,6,1,7,mainIngredient,"Bionico mainIngredient ""Chopped Fruits, Sour Cream, Condensed Milk, Granola, Shredded Coconut, Raisins""",392,leader demonym currency country course region mainIngredients,ordering
factual,results/ordering/factual_ordering.json,394,[TRIPLE] Pontiac_Rageous  manufacturer  Pontiac [/TRIPLE] [TRIPLE] Pontiac  parentCompany  General_Motors [/TRIPLE] [TRIPLE] Pontiac_Rageous  assembly  Michigan [/TRIPLE] [TRIPLE] Pontiac_Rageous  assembly  Detroit [/TRIPLE],4,3,1,3,assembly,Pontiac_Rageous assembly Detroit,394,parentCompany manufacturer assembly,ordering
factual,results/ordering/factual_ordering.json,395,[TRIPLE] Liselotte_Grschebina  deathDate  1994-06-14 [/TRIPLE] [TRIPLE] Liselotte_Grschebina  birthDate  1908-05-02 [/TRIPLE] [TRIPLE] Liselotte_Grschebina  professionalField  Photographer [/TRIPLE],3,2,1,2,professionalField,Liselotte_Grschebina professionalField Photographer,395,birthDate deathDate,ordering
factual,results/ordering/factual_ordering.json,405,"[TRIPLE] Acharya_Institute_of_Technology  campus  ""In Soldevanahalli, Acharya Dr. Sarvapalli Radhakrishnan Road, Hessarghatta Main Road, Bangalore – 560090."" [/TRIPLE] [TRIPLE] All_India_Council_for_Technical_Education  location  Mumbai [/TRIPLE] [TRIPLE] Acharya_Institute_of_Technology  director  ""Dr. G. P. Prabhukumar"" [/TRIPLE] [TRIPLE] Bangalore  founder  Kempe_Gowda_I [/TRIPLE] [TRIPLE] Acharya_Institute_of_Technology  city  Bangalore [/TRIPLE] [TRIPLE] Acharya_Institute_of_Technology  established  2000 [/TRIPLE] [TRIPLE] Acharya_Institute_of_Technology  wasGivenTheTechnicalCampusStatusBy  All_India_Council_for_Technical_Education [/TRIPLE]",7,5,2,5,location | city,All_India_Council_for_Technical_Education location Mumbai || Acharya_Institute_of_Technology city Bangalore,405,campus established director wasGivenTheTechnicalCampusStatusBy founder,ordering
factual,results/ordering/factual_ordering.json,408,[TRIPLE] Death_on_a_Factory_Farm  producer  Sarah_Teale [/TRIPLE] [TRIPLE] Death_on_a_Factory_Farm  runtime  83.0 [/TRIPLE],2,0,2,2,producer | runtime,Death_on_a_Factory_Farm producer Sarah_Teale || Death_on_a_Factory_Farm runtime 83.0,408,production time,ordering
factual,results/ordering/factual_ordering.json,411,[TRIPLE] Nie_Haisheng  birthPlace  Zaoyang [/TRIPLE] [TRIPLE] Nie_Haisheng  birthPlace  Hubei [/TRIPLE] [TRIPLE] Nie_Haisheng  mission  Shenzhou_10 [/TRIPLE] [TRIPLE] Nie_Haisheng  mission  Shenzhou_6 [/TRIPLE] [TRIPLE] Nie_Haisheng  nationality  People's_Republic_of_China [/TRIPLE] [TRIPLE] Nie_Haisheng  birthDate  1964-10-13 [/TRIPLE],6,5,1,5,mission,Nie_Haisheng mission Shenzhou_6,411,nationality birthPlace birthPlace birthDate mission,ordering
factual,results/ordering/factual_ordering.json,414,[TRIPLE] Nurhan_Atasoy  birthDate  1934-01-01 [/TRIPLE] [TRIPLE] Nurhan_Atasoy  residence  Istanbul [/TRIPLE] [TRIPLE] Nurhan_Atasoy  citizenship  Turkey [/TRIPLE] [TRIPLE] Nurhan_Atasoy  birthPlace  Turkey [/TRIPLE] [TRIPLE] Nurhan_Atasoy  residence  Turkey [/TRIPLE],5,3,2,3,citizenship | residence,Nurhan_Atasoy citizenship Turkey || Nurhan_Atasoy residence Turkey,414,birthPlace birthDate residence,ordering
factual,results/ordering/factual_ordering.json,422,[TRIPLE] English_Without_Tears  releaseDate  1944-07-28 [/TRIPLE] [TRIPLE] English_Without_Tears  editing  Alan_Jaggs [/TRIPLE] [TRIPLE] English_Without_Tears  producer  Anatole_de_Grunwald [/TRIPLE] [TRIPLE] English_Without_Tears  writer  Anatole_de_Grunwald [/TRIPLE] [TRIPLE] English_Without_Tears  cinematography  Bernard_Knowles [/TRIPLE],5,2,3,5,editing | producer | writer,English_Without_Tears editing Alan_Jaggs || English_Without_Tears producer Anatole_de_Grunwald || English_Without_Tears writer Anatole_de_Grunwald,422,production director editor cinematography releaseDate,ordering
factual,results/ordering/factual_ordering.json,425,[TRIPLE] Liselotte_Grschebina  training  School_of_Applied_Arts_in_Stuttgart [/TRIPLE] [TRIPLE] Liselotte_Grschebina  birthDate  1908-05-02 [/TRIPLE],2,1,1,2,training,Liselotte_Grschebina training School_of_Applied_Arts_in_Stuttgart,425,birthDate occupation,ordering
factual,results/ordering/factual_ordering.json,431,[TRIPLE] Darinka_Dentcheva  citizenship  United_States [/TRIPLE] [TRIPLE] United_States  leader  John_Roberts [/TRIPLE],2,1,1,2,citizenship,Darinka_Dentcheva citizenship United_States,431,leader country,ordering
factual,results/ordering/factual_ordering.json,433,[TRIPLE] Bedford_Aerodrome  operatingOrganisation  MotorSport_Vision [/TRIPLE] [TRIPLE] Bedford_Aerodrome  runwayLength  1095.0 [/TRIPLE] [TRIPLE] Bedford_Aerodrome  cityServed  Bedford_Autodrome [/TRIPLE] [TRIPLE] Bedford_Aerodrome  location  Thurleigh [/TRIPLE] [TRIPLE] Bedford_Aerodrome  icaoLocationIdentifier  EGBF [/TRIPLE] [TRIPLE] Bedford_Aerodrome  elevationAboveTheSeaLevel  83.2104 [/TRIPLE] [TRIPLE] Bedford_Aerodrome  runwaySurfaceType  Concrete [/TRIPLE],7,6,1,7,icaoLocationIdentifier,Bedford_Aerodrome icaoLocationIdentifier EGBF,433,cityServed location operatingOrganisation elevationAboveTheSeaLevel runwayLength runwaySurfaceType ICAOLocationIdentifier,ordering
factual,results/ordering/factual_ordering.json,438,[TRIPLE] Nurhan_Atasoy  birthPlace  Reşadiye [/TRIPLE] [TRIPLE] Reşadiye  isPartOf  Tokat_Province [/TRIPLE] [TRIPLE] Turkey  areaTotal  783356.0 [/TRIPLE] [TRIPLE] Nurhan_Atasoy  birthPlace  Turkey [/TRIPLE],4,3,1,3,birthPlace,Nurhan_Atasoy birthPlace Turkey,438,birthPlace isPartOf areaTotal,ordering
factual,results/ordering/factual_ordering.json,441,[TRIPLE] Liselotte_Grschebina  nationality  Israel [/TRIPLE] [TRIPLE] Israel  populationDensity  387.63 [/TRIPLE] [TRIPLE] German_Empire  foundingDate  1871-01-01 [/TRIPLE] [TRIPLE] Liselotte_Grschebina  birthPlace  German_Empire [/TRIPLE] [TRIPLE] Liselotte_Grschebina  professionalField  Photographer [/TRIPLE],5,3,2,5,foundingDate | professionalField,German_Empire foundingDate 1871-01-01 || Liselotte_Grschebina professionalField Photographer,441,birthPlace birthDate nationality occupation populationDensity,ordering
factual,results/ordering/factual_ordering.json,447,[TRIPLE] Mermaid_(Train_song)  genre  Pop_rock [/TRIPLE] [TRIPLE] Mermaid_(Train_song)  releaseDate  2012-12-27 [/TRIPLE] [TRIPLE] Mermaid_(Train_song)  precededBy  This'll_Be_My_Year [/TRIPLE] [TRIPLE] Mermaid_(Train_song)  writer  Espen_Lind [/TRIPLE] [TRIPLE] Mermaid_(Train_song)  runtime  3.16 [/TRIPLE] [TRIPLE] Mermaid_(Train_song)  genre  Reggae [/TRIPLE],6,4,2,5,writer | runtime,Mermaid_(Train_song) writer Espen_Lind || Mermaid_(Train_song) runtime 3.16,447,precededBy genre genre author releaseDate,ordering
factual,results/ordering/factual_ordering.json,450,[TRIPLE] Liselotte_Grschebina  birthPlace  Karlsruhe [/TRIPLE] [TRIPLE] Liselotte_Grschebina  birthDate  1908-05-02 [/TRIPLE] [TRIPLE] Liselotte_Grschebina  deathDate  1994-06-14 [/TRIPLE] [TRIPLE] Liselotte_Grschebina  deathPlace  Israel [/TRIPLE] [TRIPLE] Liselotte_Grschebina  nationality  Israel [/TRIPLE] [TRIPLE] Liselotte_Grschebina  birthPlace  German_Empire [/TRIPLE] [TRIPLE] Liselotte_Grschebina  professionalField  Photographer [/TRIPLE],7,5,2,5,birthPlace | professionalField,Liselotte_Grschebina birthPlace German_Empire || Liselotte_Grschebina professionalField Photographer,450,birthPlace birthDate deathPlace nationality deathDate,ordering
factual,results/ordering/factual_ordering.json,452,[TRIPLE] English_Without_Tears  writer  Anatole_de_Grunwald [/TRIPLE] [TRIPLE] English_Without_Tears  writer  Terence_Rattigan [/TRIPLE],2,0,2,2,writer | writer,English_Without_Tears writer Anatole_de_Grunwald || English_Without_Tears writer Terence_Rattigan,452,author author,ordering
factual,results/ordering/factual_ordering.json,453,[TRIPLE] Bootleg_Series_Volume_1:_The_Quine_Tapes  recordedIn  San_Francisco [/TRIPLE] [TRIPLE] San_Francisco  utcOffset  &minus;7 [/TRIPLE] [TRIPLE] Bootleg_Series_Volume_1:_The_Quine_Tapes  recordedIn  United_States [/TRIPLE] [TRIPLE] United_States  areaTotal  9833520000000.0 [/TRIPLE],4,3,1,3,recordedIn,Bootleg_Series_Volume_1:_The_Quine_Tapes recordedIn United_States,453,areaTotal utcOffset recordedIn,ordering
factual,results/ordering/factual_ordering.json,465,[TRIPLE] Expect_a_Miracle  artist  Brian_Kelly_(composer_&_pianist) [/TRIPLE] [TRIPLE] Expect_a_Miracle  runtime  54.56 [/TRIPLE] [TRIPLE] Expect_a_Miracle  genre  Instrumental_music [/TRIPLE] [TRIPLE] Expect_a_Miracle  followedBy  Afterplay_(Brian_Kelly_album) [/TRIPLE] [TRIPLE] Expect_a_Miracle  genre  Easy_listening [/TRIPLE],5,4,1,4,artist,Expect_a_Miracle artist Brian_Kelly_(composer_&_pianist),465,genre followedBy genre runtime,ordering
factual,results/ordering/factual_ordering.json,467,[TRIPLE] Darinka_Dentcheva  professionalField  Mathematical_optimization [/TRIPLE],1,0,1,1,professionalField,Darinka_Dentcheva professionalField Mathematical_optimization,467,professionField,ordering
factual,results/ordering/factual_ordering.json,468,[TRIPLE] Mermaid_(Train_song)  releaseDate  2012-12-27 [/TRIPLE] [TRIPLE] Mermaid_(Train_song)  precededBy  This'll_Be_My_Year [/TRIPLE] [TRIPLE] Mermaid_(Train_song)  writer  Espen_Lind [/TRIPLE] [TRIPLE] Mermaid_(Train_song)  genre  Reggae [/TRIPLE],4,3,1,4,writer,Mermaid_(Train_song) writer Espen_Lind,468,precededBy genre author releaseDate,ordering
factual,results/ordering/factual_ordering.json,469,[TRIPLE] GMA_New_Media  location  Philippines [/TRIPLE] [TRIPLE] Quezon_City  leaderParty  Liberal_Party_(Philippines) [/TRIPLE] [TRIPLE] GMA_New_Media  location  Quezon_City [/TRIPLE] [TRIPLE] GMA_New_Media  product  World_Wide_Web [/TRIPLE] [TRIPLE] Philippines  foundingDate  1898-06-12 [/TRIPLE],5,4,1,4,location,GMA_New_Media location Quezon_City,469,foundingDate location leaderParty product,ordering
factual,results/ordering/factual_ordering.json,479,"[TRIPLE] Ciudad_Ayala  populationMetro  1777539 [/TRIPLE] [TRIPLE] Ciudad_Ayala  leaderTitle  ""City Manager"" [/TRIPLE] [TRIPLE] Ciudad_Ayala  type  City [/TRIPLE] [TRIPLE] Ciudad_Ayala  populationDensity  1604.0 [/TRIPLE] [TRIPLE] Ciudad_Ayala  governmentType  Council-manager_government [/TRIPLE] [TRIPLE] Ciudad_Ayala  utcOffset  −6 [/TRIPLE] [TRIPLE] Ciudad_Ayala  country  Mexico [/TRIPLE]",7,6,1,7,type,Ciudad_Ayala type City,479,leaderTitle governmentType location country populationMetro populationDensity utcOffset,ordering
factual,results/ordering/factual_ordering.json,500,[TRIPLE] Death_on_a_Factory_Farm  director  Tom_Simon [/TRIPLE] [TRIPLE] Death_on_a_Factory_Farm  producer  Tom_Simon [/TRIPLE] [TRIPLE] Death_on_a_Factory_Farm  broadcastedBy  HBO [/TRIPLE] [TRIPLE] Death_on_a_Factory_Farm  editor  Geof_Bartz [/TRIPLE] [TRIPLE] Death_on_a_Factory_Farm  musicComposer  Jamie_Lawrence [/TRIPLE] [TRIPLE] Death_on_a_Factory_Farm  runtime  83.0 [/TRIPLE] [TRIPLE] Death_on_a_Factory_Farm  producer  Sarah_Teale [/TRIPLE],7,6,1,6,producer,Death_on_a_Factory_Farm producer Sarah_Teale,500,broadcastedBy musicComposer runtime editor director producer,ordering
factual,results/ordering/factual_ordering.json,503,[TRIPLE] Expect_a_Miracle  type  Compilation_Album [/TRIPLE] [TRIPLE] Expect_a_Miracle  precededBy  Pools_of_Light_(Brian_Kelly_album) [/TRIPLE] [TRIPLE] Expect_a_Miracle  followedBy  Afterplay_(Brian_Kelly_album) [/TRIPLE],3,2,1,2,type,Expect_a_Miracle type Compilation_Album,503,precededBy followedBy,ordering
factual,results/ordering/factual_ordering.json,512,[TRIPLE] Nurhan_Atasoy  citizenship  Turkey [/TRIPLE] [TRIPLE] Istanbul  timeZone  Eastern_European_Summer_Time [/TRIPLE] [TRIPLE] Istanbul  timeZone  Eastern_European_Time [/TRIPLE] [TRIPLE] Nurhan_Atasoy  birthDate  1934-01-01 [/TRIPLE] [TRIPLE] Nurhan_Atasoy  residence  Istanbul [/TRIPLE],5,4,1,4,citizenship,Nurhan_Atasoy citizenship Turkey,512,birthDate residence timeZone timeZone,ordering
factual,results/ordering/factual_ordering.json,513,[TRIPLE] Expect_a_Miracle  producer  Brian_Kelly_(composer_&_pianist) [/TRIPLE] [TRIPLE] Expect_a_Miracle  genre  Instrumental_music [/TRIPLE],2,1,1,2,producer,Expect_a_Miracle producer Brian_Kelly_(composer_&_pianist),513,genre creator,ordering
factual,results/ordering/factual_ordering.json,514,[TRIPLE] Death_on_a_Factory_Farm  director  Tom_Simon [/TRIPLE] [TRIPLE] Death_on_a_Factory_Farm  producer  Tom_Simon [/TRIPLE] [TRIPLE] Death_on_a_Factory_Farm  producer  Sarah_Teale [/TRIPLE] [TRIPLE] Death_on_a_Factory_Farm  director  Sarah_Teale [/TRIPLE],4,3,1,3,producer,Death_on_a_Factory_Farm producer Sarah_Teale,514,director director producer,ordering
factual,results/ordering/factual_ordering.json,515,[TRIPLE] Expect_a_Miracle  producer  Brian_Kelly_(composer_&_pianist) [/TRIPLE] [TRIPLE] Expect_a_Miracle  runtime  54.56 [/TRIPLE] [TRIPLE] Expect_a_Miracle  precededBy  Pools_of_Light_(Brian_Kelly_album) [/TRIPLE] [TRIPLE] Expect_a_Miracle  genre  Instrumental_music [/TRIPLE],4,2,2,4,producer | runtime,Expect_a_Miracle producer Brian_Kelly_(composer_&_pianist) || Expect_a_Miracle runtime 54.56,515,genre precededBy record time,ordering
factual,results/ordering/factual_ordering.json,522,[TRIPLE] Terence_Rattigan  imdbId  0711905 [/TRIPLE],1,0,1,1,imdbId,Terence_Rattigan imdbId 0711905,522,isdbId,ordering
factual,results/ordering/factual_ordering.json,525,[TRIPLE] English_Without_Tears  releaseDate  1944-07-28 [/TRIPLE] [TRIPLE] English_Without_Tears  producer  Anatole_de_Grunwald [/TRIPLE] [TRIPLE] English_Without_Tears  writer  Anatole_de_Grunwald [/TRIPLE] [TRIPLE] English_Without_Tears  cinematography  Bernard_Knowles [/TRIPLE] [TRIPLE] English_Without_Tears  writer  Terence_Rattigan [/TRIPLE] [TRIPLE] English_Without_Tears  runtime  89.0 [/TRIPLE],6,1,5,5,producer | writer | cinematography | writer | runtime,English_Without_Tears producer Anatole_de_Grunwald || English_Without_Tears writer Anatole_de_Grunwald || English_Without_Tears cinematography Bernard_Knowles || English_Without_Tears writer Terence_Rattigan || English_Without_Tears runtime 89.0,525,director director distributor releaseDate timeruntime,ordering
factual,results/ordering/factual_ordering.json,528,"[TRIPLE] Acharya_Institute_of_Technology  campus  ""In Soldevanahalli, Acharya Dr. Sarvapalli Radhakrishnan Road, Hessarghatta Main Road, Bangalore – 560090."" [/TRIPLE] [TRIPLE] All_India_Council_for_Technical_Education  location  Mumbai [/TRIPLE] [TRIPLE] Acharya_Institute_of_Technology  director  ""Dr. G. P. Prabhukumar"" [/TRIPLE] [TRIPLE] Bangalore  founder  Kempe_Gowda_I [/TRIPLE] [TRIPLE] Acharya_Institute_of_Technology  affiliation  Visvesvaraya_Technological_University [/TRIPLE] [TRIPLE] Acharya_Institute_of_Technology  city  Bangalore [/TRIPLE] [TRIPLE] Acharya_Institute_of_Technology  wasGivenTheTechnicalCampusStatusBy  All_India_Council_for_Technical_Education [/TRIPLE]",7,5,2,5,location | city,All_India_Council_for_Technical_Education location Mumbai || Acharya_Institute_of_Technology city Bangalore,528,campus director affiliation wasGivenTheTechnicalCampusStatusBy founder,ordering
factual,results/ordering/factual_ordering.json,531,[TRIPLE] Lady_Anne_Monson  birthPlace  Darlington [/TRIPLE] [TRIPLE] Lady_Anne_Monson  birthDate  1726-01-01 [/TRIPLE] [TRIPLE] Lady_Anne_Monson  deathDate  1776-02-18 [/TRIPLE] [TRIPLE] Lady_Anne_Monson  residence  India [/TRIPLE],4,3,1,3,residence,Lady_Anne_Monson residence India,531,birthPlace birthDate deathDate,ordering
factual,results/ordering/factual_ordering.json,534,[TRIPLE] Trane  foundingDate  1913-01-01 [/TRIPLE] [TRIPLE] Trane  numberOfEmployees  29000 [/TRIPLE] [TRIPLE] Trane  product  HVAC [/TRIPLE] [TRIPLE] Trane  industry  Building_materials [/TRIPLE],4,3,1,3,industry,Trane industry Building_materials,534,foundingDate numberOfEmployees product,ordering
factual,results/ordering/factual_ordering.json,535,[TRIPLE] Mermaid_(Train_song)  recordLabel  Columbia_Records [/TRIPLE] [TRIPLE] Mermaid_(Train_song)  recordLabel  Sony_Music_Entertainment [/TRIPLE] [TRIPLE] Mermaid_(Train_song)  runtime  3.16 [/TRIPLE] [TRIPLE] Mermaid_(Train_song)  genre  Reggae [/TRIPLE] [TRIPLE] Mermaid_(Train_song)  followedBy  Imagine_(John_Lennon_song) [/TRIPLE] [TRIPLE] Mermaid_(Train_song)  producer  Espionage_(production_team) [/TRIPLE],6,4,2,4,runtime | producer,Mermaid_(Train_song) runtime 3.16 || Mermaid_(Train_song) producer Espionage_(production_team),535,genre followedBy recordLabel recordLabel,ordering
factual,results/ordering/factual_ordering.json,536,[TRIPLE] Mermaid_(Train_song)  followedBy  Imagine_(John_Lennon_song) [/TRIPLE] [TRIPLE] Mermaid_(Train_song)  producer  Espionage_(production_team) [/TRIPLE] [TRIPLE] Mermaid_(Train_song)  album  California_37_(Train_album) [/TRIPLE] [TRIPLE] Mermaid_(Train_song)  writer  Pat_Monahan [/TRIPLE] [TRIPLE] Mermaid_(Train_song)  format  Music_download [/TRIPLE],5,2,3,4,producer | writer | format,Mermaid_(Train_song) producer Espionage_(production_team) || Mermaid_(Train_song) writer Pat_Monahan || Mermaid_(Train_song) format Music_download,536,followedBy music_download album creator,ordering
factual,results/ordering/factual_ordering.json,537,[TRIPLE] McVeagh_of_the_South_Seas  producer  The_Progressive_Motion_Picture_Company [/TRIPLE],1,0,1,1,producer,McVeagh_of_the_South_Seas producer The_Progressive_Motion_Picture_Company,537,creator,ordering
factual,results/ordering/factual_ordering.json,543,"[TRIPLE] Olga_Bondareva  birthPlace  Leningrad,_USSR [/TRIPLE] [TRIPLE] Olga_Bondareva  birthName  ""Olga Nikolaevna Bondareva"" [/TRIPLE] [TRIPLE] Olga_Bondareva  deathDate  1991-12-09 [/TRIPLE] [TRIPLE] Olga_Bondareva  professionalField  Economics [/TRIPLE] [TRIPLE] Olga_Bondareva  professionalField  Mathematics [/TRIPLE]",5,3,2,3,professionalField | professionalField,Olga_Bondareva professionalField Economics || Olga_Bondareva professionalField Mathematics,543,birthPlace birthName deathDate,ordering
factual,results/ordering/factual_ordering.json,549,[TRIPLE] It's_Great_to_Be_Young_(1956_film)  editing  Max_Benedict [/TRIPLE] [TRIPLE] Max_Benedict  activeYearsStartYear  1947-01-01 [/TRIPLE] [TRIPLE] It's_Great_to_Be_Young_(1956_film)  runtime  94.0 [/TRIPLE] [TRIPLE] It's_Great_to_Be_Young_(1956_film)  director  Cyril_Frankel [/TRIPLE],4,3,1,4,editing,It's_Great_to_Be_Young_(1956_film) editing Max_Benedict,549,activeYearsStartYear editor director runtime,ordering
factual,results/ordering/factual_ordering.json,551,"[TRIPLE] Buzz_Aldrin  birthPlace  Glen_Ridge,_New_Jersey [/TRIPLE] [TRIPLE] Buzz_Aldrin  mission  Apollo_11 [/TRIPLE]",2,1,1,2,mission,Buzz_Aldrin mission Apollo_11,551,birthPlace crew,ordering
factual,results/ordering/factual_ordering.json,561,[TRIPLE] McVeagh_of_the_South_Seas  imdbId  0004319 [/TRIPLE] [TRIPLE] McVeagh_of_the_South_Seas  starring  Harry_Carey_(actor_born_1878) [/TRIPLE] [TRIPLE] McVeagh_of_the_South_Seas  writer  Harry_Carey_(actor_born_1878) [/TRIPLE] [TRIPLE] McVeagh_of_the_South_Seas  producer  The_Progressive_Motion_Picture_Company [/TRIPLE] [TRIPLE] McVeagh_of_the_South_Seas  distributor  Alliance_Films_Corporation [/TRIPLE],5,2,3,4,imdbId | writer | producer,McVeagh_of_the_South_Seas imdbId 0004319 || McVeagh_of_the_South_Seas writer Harry_Carey_(actor_born_1878) || McVeagh_of_the_South_Seas producer The_Progressive_Motion_Picture_Company,561,distributor starring creator isdbId,ordering
factual,results/ordering/factual_ordering.json,562,[TRIPLE] Nord_(Year_of_No_Light_album)  genre  Sludge_metal [/TRIPLE] [TRIPLE] Nord_(Year_of_No_Light_album)  producer  Year_of_No_Light [/TRIPLE] [TRIPLE] Nord_(Year_of_No_Light_album)  genre  Post-metal [/TRIPLE] [TRIPLE] Nord_(Year_of_No_Light_album)  releaseDate  2006-09-06 [/TRIPLE] [TRIPLE] Nord_(Year_of_No_Light_album)  runtime  58.41 [/TRIPLE] [TRIPLE] Nord_(Year_of_No_Light_album)  precededBy  Demo_2004_(Year_of_No_Light_album) [/TRIPLE],6,4,2,6,producer | runtime,Nord_(Year_of_No_Light_album) producer Year_of_No_Light || Nord_(Year_of_No_Light_album) runtime 58.41,562,precededBy genre genre recordLabel releaseDate time,ordering
factual,results/ordering/factual_ordering.json,567,[TRIPLE] Turn_Me_On_(album)  producer  Wharton_Tiers [/TRIPLE] [TRIPLE] Take_It_Off!  followedBy  'Til_Death_Do_Us_Part_(EP) [/TRIPLE] [TRIPLE] Turn_Me_On_(album)  followedBy  Take_It_Off! [/TRIPLE] [TRIPLE] Take_It_Off!  producer  The_Honeymoon_Killers_(American_band) [/TRIPLE],4,3,1,3,producer,Take_It_Off! producer The_Honeymoon_Killers_(American_band),567,followedBy followedBy producer,ordering
factual,results/ordering/factual_ordering.json,569,"[TRIPLE] Acharya_Institute_of_Technology  campus  ""In Soldevanahalli, Acharya Dr. Sarvapalli Radhakrishnan Road, Hessarghatta Main Road, Bangalore – 560090."" [/TRIPLE] [TRIPLE] Acharya_Institute_of_Technology  affiliation  Visvesvaraya_Technological_University [/TRIPLE] [TRIPLE] Acharya_Institute_of_Technology  established  2000 [/TRIPLE] [TRIPLE] Acharya_Institute_of_Technology  state  Karnataka [/TRIPLE]",4,3,1,3,state,Acharya_Institute_of_Technology state Karnataka,569,campus established affiliation,ordering
factual,results/ordering/factual_ordering.json,570,"[TRIPLE] Acharya_Institute_of_Technology  campus  ""In Soldevanahalli, Acharya Dr. Sarvapalli Radhakrishnan Road, Hessarghatta Main Road, Bangalore – 560090."" [/TRIPLE] [TRIPLE] Acharya_Institute_of_Technology  city  Bangalore [/TRIPLE]",2,1,1,1,city,Acharya_Institute_of_Technology city Bangalore,570,campus,ordering
factual,results/ordering/factual_ordering.json,571,[TRIPLE] Chinabank  foundationPlace  Manila [/TRIPLE] [TRIPLE] Manila  type  Capital_city [/TRIPLE] [TRIPLE] Chinabank  type  Public_company [/TRIPLE] [TRIPLE] Chinabank  foundationPlace  Insular_Government_of_the_Philippine_Islands [/TRIPLE],4,2,2,3,type | type,Manila type Capital_city || Chinabank type Public_company,571,foundationPlace foundationPlace capital_city,ordering
factual,results/ordering/factual_ordering.json,574,[TRIPLE] Brandon_Carter  professionalField  General_relativity [/TRIPLE] [TRIPLE] Brandon_Carter  knownFor  Carter_constant [/TRIPLE] [TRIPLE] Brandon_Carter  knownFor  No-hair_theorem [/TRIPLE] [TRIPLE] Brandon_Carter  doctoralAdvisor  Dennis_William_Sciama [/TRIPLE] [TRIPLE] Brandon_Carter  birthPlace  England [/TRIPLE] [TRIPLE] Brandon_Carter  almaMater  University_of_Cambridge [/TRIPLE],6,5,1,6,professionalField,Brandon_Carter professionalField General_relativity,574,birthPlace almaMater doctoralAdvisor profession knownFor knownFor,ordering
factual,results/ordering/factual_ordering.json,576,[TRIPLE] It's_Great_to_Be_Young_(1956_film)  starring  John_Mills [/TRIPLE] [TRIPLE] It's_Great_to_Be_Young_(1956_film)  cinematography  Gilbert_Taylor [/TRIPLE] [TRIPLE] It's_Great_to_Be_Young_(1956_film)  runtime  94.0 [/TRIPLE] [TRIPLE] It's_Great_to_Be_Young_(1956_film)  gross  282838.0 [/TRIPLE] [TRIPLE] It's_Great_to_Be_Young_(1956_film)  director  Cyril_Frankel [/TRIPLE] [TRIPLE] It's_Great_to_Be_Young_(1956_film)  musicComposer  Louis_Levy [/TRIPLE] [TRIPLE] It's_Great_to_Be_Young_(1956_film)  writer  Ted_Willis [/TRIPLE],7,4,3,6,cinematography | gross | writer,It's_Great_to_Be_Young_(1956_film) cinematography Gilbert_Taylor || It's_Great_to_Be_Young_(1956_film) gross 282838.0 || It's_Great_to_Be_Young_(1956_film) writer Ted_Willis,576,starring director starring runtime musicComposer grosses,ordering
factual,results/ordering/factual_ordering.json,586,[TRIPLE] Nie_Haisheng  birthPlace  Zaoyang [/TRIPLE] [TRIPLE] Nie_Haisheng  birthPlace  Hubei [/TRIPLE] [TRIPLE] Nie_Haisheng  mission  Shenzhou_10 [/TRIPLE] [TRIPLE] Nie_Haisheng  mission  Shenzhou_6 [/TRIPLE] [TRIPLE] Nie_Haisheng  nationality  People's_Republic_of_China [/TRIPLE],5,4,1,4,mission,Nie_Haisheng mission Shenzhou_6,586,nationality birthPlace birthPlace mission,ordering
factual,results/ordering/factual_ordering.json,588,[TRIPLE] Nie_Haisheng  mission  Shenzhou_10 [/TRIPLE] [TRIPLE] Nie_Haisheng  mission  Shenzhou_6 [/TRIPLE] [TRIPLE] Nie_Haisheng  birthPlace  Zaoyang [/TRIPLE] [TRIPLE] Zaoyang  isPartOf  Hubei [/TRIPLE] [TRIPLE] Zaoyang  isPartOf  Xiangyang [/TRIPLE],5,4,1,4,mission,Nie_Haisheng mission Shenzhou_6,588,birthPlace isPartOf isPartOf mission,ordering
factual,results/ordering/factual_ordering.json,589,[TRIPLE] Brandon_Carter  professionalField  General_relativity [/TRIPLE] [TRIPLE] Brandon_Carter  knownFor  Carter_constant [/TRIPLE],2,1,1,2,professionalField,Brandon_Carter professionalField General_relativity,589,professionField knownFor,ordering
factual,results/ordering/factual_ordering.json,590,[TRIPLE] Expect_a_Miracle  artist  Brian_Kelly_(composer_&_pianist) [/TRIPLE] [TRIPLE] Expect_a_Miracle  type  Compilation_Album [/TRIPLE] [TRIPLE] Expect_a_Miracle  runtime  54.56 [/TRIPLE] [TRIPLE] Expect_a_Miracle  precededBy  Pools_of_Light_(Brian_Kelly_album) [/TRIPLE],4,3,1,4,artist,Expect_a_Miracle artist Brian_Kelly_(composer_&_pianist),590,precededBy genre type runtime,ordering
factual,results/ordering/factual_ordering.json,593,[TRIPLE] Lady_Anne_Monson  birthPlace  Darlington [/TRIPLE] [TRIPLE] Kingdom_of_England  dissolutionYear  1707 [/TRIPLE] [TRIPLE] Darlington  gridReference  NZ289147 [/TRIPLE] [TRIPLE] Lady_Anne_Monson  birthPlace  Kingdom_of_England [/TRIPLE] [TRIPLE] Lady_Anne_Monson  nationality  Kingdom_of_England [/TRIPLE],5,3,2,4,dissolutionYear | gridReference,Kingdom_of_England dissolutionYear 1707 || Darlington gridReference NZ289147,593,birthPlace birthPlace nationality desolutionYear,ordering
factual,results/ordering/factual_ordering.json,594,[TRIPLE] Brandon_Carter  professionalField  General_relativity [/TRIPLE] [TRIPLE] Brandon_Carter  knownFor  Carter_constant [/TRIPLE] [TRIPLE] Brandon_Carter  knownFor  No-hair_theorem [/TRIPLE] [TRIPLE] Brandon_Carter  doctoralAdvisor  Dennis_William_Sciama [/TRIPLE] [TRIPLE] Brandon_Carter  birthDate  1942-01-01 [/TRIPLE],5,4,1,5,professionalField,Brandon_Carter professionalField General_relativity,594,birthDate doctoralAdvisor profession knownFor knownFor,ordering
factual,results/ordering/factual_ordering.json,599,[TRIPLE] Ciudad_Ayala  type  City [/TRIPLE] [TRIPLE] Ciudad_Ayala  leaderTitle  Governator [/TRIPLE] [TRIPLE] Ciudad_Ayala  isPartOf  Morelos [/TRIPLE] [TRIPLE] Ciudad_Ayala  country  Mexico [/TRIPLE] [TRIPLE] Ciudad_Ayala  elevationAboveTheSeaLevel  1147.0 [/TRIPLE] [TRIPLE] Ciudad_Ayala  timeZone  Pacific_Daylight_Time [/TRIPLE] [TRIPLE] Ciudad_Ayala  populationDensity  1604.0 [/TRIPLE],7,6,1,6,type,Ciudad_Ayala type City,599,isPartOf country leaderTitle elevationAboveTheSeaLevel populationDensity timeZone,ordering
factual,results/ordering/factual_ordering.json,601,[TRIPLE] Super_Capers  editing  Stacy_Katzman [/TRIPLE] [TRIPLE] Super_Capers  starring  Michael_Rooker [/TRIPLE] [TRIPLE] Super_Capers  starring  Tom_Sizemore [/TRIPLE] [TRIPLE] Super_Capers  language  English_language [/TRIPLE] [TRIPLE] Super_Capers  runtime  98.0 [/TRIPLE] [TRIPLE] Super_Capers  distributor  Roadside_Attractions [/TRIPLE],6,4,2,5,editing | runtime,Super_Capers editing Stacy_Katzman || Super_Capers runtime 98.0,601,distributor language language starring starring,ordering
factual,results/ordering/factual_ordering.json,604,[TRIPLE] Bootleg_Series_Volume_1:_The_Quine_Tapes  artist  The_Velvet_Underground [/TRIPLE] [TRIPLE] Bootleg_Series_Volume_1:_The_Quine_Tapes  producer  The_Velvet_Underground [/TRIPLE] [TRIPLE] Bootleg_Series_Volume_1:_The_Quine_Tapes  runtime  230.05 [/TRIPLE] [TRIPLE] Bootleg_Series_Volume_1:_The_Quine_Tapes  genre  Rock_music [/TRIPLE] [TRIPLE] Bootleg_Series_Volume_1:_The_Quine_Tapes  precededBy  Squeeze_(The_Velvet_Underground_album) [/TRIPLE] [TRIPLE] Bootleg_Series_Volume_1:_The_Quine_Tapes  recordLabel  Polydor_Records [/TRIPLE],6,3,3,4,artist | producer | runtime,Bootleg_Series_Volume_1:_The_Quine_Tapes artist The_Velvet_Underground || Bootleg_Series_Volume_1:_The_Quine_Tapes producer The_Velvet_Underground || Bootleg_Series_Volume_1:_The_Quine_Tapes runtime 230.05,604,genre recordLabel precededBy recordLabel,ordering
factual,results/ordering/factual_ordering.json,606,"[TRIPLE] Olga_Bondareva  almaMater  Leningrad_State_University [/TRIPLE] [TRIPLE] Olga_Bondareva  birthPlace  Leningrad,_USSR [/TRIPLE] [TRIPLE] Olga_Bondareva  professionalField  Economics [/TRIPLE] [TRIPLE] Olga_Bondareva  professionalField  Mathematics [/TRIPLE]",4,2,2,3,professionalField | professionalField,Olga_Bondareva professionalField Economics || Olga_Bondareva professionalField Mathematics,606,birthPlace almaMater professionField,ordering
factual,results/ordering/factual_ordering.json,609,[TRIPLE] Mermaid_(Train_song)  genre  Reggae [/TRIPLE] [TRIPLE] Mermaid_(Train_song)  followedBy  Imagine_(John_Lennon_song) [/TRIPLE] [TRIPLE] Mermaid_(Train_song)  producer  Espionage_(production_team) [/TRIPLE] [TRIPLE] Mermaid_(Train_song)  album  California_37_(Train_album) [/TRIPLE] [TRIPLE] Mermaid_(Train_song)  format  Music_download [/TRIPLE],5,2,3,3,producer | album | format,Mermaid_(Train_song) producer Espionage_(production_team) || Mermaid_(Train_song) album California_37_(Train_album) || Mermaid_(Train_song) format Music_download,609,genre followedBy music_download,ordering
factual,results/ordering/factual_ordering.json,623,[TRIPLE] Bedford_Aerodrome  runwayLength  1095.0 [/TRIPLE] [TRIPLE] Bedford_Aerodrome  location  Thurleigh [/TRIPLE] [TRIPLE] Bedford_Aerodrome  icaoLocationIdentifier  EGBF [/TRIPLE] [TRIPLE] Bedford_Aerodrome  elevationAboveTheSeaLevel  83.2104 [/TRIPLE],4,3,1,4,icaoLocationIdentifier,Bedford_Aerodrome icaoLocationIdentifier EGBF,623,location elevationAboveTheSeaLevel runwayLength ICAOLocationIdentifier,ordering
factual,results/ordering/factual_ordering.json,631,[TRIPLE] Bootleg_Series_Volume_1:_The_Quine_Tapes  precededBy  Squeeze_(The_Velvet_Underground_album) [/TRIPLE] [TRIPLE] Bootleg_Series_Volume_1:_The_Quine_Tapes  recordedIn  San_Francisco [/TRIPLE] [TRIPLE] Bootleg_Series_Volume_1:_The_Quine_Tapes  releaseDate  2001-10-16 [/TRIPLE] [TRIPLE] Bootleg_Series_Volume_1:_The_Quine_Tapes  runtime  230.05 [/TRIPLE],4,1,3,3,recordedIn | releaseDate | runtime,Bootleg_Series_Volume_1:_The_Quine_Tapes recordedIn San_Francisco || Bootleg_Series_Volume_1:_The_Quine_Tapes releaseDate 2001-10-16 || Bootleg_Series_Volume_1:_The_Quine_Tapes runtime 230.05,631,precededBy recordIn recordDate,ordering
factual,results/ordering/factual_ordering.json,635,[TRIPLE] Bootleg_Series_Volume_1:_The_Quine_Tapes  producer  The_Velvet_Underground [/TRIPLE] [TRIPLE] Bootleg_Series_Volume_1:_The_Quine_Tapes  genre  Rock_music [/TRIPLE] [TRIPLE] The_Velvet_Underground  genre  Proto-punk [/TRIPLE],3,2,1,3,producer,Bootleg_Series_Volume_1:_The_Quine_Tapes producer The_Velvet_Underground,635,genre publisher genre,ordering
factual,results/ordering/factual_ordering.json,643,[TRIPLE] Nord_(Year_of_No_Light_album)  genre  Sludge_metal [/TRIPLE] [TRIPLE] Nord_(Year_of_No_Light_album)  artist  Year_of_No_Light [/TRIPLE] [TRIPLE] Nord_(Year_of_No_Light_album)  genre  Post-metal [/TRIPLE] [TRIPLE] Nord_(Year_of_No_Light_album)  releaseDate  2006-09-06 [/TRIPLE] [TRIPLE] Nord_(Year_of_No_Light_album)  runtime  58.41 [/TRIPLE] [TRIPLE] Nord_(Year_of_No_Light_album)  precededBy  Demo_2004_(Year_of_No_Light_album) [/TRIPLE],6,4,2,6,artist | runtime,Nord_(Year_of_No_Light_album) artist Year_of_No_Light || Nord_(Year_of_No_Light_album) runtime 58.41,643,precededBy genre genre recordLabel releaseDate time,ordering
factual,results/ordering/factual_ordering.json,644,[TRIPLE] Nord_(Year_of_No_Light_album)  releaseDate  2006-09-06 [/TRIPLE] [TRIPLE] Nord_(Year_of_No_Light_album)  followedBy  Live_at_Roadburn_2008_(Year_of_No_Light_album) [/TRIPLE] [TRIPLE] Nord_(Year_of_No_Light_album)  producer  Year_of_No_Light [/TRIPLE] [TRIPLE] Nord_(Year_of_No_Light_album)  artist  Year_of_No_Light [/TRIPLE] [TRIPLE] Nord_(Year_of_No_Light_album)  recordLabel  Crucial_Blast [/TRIPLE],5,3,2,3,producer | artist,Nord_(Year_of_No_Light_album) producer Year_of_No_Light || Nord_(Year_of_No_Light_album) artist Year_of_No_Light,644,followedBy recordLabel releaseDate,ordering
factual,results/ordering/factual_ordering.json,646,[TRIPLE] Liselotte_Grschebina  birthPlace  Karlsruhe [/TRIPLE] [TRIPLE] Liselotte_Grschebina  birthDate  1908-05-02 [/TRIPLE] [TRIPLE] Liselotte_Grschebina  deathDate  1994-06-14 [/TRIPLE] [TRIPLE] Liselotte_Grschebina  deathPlace  Israel [/TRIPLE] [TRIPLE] Liselotte_Grschebina  nationality  Israel [/TRIPLE] [TRIPLE] Liselotte_Grschebina  birthPlace  German_Empire [/TRIPLE] [TRIPLE] Liselotte_Grschebina  deathPlace  Petah_Tikva [/TRIPLE],7,5,2,5,birthPlace | deathPlace,Liselotte_Grschebina birthPlace German_Empire || Liselotte_Grschebina deathPlace Petah_Tikva,646,birthPlace birthDate deathPlace deathDate nationality,ordering
factual,results/ordering/factual_ordering.json,651,[TRIPLE] Nord_(Year_of_No_Light_album)  releaseDate  2006-09-06 [/TRIPLE] [TRIPLE] Nord_(Year_of_No_Light_album)  followedBy  Live_at_Roadburn_2008_(Year_of_No_Light_album) [/TRIPLE] [TRIPLE] Nord_(Year_of_No_Light_album)  genre  Sludge_metal [/TRIPLE] [TRIPLE] Nord_(Year_of_No_Light_album)  producer  Year_of_No_Light [/TRIPLE],4,3,1,3,producer,Nord_(Year_of_No_Light_album) producer Year_of_No_Light,651,genre followedBy releaseDate,ordering
factual,results/ordering/factual_ordering.json,652,"[TRIPLE] Alan_Shepard  birthDate  ""1923-11-18"" [/TRIPLE] [TRIPLE] Alan_Shepard  nationality  United_States [/TRIPLE] [TRIPLE] Alan_Shepard  servedAsChiefOfTheAstronautOfficeIn  1963 [/TRIPLE] [TRIPLE] Alan_Shepard  deathPlace  California [/TRIPLE] [TRIPLE] Alan_Shepard  birthPlace  New_Hampshire [/TRIPLE] [TRIPLE] Alan_Shepard  status  ""Deceased"" [/TRIPLE] [TRIPLE] Alan_Shepard  award  Distinguished_Service_Medal_(United_States_Navy) [/TRIPLE]",7,6,1,6,status,"Alan_Shepard status ""Deceased""",652,birthDate birthPlace nationality servedAsChiefOfTheAstronautOfficeIn award deathPlace,ordering
factual,results/ordering/factual_ordering.json,656,[TRIPLE] Nurhan_Atasoy  residence  Istanbul [/TRIPLE] [TRIPLE] Nurhan_Atasoy  citizenship  Turkey [/TRIPLE] [TRIPLE] Nurhan_Atasoy  nationality  Turkish_people [/TRIPLE] [TRIPLE] Nurhan_Atasoy  residence  Turkey [/TRIPLE] [TRIPLE] Nurhan_Atasoy  award  State_Award_for_Superior_Achievement [/TRIPLE],5,4,1,4,citizenship,Nurhan_Atasoy citizenship Turkey,656,nationality residence residence award,ordering
factual,results/ordering/factual_ordering.json,657,[TRIPLE] It's_Great_to_Be_Young_(1956_film)  starring  John_Mills [/TRIPLE] [TRIPLE] It's_Great_to_Be_Young_(1956_film)  runtime  94.0 [/TRIPLE] [TRIPLE] It's_Great_to_Be_Young_(1956_film)  musicComposer  Louis_Levy [/TRIPLE] [TRIPLE] It's_Great_to_Be_Young_(1956_film)  starring  Cecil_Parker [/TRIPLE] [TRIPLE] It's_Great_to_Be_Young_(1956_film)  writer  Ted_Willis [/TRIPLE] [TRIPLE] It's_Great_to_Be_Young_(1956_film)  editing  Max_Benedict [/TRIPLE],6,4,2,5,writer | editing,It's_Great_to_Be_Young_(1956_film) writer Ted_Willis || It's_Great_to_Be_Young_(1956_film) editing Max_Benedict,657,starring starring musicComposer runtime editor,ordering
factual,results/ordering/factual_ordering.json,658,[TRIPLE] Bedford_Aerodrome  operatingOrganisation  MotorSport_Vision [/TRIPLE] [TRIPLE] Bedford_Aerodrome  runwayLength  1095.0 [/TRIPLE] [TRIPLE] Bedford_Aerodrome  cityServed  Bedford_Autodrome [/TRIPLE] [TRIPLE] Bedford_Aerodrome  location  Thurleigh [/TRIPLE] [TRIPLE] Bedford_Aerodrome  icaoLocationIdentifier  EGBF [/TRIPLE] [TRIPLE] Bedford_Aerodrome  runwaySurfaceType  Concrete [/TRIPLE],6,5,1,6,icaoLocationIdentifier,Bedford_Aerodrome icaoLocationIdentifier EGBF,658,operatingOrganisation location cityServed runwayLength runwaySurfaceType ICAOLocationIdentifier,ordering
factual,results/ordering/factual_ordering.json,665,[TRIPLE] McVeagh_of_the_South_Seas  director  Cyril_Bruce [/TRIPLE] [TRIPLE] McVeagh_of_the_South_Seas  writer  Harry_Carey_(actor_born_1878) [/TRIPLE],2,1,1,2,writer,McVeagh_of_the_South_Seas writer Harry_Carey_(actor_born_1878),665,director author,ordering
factual,results/ordering/factual_ordering.json,673,[TRIPLE] English_Without_Tears  runtime  89.0 [/TRIPLE] [TRIPLE] English_Without_Tears  musicComposer  Nicholas_Brodszky [/TRIPLE] [TRIPLE] English_Without_Tears  releaseDate  1944-07-28 [/TRIPLE] [TRIPLE] English_Without_Tears  producer  Anatole_de_Grunwald [/TRIPLE],4,3,1,3,producer,English_Without_Tears producer Anatole_de_Grunwald,673,musicComposer releaseDate runtime,ordering
factual,results/ordering/factual_ordering.json,680,[TRIPLE] Liselotte_Grschebina  nationality  Israel [/TRIPLE] [TRIPLE] German_Empire  foundingDate  1871-01-01 [/TRIPLE] [TRIPLE] Liselotte_Grschebina  birthPlace  German_Empire [/TRIPLE] [TRIPLE] Liselotte_Grschebina  professionalField  Photographer [/TRIPLE],4,3,1,3,professionalField,Liselotte_Grschebina professionalField Photographer,680,nationality birthPlace foundingDate,ordering
factual,results/ordering/factual_ordering.json,689,"[TRIPLE] Bootleg_Series_Volume_1:_The_Quine_Tapes  recordedIn  United_States [/TRIPLE] [TRIPLE] Bootleg_Series_Volume_1:_The_Quine_Tapes  recordedIn  St._Louis,_Missouri [/TRIPLE] [TRIPLE] Bootleg_Series_Volume_1:_The_Quine_Tapes  precededBy  Squeeze_(The_Velvet_Underground_album) [/TRIPLE] [TRIPLE] Bootleg_Series_Volume_1:_The_Quine_Tapes  releaseDate  2001-10-16 [/TRIPLE] [TRIPLE] Bootleg_Series_Volume_1:_The_Quine_Tapes  runtime  230.05 [/TRIPLE]",5,2,3,4,recordedIn | recordedIn | runtime,"Bootleg_Series_Volume_1:_The_Quine_Tapes recordedIn United_States || Bootleg_Series_Volume_1:_The_Quine_Tapes recordedIn St._Louis,_Missouri || Bootleg_Series_Volume_1:_The_Quine_Tapes runtime 230.05",689,precededBy recordIn recordDate releaseDate,ordering
factual,results/ordering/factual_ordering.json,690,[TRIPLE] Nord_(Year_of_No_Light_album)  releaseDate  2006-09-06 [/TRIPLE] [TRIPLE] Nord_(Year_of_No_Light_album)  followedBy  Live_at_Roadburn_2008_(Year_of_No_Light_album) [/TRIPLE] [TRIPLE] Nord_(Year_of_No_Light_album)  artist  Year_of_No_Light [/TRIPLE],3,2,1,2,artist,Nord_(Year_of_No_Light_album) artist Year_of_No_Light,690,followedBy releaseDate,ordering
factual,results/ordering/factual_ordering.json,692,[TRIPLE] Mermaid_(Train_song)  releaseDate  2012-12-27 [/TRIPLE] [TRIPLE] Mermaid_(Train_song)  precededBy  This'll_Be_My_Year [/TRIPLE] [TRIPLE] Mermaid_(Train_song)  writer  Espen_Lind [/TRIPLE] [TRIPLE] Mermaid_(Train_song)  runtime  3.16 [/TRIPLE],4,3,1,4,writer,Mermaid_(Train_song) writer Espen_Lind,692,precededBy author releaseDate runtime,ordering
factual,results/ordering/factual_ordering.json,698,[TRIPLE] Expect_a_Miracle  runtime  54.56 [/TRIPLE] [TRIPLE] Expect_a_Miracle  type  Compilation_Album [/TRIPLE] [TRIPLE] Expect_a_Miracle  precededBy  Pools_of_Light_(Brian_Kelly_album) [/TRIPLE] [TRIPLE] Expect_a_Miracle  genre  Instrumental_music [/TRIPLE],4,2,2,4,runtime | type,Expect_a_Miracle runtime 54.56 || Expect_a_Miracle type Compilation_Album,698,genre precededBy genre time,ordering
factual,results/ordering/factual_ordering.json,701,"[TRIPLE] Bootleg_Series_Volume_1:_The_Quine_Tapes  recordedIn  United_States [/TRIPLE] [TRIPLE] Bootleg_Series_Volume_1:_The_Quine_Tapes  recordedIn  St._Louis,_Missouri [/TRIPLE] [TRIPLE] Bootleg_Series_Volume_1:_The_Quine_Tapes  genre  Rock_music [/TRIPLE] [TRIPLE] Bootleg_Series_Volume_1:_The_Quine_Tapes  precededBy  Squeeze_(The_Velvet_Underground_album) [/TRIPLE] [TRIPLE] Bootleg_Series_Volume_1:_The_Quine_Tapes  releaseDate  2001-10-16 [/TRIPLE] [TRIPLE] Bootleg_Series_Volume_1:_The_Quine_Tapes  runtime  230.05 [/TRIPLE]",6,3,3,5,recordedIn | recordedIn | runtime,"Bootleg_Series_Volume_1:_The_Quine_Tapes recordedIn United_States || Bootleg_Series_Volume_1:_The_Quine_Tapes recordedIn St._Louis,_Missouri || Bootleg_Series_Volume_1:_The_Quine_Tapes runtime 230.05",701,genre recordIn recordIn precededBy releaseDate,ordering
factual,results/ordering/factual_ordering.json,705,[TRIPLE] Nurhan_Atasoy  citizenship  Turkey [/TRIPLE] [TRIPLE] Turkey  capital  Ankara [/TRIPLE] [TRIPLE] Nurhan_Atasoy  birthDate  1934-01-01 [/TRIPLE] [TRIPLE] Nurhan_Atasoy  award  State_Award_for_Superior_Achievement [/TRIPLE] [TRIPLE] Turkey  officialLanguage  Turkish_language [/TRIPLE],5,4,1,4,citizenship,Nurhan_Atasoy citizenship Turkey,705,birthDate award capital officialLanguage,ordering
factual,results/ordering/factual_ordering.json,706,[TRIPLE] Darinka_Dentcheva  influencedBy  Andrzej_Piotr_Ruszczyński [/TRIPLE] [TRIPLE] Darinka_Dentcheva  citizenship  United_States [/TRIPLE] [TRIPLE] Darinka_Dentcheva  birthDate  1958-01-01 [/TRIPLE] [TRIPLE] Darinka_Dentcheva  professionalField  Mathematical_optimization [/TRIPLE] [TRIPLE] Darinka_Dentcheva  knownFor  Stochastic_programming [/TRIPLE] [TRIPLE] Darinka_Dentcheva  residence  New_Jersey [/TRIPLE],6,4,2,5,citizenship | professionalField,Darinka_Dentcheva citizenship United_States || Darinka_Dentcheva professionalField Mathematical_optimization,706,birthDate residence influencedBy professionField knownFor,ordering
factual,results/ordering/factual_ordering.json,707,[TRIPLE] Bootleg_Series_Volume_1:_The_Quine_Tapes  artist  The_Velvet_Underground [/TRIPLE] [TRIPLE] Bootleg_Series_Volume_1:_The_Quine_Tapes  producer  The_Velvet_Underground [/TRIPLE] [TRIPLE] Bootleg_Series_Volume_1:_The_Quine_Tapes  recordedIn  United_States [/TRIPLE],3,2,1,3,recordedIn,Bootleg_Series_Volume_1:_The_Quine_Tapes recordedIn United_States,707,recordIn artist producer,ordering
factual,results/ordering/factual_ordering.json,708,[TRIPLE] Lady_Anne_Monson  birthPlace  Darlington [/TRIPLE] [TRIPLE] Lady_Anne_Monson  birthDate  1726-01-01 [/TRIPLE] [TRIPLE] Lady_Anne_Monson  deathDate  1776-02-18 [/TRIPLE] [TRIPLE] Lady_Anne_Monson  birthPlace  Kingdom_of_England [/TRIPLE] [TRIPLE] Lady_Anne_Monson  nationality  Kingdom_of_England [/TRIPLE] [TRIPLE] Lady_Anne_Monson  residence  India [/TRIPLE] [TRIPLE] Lady_Anne_Monson  spouse  George_Monson [/TRIPLE],7,6,1,6,birthPlace,Lady_Anne_Monson birthPlace Kingdom_of_England,708,birthPlace birthDate deathDate nationality residence spouse,ordering
factual,results/ordering/factual_ordering.json,709,[TRIPLE] Liselotte_Grschebina  birthPlace  Karlsruhe [/TRIPLE] [TRIPLE] Liselotte_Grschebina  birthDate  1908-05-02 [/TRIPLE] [TRIPLE] Liselotte_Grschebina  deathDate  1994-06-14 [/TRIPLE] [TRIPLE] Liselotte_Grschebina  deathPlace  Israel [/TRIPLE] [TRIPLE] Liselotte_Grschebina  training  School_of_Applied_Arts_in_Stuttgart [/TRIPLE],5,4,1,4,training,Liselotte_Grschebina training School_of_Applied_Arts_in_Stuttgart,709,birthPlace birthDate deathPlace deathDate,ordering
factual,results/ordering/factual_ordering.json,712,[TRIPLE] The_Velvet_Underground  associatedBand/associatedMusicalArtist  Theatre_of_Eternal_Music [/TRIPLE] [TRIPLE] Bootleg_Series_Volume_1:_The_Quine_Tapes  producer  The_Velvet_Underground [/TRIPLE],2,1,1,2,producer,Bootleg_Series_Volume_1:_The_Quine_Tapes producer The_Velvet_Underground,712,associatedBand/associatedMusicalArtist production,ordering
factual,results/ordering/factual_ordering.json,718,[TRIPLE] McVeagh_of_the_South_Seas  imdbId  0004319 [/TRIPLE] [TRIPLE] McVeagh_of_the_South_Seas  writer  Harry_Carey_(actor_born_1878) [/TRIPLE],2,1,1,2,writer,McVeagh_of_the_South_Seas writer Harry_Carey_(actor_born_1878),718,author imdbId,ordering
factual,results/ordering/factual_ordering.json,730,[TRIPLE] English_Without_Tears  musicComposer  Nicholas_Brodszky [/TRIPLE] [TRIPLE] English_Without_Tears  director  Harold_French [/TRIPLE] [TRIPLE] English_Without_Tears  cinematography  Bernard_Knowles [/TRIPLE] [TRIPLE] English_Without_Tears  producer  Anatole_de_Grunwald [/TRIPLE],4,3,1,3,producer,English_Without_Tears producer Anatole_de_Grunwald,730,musicComposer director cinematography,ordering
factual,results/ordering/factual_ordering.json,731,[TRIPLE] Lady_Anne_Monson  birthPlace  Darlington [/TRIPLE] [TRIPLE] Lady_Anne_Monson  birthDate  1726-01-01 [/TRIPLE] [TRIPLE] Lady_Anne_Monson  deathDate  1776-02-18 [/TRIPLE] [TRIPLE] Lady_Anne_Monson  birthPlace  Kingdom_of_England [/TRIPLE] [TRIPLE] Lady_Anne_Monson  nationality  Kingdom_of_England [/TRIPLE] [TRIPLE] Lady_Anne_Monson  residence  India [/TRIPLE],6,5,1,5,birthPlace,Lady_Anne_Monson birthPlace Kingdom_of_England,731,birthPlace birthDate deathDate nationality residence,ordering
factual,results/ordering/factual_ordering.json,732,[TRIPLE] Turn_Me_On_(album)  runtime  35.1 [/TRIPLE] [TRIPLE] Turn_Me_On_(album)  artist  The_Honeymoon_Killers_(American_band) [/TRIPLE] [TRIPLE] Turn_Me_On_(album)  producer  The_Honeymoon_Killers_(American_band) [/TRIPLE] [TRIPLE] Turn_Me_On_(album)  precededBy  Let_It_Breed [/TRIPLE] [TRIPLE] Turn_Me_On_(album)  producer  Wharton_Tiers [/TRIPLE],5,1,4,3,runtime | artist | producer | producer,Turn_Me_On_(album) runtime 35.1 || Turn_Me_On_(album) artist The_Honeymoon_Killers_(American_band) || Turn_Me_On_(album) producer The_Honeymoon_Killers_(American_band) || Turn_Me_On_(album) producer Wharton_Tiers,732,precededBy record length,ordering
factual,results/ordering/factual_ordering.json,736,[TRIPLE] Nurhan_Atasoy  residence  Istanbul [/TRIPLE] [TRIPLE] Istanbul  utcOffset  +2 [/TRIPLE] [TRIPLE] Nurhan_Atasoy  citizenship  Turkey [/TRIPLE] [TRIPLE] Turkey  demonym  Turk [/TRIPLE],4,3,1,3,citizenship,Nurhan_Atasoy citizenship Turkey,736,demonym residence utcOffset,ordering
factual,results/ordering/factual_ordering.json,738,[TRIPLE] Turn_Me_On_(album)  producer  The_Honeymoon_Killers_(American_band) [/TRIPLE] [TRIPLE] Wharton_Tiers  birthDate  1953-01-01 [/TRIPLE] [TRIPLE] Turn_Me_On_(album)  producer  Wharton_Tiers [/TRIPLE],3,2,1,2,producer,Turn_Me_On_(album) producer Wharton_Tiers,738,birthDate producer,ordering
factual,results/ordering/factual_ordering.json,741,[TRIPLE] Super_Capers  editing  Stacy_Katzman [/TRIPLE] [TRIPLE] Super_Capers  language  English_language [/TRIPLE] [TRIPLE] Super_Capers  runtime  98.0 [/TRIPLE] [TRIPLE] Super_Capers  distributor  Roadside_Attractions [/TRIPLE] [TRIPLE] Super_Capers  distributor  Lionsgate [/TRIPLE] [TRIPLE] Super_Capers  budget  2000000.0 [/TRIPLE] [TRIPLE] Super_Capers  writer  Ray_Griggs_(director) [/TRIPLE],7,4,3,6,editing | distributor | writer,Super_Capers editing Stacy_Katzman || Super_Capers distributor Lionsgate || Super_Capers writer Ray_Griggs_(director),741,language director editor budget runtime distributor,ordering
factual,results/ordering/factual_ordering.json,742,[TRIPLE] Lady_Anne_Monson  residence  India [/TRIPLE] [TRIPLE] India  demonym  Indian [/TRIPLE] [TRIPLE] India  populationTotal  1293057000 [/TRIPLE] [TRIPLE] Lady_Anne_Monson  birthDate  1726-01-01 [/TRIPLE] [TRIPLE] Lady_Anne_Monson  professionalField  Botany [/TRIPLE],5,4,1,4,professionalField,Lady_Anne_Monson professionalField Botany,742,birthDate residence demonym populationTotal,ordering
factual,results/ordering/factual_ordering.json,745,"[TRIPLE] Alan_Shepard  birthDate  ""1923-11-18"" [/TRIPLE] [TRIPLE] Alan_Shepard  nationality  United_States [/TRIPLE] [TRIPLE] Alan_Shepard  servedAsChiefOfTheAstronautOfficeIn  1963 [/TRIPLE] [TRIPLE] Alan_Shepard  deathPlace  California [/TRIPLE] [TRIPLE] Alan_Shepard  selectedByNasa  1959 [/TRIPLE] [TRIPLE] Alan_Shepard  birthPlace  New_Hampshire [/TRIPLE] [TRIPLE] Alan_Shepard  almaMater  ""NWC, M.A. 1957"" [/TRIPLE]",7,6,1,6,selectedByNasa,Alan_Shepard selectedByNasa 1959,745,nationality birthDate birthPlace almaMater servedAsChiefOfTheAstronautOfficeIn deathPlace,ordering
factual,results/ordering/factual_ordering.json,747,"[TRIPLE] Alan_Shepard  birthDate  ""1923-11-18"" [/TRIPLE] [TRIPLE] Alan_Shepard  nationality  United_States [/TRIPLE] [TRIPLE] Alan_Shepard  servedAsChiefOfTheAstronautOfficeIn  1963 [/TRIPLE] [TRIPLE] Alan_Shepard  deathPlace  California [/TRIPLE] [TRIPLE] Alan_Shepard  birthPlace  New_Hampshire [/TRIPLE] [TRIPLE] Alan_Shepard  mission  Apollo_14 [/TRIPLE] [TRIPLE] Alan_Shepard  award  Distinguished_Service_Medal_(United_States_Navy) [/TRIPLE]",7,5,2,5,mission | award,Alan_Shepard mission Apollo_14 || Alan_Shepard award Distinguished_Service_Medal_(United_States_Navy),747,birthDate birthPlace nationality servedAsChiefOfTheAstronautOfficeIn deathPlace,ordering
factual,results/ordering/factual_ordering.json,748,[TRIPLE] Turn_Me_On_(album)  runtime  35.1 [/TRIPLE] [TRIPLE] Turn_Me_On_(album)  artist  The_Honeymoon_Killers_(American_band) [/TRIPLE] [TRIPLE] Turn_Me_On_(album)  producer  The_Honeymoon_Killers_(American_band) [/TRIPLE],3,1,2,3,runtime | producer,Turn_Me_On_(album) runtime 35.1 || Turn_Me_On_(album) producer The_Honeymoon_Killers_(American_band),748,artist production time,ordering
factual,results/ordering/factual_ordering.json,750,[TRIPLE] It's_Great_to_Be_Young_(1956_film)  starring  John_Mills [/TRIPLE] [TRIPLE] It's_Great_to_Be_Young_(1956_film)  cinematography  Gilbert_Taylor [/TRIPLE] [TRIPLE] It's_Great_to_Be_Young_(1956_film)  gross  282838.0 [/TRIPLE],3,1,2,4,cinematography | gross,It's_Great_to_Be_Young_(1956_film) cinematography Gilbert_Taylor || It's_Great_to_Be_Young_(1956_film) gross 282838.0,750,starring film director grosses,ordering
factual,results/ordering/factual_ordering.json,753,"[TRIPLE] Bootleg_Series_Volume_1:_The_Quine_Tapes  artist  The_Velvet_Underground [/TRIPLE] [TRIPLE] Bootleg_Series_Volume_1:_The_Quine_Tapes  producer  The_Velvet_Underground [/TRIPLE] [TRIPLE] Bootleg_Series_Volume_1:_The_Quine_Tapes  runtime  230.05 [/TRIPLE] [TRIPLE] Bootleg_Series_Volume_1:_The_Quine_Tapes  recordedIn  United_States [/TRIPLE] [TRIPLE] Bootleg_Series_Volume_1:_The_Quine_Tapes  recordedIn  St._Louis,_Missouri [/TRIPLE] [TRIPLE] Bootleg_Series_Volume_1:_The_Quine_Tapes  genre  Rock_music [/TRIPLE] [TRIPLE] Bootleg_Series_Volume_1:_The_Quine_Tapes  precededBy  Squeeze_(The_Velvet_Underground_album) [/TRIPLE]",7,2,5,5,artist | producer | runtime | recordedIn | recordedIn,"Bootleg_Series_Volume_1:_The_Quine_Tapes artist The_Velvet_Underground || Bootleg_Series_Volume_1:_The_Quine_Tapes producer The_Velvet_Underground || Bootleg_Series_Volume_1:_The_Quine_Tapes runtime 230.05 || Bootleg_Series_Volume_1:_The_Quine_Tapes recordedIn United_States || Bootleg_Series_Volume_1:_The_Quine_Tapes recordedIn St._Louis,_Missouri",753,genre precededBy recordIn country recordTime,ordering
factual,results/ordering/factual_ordering.json,754,[TRIPLE] McVeagh_of_the_South_Seas  director  Harry_Carey_(actor_born_1878) [/TRIPLE] [TRIPLE] McVeagh_of_the_South_Seas  distributor  Alliance_Films_Corporation [/TRIPLE] [TRIPLE] McVeagh_of_the_South_Seas  director  Gregory_Allen [/TRIPLE] [TRIPLE] McVeagh_of_the_South_Seas  imdbId  0004319 [/TRIPLE],4,3,1,4,imdbId,McVeagh_of_the_South_Seas imdbId 0004319,754,distributor director director isdbId,ordering
factual,results/ordering/factual_ordering.json,755,[TRIPLE] Brandon_Carter  professionalField  General_relativity [/TRIPLE] [TRIPLE] Brandon_Carter  doctoralAdvisor  Dennis_William_Sciama [/TRIPLE] [TRIPLE] Brandon_Carter  birthPlace  England [/TRIPLE] [TRIPLE] Brandon_Carter  birthDate  1942-01-01 [/TRIPLE],4,3,1,4,professionalField,Brandon_Carter professionalField General_relativity,755,birthPlace birthDate doctoralAdvisor profession,ordering
factual,results/ordering/factual_ordering.json,761,[TRIPLE] The_Honeymoon_Killers_(American_band)  associatedBand/associatedMusicalArtist  Pussy_Galore_(band) [/TRIPLE] [TRIPLE] Turn_Me_On_(album)  producer  The_Honeymoon_Killers_(American_band) [/TRIPLE],2,1,1,2,producer,Turn_Me_On_(album) producer The_Honeymoon_Killers_(American_band),761,associatedBand/associatedMusicalArtist production,ordering
factual,results/ordering/factual_ordering.json,763,[TRIPLE] Liselotte_Grschebina  nationality  Israel [/TRIPLE] [TRIPLE] Israel  areaTotal  20769100000.0 [/TRIPLE] [TRIPLE] Israel  officialLanguage  Modern_Standard_Arabic [/TRIPLE] [TRIPLE] Liselotte_Grschebina  birthPlace  German_Empire [/TRIPLE] [TRIPLE] Liselotte_Grschebina  training  School_of_Applied_Arts_in_Stuttgart [/TRIPLE],5,4,1,4,training,Liselotte_Grschebina training School_of_Applied_Arts_in_Stuttgart,763,birthPlace nationality officialLanguage areaTotal,ordering
factual,results/ordering/factual_ordering.json,766,[TRIPLE] Mermaid_(Train_song)  runtime  3.16 [/TRIPLE] [TRIPLE] Mermaid_(Train_song)  genre  Reggae [/TRIPLE] [TRIPLE] Mermaid_(Train_song)  writer  Amund_Bjørklund [/TRIPLE] [TRIPLE] Mermaid_(Train_song)  writer  Stargate_(production_team) [/TRIPLE] [TRIPLE] Mermaid_(Train_song)  followedBy  Imagine_(John_Lennon_song) [/TRIPLE],5,3,2,4,writer | writer,Mermaid_(Train_song) writer Amund_Bjørklund || Mermaid_(Train_song) writer Stargate_(production_team),766,genre followedBy runtime author,ordering
factual,results/ordering/factual_ordering.json,767,"[TRIPLE] Acharya_Institute_of_Technology  campus  ""In Soldevanahalli, Acharya Dr. Sarvapalli Radhakrishnan Road, Hessarghatta Main Road, Bangalore – 560090."" [/TRIPLE] [TRIPLE] All_India_Council_for_Technical_Education  location  Mumbai [/TRIPLE] [TRIPLE] Acharya_Institute_of_Technology  director  ""Dr. G. P. Prabhukumar"" [/TRIPLE] [TRIPLE] Acharya_Institute_of_Technology  affiliation  Visvesvaraya_Technological_University [/TRIPLE] [TRIPLE] Acharya_Institute_of_Technology  wasGivenTheTechnicalCampusStatusBy  All_India_Council_for_Technical_Education [/TRIPLE] [TRIPLE] Acharya_Institute_of_Technology  state  Karnataka [/TRIPLE]",6,5,1,5,state,Acharya_Institute_of_Technology state Karnataka,767,campus director affiliation wasGivenTheTechnicalCampusStatusBy location,ordering
factual,results/ordering/factual_ordering.json,769,"[TRIPLE] Acharya_Institute_of_Technology  campus  ""In Soldevanahalli, Acharya Dr. Sarvapalli Radhakrishnan Road, Hessarghatta Main Road, Bangalore – 560090."" [/TRIPLE] [TRIPLE] All_India_Council_for_Technical_Education  location  Mumbai [/TRIPLE] [TRIPLE] Acharya_Institute_of_Technology  director  ""Dr. G. P. Prabhukumar"" [/TRIPLE] [TRIPLE] Acharya_Institute_of_Technology  affiliation  Visvesvaraya_Technological_University [/TRIPLE] [TRIPLE] Acharya_Institute_of_Technology  wasGivenTheTechnicalCampusStatusBy  All_India_Council_for_Technical_Education [/TRIPLE] [TRIPLE] Acharya_Institute_of_Technology  numberOfPostgraduateStudents  700 [/TRIPLE]",6,5,1,5,location,All_India_Council_for_Technical_Education location Mumbai,769,campus affiliation wasGivenTheTechnicalCampusStatusBy director numberOfPostgraduateStudents,ordering
factual,results/ordering/factual_ordering.json,771,[TRIPLE] Mermaid_(Train_song)  writer  Espen_Lind [/TRIPLE] [TRIPLE] Mermaid_(Train_song)  writer  Amund_Bjørklund [/TRIPLE] [TRIPLE] Mermaid_(Train_song)  followedBy  Imagine_(John_Lennon_song) [/TRIPLE] [TRIPLE] Mermaid_(Train_song)  producer  Espionage_(production_team) [/TRIPLE] [TRIPLE] Mermaid_(Train_song)  album  California_37_(Train_album) [/TRIPLE] [TRIPLE] Mermaid_(Train_song)  format  Music_download [/TRIPLE],6,1,5,4,writer | writer | producer | album | format,Mermaid_(Train_song) writer Espen_Lind || Mermaid_(Train_song) writer Amund_Bjørklund || Mermaid_(Train_song) producer Espionage_(production_team) || Mermaid_(Train_song) album California_37_(Train_album) || Mermaid_(Train_song) format Music_download,771,followedBy author author production_team,ordering
factual,results/ordering/factual_ordering.json,776,[TRIPLE] Anatole_de_Grunwald  birthDate  1910-12-25 [/TRIPLE] [TRIPLE] English_Without_Tears  writer  Anatole_de_Grunwald [/TRIPLE] [TRIPLE] English_Without_Tears  writer  Terence_Rattigan [/TRIPLE],3,1,2,2,writer | writer,English_Without_Tears writer Anatole_de_Grunwald || English_Without_Tears writer Terence_Rattigan,776,birthDate author,ordering
factual,results/ordering/factual_ordering.json,779,[TRIPLE] Nord_(Year_of_No_Light_album)  followedBy  Live_at_Roadburn_2008_(Year_of_No_Light_album) [/TRIPLE] [TRIPLE] Nord_(Year_of_No_Light_album)  producer  Year_of_No_Light [/TRIPLE],2,1,1,1,producer,Nord_(Year_of_No_Light_album) producer Year_of_No_Light,779,followedBy,ordering
factual,results/ordering/factual_ordering.json,783,[TRIPLE] Bootleg_Series_Volume_1:_The_Quine_Tapes  artist  The_Velvet_Underground [/TRIPLE] [TRIPLE] Bootleg_Series_Volume_1:_The_Quine_Tapes  runtime  230.05 [/TRIPLE] [TRIPLE] Bootleg_Series_Volume_1:_The_Quine_Tapes  recordedIn  United_States [/TRIPLE],3,1,2,3,artist | recordedIn,Bootleg_Series_Volume_1:_The_Quine_Tapes artist The_Velvet_Underground || Bootleg_Series_Volume_1:_The_Quine_Tapes recordedIn United_States,783,recordIn recordArtist runtime,ordering
factual,results/ordering/factual_ordering.json,786,[TRIPLE] Liselotte_Grschebina  nationality  Israel [/TRIPLE] [TRIPLE] Liselotte_Grschebina  training  School_of_Applied_Arts_in_Stuttgart [/TRIPLE] [TRIPLE] Liselotte_Grschebina  deathDate  1994-06-14 [/TRIPLE],3,2,1,2,training,Liselotte_Grschebina training School_of_Applied_Arts_in_Stuttgart,786,nationality deathDate,ordering
factual,results/ordering/factual_ordering.json,787,[TRIPLE] Super_Capers  writer  Ray_Griggs_(director) [/TRIPLE],1,0,1,1,writer,Super_Capers writer Ray_Griggs_(director),787,director,ordering
factual,results/ordering/factual_ordering.json,789,[TRIPLE] Expect_a_Miracle  producer  Brian_Kelly_(composer_&_pianist) [/TRIPLE] [TRIPLE] Expect_a_Miracle  runtime  54.56 [/TRIPLE] [TRIPLE] Expect_a_Miracle  artist  Brian_Kelly_(composer_&_pianist) [/TRIPLE] [TRIPLE] Expect_a_Miracle  genre  Instrumental_music [/TRIPLE],4,1,3,4,producer | runtime | artist,Expect_a_Miracle producer Brian_Kelly_(composer_&_pianist) || Expect_a_Miracle runtime 54.56 || Expect_a_Miracle artist Brian_Kelly_(composer_&_pianist),789,genre genre production time,ordering
factual,results/ordering/factual_ordering.json,793,[TRIPLE] Turn_Me_On_(album)  precededBy  Let_It_Breed [/TRIPLE] [TRIPLE] Turn_Me_On_(album)  producer  Wharton_Tiers [/TRIPLE],2,1,1,1,producer,Turn_Me_On_(album) producer Wharton_Tiers,793,precededBy,ordering
factual,results/ordering/factual_ordering.json,811,[TRIPLE] Expect_a_Miracle  producer  Brian_Kelly_(composer_&_pianist) [/TRIPLE] [TRIPLE] Expect_a_Miracle  runtime  54.56 [/TRIPLE] [TRIPLE] Expect_a_Miracle  artist  Brian_Kelly_(composer_&_pianist) [/TRIPLE] [TRIPLE] Expect_a_Miracle  type  Compilation_Album [/TRIPLE] [TRIPLE] Expect_a_Miracle  precededBy  Pools_of_Light_(Brian_Kelly_album) [/TRIPLE],5,1,4,4,producer | runtime | artist | type,Expect_a_Miracle producer Brian_Kelly_(composer_&_pianist) || Expect_a_Miracle runtime 54.56 || Expect_a_Miracle artist Brian_Kelly_(composer_&_pianist) || Expect_a_Miracle type Compilation_Album,811,precededBy genre record time,ordering
factual,results/ordering/factual_ordering.json,826,[TRIPLE] Death_on_a_Factory_Farm  director  Tom_Simon [/TRIPLE] [TRIPLE] Death_on_a_Factory_Farm  producer  Tom_Simon [/TRIPLE] [TRIPLE] Death_on_a_Factory_Farm  broadcastedBy  HBO [/TRIPLE] [TRIPLE] Death_on_a_Factory_Farm  editor  Geof_Bartz [/TRIPLE] [TRIPLE] Death_on_a_Factory_Farm  producer  Sarah_Teale [/TRIPLE],5,4,1,4,producer,Death_on_a_Factory_Farm producer Sarah_Teale,826,broadcastedBy editor director producer,ordering
factual,results/ordering/factual_ordering.json,827,[TRIPLE] McVeagh_of_the_South_Seas  director  Cyril_Bruce [/TRIPLE] [TRIPLE] McVeagh_of_the_South_Seas  director  Harry_Carey_(actor_born_1878) [/TRIPLE] [TRIPLE] McVeagh_of_the_South_Seas  writer  Harry_Carey_(actor_born_1878) [/TRIPLE],3,2,1,2,writer,McVeagh_of_the_South_Seas writer Harry_Carey_(actor_born_1878),827,director director,ordering
factual,results/ordering/factual_ordering.json,835,"[TRIPLE] Ciudad_Ayala  populationMetro  1777539 [/TRIPLE] [TRIPLE] Ciudad_Ayala  leaderTitle  ""City Manager"" [/TRIPLE] [TRIPLE] Ciudad_Ayala  type  City [/TRIPLE] [TRIPLE] Ciudad_Ayala  populationDensity  1604.0 [/TRIPLE] [TRIPLE] Ciudad_Ayala  governmentType  Council-manager_government [/TRIPLE] [TRIPLE] Ciudad_Ayala  isPartOf  Morelos [/TRIPLE]",6,5,1,6,type,Ciudad_Ayala type City,835,isPartOf city leaderTitle governmentType populationDensity populationMetro,ordering
factual,results/ordering/factual_ordering.json,836,[TRIPLE] Brandon_Carter  professionalField  General_relativity [/TRIPLE] [TRIPLE] Brandon_Carter  knownFor  Carter_constant [/TRIPLE] [TRIPLE] Brandon_Carter  knownFor  No-hair_theorem [/TRIPLE] [TRIPLE] Brandon_Carter  doctoralAdvisor  Dennis_William_Sciama [/TRIPLE] [TRIPLE] Brandon_Carter  birthPlace  England [/TRIPLE] [TRIPLE] Brandon_Carter  birthDate  1942-01-01 [/TRIPLE] [TRIPLE] Brandon_Carter  almaMater  University_of_Cambridge [/TRIPLE],7,5,2,7,professionalField | knownFor,Brandon_Carter professionalField General_relativity || Brandon_Carter knownFor No-hair_theorem,836,birthPlace birthDate almaMater doctoralAdvisor profession knownFor Carter_constant,ordering
factual,results/ordering/factual_ordering.json,842,[TRIPLE] Liselotte_Grschebina  birthPlace  German_Empire [/TRIPLE] [TRIPLE] Liselotte_Grschebina  training  School_of_Applied_Arts_in_Stuttgart [/TRIPLE] [TRIPLE] Liselotte_Grschebina  professionalField  Photographer [/TRIPLE],3,1,2,2,training | professionalField,Liselotte_Grschebina training School_of_Applied_Arts_in_Stuttgart || Liselotte_Grschebina professionalField Photographer,842,birthPlace occupation,ordering
factual,results/ordering/factual_ordering.json,846,[TRIPLE] Mermaid_(Train_song)  writer  Espen_Lind [/TRIPLE] [TRIPLE] Stargate_(production_team)  associatedBand/associatedMusicalArtist  Benny_Blanco [/TRIPLE] [TRIPLE] Mermaid_(Train_song)  writer  Stargate_(production_team) [/TRIPLE] [TRIPLE] Stargate_(production_team)  associatedBand/associatedMusicalArtist  Michael_Jackson [/TRIPLE],4,3,1,3,writer,Mermaid_(Train_song) writer Stargate_(production_team),846,associatedBand/associatedMusicalArtist associatedBand/associatedMusicalArtist writer,ordering
factual,results/ordering/factual_ordering.json,849,"[TRIPLE] Acharya_Institute_of_Technology  campus  ""In Soldevanahalli, Acharya Dr. Sarvapalli Radhakrishnan Road, Hessarghatta Main Road, Bangalore – 560090."" [/TRIPLE] [TRIPLE] All_India_Council_for_Technical_Education  location  Mumbai [/TRIPLE] [TRIPLE] Acharya_Institute_of_Technology  director  ""Dr. G. P. Prabhukumar"" [/TRIPLE] [TRIPLE] Acharya_Institute_of_Technology  academicStaffSize  ""~500"" [/TRIPLE] [TRIPLE] Acharya_Institute_of_Technology  affiliation  Visvesvaraya_Technological_University [/TRIPLE] [TRIPLE] Acharya_Institute_of_Technology  motto  ""Nurturing Excellence"" [/TRIPLE] [TRIPLE] Acharya_Institute_of_Technology  wasGivenTheTechnicalCampusStatusBy  All_India_Council_for_Technical_Education [/TRIPLE]",7,6,1,6,location,All_India_Council_for_Technical_Education location Mumbai,849,campus affiliation wasGivenTheTechnicalCampusStatusBy director academicStaffSize motto,ordering
factual,results/ordering/factual_ordering.json,851,[TRIPLE] Expect_a_Miracle  producer  Brian_Kelly_(composer_&_pianist) [/TRIPLE] [TRIPLE] Expect_a_Miracle  runtime  54.56 [/TRIPLE] [TRIPLE] Expect_a_Miracle  artist  Brian_Kelly_(composer_&_pianist) [/TRIPLE] [TRIPLE] Expect_a_Miracle  type  Compilation_Album [/TRIPLE] [TRIPLE] Expect_a_Miracle  precededBy  Pools_of_Light_(Brian_Kelly_album) [/TRIPLE] [TRIPLE] Expect_a_Miracle  genre  Instrumental_music [/TRIPLE] [TRIPLE] Expect_a_Miracle  followedBy  Afterplay_(Brian_Kelly_album) [/TRIPLE],7,3,4,5,producer | runtime | artist | type,Expect_a_Miracle producer Brian_Kelly_(composer_&_pianist) || Expect_a_Miracle runtime 54.56 || Expect_a_Miracle artist Brian_Kelly_(composer_&_pianist) || Expect_a_Miracle type Compilation_Album,851,genre genre precededBy followedBy record,ordering
factual,results/ordering/factual_ordering.json,856,[TRIPLE] Nie_Haisheng  birthPlace  Zaoyang [/TRIPLE] [TRIPLE] Nie_Haisheng  birthPlace  Hubei [/TRIPLE] [TRIPLE] Nie_Haisheng  mission  Shenzhou_10 [/TRIPLE] [TRIPLE] Nie_Haisheng  mission  Shenzhou_6 [/TRIPLE],4,3,1,3,mission,Nie_Haisheng mission Shenzhou_6,856,birthPlace birthPlace mission,ordering
factual,results/ordering/factual_ordering.json,862,[TRIPLE] Mermaid_(Train_song)  genre  Reggae [/TRIPLE] [TRIPLE] Imagine_(John_Lennon_song)  followedBy  Happy_Xmas_(War_Is_Over) [/TRIPLE] [TRIPLE] Mermaid_(Train_song)  followedBy  Imagine_(John_Lennon_song) [/TRIPLE] [TRIPLE] Imagine_(John_Lennon_song)  genre  Pop_music [/TRIPLE],4,3,1,3,genre,Imagine_(John_Lennon_song) genre Pop_music,862,genre followedBy followedBy,ordering
factual,results/ordering/factual_ordering.json,863,[TRIPLE] Lady_Anne_Monson  nationality  Kingdom_of_England [/TRIPLE] [TRIPLE] Lady_Anne_Monson  residence  India [/TRIPLE] [TRIPLE] Lady_Anne_Monson  spouse  George_Monson [/TRIPLE] [TRIPLE] Lady_Anne_Monson  professionalField  Botany [/TRIPLE],4,3,1,3,professionalField,Lady_Anne_Monson professionalField Botany,863,nationality residence spouse,ordering
factual,results/ordering/factual_ordering.json,865,[TRIPLE] Death_on_a_Factory_Farm  producer  Tom_Simon [/TRIPLE] [TRIPLE] Death_on_a_Factory_Farm  editor  Geof_Bartz [/TRIPLE] [TRIPLE] Death_on_a_Factory_Farm  musicComposer  Jamie_Lawrence [/TRIPLE] [TRIPLE] Death_on_a_Factory_Farm  runtime  83.0 [/TRIPLE],4,3,1,4,producer,Death_on_a_Factory_Farm producer Tom_Simon,865,musicComposer production editor runtime,ordering
factual,results/ordering/factual_ordering.json,872,"[TRIPLE] Olga_Bondareva  birthPlace  Leningrad,_USSR [/TRIPLE] [TRIPLE] Olga_Bondareva  deathPlace  Saint_Petersburg [/TRIPLE] [TRIPLE] Olga_Bondareva  deathDate  1991-12-09 [/TRIPLE] [TRIPLE] Olga_Bondareva  professionalField  Economics [/TRIPLE] [TRIPLE] Olga_Bondareva  professionalField  Mathematics [/TRIPLE]",5,3,2,3,professionalField | professionalField,Olga_Bondareva professionalField Economics || Olga_Bondareva professionalField Mathematics,872,birthPlace deathPlace deathDate,ordering
factual,results/ordering/factual_ordering.json,879,[TRIPLE] Mermaid_(Train_song)  format  Music_download [/TRIPLE],1,0,1,1,format,Mermaid_(Train_song) format Music_download,879,music_download,ordering
factual,results/ordering/factual_ordering.json,884,"[TRIPLE] Bedford_Aerodrome  runwayLength  1095.0 [/TRIPLE] [TRIPLE] Bedford_Aerodrome  icaoLocationIdentifier  EGBF [/TRIPLE] [TRIPLE] Bedford_Aerodrome  elevationAboveTheSeaLevel  83.2104 [/TRIPLE] [TRIPLE] Bedford_Aerodrome  runwayName  ""08/26"" [/TRIPLE] [TRIPLE] Bedford_Aerodrome  runwaySurfaceType  Concrete [/TRIPLE]",5,3,2,4,icaoLocationIdentifier | runwaySurfaceType,Bedford_Aerodrome icaoLocationIdentifier EGBF || Bedford_Aerodrome runwaySurfaceType Concrete,884,elevationAboveTheSeaLevel ICAOLocationIdentifier runwayName runwayLength,ordering
factual,results/ordering/factual_ordering.json,887,"[TRIPLE] Alan_B._Miller_Hall  architect  Robert_A._M._Stern [/TRIPLE] [TRIPLE] Alan_B._Miller_Hall  address  ""101 Ukrop Way"" [/TRIPLE] [TRIPLE] Alan_B._Miller_Hall  buildingStartDate  ""30 March 2007"" [/TRIPLE] [TRIPLE] Alan_B._Miller_Hall  currentTenants  Mason_School_of_Business [/TRIPLE] [TRIPLE] Alan_B._Miller_Hall  architecturalStyle  Georgian_architecture [/TRIPLE] [TRIPLE] Alan_B._Miller_Hall  owner  College_of_William_&_Mary [/TRIPLE]",6,5,1,5,architect,Alan_B._Miller_Hall architect Robert_A._M._Stern,887,owner address buildingStartDate architecturalStyle currentTenants,ordering
factual,results/ordering/factual_ordering.json,888,"[TRIPLE] Adolfo_Suárez_Madrid–Barajas_Airport  operatingOrganisation  ENAIRE [/TRIPLE] [TRIPLE] ENAIRE  city  Madrid [/TRIPLE] [TRIPLE] Adolfo_Suárez_Madrid–Barajas_Airport  elevationAboveTheSeaLevel  610.0 [/TRIPLE] [TRIPLE] Adolfo_Suárez_Madrid–Barajas_Airport  location  ""Madrid, Paracuellos de Jarama, San Sebastián de los Reyes and Alcobendas"" [/TRIPLE]",4,3,1,3,city,ENAIRE city Madrid,888,location operatingOrganisation elevationAboveTheSeaLevel,ordering
factual,results/ordering/factual_ordering.json,891,[TRIPLE] Liselotte_Grschebina  birthDate  1908-05-02 [/TRIPLE] [TRIPLE] Liselotte_Grschebina  professionalField  Photographer [/TRIPLE] [TRIPLE] Liselotte_Grschebina  deathPlace  Petah_Tikva [/TRIPLE],3,2,1,2,professionalField,Liselotte_Grschebina professionalField Photographer,891,birthDate deathPlace,ordering
factual,results/ordering/factual_ordering.json,892,[TRIPLE] McVeagh_of_the_South_Seas  imdbId  0004319 [/TRIPLE] [TRIPLE] McVeagh_of_the_South_Seas  director  Cyril_Bruce [/TRIPLE] [TRIPLE] McVeagh_of_the_South_Seas  director  Harry_Carey_(actor_born_1878) [/TRIPLE] [TRIPLE] McVeagh_of_the_South_Seas  starring  Harry_Carey_(actor_born_1878) [/TRIPLE] [TRIPLE] McVeagh_of_the_South_Seas  writer  Harry_Carey_(actor_born_1878) [/TRIPLE],5,4,1,5,writer,McVeagh_of_the_South_Seas writer Harry_Carey_(actor_born_1878),892,starring director director starring imdbId,ordering
factual,results/ordering/factual_ordering.json,893,[TRIPLE] Olga_Bondareva  birthDate  1937-04-27 [/TRIPLE] [TRIPLE] Olga_Bondareva  almaMater  Leningrad_State_University [/TRIPLE] [TRIPLE] Olga_Bondareva  professionalField  Economics [/TRIPLE],3,2,1,3,professionalField,Olga_Bondareva professionalField Economics,893,birthDate almaMater profession,ordering
factual,results/ordering/factual_ordering.json,895,[TRIPLE] McVeagh_of_the_South_Seas  writer  Harry_Carey_(actor_born_1878) [/TRIPLE],1,0,1,1,writer,McVeagh_of_the_South_Seas writer Harry_Carey_(actor_born_1878),895,author,ordering
factual,results/ordering/factual_ordering.json,900,[TRIPLE] University_of_Burgundy  numberOfUndergraduateStudents  16800 [/TRIPLE] [TRIPLE] University_of_Burgundy  staff  2900 [/TRIPLE] [TRIPLE] University_of_Burgundy  numberOfStudents  27400 [/TRIPLE] [TRIPLE] University_of_Burgundy  numberOfDoctoralStudents  1299 [/TRIPLE] [TRIPLE] University_of_Burgundy  campus  Dijon [/TRIPLE],5,4,1,4,staff,University_of_Burgundy staff 2900,900,campus numberOfUndergraduateStudents numberOfStudents numberOfDoctoralStudents,ordering
factual,results/ordering/factual_ordering.json,902,"[TRIPLE] Super_Capers  writer  Ray_Griggs_(director) [/TRIPLE] [TRIPLE] Super_Capers  runtime  98.0 [/TRIPLE] [TRIPLE] Super_Capers  starring  Tom_Lister,_Jr. [/TRIPLE] [TRIPLE] Super_Capers  gross  30955.0 [/TRIPLE]",4,3,1,4,writer,Super_Capers writer Ray_Griggs_(director),902,starring director runtime gross,ordering
factual,results/ordering/factual_ordering.json,905,"[TRIPLE] Alan_B._Miller_Hall  architect  Robert_A._M._Stern [/TRIPLE] [TRIPLE] Alan_B._Miller_Hall  address  ""101 Ukrop Way"" [/TRIPLE] [TRIPLE] Alan_B._Miller_Hall  currentTenants  Mason_School_of_Business [/TRIPLE] [TRIPLE] Alan_B._Miller_Hall  tenant  Mason_School_of_Business [/TRIPLE] [TRIPLE] Alan_B._Miller_Hall  owner  College_of_William_&_Mary [/TRIPLE]",5,4,1,4,tenant,Alan_B._Miller_Hall tenant Mason_School_of_Business,905,address architect owner currentTenants,ordering
factual,results/ordering/factual_ordering.json,907,[TRIPLE] It's_Great_to_Be_Young_(1956_film)  starring  Cecil_Parker [/TRIPLE] [TRIPLE] It's_Great_to_Be_Young_(1956_film)  writer  Ted_Willis [/TRIPLE] [TRIPLE] It's_Great_to_Be_Young_(1956_film)  starring  John_Mills [/TRIPLE] [TRIPLE] It's_Great_to_Be_Young_(1956_film)  director  Cyril_Frankel [/TRIPLE] [TRIPLE] John_Mills  deathYear  2005 [/TRIPLE],5,4,1,5,writer,It's_Great_to_Be_Young_(1956_film) writer Ted_Willis,907,deathYear starring starring director starring,ordering
factual,results/ordering/factual_ordering.json,912,[TRIPLE] Death_on_a_Factory_Farm  director  Tom_Simon [/TRIPLE] [TRIPLE] Death_on_a_Factory_Farm  producer  Tom_Simon [/TRIPLE] [TRIPLE] Death_on_a_Factory_Farm  broadcastedBy  HBO [/TRIPLE] [TRIPLE] Death_on_a_Factory_Farm  editor  Geof_Bartz [/TRIPLE] [TRIPLE] Death_on_a_Factory_Farm  musicComposer  Jamie_Lawrence [/TRIPLE] [TRIPLE] Death_on_a_Factory_Farm  runtime  83.0 [/TRIPLE],6,5,1,5,producer,Death_on_a_Factory_Farm producer Tom_Simon,912,broadcastedBy musicComposer runtime director editor,ordering
factual,results/ordering/factual_ordering.json,917,[TRIPLE] Hypermarcas  netIncome  108600000 [/TRIPLE] [TRIPLE] Hypermarcas  product  Healthcare [/TRIPLE] [TRIPLE] Hypermarcas  product  Cosmetics [/TRIPLE] [TRIPLE] Hypermarcas  numberOfEmployees  10252 [/TRIPLE] [TRIPLE] Hypermarcas  revenue  1800000000 [/TRIPLE],5,4,1,4,netIncome,Hypermarcas netIncome 108600000,917,product product numberOfEmployees revenue,ordering
factual,results/ordering/factual_ordering.json,918,[TRIPLE] Super_Capers  distributor  Roadside_Attractions [/TRIPLE] [TRIPLE] Lionsgate  type  Public_company [/TRIPLE] [TRIPLE] Super_Capers  distributor  Lionsgate [/TRIPLE] [TRIPLE] Super_Capers  language  English_language [/TRIPLE] [TRIPLE] English_language  iso6391Code  en [/TRIPLE],5,4,1,4,type,Lionsgate type Public_company,918,distributor distributor language iso6391Code,ordering
factual,results/ordering/factual_ordering.json,922,"[TRIPLE] Ciudad_Ayala  populationMetro  1777539 [/TRIPLE] [TRIPLE] Ciudad_Ayala  leaderTitle  ""City Manager"" [/TRIPLE] [TRIPLE] Ciudad_Ayala  type  City [/TRIPLE] [TRIPLE] Ciudad_Ayala  populationDensity  1604.0 [/TRIPLE]",4,3,1,3,type,Ciudad_Ayala type City,922,leaderTitle populationDensity populationMetro,ordering
factual,results/ordering/factual_ordering.json,926,[TRIPLE] Super_Capers  editing  Stacy_Katzman [/TRIPLE] [TRIPLE] Super_Capers  starring  Michael_Rooker [/TRIPLE] [TRIPLE] Super_Capers  starring  Tom_Sizemore [/TRIPLE] [TRIPLE] Super_Capers  language  English_language [/TRIPLE] [TRIPLE] Super_Capers  runtime  98.0 [/TRIPLE] [TRIPLE] Super_Capers  distributor  Roadside_Attractions [/TRIPLE] [TRIPLE] Super_Capers  distributor  Lionsgate [/TRIPLE],7,6,1,6,editing,Super_Capers editing Stacy_Katzman,926,distributor distributor language runtime starring starring,ordering
factual,results/ordering/factual_ordering.json,928,[TRIPLE] Mermaid_(Train_song)  musicalBand  Train_(band) [/TRIPLE] [TRIPLE] Mermaid_(Train_song)  precededBy  This'll_Be_My_Year [/TRIPLE] [TRIPLE] Mermaid_(Train_song)  runtime  3.16 [/TRIPLE] [TRIPLE] Mermaid_(Train_song)  genre  Reggae [/TRIPLE] [TRIPLE] Mermaid_(Train_song)  followedBy  Imagine_(John_Lennon_song) [/TRIPLE] [TRIPLE] Mermaid_(Train_song)  producer  Espionage_(production_team) [/TRIPLE],6,3,3,5,musicalBand | runtime | producer,Mermaid_(Train_song) musicalBand Train_(band) || Mermaid_(Train_song) runtime 3.16 || Mermaid_(Train_song) producer Espionage_(production_team),928,genre musicBand precededBy followedBy recordLabel,ordering
factual,results/ordering/factual_ordering.json,929,[TRIPLE] Darinka_Dentcheva  influencedBy  Andrzej_Piotr_Ruszczyński [/TRIPLE] [TRIPLE] Darinka_Dentcheva  citizenship  United_States [/TRIPLE] [TRIPLE] Darinka_Dentcheva  birthDate  1958-01-01 [/TRIPLE] [TRIPLE] Darinka_Dentcheva  professionalField  Mathematical_optimization [/TRIPLE] [TRIPLE] Darinka_Dentcheva  almaMater  Humboldt_University [/TRIPLE],5,3,2,4,citizenship | professionalField,Darinka_Dentcheva citizenship United_States || Darinka_Dentcheva professionalField Mathematical_optimization,929,birthDate almaMater influencedBy occupation,ordering
factual,results/ordering/factual_ordering.json,932,[TRIPLE] Nurhan_Atasoy  residence  Istanbul [/TRIPLE] [TRIPLE] Turkey  governmentType  Unitary_state [/TRIPLE] [TRIPLE] Nurhan_Atasoy  residence  Turkey [/TRIPLE] [TRIPLE] Turkey  percentageOfAreaWater  1.3 [/TRIPLE] [TRIPLE] Nurhan_Atasoy  birthPlace  Turkey [/TRIPLE],5,4,1,5,percentageOfAreaWater,Turkey percentageOfAreaWater 1.3,932,birthPlace residence residence governmentType numberOfAreaWater,ordering
factual,results/ordering/factual_ordering.json,933,[TRIPLE] Super_Capers  writer  Ray_Griggs_(director) [/TRIPLE] [TRIPLE] Ray_Griggs_(director)  birthYear  1974 [/TRIPLE] [TRIPLE] Super_Capers  starring  Michael_Rooker [/TRIPLE],3,2,1,3,writer,Super_Capers writer Ray_Griggs_(director),933,birthYear director starring,ordering
factual,results/ordering/factual_ordering.json,937,[TRIPLE] Bootleg_Series_Volume_1:_The_Quine_Tapes  producer  The_Velvet_Underground [/TRIPLE],1,0,1,1,producer,Bootleg_Series_Volume_1:_The_Quine_Tapes producer The_Velvet_Underground,937,creator,ordering
factual,results/ordering/factual_ordering.json,941,[TRIPLE] Nord_(Year_of_No_Light_album)  artist  Year_of_No_Light [/TRIPLE] [TRIPLE] Nord_(Year_of_No_Light_album)  genre  Post-metal [/TRIPLE] [TRIPLE] Nord_(Year_of_No_Light_album)  releaseDate  2006-09-06 [/TRIPLE],3,2,1,3,artist,Nord_(Year_of_No_Light_album) artist Year_of_No_Light,941,genre album releaseDate,ordering
factual,results/ordering/factual_ordering.json,946,[TRIPLE] Hypermarcas  industry  Pharmaceuticals [/TRIPLE] [TRIPLE] Hypermarcas  type  S.A._(corporation) [/TRIPLE] [TRIPLE] Hypermarcas  subsidiary  Mantecorp [/TRIPLE] [TRIPLE] Hypermarcas  netIncome  108600000 [/TRIPLE] [TRIPLE] Hypermarcas  numberOfEmployees  10252 [/TRIPLE] [TRIPLE] Hypermarcas  product  Healthcare [/TRIPLE],6,4,2,4,industry | type,Hypermarcas industry Pharmaceuticals || Hypermarcas type S.A._(corporation),946,subsidiary numberOfEmployees netIncome product,ordering
factual,results/ordering/factual_ordering.json,948,[TRIPLE] Brandon_Carter  professionalField  General_relativity [/TRIPLE] [TRIPLE] Brandon_Carter  almaMater  University_of_Cambridge [/TRIPLE] [TRIPLE] Brandon_Carter  birthDate  1942-01-01 [/TRIPLE],3,2,1,3,professionalField,Brandon_Carter professionalField General_relativity,948,birthDate almaMater profession,ordering
factual,results/ordering/factual_ordering.json,950,[TRIPLE] Nie_Haisheng  mission  Shenzhou_10 [/TRIPLE] [TRIPLE] Nie_Haisheng  mission  Shenzhou_6 [/TRIPLE] [TRIPLE] Nie_Haisheng  birthDate  1964-10-13 [/TRIPLE] [TRIPLE] Nie_Haisheng  birthPlace  Zaoyang [/TRIPLE] [TRIPLE] Nie_Haisheng  birthPlace  Hubei [/TRIPLE],5,4,1,4,mission,Nie_Haisheng mission Shenzhou_6,950,birthDate birthPlace birthPlace mission,ordering
factual,results/ordering/factual_ordering.json,951,"[TRIPLE] Alan_B._Miller_Hall  architect  Robert_A._M._Stern [/TRIPLE] [TRIPLE] Alan_B._Miller_Hall  address  ""101 Ukrop Way"" [/TRIPLE] [TRIPLE] Alan_B._Miller_Hall  buildingStartDate  ""30 March 2007"" [/TRIPLE] [TRIPLE] Alan_B._Miller_Hall  currentTenants  Mason_School_of_Business [/TRIPLE] [TRIPLE] Alan_B._Miller_Hall  tenant  Mason_School_of_Business [/TRIPLE] [TRIPLE] Alan_B._Miller_Hall  owner  College_of_William_&_Mary [/TRIPLE]",6,5,1,5,tenant,Alan_B._Miller_Hall tenant Mason_School_of_Business,951,owner address buildingStartDate architect currentTenants,ordering
factual,results/ordering/factual_ordering.json,956,"[TRIPLE] Mexico  currency  Mexican_peso [/TRIPLE] [TRIPLE] Mexico  demonym  Mexicans [/TRIPLE] [TRIPLE] Bionico  course  Dessert [/TRIPLE] [TRIPLE] Mexico  leader  Silvano_Aureoles_Conejo [/TRIPLE] [TRIPLE] Bionico  mainIngredient  ""Chopped Fruits, Sour Cream, Condensed Milk, Granola, Shredded Coconut, Raisins"" [/TRIPLE] [TRIPLE] Bionico  country  Mexico [/TRIPLE]",6,5,1,6,mainIngredient,"Bionico mainIngredient ""Chopped Fruits, Sour Cream, Condensed Milk, Granola, Shredded Coconut, Raisins""",956,course country mainIngredients leader demonym currency,ordering
factual,results/ordering/factual_ordering.json,957,[TRIPLE] Turn_Me_On_(album)  runtime  35.1 [/TRIPLE] [TRIPLE] Turn_Me_On_(album)  producer  The_Honeymoon_Killers_(American_band) [/TRIPLE] [TRIPLE] Turn_Me_On_(album)  precededBy  Let_It_Breed [/TRIPLE] [TRIPLE] Turn_Me_On_(album)  producer  Wharton_Tiers [/TRIPLE],4,2,2,5,runtime | producer,Turn_Me_On_(album) runtime 35.1 || Turn_Me_On_(album) producer Wharton_Tiers,957,precededBy record time record producer,ordering
factual,results/ordering/factual_ordering.json,958,"[TRIPLE] Olga_Bondareva  deathPlace  Saint_Petersburg [/TRIPLE] [TRIPLE] Olga_Bondareva  birthPlace  Leningrad,_USSR [/TRIPLE] [TRIPLE] Olga_Bondareva  birthDate  1937-04-27 [/TRIPLE] [TRIPLE] Olga_Bondareva  knownFor  Bondareva–Shapley_theorem [/TRIPLE]",4,3,1,3,knownFor,Olga_Bondareva knownFor Bondareva–Shapley_theorem,958,birthPlace birthDate deathPlace,ordering
factual,results/ordering/factual_ordering.json,962,[TRIPLE] Mermaid_(Train_song)  followedBy  Imagine_(John_Lennon_song) [/TRIPLE] [TRIPLE] Mermaid_(Train_song)  producer  Espionage_(production_team) [/TRIPLE] [TRIPLE] Mermaid_(Train_song)  format  Music_download [/TRIPLE],3,1,2,3,producer | format,Mermaid_(Train_song) producer Espionage_(production_team) || Mermaid_(Train_song) format Music_download,962,followedBy genre production_team,ordering
factual,results/ordering/factual_ordering.json,963,"[TRIPLE] Acharya_Institute_of_Technology  campus  ""In Soldevanahalli, Acharya Dr. Sarvapalli Radhakrishnan Road, Hessarghatta Main Road, Bangalore – 560090."" [/TRIPLE] [TRIPLE] All_India_Council_for_Technical_Education  location  Mumbai [/TRIPLE] [TRIPLE] Acharya_Institute_of_Technology  director  ""Dr. G. P. Prabhukumar"" [/TRIPLE] [TRIPLE] Acharya_Institute_of_Technology  academicStaffSize  ""~500"" [/TRIPLE] [TRIPLE] Acharya_Institute_of_Technology  affiliation  Visvesvaraya_Technological_University [/TRIPLE] [TRIPLE] Visvesvaraya_Technological_University  city  Belgaum [/TRIPLE] [TRIPLE] Acharya_Institute_of_Technology  wasGivenTheTechnicalCampusStatusBy  All_India_Council_for_Technical_Education [/TRIPLE]",7,5,2,5,location | academicStaffSize,"All_India_Council_for_Technical_Education location Mumbai || Acharya_Institute_of_Technology academicStaffSize ""~500""",963,campus director affiliation city wasGivenTheTechnicalCampusStatusBy,ordering
factual,results/ordering/factual_ordering.json,965,"[TRIPLE] Turkey  longName  ""Republic of Turkey"" [/TRIPLE] [TRIPLE] Nurhan_Atasoy  nationality  Turkish_people [/TRIPLE] [TRIPLE] Nurhan_Atasoy  citizenship  Turkey [/TRIPLE] [TRIPLE] Turkey  language  Turkish_language [/TRIPLE]",4,2,2,3,longName | citizenship,"Turkey longName ""Republic of Turkey"" || Nurhan_Atasoy citizenship Turkey",965,nationality language country,ordering
factual,results/ordering/factual_ordering.json,968,[TRIPLE] McVeagh_of_the_South_Seas  imdbId  0004319 [/TRIPLE] [TRIPLE] McVeagh_of_the_South_Seas  director  Cyril_Bruce [/TRIPLE] [TRIPLE] McVeagh_of_the_South_Seas  director  Harry_Carey_(actor_born_1878) [/TRIPLE] [TRIPLE] McVeagh_of_the_South_Seas  starring  Harry_Carey_(actor_born_1878) [/TRIPLE] [TRIPLE] McVeagh_of_the_South_Seas  writer  Harry_Carey_(actor_born_1878) [/TRIPLE] [TRIPLE] McVeagh_of_the_South_Seas  producer  The_Progressive_Motion_Picture_Company [/TRIPLE] [TRIPLE] McVeagh_of_the_South_Seas  distributor  Alliance_Films_Corporation [/TRIPLE],7,4,3,7,imdbId | writer | producer,McVeagh_of_the_South_Seas imdbId 0004319 || McVeagh_of_the_South_Seas writer Harry_Carey_(actor_born_1878) || McVeagh_of_the_South_Seas producer The_Progressive_Motion_Picture_Company,968,distributor distributor starring director director author IdbId,ordering
factual,results/ordering/factual_ordering.json,971,"[TRIPLE] Bedford_Aerodrome  cityServed  Bedford_Autodrome [/TRIPLE] [TRIPLE] Bedford_Aerodrome  icaoLocationIdentifier  EGBF [/TRIPLE] [TRIPLE] Bedford_Aerodrome  elevationAboveTheSeaLevel  83.2104 [/TRIPLE] [TRIPLE] Bedford_Aerodrome  runwayName  ""08/26"" [/TRIPLE] [TRIPLE] Bedford_Aerodrome  runwaySurfaceType  Concrete [/TRIPLE]",5,4,1,5,icaoLocationIdentifier,Bedford_Aerodrome icaoLocationIdentifier EGBF,971,cityServed elevationAboveTheSeaLevel ICAOLocationIdentifier runwayName runwaySurfaceType,ordering
factual,results/ordering/factual_ordering.json,972,[TRIPLE] English_Without_Tears  writer  Anatole_de_Grunwald [/TRIPLE] [TRIPLE] English_Without_Tears  cinematography  Bernard_Knowles [/TRIPLE],2,1,1,2,writer,English_Without_Tears writer Anatole_de_Grunwald,972,author cinematography,ordering
factual,results/ordering/factual_ordering.json,977,[TRIPLE] Ciudad_Ayala  type  City [/TRIPLE] [TRIPLE] Ciudad_Ayala  populationDensity  1604.0 [/TRIPLE] [TRIPLE] Ciudad_Ayala  utcOffset  −6 [/TRIPLE] [TRIPLE] Ciudad_Ayala  leaderTitle  Governator [/TRIPLE] [TRIPLE] Ciudad_Ayala  country  Mexico [/TRIPLE],5,4,1,5,type,Ciudad_Ayala type City,977,leaderTitle city country populationDensity utcOffset,ordering
factual,results/ordering/factual_ordering.json,985,[TRIPLE] Darinka_Dentcheva  birthDate  1958-01-01 [/TRIPLE] [TRIPLE] Darinka_Dentcheva  professionalField  Mathematical_optimization [/TRIPLE] [TRIPLE] Darinka_Dentcheva  knownFor  Stochastic_programming [/TRIPLE],3,2,1,3,professionalField,Darinka_Dentcheva professionalField Mathematical_optimization,985,birthDate professionField knownFor,ordering
factual,results/ordering/factual_ordering.json,993,[TRIPLE] Expect_a_Miracle  producer  Brian_Kelly_(composer_&_pianist) [/TRIPLE] [TRIPLE] Expect_a_Miracle  type  Compilation_Album [/TRIPLE] [TRIPLE] Expect_a_Miracle  runtime  54.56 [/TRIPLE] [TRIPLE] Expect_a_Miracle  precededBy  Pools_of_Light_(Brian_Kelly_album) [/TRIPLE],4,1,3,4,producer | type | runtime,Expect_a_Miracle producer Brian_Kelly_(composer_&_pianist) || Expect_a_Miracle type Compilation_Album || Expect_a_Miracle runtime 54.56,993,precededBy genre record time,ordering
factual,results/ordering/factual_ordering.json,1000,"[TRIPLE] AmeriGas  city  King_of_Prussia,_Pennsylvania [/TRIPLE] [TRIPLE] King_of_Prussia,_Pennsylvania  type  Census-designated_place [/TRIPLE] [TRIPLE] AmeriGas  regionServed  United_States [/TRIPLE] [TRIPLE] United_States  leader  Paul_Ryan [/TRIPLE]",4,3,1,3,type,"King_of_Prussia,_Pennsylvania type Census-designated_place",1000,leader regionServed city,ordering
factual,results/ordering/factual_ordering.json,1004,"[TRIPLE] Alan_Shepard  birthDate  ""1923-11-18"" [/TRIPLE] [TRIPLE] Alan_Shepard  servedAsChiefOfTheAstronautOfficeIn  1963 [/TRIPLE] [TRIPLE] Alan_Shepard  deathPlace  California [/TRIPLE] [TRIPLE] Alan_Shepard  birthPlace  New_Hampshire [/TRIPLE] [TRIPLE] Alan_Shepard  mission  Apollo_14 [/TRIPLE]",5,4,1,4,mission,Alan_Shepard mission Apollo_14,1004,birthPlace birthDate servedAsChiefOfTheAstronautOfficeIn deathPlace,ordering
factual,results/ordering/factual_ordering.json,1012,[TRIPLE] Liselotte_Grschebina  birthPlace  Karlsruhe [/TRIPLE] [TRIPLE] Liselotte_Grschebina  birthDate  1908-05-02 [/TRIPLE] [TRIPLE] Liselotte_Grschebina  deathDate  1994-06-14 [/TRIPLE] [TRIPLE] Liselotte_Grschebina  birthPlace  German_Empire [/TRIPLE],4,3,1,3,birthPlace,Liselotte_Grschebina birthPlace German_Empire,1012,birthPlace birthDate deathDate,ordering
factual,results/ordering/factual_ordering.json,1013,[TRIPLE] Bedford_Aerodrome  operatingOrganisation  MotorSport_Vision [/TRIPLE] [TRIPLE] Bedford_Aerodrome  runwayLength  1095.0 [/TRIPLE] [TRIPLE] Bedford_Aerodrome  cityServed  Bedford_Autodrome [/TRIPLE] [TRIPLE] Bedford_Aerodrome  icaoLocationIdentifier  EGBF [/TRIPLE],4,3,1,4,icaoLocationIdentifier,Bedford_Aerodrome icaoLocationIdentifier EGBF,1013,cityServed operatingOrganisation runwayLength ICAOLocationIdentifier,ordering
factual,results/ordering/factual_ordering.json,1020,[TRIPLE] Olga_Bondareva  knownFor  Bondareva–Shapley_theorem [/TRIPLE] [TRIPLE] Olga_Bondareva  almaMater  Leningrad_State_University [/TRIPLE] [TRIPLE] Olga_Bondareva  professionalField  Economics [/TRIPLE],3,2,1,3,professionalField,Olga_Bondareva professionalField Economics,1020,almaMater professionField knownFor,ordering
factual,results/ordering/factual_ordering.json,1029,[TRIPLE] McVeagh_of_the_South_Seas  imdbId  0004319 [/TRIPLE] [TRIPLE] McVeagh_of_the_South_Seas  starring  Harry_Carey_(actor_born_1878) [/TRIPLE] [TRIPLE] McVeagh_of_the_South_Seas  writer  Harry_Carey_(actor_born_1878) [/TRIPLE],3,2,1,3,writer,McVeagh_of_the_South_Seas writer Harry_Carey_(actor_born_1878),1029,starring author imdbId,ordering
factual,results/ordering/factual_ordering.json,1031,[TRIPLE] McVeagh_of_the_South_Seas  imdbId  0004319 [/TRIPLE] [TRIPLE] McVeagh_of_the_South_Seas  starring  Harry_Carey_(actor_born_1878) [/TRIPLE] [TRIPLE] McVeagh_of_the_South_Seas  producer  The_Progressive_Motion_Picture_Company [/TRIPLE],3,1,2,3,imdbId | producer,McVeagh_of_the_South_Seas imdbId 0004319 || McVeagh_of_the_South_Seas producer The_Progressive_Motion_Picture_Company,1031,starring production_company isdbId,ordering
factual,results/ordering/factual_ordering.json,1038,[TRIPLE] Turn_Me_On_(album)  genre  Punk_blues [/TRIPLE] [TRIPLE] Turn_Me_On_(album)  genre  Noise_rock [/TRIPLE] [TRIPLE] Turn_Me_On_(album)  runtime  35.1 [/TRIPLE] [TRIPLE] Turn_Me_On_(album)  producer  Wharton_Tiers [/TRIPLE],4,2,2,4,runtime | producer,Turn_Me_On_(album) runtime 35.1 || Turn_Me_On_(album) producer Wharton_Tiers,1038,genre genre record length,ordering
factual,results/ordering/factual_ordering.json,1044,[TRIPLE] English_Without_Tears  writer  Terence_Rattigan [/TRIPLE],1,0,1,1,writer,English_Without_Tears writer Terence_Rattigan,1044,author,ordering
factual,results/ordering/factual_ordering.json,1045,"[TRIPLE] Alan_Shepard  birthDate  ""1923-11-18"" [/TRIPLE] [TRIPLE] Alan_Shepard  nationality  United_States [/TRIPLE] [TRIPLE] Alan_Shepard  deathPlace  California [/TRIPLE] [TRIPLE] Alan_Shepard  birthPlace  New_Hampshire [/TRIPLE] [TRIPLE] Alan_Shepard  mission  Apollo_14 [/TRIPLE]",5,4,1,4,mission,Alan_Shepard mission Apollo_14,1045,nationality birthPlace birthDate deathPlace,ordering
factual,results/ordering/factual_ordering.json,1050,[TRIPLE] Bedford_Aerodrome  operatingOrganisation  MotorSport_Vision [/TRIPLE] [TRIPLE] Bedford_Aerodrome  runwayLength  1095.0 [/TRIPLE] [TRIPLE] Bedford_Aerodrome  cityServed  Bedford_Autodrome [/TRIPLE] [TRIPLE] Bedford_Aerodrome  location  Thurleigh [/TRIPLE] [TRIPLE] Bedford_Aerodrome  icaoLocationIdentifier  EGBF [/TRIPLE] [TRIPLE] Bedford_Aerodrome  elevationAboveTheSeaLevel  83.2104 [/TRIPLE],6,5,1,6,icaoLocationIdentifier,Bedford_Aerodrome icaoLocationIdentifier EGBF,1050,cityServed location operatingOrganisation elevationAboveTheSeaLevel runwayLength ICAOLocationIdentifier,ordering
factual,results/ordering/factual_ordering.json,1051,[TRIPLE] Super_Capers  starring  Danielle_Harris [/TRIPLE] [TRIPLE] Super_Capers  writer  Ray_Griggs_(director) [/TRIPLE] [TRIPLE] Super_Capers  director  Ray_Griggs_(director) [/TRIPLE],3,2,1,2,writer,Super_Capers writer Ray_Griggs_(director),1051,starring director,ordering
factual,results/ordering/factual_ordering.json,1057,[TRIPLE] English_Without_Tears  releaseDate  1944-07-28 [/TRIPLE] [TRIPLE] English_Without_Tears  producer  Anatole_de_Grunwald [/TRIPLE] [TRIPLE] English_Without_Tears  musicComposer  Nicholas_Brodszky [/TRIPLE] [TRIPLE] Nicholas_Brodszky  background  non_performing_personnel [/TRIPLE],4,3,1,3,producer,English_Without_Tears producer Anatole_de_Grunwald,1057,background musicComposer releaseDate,ordering
factual,results/ordering/factual_ordering.json,1060,[TRIPLE] Andrzej_Piotr_Ruszczyński  professionalField  Mathematical_optimization [/TRIPLE],1,0,1,1,professionalField,Andrzej_Piotr_Ruszczyński professionalField Mathematical_optimization,1060,professionField,ordering
factual,results/ordering/factual_ordering.json,1063,[TRIPLE] Turn_Me_On_(album)  genre  Punk_blues [/TRIPLE] [TRIPLE] Turn_Me_On_(album)  producer  The_Honeymoon_Killers_(American_band) [/TRIPLE] [TRIPLE] Turn_Me_On_(album)  genre  Noise_rock [/TRIPLE],3,2,1,3,producer,Turn_Me_On_(album) producer The_Honeymoon_Killers_(American_band),1063,genre genre creator,ordering
factual,results/ordering/factual_ordering.json,1066,[TRIPLE] Adolfo_Suárez_Madrid–Barajas_Airport  operatingOrganisation  ENAIRE [/TRIPLE] [TRIPLE] Adolfo_Suárez_Madrid–Barajas_Airport  location  Alcobendas [/TRIPLE] [TRIPLE] Adolfo_Suárez_Madrid–Barajas_Airport  runwayLength  4349.0 [/TRIPLE] [TRIPLE] ENAIRE  city  Madrid [/TRIPLE] [TRIPLE] Adolfo_Suárez_Madrid–Barajas_Airport  elevationAboveTheSeaLevel  610.0 [/TRIPLE] [TRIPLE] Madrid  country  Spain [/TRIPLE],6,5,1,5,city,ENAIRE city Madrid,1066,location country operatingOrganisation elevationAboveTheSeaLevel runwayLength,ordering
factual,results/ordering/factual_ordering.json,1067,[TRIPLE] Death_on_a_Factory_Farm  director  Tom_Simon [/TRIPLE] [TRIPLE] Death_on_a_Factory_Farm  producer  Tom_Simon [/TRIPLE] [TRIPLE] Death_on_a_Factory_Farm  broadcastedBy  HBO [/TRIPLE] [TRIPLE] Death_on_a_Factory_Farm  editor  Geof_Bartz [/TRIPLE] [TRIPLE] Death_on_a_Factory_Farm  musicComposer  Jamie_Lawrence [/TRIPLE] [TRIPLE] Death_on_a_Factory_Farm  producer  Sarah_Teale [/TRIPLE],6,5,1,5,producer,Death_on_a_Factory_Farm producer Sarah_Teale,1067,broadcastedBy musicComposer director editor producer,ordering
factual,results/ordering/factual_ordering.json,1069,[TRIPLE] Super_Capers  starring  Adam_West [/TRIPLE] [TRIPLE] Super_Capers  writer  Ray_Griggs_(director) [/TRIPLE] [TRIPLE] Super_Capers  director  Ray_Griggs_(director) [/TRIPLE] [TRIPLE] Super_Capers  gross  30955.0 [/TRIPLE],4,3,1,4,writer,Super_Capers writer Ray_Griggs_(director),1069,starring director author gross,ordering
factual,results/ordering/factual_ordering.json,1074,[TRIPLE] Bootleg_Series_Volume_1:_The_Quine_Tapes  artist  The_Velvet_Underground [/TRIPLE] [TRIPLE] Bootleg_Series_Volume_1:_The_Quine_Tapes  genre  Rock_music [/TRIPLE] [TRIPLE] Bootleg_Series_Volume_1:_The_Quine_Tapes  precededBy  Squeeze_(The_Velvet_Underground_album) [/TRIPLE] [TRIPLE] Bootleg_Series_Volume_1:_The_Quine_Tapes  recordLabel  Polydor_Records [/TRIPLE] [TRIPLE] Bootleg_Series_Volume_1:_The_Quine_Tapes  recordLabel  Universal_Music_Group [/TRIPLE] [TRIPLE] Bootleg_Series_Volume_1:_The_Quine_Tapes  releaseDate  2001-10-16 [/TRIPLE],6,4,2,4,artist | releaseDate,Bootleg_Series_Volume_1:_The_Quine_Tapes artist The_Velvet_Underground || Bootleg_Series_Volume_1:_The_Quine_Tapes releaseDate 2001-10-16,1074,precededBy genre recordLabel recordLabel,ordering
factual,results/ordering/factual_ordering.json,1075,[TRIPLE] Darinka_Dentcheva  citizenship  United_States [/TRIPLE] [TRIPLE] United_States  longName  United States of America [/TRIPLE] [TRIPLE] Darinka_Dentcheva  knownFor  Stochastic_programming [/TRIPLE] [TRIPLE] Darinka_Dentcheva  almaMater  Humboldt_University [/TRIPLE],4,3,1,3,longName,United_States longName United States of America,1075,almaMater knownFor citizenship,ordering
factual,results/ordering/factual_ordering.json,1085,[TRIPLE] Liselotte_Grschebina  training  School_of_Applied_Arts_in_Stuttgart [/TRIPLE] [TRIPLE] Liselotte_Grschebina  deathDate  1994-06-14 [/TRIPLE] [TRIPLE] Liselotte_Grschebina  birthDate  1908-05-02 [/TRIPLE] [TRIPLE] Liselotte_Grschebina  deathPlace  Petah_Tikva [/TRIPLE],4,3,1,3,training,Liselotte_Grschebina training School_of_Applied_Arts_in_Stuttgart,1085,birthDate deathPlace deathDate,ordering
factual,results/ordering/factual_ordering.json,1097,[TRIPLE] GMA_New_Media  location  Philippines [/TRIPLE] [TRIPLE] GMA_New_Media  type  Media_company [/TRIPLE] [TRIPLE] GMA_New_Media  product  World_Wide_Web [/TRIPLE],3,2,1,2,type,GMA_New_Media type Media_company,1097,location product,ordering
factual,results/ordering/factual_ordering.json,1106,[TRIPLE] Brandon_Carter  professionalField  General_relativity [/TRIPLE] [TRIPLE] Brandon_Carter  knownFor  Carter_constant [/TRIPLE] [TRIPLE] Brandon_Carter  knownFor  No-hair_theorem [/TRIPLE],3,2,1,3,professionalField,Brandon_Carter professionalField General_relativity,1106,professionField knownFor knownFor,ordering
factual,results/ordering/factual_ordering.json,1109,[TRIPLE] Nie_Haisheng  mission  Shenzhou_10 [/TRIPLE] [TRIPLE] Nie_Haisheng  mission  Shenzhou_6 [/TRIPLE] [TRIPLE] Nie_Haisheng  nationality  People's_Republic_of_China [/TRIPLE],3,2,1,2,mission,Nie_Haisheng mission Shenzhou_6,1109,nationality mission,ordering
factual,results/ordering/factual_ordering.json,1110,"[TRIPLE] Bootleg_Series_Volume_1:_The_Quine_Tapes  artist  The_Velvet_Underground [/TRIPLE] [TRIPLE] Bootleg_Series_Volume_1:_The_Quine_Tapes  producer  The_Velvet_Underground [/TRIPLE] [TRIPLE] Bootleg_Series_Volume_1:_The_Quine_Tapes  runtime  230.05 [/TRIPLE] [TRIPLE] Bootleg_Series_Volume_1:_The_Quine_Tapes  recordedIn  United_States [/TRIPLE] [TRIPLE] Bootleg_Series_Volume_1:_The_Quine_Tapes  recordedIn  St._Louis,_Missouri [/TRIPLE]",5,1,4,5,producer | runtime | recordedIn | recordedIn,"Bootleg_Series_Volume_1:_The_Quine_Tapes producer The_Velvet_Underground || Bootleg_Series_Volume_1:_The_Quine_Tapes runtime 230.05 || Bootleg_Series_Volume_1:_The_Quine_Tapes recordedIn United_States || Bootleg_Series_Volume_1:_The_Quine_Tapes recordedIn St._Louis,_Missouri",1110,recordIn recordIn artist production time,ordering
factual,results/ordering/factual_ordering.json,1114,"[TRIPLE] Ciudad_Ayala  populationMetro  1777539 [/TRIPLE] [TRIPLE] Ciudad_Ayala  leaderTitle  ""City Manager"" [/TRIPLE] [TRIPLE] Ciudad_Ayala  type  City [/TRIPLE] [TRIPLE] Ciudad_Ayala  governmentType  Council-manager_government [/TRIPLE]",4,3,1,4,type,Ciudad_Ayala type City,1114,leaderTitle governmentType city populationMetro,ordering
factual,results/ordering/factual_ordering.json,1115,[TRIPLE] Turn_Me_On_(album)  artist  The_Honeymoon_Killers_(American_band) [/TRIPLE] [TRIPLE] Turn_Me_On_(album)  genre  Punk_blues [/TRIPLE] [TRIPLE] Turn_Me_On_(album)  producer  The_Honeymoon_Killers_(American_band) [/TRIPLE],3,1,2,2,artist | producer,Turn_Me_On_(album) artist The_Honeymoon_Killers_(American_band) || Turn_Me_On_(album) producer The_Honeymoon_Killers_(American_band),1115,genre author,ordering
factual,results/ordering/factual_ordering.json,1116,[TRIPLE] Nie_Haisheng  mission  Shenzhou_10 [/TRIPLE] [TRIPLE] Nie_Haisheng  mission  Shenzhou_6 [/TRIPLE] [TRIPLE] Nie_Haisheng  nationality  People's_Republic_of_China [/TRIPLE] [TRIPLE] Nie_Haisheng  birthDate  1964-10-13 [/TRIPLE],4,3,1,3,mission,Nie_Haisheng mission Shenzhou_6,1116,nationality birthDate mission,ordering
factual,results/ordering/factual_ordering.json,1130,[TRIPLE] It's_Great_to_Be_Young_(1956_film)  starring  Cecil_Parker [/TRIPLE] [TRIPLE] It's_Great_to_Be_Young_(1956_film)  writer  Ted_Willis [/TRIPLE] [TRIPLE] It's_Great_to_Be_Young_(1956_film)  editing  Max_Benedict [/TRIPLE],3,1,2,3,writer | editing,It's_Great_to_Be_Young_(1956_film) writer Ted_Willis || It's_Great_to_Be_Young_(1956_film) editing Max_Benedict,1130,starring editor starring,ordering
factual,results/ordering/factual_ordering.json,1133,[TRIPLE] Nurhan_Atasoy  birthDate  1934-01-01 [/TRIPLE] [TRIPLE] Nurhan_Atasoy  residence  Istanbul [/TRIPLE] [TRIPLE] Nurhan_Atasoy  citizenship  Turkey [/TRIPLE] [TRIPLE] Nurhan_Atasoy  nationality  Turkish_people [/TRIPLE],4,3,1,3,citizenship,Nurhan_Atasoy citizenship Turkey,1133,birthDate nationality residence,ordering
factual,results/ordering/factual_ordering.json,1136,[TRIPLE] English_Without_Tears  writer  Terence_Rattigan [/TRIPLE] [TRIPLE] Terence_Rattigan  birthDate  1911-01-01 [/TRIPLE],2,1,1,2,writer,English_Without_Tears writer Terence_Rattigan,1136,birthDate author,ordering
factual,results/ordering/factual_ordering.json,1142,[TRIPLE] Nord_(Year_of_No_Light_album)  followedBy  Live_at_Roadburn_2008_(Year_of_No_Light_album) [/TRIPLE] [TRIPLE] Nord_(Year_of_No_Light_album)  producer  Year_of_No_Light [/TRIPLE] [TRIPLE] Live_at_Roadburn_2008_(Year_of_No_Light_album)  followedBy  Karysun_/_Year_of_No_Light [/TRIPLE] [TRIPLE] Live_at_Roadburn_2008_(Year_of_No_Light_album)  producer  Roadburn_Festival [/TRIPLE],4,3,1,3,producer,Live_at_Roadburn_2008_(Year_of_No_Light_album) producer Roadburn_Festival,1142,followedBy followedBy producer,ordering
factual,results/ordering/factual_ordering.json,1145,"[TRIPLE] Bedford_Aerodrome  operatingOrganisation  MotorSport_Vision [/TRIPLE] [TRIPLE] Bedford_Aerodrome  runwayLength  1095.0 [/TRIPLE] [TRIPLE] Bedford_Aerodrome  cityServed  Bedford_Autodrome [/TRIPLE] [TRIPLE] Bedford_Aerodrome  location  Thurleigh [/TRIPLE] [TRIPLE] Bedford_Aerodrome  icaoLocationIdentifier  EGBF [/TRIPLE] [TRIPLE] Bedford_Aerodrome  runwayName  ""08/26"" [/TRIPLE]",6,5,1,6,icaoLocationIdentifier,Bedford_Aerodrome icaoLocationIdentifier EGBF,1145,operatingOrganisation location cityServed ICAOLocationIdentifier runwayName runwayLength,ordering
factual,results/ordering/factual_ordering.json,1147,[TRIPLE] Mermaid_(Train_song)  writer  Amund_Bjørklund [/TRIPLE],1,0,1,1,writer,Mermaid_(Train_song) writer Amund_Bjørklund,1147,author,ordering
factual,results/ordering/factual_ordering.json,1150,"[TRIPLE] Acharya_Institute_of_Technology  campus  ""In Soldevanahalli, Acharya Dr. Sarvapalli Radhakrishnan Road, Hessarghatta Main Road, Bangalore – 560090."" [/TRIPLE] [TRIPLE] Acharya_Institute_of_Technology  affiliation  Visvesvaraya_Technological_University [/TRIPLE] [TRIPLE] Acharya_Institute_of_Technology  city  Bangalore [/TRIPLE] [TRIPLE] Acharya_Institute_of_Technology  president  ""B.M. Reddy"" [/TRIPLE]",4,3,1,3,city,Acharya_Institute_of_Technology city Bangalore,1150,campus president affiliation,ordering
factual,results/ordering/factual_ordering.json,1153,[TRIPLE] McVeagh_of_the_South_Seas  imdbId  0004319 [/TRIPLE] [TRIPLE] McVeagh_of_the_South_Seas  starring  Harry_Carey_(actor_born_1878) [/TRIPLE] [TRIPLE] McVeagh_of_the_South_Seas  writer  Harry_Carey_(actor_born_1878) [/TRIPLE] [TRIPLE] McVeagh_of_the_South_Seas  producer  The_Progressive_Motion_Picture_Company [/TRIPLE],4,2,2,4,writer | producer,McVeagh_of_the_South_Seas writer Harry_Carey_(actor_born_1878) || McVeagh_of_the_South_Seas producer The_Progressive_Motion_Picture_Company,1153,starring starring creator imdbId,ordering
factual,results/ordering/factual_ordering.json,1158,[TRIPLE] FC_Terek_Grozny  ground  Grozny [/TRIPLE] [TRIPLE] Aleksandr_Prudnikov  currentclub  FC_Amkar_Perm [/TRIPLE] [TRIPLE] Aleksandr_Prudnikov  club  FC_Terek_Grozny [/TRIPLE] [TRIPLE] Aleksandr_Prudnikov  height  185.0 (centimetres) [/TRIPLE] [TRIPLE] Aleksandr_Prudnikov  youthclub  FC_Spartak_Moscow [/TRIPLE],5,4,1,5,ground,FC_Terek_Grozny ground Grozny,1158,height youthclub club club currentclub,ordering
factual,results/ordering/factual_ordering.json,1159,[TRIPLE] University_of_Burgundy  numberOfStudents  27400 [/TRIPLE] [TRIPLE] University_of_Burgundy  campus  Dijon [/TRIPLE] [TRIPLE] University_of_Burgundy  city  Dijon [/TRIPLE] [TRIPLE] University_of_Burgundy  numberOfPostgraduateStudents  9400 [/TRIPLE] [TRIPLE] University_of_Burgundy  country  France [/TRIPLE],5,4,1,4,city,University_of_Burgundy city Dijon,1159,campus country numberOfStudents numberOfPostgraduateStudents,ordering
factual,results/ordering/factual_ordering.json,1160,[TRIPLE] Olga_Bondareva  professionalField  Economics [/TRIPLE] [TRIPLE] Olga_Bondareva  professionalField  Mathematics [/TRIPLE],2,0,2,2,professionalField | professionalField,Olga_Bondareva professionalField Economics || Olga_Bondareva professionalField Mathematics,1160,academicDiscipline academicDiscipline,ordering
factual,results/ordering/factual_ordering.json,1161,[TRIPLE] It's_Great_to_Be_Young_(1956_film)  starring  John_Mills [/TRIPLE] [TRIPLE] It's_Great_to_Be_Young_(1956_film)  cinematography  Gilbert_Taylor [/TRIPLE] [TRIPLE] It's_Great_to_Be_Young_(1956_film)  runtime  94.0 [/TRIPLE] [TRIPLE] It's_Great_to_Be_Young_(1956_film)  gross  282838.0 [/TRIPLE] [TRIPLE] It's_Great_to_Be_Young_(1956_film)  director  Cyril_Frankel [/TRIPLE] [TRIPLE] It's_Great_to_Be_Young_(1956_film)  musicComposer  Louis_Levy [/TRIPLE],6,4,2,5,cinematography | gross,It's_Great_to_Be_Young_(1956_film) cinematography Gilbert_Taylor || It's_Great_to_Be_Young_(1956_film) gross 282838.0,1161,starring director musicComposer runtime grosses,ordering
factual,results/ordering/factual_ordering.json,1164,[TRIPLE] Turn_Me_On_(album)  producer  The_Honeymoon_Killers_(American_band) [/TRIPLE] [TRIPLE] Turn_Me_On_(album)  followedBy  Take_It_Off! [/TRIPLE] [TRIPLE] Take_It_Off!  followedBy  'Til_Death_Do_Us_Part_(EP) [/TRIPLE],3,2,1,3,producer,Turn_Me_On_(album) producer The_Honeymoon_Killers_(American_band),1164,followedBy followedBy record,ordering
factual,results/ordering/factual_ordering.json,1172,[TRIPLE] Liselotte_Grschebina  training  School_of_Applied_Arts_in_Stuttgart [/TRIPLE] [TRIPLE] Liselotte_Grschebina  deathDate  1994-06-14 [/TRIPLE] [TRIPLE] Liselotte_Grschebina  birthDate  1908-05-02 [/TRIPLE],3,2,1,2,training,Liselotte_Grschebina training School_of_Applied_Arts_in_Stuttgart,1172,birthDate deathDate,ordering
factual,results/ordering/factual_ordering.json,1174,[TRIPLE] Nurhan_Atasoy  birthDate  1934-01-01 [/TRIPLE] [TRIPLE] Nurhan_Atasoy  citizenship  Turkey [/TRIPLE] [TRIPLE] Nurhan_Atasoy  birthPlace  Turkey [/TRIPLE] [TRIPLE] Nurhan_Atasoy  nationality  Turkish_people [/TRIPLE] [TRIPLE] Nurhan_Atasoy  residence  Turkey [/TRIPLE] [TRIPLE] Nurhan_Atasoy  award  State_Award_for_Superior_Achievement [/TRIPLE] [TRIPLE] Nurhan_Atasoy  residence  Teşvikiye [/TRIPLE],7,5,2,5,citizenship | residence,Nurhan_Atasoy citizenship Turkey || Nurhan_Atasoy residence Teşvikiye,1174,birthDate birthPlace nationality residence award,ordering
factual,results/ordering/factual_ordering.json,1185,[TRIPLE] Mermaid_(Train_song)  musicalBand  Train_(band) [/TRIPLE] [TRIPLE] Mermaid_(Train_song)  writer  Espen_Lind [/TRIPLE] [TRIPLE] Mermaid_(Train_song)  runtime  3.16 [/TRIPLE] [TRIPLE] Mermaid_(Train_song)  genre  Reggae [/TRIPLE] [TRIPLE] Mermaid_(Train_song)  writer  Amund_Bjørklund [/TRIPLE] [TRIPLE] Mermaid_(Train_song)  followedBy  Imagine_(John_Lennon_song) [/TRIPLE] [TRIPLE] Mermaid_(Train_song)  producer  Espionage_(production_team) [/TRIPLE],7,2,5,6,musicalBand | writer | runtime | writer | producer,Mermaid_(Train_song) musicalBand Train_(band) || Mermaid_(Train_song) writer Espen_Lind || Mermaid_(Train_song) runtime 3.16 || Mermaid_(Train_song) writer Amund_Bjørklund || Mermaid_(Train_song) producer Espionage_(production_team),1185,genre musicBand followedBy timeruntime author production_team,ordering
factual,results/ordering/factual_ordering.json,1186,[TRIPLE] Adolfo_Suárez_Madrid–Barajas_Airport  operatingOrganisation  ENAIRE [/TRIPLE] [TRIPLE] Adolfo_Suárez_Madrid–Barajas_Airport  location  Alcobendas [/TRIPLE] [TRIPLE] Adolfo_Suárez_Madrid–Barajas_Airport  runwayLength  4349.0 [/TRIPLE] [TRIPLE] ENAIRE  city  Madrid [/TRIPLE] [TRIPLE] Adolfo_Suárez_Madrid–Barajas_Airport  elevationAboveTheSeaLevel  610.0 [/TRIPLE],5,4,1,4,city,ENAIRE city Madrid,1186,location operatingOrganisation elevationAboveTheSeaLevel runwayLength,ordering
factual,results/ordering/factual_ordering.json,1195,[TRIPLE] Olga_Bondareva  deathDate  1991-12-09 [/TRIPLE] [TRIPLE] Olga_Bondareva  professionalField  Economics [/TRIPLE] [TRIPLE] Olga_Bondareva  professionalField  Mathematics [/TRIPLE],3,1,2,2,professionalField | professionalField,Olga_Bondareva professionalField Economics || Olga_Bondareva professionalField Mathematics,1195,deathDate professionField,ordering
factual,results/ordering/factual_ordering.json,1200,"[TRIPLE] Acharya_Institute_of_Technology  campus  ""In Soldevanahalli, Acharya Dr. Sarvapalli Radhakrishnan Road, Hessarghatta Main Road, Bangalore – 560090."" [/TRIPLE] [TRIPLE] All_India_Council_for_Technical_Education  location  Mumbai [/TRIPLE] [TRIPLE] Acharya_Institute_of_Technology  director  ""Dr. G. P. Prabhukumar"" [/TRIPLE] [TRIPLE] Bangalore  founder  Kempe_Gowda_I [/TRIPLE] [TRIPLE] Acharya_Institute_of_Technology  city  Bangalore [/TRIPLE] [TRIPLE] Acharya_Institute_of_Technology  country  ""India"" [/TRIPLE] [TRIPLE] Acharya_Institute_of_Technology  wasGivenTheTechnicalCampusStatusBy  All_India_Council_for_Technical_Education [/TRIPLE]",7,5,2,5,location | city,All_India_Council_for_Technical_Education location Mumbai || Acharya_Institute_of_Technology city Bangalore,1200,campus country director wasGivenTheTechnicalCampusStatusBy founder,ordering
factual,results/ordering/factual_ordering.json,1205,[TRIPLE] Lady_Anne_Monson  birthPlace  Darlington [/TRIPLE] [TRIPLE] Lady_Anne_Monson  professionalField  Botany [/TRIPLE] [TRIPLE] Lady_Anne_Monson  birthPlace  Kingdom_of_England [/TRIPLE] [TRIPLE] Lady_Anne_Monson  birthDate  1726-01-01 [/TRIPLE] [TRIPLE] Lady_Anne_Monson  deathDate  1776-02-18 [/TRIPLE],5,3,2,4,professionalField | birthPlace,Lady_Anne_Monson professionalField Botany || Lady_Anne_Monson birthPlace Kingdom_of_England,1205,birthPlace birthDate deathDate profession,ordering
factual,results/ordering/factual_ordering.json,1211,[TRIPLE] Adolfo_Suárez_Madrid–Barajas_Airport  operatingOrganisation  ENAIRE [/TRIPLE] [TRIPLE] Adolfo_Suárez_Madrid–Barajas_Airport  location  Alcobendas [/TRIPLE] [TRIPLE] ENAIRE  city  Madrid [/TRIPLE] [TRIPLE] Adolfo_Suárez_Madrid–Barajas_Airport  runwayLength  3500.0 [/TRIPLE] [TRIPLE] Alcobendas  country  Spain [/TRIPLE],5,4,1,4,city,ENAIRE city Madrid,1211,location country operatingOrganisation runwayLength,ordering
factual,results/ordering/factual_ordering.json,1213,"[TRIPLE] Trane  foundingDate  1913-01-01 [/TRIPLE] [TRIPLE] Trane  industry  Building_materials [/TRIPLE] [TRIPLE] Trane  location  Swords,_Dublin [/TRIPLE] [TRIPLE] Swords,_Dublin  isPartOf  Leinster [/TRIPLE]",4,2,2,3,foundingDate | industry,Trane foundingDate 1913-01-01 || Trane industry Building_materials,1213,location isPartOf foundedDate,ordering
factual,results/ordering/factual_ordering.json,1222,[TRIPLE] Brandon_Carter  professionalField  General_relativity [/TRIPLE] [TRIPLE] Brandon_Carter  doctoralAdvisor  Dennis_William_Sciama [/TRIPLE] [TRIPLE] Brandon_Carter  birthPlace  England [/TRIPLE] [TRIPLE] Brandon_Carter  almaMater  University_of_Cambridge [/TRIPLE],4,3,1,4,professionalField,Brandon_Carter professionalField General_relativity,1222,birthPlace almaMater doctoralAdvisor profession,ordering
factual,results/ordering/factual_ordering.json,1224,[TRIPLE] English_Without_Tears  writer  Anatole_de_Grunwald [/TRIPLE] [TRIPLE] English_Without_Tears  runtime  89.0 [/TRIPLE],2,1,1,2,writer,English_Without_Tears writer Anatole_de_Grunwald,1224,author runtime,ordering
factual,results/ordering/factual_ordering.json,1230,"[TRIPLE] Olga_Bondareva  deathPlace  Saint_Petersburg [/TRIPLE] [TRIPLE] Olga_Bondareva  birthDate  1937-04-27 [/TRIPLE] [TRIPLE] Olga_Bondareva  knownFor  Bondareva–Shapley_theorem [/TRIPLE] [TRIPLE] Olga_Bondareva  birthName  ""Olga Nikolaevna Bondareva"" [/TRIPLE] [TRIPLE] Olga_Bondareva  almaMater  Leningrad_State_University [/TRIPLE] [TRIPLE] Olga_Bondareva  deathDate  1991-12-09 [/TRIPLE]",6,5,1,5,knownFor,Olga_Bondareva knownFor Bondareva–Shapley_theorem,1230,birthName birthDate almaMater deathPlace deathDate,ordering
factual,results/ordering/factual_ordering.json,1231,"[TRIPLE] Acharya_Institute_of_Technology  campus  ""In Soldevanahalli, Acharya Dr. Sarvapalli Radhakrishnan Road, Hessarghatta Main Road, Bangalore – 560090."" [/TRIPLE] [TRIPLE] All_India_Council_for_Technical_Education  location  Mumbai [/TRIPLE] [TRIPLE] Acharya_Institute_of_Technology  director  ""Dr. G. P. Prabhukumar"" [/TRIPLE] [TRIPLE] Bangalore  founder  Kempe_Gowda_I [/TRIPLE] [TRIPLE] Acharya_Institute_of_Technology  sportsOffered  Tennis [/TRIPLE] [TRIPLE] Acharya_Institute_of_Technology  city  Bangalore [/TRIPLE] [TRIPLE] Acharya_Institute_of_Technology  wasGivenTheTechnicalCampusStatusBy  All_India_Council_for_Technical_Education [/TRIPLE]",7,6,1,6,city,Acharya_Institute_of_Technology city Bangalore,1231,campus director wasGivenTheTechnicalCampusStatusBy location founder sportsOffered,ordering
factual,results/ordering/factual_ordering.json,1241,[TRIPLE] Darinka_Dentcheva  citizenship  United_States [/TRIPLE] [TRIPLE] Darinka_Dentcheva  birthDate  1958-01-01 [/TRIPLE] [TRIPLE] Darinka_Dentcheva  professionalField  Mathematical_optimization [/TRIPLE],3,1,2,3,citizenship | professionalField,Darinka_Dentcheva citizenship United_States || Darinka_Dentcheva professionalField Mathematical_optimization,1241,birthDate nationality professionField,ordering
factual,results/ordering/factual_ordering.json,1244,[TRIPLE] Mermaid_(Train_song)  releaseDate  2012-12-27 [/TRIPLE] [TRIPLE] Mermaid_(Train_song)  precededBy  This'll_Be_My_Year [/TRIPLE] [TRIPLE] Mermaid_(Train_song)  writer  Espen_Lind [/TRIPLE] [TRIPLE] Mermaid_(Train_song)  runtime  3.16 [/TRIPLE] [TRIPLE] Mermaid_(Train_song)  writer  Amund_Bjørklund [/TRIPLE] [TRIPLE] Mermaid_(Train_song)  followedBy  Imagine_(John_Lennon_song) [/TRIPLE],6,3,3,6,writer | runtime | writer,Mermaid_(Train_song) writer Espen_Lind || Mermaid_(Train_song) runtime 3.16 || Mermaid_(Train_song) writer Amund_Bjørklund,1244,precededBy followedBy recordLabel releaseDate author narrator,ordering
factual,results/ordering/factual_ordering.json,1250,[TRIPLE] English_Without_Tears  runtime  89.0 [/TRIPLE] [TRIPLE] English_Without_Tears  musicComposer  Nicholas_Brodszky [/TRIPLE] [TRIPLE] English_Without_Tears  releaseDate  1944-07-28 [/TRIPLE] [TRIPLE] English_Without_Tears  director  Harold_French [/TRIPLE] [TRIPLE] English_Without_Tears  editing  Alan_Jaggs [/TRIPLE],5,4,1,5,editing,English_Without_Tears editing Alan_Jaggs,1250,musicComposer director editor releaseDate runtime,ordering
factual,results/ordering/factual_ordering.json,1256,[TRIPLE] Liselotte_Grschebina  birthPlace  German_Empire [/TRIPLE] [TRIPLE] Liselotte_Grschebina  training  School_of_Applied_Arts_in_Stuttgart [/TRIPLE] [TRIPLE] Liselotte_Grschebina  deathPlace  Petah_Tikva [/TRIPLE],3,2,1,2,training,Liselotte_Grschebina training School_of_Applied_Arts_in_Stuttgart,1256,birthPlace deathPlace,ordering
factual,results/ordering/factual_ordering.json,1260,[TRIPLE] Hypermarcas  location  Brazil [/TRIPLE] [TRIPLE] Hypermarcas  product  Drugs [/TRIPLE] [TRIPLE] Hypermarcas  industry  Pharmaceuticals [/TRIPLE] [TRIPLE] Hypermarcas  keyPerson  CEO [/TRIPLE] [TRIPLE] Hypermarcas  type  S.A._(corporation) [/TRIPLE],5,4,1,4,type,Hypermarcas type S.A._(corporation),1260,location keyPerson product industry,ordering
factual,results/ordering/factual_ordering.json,1265,[TRIPLE] Chinabank  numberOfLocations  295 [/TRIPLE] [TRIPLE] Chinabank  type  Public_company [/TRIPLE] [TRIPLE] Chinabank  location  Philippines [/TRIPLE],3,2,1,2,type,Chinabank type Public_company,1265,location numberOfLocations,ordering
factual,results/ordering/factual_ordering.json,1268,[TRIPLE] Liselotte_Grschebina  birthPlace  Karlsruhe [/TRIPLE] [TRIPLE] Liselotte_Grschebina  birthDate  1908-05-02 [/TRIPLE] [TRIPLE] Liselotte_Grschebina  deathDate  1994-06-14 [/TRIPLE] [TRIPLE] Liselotte_Grschebina  deathPlace  Israel [/TRIPLE] [TRIPLE] Liselotte_Grschebina  nationality  Israel [/TRIPLE] [TRIPLE] Liselotte_Grschebina  birthPlace  German_Empire [/TRIPLE],6,5,1,5,birthPlace,Liselotte_Grschebina birthPlace German_Empire,1268,nationality birthPlace birthDate deathPlace deathDate,ordering
factual,results/ordering/factual_ordering.json,1276,[TRIPLE] Darinka_Dentcheva  influencedBy  Andrzej_Piotr_Ruszczyński [/TRIPLE] [TRIPLE] Darinka_Dentcheva  citizenship  United_States [/TRIPLE] [TRIPLE] Darinka_Dentcheva  birthDate  1958-01-01 [/TRIPLE] [TRIPLE] Darinka_Dentcheva  professionalField  Mathematical_optimization [/TRIPLE],4,2,2,4,citizenship | professionalField,Darinka_Dentcheva citizenship United_States || Darinka_Dentcheva professionalField Mathematical_optimization,1276,birthDate nationality influencedBy occupation,ordering
factual,results/ordering/factual_ordering.json,1277,[TRIPLE] Mermaid_(Train_song)  writer  Pat_Monahan [/TRIPLE],1,0,1,1,writer,Mermaid_(Train_song) writer Pat_Monahan,1277,author,ordering
factual,results/ordering/factual_ordering.json,1287,[TRIPLE] GMA_New_Media  foundingDate  2000-01-01 [/TRIPLE] [TRIPLE] GMA_New_Media  product  Mobile_Applications [/TRIPLE] [TRIPLE] GMA_New_Media  industry  Mass_Media [/TRIPLE] [TRIPLE] GMA_New_Media  keyPerson  Felipe_Gozon [/TRIPLE] [TRIPLE] GMA_New_Media  location  GMA_Network_Center [/TRIPLE] [TRIPLE] GMA_New_Media  location  Philippines [/TRIPLE] [TRIPLE] GMA_New_Media  industry  Entertainment [/TRIPLE],7,6,1,6,industry,GMA_New_Media industry Entertainment,1287,keyPerson foundingDate location location industry product,ordering
factual,results/ordering/factual_ordering.json,1293,[TRIPLE] Olga_Bondareva  birthDate  1937-04-27 [/TRIPLE] [TRIPLE] Olga_Bondareva  professionalField  Mathematics [/TRIPLE] [TRIPLE] Olga_Bondareva  professionalField  Economics [/TRIPLE],3,1,2,3,professionalField | professionalField,Olga_Bondareva professionalField Mathematics || Olga_Bondareva professionalField Economics,1293,birthDate professionField academic,ordering
factual,results/ordering/factual_ordering.json,1296,[TRIPLE] Ciudad_Ayala  type  City [/TRIPLE] [TRIPLE] Ciudad_Ayala  governmentType  Council-manager_government [/TRIPLE] [TRIPLE] Ciudad_Ayala  utcOffset  −6 [/TRIPLE] [TRIPLE] Ciudad_Ayala  leaderTitle  Governator [/TRIPLE] [TRIPLE] Ciudad_Ayala  isPartOf  Morelos [/TRIPLE],5,4,1,5,type,Ciudad_Ayala type City,1296,isPartOf city governmentType leaderTitle utcOffset,ordering
factual,results/ordering/factual_ordering.json,1297,[TRIPLE] Ciudad_Ayala  type  City [/TRIPLE] [TRIPLE] Ciudad_Ayala  populationDensity  1604.0 [/TRIPLE] [TRIPLE] Ciudad_Ayala  utcOffset  −6 [/TRIPLE] [TRIPLE] Ciudad_Ayala  leaderTitle  Governator [/TRIPLE],4,3,1,3,type,Ciudad_Ayala type City,1297,leaderTitle populationDensity utcOffset,ordering
factual,results/ordering/factual_ordering.json,1301,[TRIPLE] Nurhan_Atasoy  residence  Istanbul [/TRIPLE] [TRIPLE] Turkey  capital  Ankara [/TRIPLE] [TRIPLE] Nurhan_Atasoy  residence  Turkey [/TRIPLE] [TRIPLE] Nurhan_Atasoy  nationality  Turkish_people [/TRIPLE] [TRIPLE] Turkish_people  religion  Irreligion [/TRIPLE],5,4,1,4,residence,Nurhan_Atasoy residence Turkey,1301,nationality religion residence capital,ordering
factual,results/ordering/factual_ordering.json,1305,"[TRIPLE] Alan_B._Miller_Hall  architect  Robert_A._M._Stern [/TRIPLE] [TRIPLE] Alan_B._Miller_Hall  address  ""101 Ukrop Way"" [/TRIPLE] [TRIPLE] Alan_B._Miller_Hall  buildingStartDate  ""30 March 2007"" [/TRIPLE] [TRIPLE] Alan_B._Miller_Hall  currentTenants  Mason_School_of_Business [/TRIPLE] [TRIPLE] Alan_B._Miller_Hall  location  Virginia [/TRIPLE] [TRIPLE] Alan_B._Miller_Hall  tenant  Mason_School_of_Business [/TRIPLE] [TRIPLE] Alan_B._Miller_Hall  owner  College_of_William_&_Mary [/TRIPLE]",7,6,1,6,tenant,Alan_B._Miller_Hall tenant Mason_School_of_Business,1305,owner address location buildingStartDate currentTenants architect,ordering
factual,results/ordering/factual_ordering.json,1312,[TRIPLE] GMA_New_Media  industry  Mass_Media [/TRIPLE] [TRIPLE] GMA_New_Media  keyPerson  Felipe_Gozon [/TRIPLE] [TRIPLE] GMA_New_Media  industry  Entertainment [/TRIPLE] [TRIPLE] GMA_New_Media  type  Media_company [/TRIPLE],4,2,2,3,industry | type,GMA_New_Media industry Entertainment || GMA_New_Media type Media_company,1312,keyPerson media_company industry,ordering
factual,results/ordering/factual_ordering.json,1317,"[TRIPLE] Mexico  currency  Mexican_peso [/TRIPLE] [TRIPLE] Mexico  demonym  Mexicans [/TRIPLE] [TRIPLE] Bionico  course  Dessert [/TRIPLE] [TRIPLE] Bionico  mainIngredient  ""Chopped Fruits, Sour Cream, Condensed Milk, Granola, Shredded Coconut, Raisins"" [/TRIPLE] [TRIPLE] Dessert  dishVariation  Sandesh_(confectionery) [/TRIPLE] [TRIPLE] Bionico  country  Mexico [/TRIPLE]",6,5,1,6,mainIngredient,"Bionico mainIngredient ""Chopped Fruits, Sour Cream, Condensed Milk, Granola, Shredded Coconut, Raisins""",1317,course country mainIngredients dishVariation currency demonym,ordering
factual,results/ordering/factual_ordering.json,1325,[TRIPLE] English_Without_Tears  runtime  89.0 [/TRIPLE] [TRIPLE] English_Without_Tears  editing  Alan_Jaggs [/TRIPLE] [TRIPLE] English_Without_Tears  producer  Anatole_de_Grunwald [/TRIPLE] [TRIPLE] English_Without_Tears  writer  Anatole_de_Grunwald [/TRIPLE] [TRIPLE] English_Without_Tears  cinematography  Bernard_Knowles [/TRIPLE],5,1,4,4,runtime | editing | producer | writer,English_Without_Tears runtime 89.0 || English_Without_Tears editing Alan_Jaggs || English_Without_Tears producer Anatole_de_Grunwald || English_Without_Tears writer Anatole_de_Grunwald,1325,editor production time cinematography,ordering
factual,results/ordering/factual_ordering.json,1327,"[TRIPLE] Acharya_Institute_of_Technology  campus  ""In Soldevanahalli, Acharya Dr. Sarvapalli Radhakrishnan Road, Hessarghatta Main Road, Bangalore – 560090."" [/TRIPLE] [TRIPLE] Acharya_Institute_of_Technology  affiliation  Visvesvaraya_Technological_University [/TRIPLE] [TRIPLE] Acharya_Institute_of_Technology  city  Bangalore [/TRIPLE] [TRIPLE] Acharya_Institute_of_Technology  established  2000 [/TRIPLE]",4,3,1,3,city,Acharya_Institute_of_Technology city Bangalore,1327,campus established affiliation,ordering
factual,results/ordering/factual_ordering.json,1328,[TRIPLE] Expect_a_Miracle  producer  Brian_Kelly_(composer_&_pianist) [/TRIPLE] [TRIPLE] Expect_a_Miracle  genre  Easy_listening [/TRIPLE] [TRIPLE] Expect_a_Miracle  artist  Brian_Kelly_(composer_&_pianist) [/TRIPLE],3,1,2,2,producer | artist,Expect_a_Miracle producer Brian_Kelly_(composer_&_pianist) || Expect_a_Miracle artist Brian_Kelly_(composer_&_pianist),1328,genre creator,ordering
factual,results/ordering/factual_ordering.json,1332,[TRIPLE] Ciudad_Ayala  type  City [/TRIPLE] [TRIPLE] Ciudad_Ayala  populationDensity  1604.0 [/TRIPLE] [TRIPLE] Ciudad_Ayala  governmentType  Council-manager_government [/TRIPLE],3,2,1,3,type,Ciudad_Ayala type City,1332,governmentType city populationDensity,ordering
factual,results/ordering/factual_ordering.json,1334,[TRIPLE] Expect_a_Miracle  producer  Brian_Kelly_(composer_&_pianist) [/TRIPLE] [TRIPLE] Expect_a_Miracle  runtime  54.56 [/TRIPLE] [TRIPLE] Expect_a_Miracle  artist  Brian_Kelly_(composer_&_pianist) [/TRIPLE] [TRIPLE] Expect_a_Miracle  precededBy  Pools_of_Light_(Brian_Kelly_album) [/TRIPLE],4,2,2,4,runtime | artist,Expect_a_Miracle runtime 54.56 || Expect_a_Miracle artist Brian_Kelly_(composer_&_pianist),1334,precededBy record producer time,ordering
factual,results/ordering/factual_ordering.json,1335,[TRIPLE] English_Without_Tears  producer  Anatole_de_Grunwald [/TRIPLE] [TRIPLE] English_Without_Tears  writer  Anatole_de_Grunwald [/TRIPLE] [TRIPLE] English_Without_Tears  cinematography  Bernard_Knowles [/TRIPLE],3,1,2,3,producer | writer,English_Without_Tears producer Anatole_de_Grunwald || English_Without_Tears writer Anatole_de_Grunwald,1335,director cinematography creator,ordering
factual,results/ordering/factual_ordering.json,1339,"[TRIPLE] Liselotte_Grschebina  deathPlace  Israel [/TRIPLE] [TRIPLE] Liselotte_Grschebina  deathPlace  Petah_Tikva [/TRIPLE] [TRIPLE] Israel  populationDensity  387.63 [/TRIPLE] [TRIPLE] Israel  longName  ""State of Israel"" [/TRIPLE] [TRIPLE] Liselotte_Grschebina  nationality  Israel [/TRIPLE]",5,4,1,4,longName,"Israel longName ""State of Israel""",1339,nationality deathPlace deathPlace populationDensity,ordering
factual,results/ordering/factual_ordering.json,1344,"[TRIPLE] Acharya_Institute_of_Technology  campus  ""In Soldevanahalli, Acharya Dr. Sarvapalli Radhakrishnan Road, Hessarghatta Main Road, Bangalore – 560090."" [/TRIPLE] [TRIPLE] All_India_Council_for_Technical_Education  location  Mumbai [/TRIPLE] [TRIPLE] Acharya_Institute_of_Technology  director  ""Dr. G. P. Prabhukumar"" [/TRIPLE] [TRIPLE] Acharya_Institute_of_Technology  city  Bangalore [/TRIPLE] [TRIPLE] Acharya_Institute_of_Technology  wasGivenTheTechnicalCampusStatusBy  All_India_Council_for_Technical_Education [/TRIPLE]",5,4,1,4,city,Acharya_Institute_of_Technology city Bangalore,1344,campus director wasGivenTheTechnicalCampusStatusBy location,ordering
factual,results/ordering/factual_ordering.json,1349,[TRIPLE] Brandon_Carter  professionalField  General_relativity [/TRIPLE] [TRIPLE] Brandon_Carter  knownFor  Carter_constant [/TRIPLE] [TRIPLE] Brandon_Carter  knownFor  No-hair_theorem [/TRIPLE] [TRIPLE] Brandon_Carter  doctoralAdvisor  Dennis_William_Sciama [/TRIPLE] [TRIPLE] Brandon_Carter  birthPlace  England [/TRIPLE],5,3,2,5,professionalField | knownFor,Brandon_Carter professionalField General_relativity || Brandon_Carter knownFor No-hair_theorem,1349,birthPlace doctoralAdvisor academicDiscipline knownFor academicDiscipline,ordering
factual,results/ordering/factual_ordering.json,1352,[TRIPLE] Nurhan_Atasoy  birthDate  1934-01-01 [/TRIPLE] [TRIPLE] Nurhan_Atasoy  residence  Istanbul [/TRIPLE] [TRIPLE] Nurhan_Atasoy  citizenship  Turkey [/TRIPLE] [TRIPLE] Nurhan_Atasoy  birthPlace  Turkey [/TRIPLE],4,3,1,3,citizenship,Nurhan_Atasoy citizenship Turkey,1352,birthPlace birthDate residence,ordering
factual,results/ordering/factual_ordering.json,1355,[TRIPLE] Lady_Anne_Monson  professionalField  Botany [/TRIPLE],1,0,1,1,professionalField,Lady_Anne_Monson professionalField Botany,1355,professionField,ordering
factual,results/ordering/factual_ordering.json,1359,[TRIPLE] Super_Capers  distributor  Roadside_Attractions [/TRIPLE] [TRIPLE] Lionsgate  service  Digital_distribution [/TRIPLE] [TRIPLE] Super_Capers  distributor  Lionsgate [/TRIPLE] [TRIPLE] Lionsgate  service  Broadcast_programming [/TRIPLE],4,3,1,3,service,Lionsgate service Broadcast_programming,1359,distributor distributor service,ordering
factual,results/ordering/factual_ordering.json,1361,[TRIPLE] Darinka_Dentcheva  birthDate  1958-01-01 [/TRIPLE] [TRIPLE] Darinka_Dentcheva  professionalField  Mathematical_optimization [/TRIPLE] [TRIPLE] Darinka_Dentcheva  knownFor  Stochastic_programming [/TRIPLE] [TRIPLE] Darinka_Dentcheva  almaMater  Humboldt_University [/TRIPLE],4,3,1,4,professionalField,Darinka_Dentcheva professionalField Mathematical_optimization,1361,birthDate almaMater professionField knownFor,ordering
factual,results/ordering/factual_ordering.json,1364,[TRIPLE] English_Without_Tears  runtime  89.0 [/TRIPLE] [TRIPLE] English_Without_Tears  musicComposer  Nicholas_Brodszky [/TRIPLE] [TRIPLE] English_Without_Tears  releaseDate  1944-07-28 [/TRIPLE] [TRIPLE] English_Without_Tears  director  Harold_French [/TRIPLE] [TRIPLE] English_Without_Tears  editing  Alan_Jaggs [/TRIPLE] [TRIPLE] English_Without_Tears  producer  Anatole_de_Grunwald [/TRIPLE] [TRIPLE] English_Without_Tears  writer  Anatole_de_Grunwald [/TRIPLE],7,4,3,5,editing | producer | writer,English_Without_Tears editing Alan_Jaggs || English_Without_Tears producer Anatole_de_Grunwald || English_Without_Tears writer Anatole_de_Grunwald,1364,musicComposer releaseDate runtime editor director,ordering
factual,results/ordering/factual_ordering.json,1372,"[TRIPLE] Trane  foundingDate  1913-01-01 [/TRIPLE] [TRIPLE] Trane  location  Ireland [/TRIPLE] [TRIPLE] Trane  foundationPlace  La_Crosse,_Wisconsin [/TRIPLE] [TRIPLE] Trane  industry  Building_materials [/TRIPLE]",4,3,1,3,industry,Trane industry Building_materials,1372,location foundationPlace foundingDate,ordering
factual,results/ordering/factual_ordering.json,1377,[TRIPLE] English_Without_Tears  runtime  89.0 [/TRIPLE] [TRIPLE] English_Without_Tears  musicComposer  Nicholas_Brodszky [/TRIPLE] [TRIPLE] English_Without_Tears  releaseDate  1944-07-28 [/TRIPLE] [TRIPLE] English_Without_Tears  director  Harold_French [/TRIPLE] [TRIPLE] English_Without_Tears  editing  Alan_Jaggs [/TRIPLE] [TRIPLE] English_Without_Tears  producer  Anatole_de_Grunwald [/TRIPLE],6,4,2,5,editing | producer,English_Without_Tears editing Alan_Jaggs || English_Without_Tears producer Anatole_de_Grunwald,1377,musicComposer releaseDate runtime director editor,ordering
factual,results/ordering/factual_ordering.json,1378,[TRIPLE] English_Without_Tears  musicComposer  Nicholas_Brodszky [/TRIPLE] [TRIPLE] English_Without_Tears  editing  Alan_Jaggs [/TRIPLE] [TRIPLE] English_Without_Tears  producer  Anatole_de_Grunwald [/TRIPLE] [TRIPLE] English_Without_Tears  writer  Anatole_de_Grunwald [/TRIPLE] [TRIPLE] English_Without_Tears  cinematography  Bernard_Knowles [/TRIPLE],5,2,3,4,editing | producer | writer,English_Without_Tears editing Alan_Jaggs || English_Without_Tears producer Anatole_de_Grunwald || English_Without_Tears writer Anatole_de_Grunwald,1378,musicComposer director editor cinematography,ordering
factual,results/ordering/factual_ordering.json,1382,[TRIPLE] University_of_Burgundy  numberOfUndergraduateStudents  16800 [/TRIPLE] [TRIPLE] University_of_Burgundy  staff  2900 [/TRIPLE] [TRIPLE] University_of_Burgundy  numberOfStudents  27400 [/TRIPLE] [TRIPLE] University_of_Burgundy  numberOfDoctoralStudents  1299 [/TRIPLE] [TRIPLE] University_of_Burgundy  numberOfPostgraduateStudents  9400 [/TRIPLE],5,3,2,4,staff | numberOfDoctoralStudents,University_of_Burgundy staff 2900 || University_of_Burgundy numberOfDoctoralStudents 1299,1382,numberOfPostgraduateStudents numberOfUndergraduateStudents numberOfStudents numberOfstaff,ordering
factual,results/ordering/factual_ordering.json,1387,[TRIPLE] Olga_Bondareva  deathPlace  Saint_Petersburg [/TRIPLE] [TRIPLE] Olga_Bondareva  birthDate  1937-04-27 [/TRIPLE] [TRIPLE] Olga_Bondareva  knownFor  Bondareva–Shapley_theorem [/TRIPLE],3,2,1,2,knownFor,Olga_Bondareva knownFor Bondareva–Shapley_theorem,1387,birthDate deathPlace,ordering
factual,results/ordering/factual_ordering.json,1388,"[TRIPLE] Petah_Tikva  meaning  ""Opening of hope"" [/TRIPLE]",1,0,1,1,meaning,"Petah_Tikva meaning ""Opening of hope""",1388,mean,ordering
factual,results/ordering/factual_ordering.json,1394,[TRIPLE] Darinka_Dentcheva  citizenship  United_States [/TRIPLE] [TRIPLE] United_States  areaTotal  9833520000000.0 [/TRIPLE] [TRIPLE] Darinka_Dentcheva  influencedBy  Andrzej_Piotr_Ruszczyński [/TRIPLE] [TRIPLE] Darinka_Dentcheva  birthDate  1958-01-01 [/TRIPLE],4,3,1,4,citizenship,Darinka_Dentcheva citizenship United_States,1394,birthDate influencedBy country areaTotal,ordering
factual,results/ordering/factual_ordering.json,1399,"[TRIPLE] Acharya_Institute_of_Technology  campus  ""In Soldevanahalli, Acharya Dr. Sarvapalli Radhakrishnan Road, Hessarghatta Main Road, Bangalore – 560090."" [/TRIPLE] [TRIPLE] All_India_Council_for_Technical_Education  location  Mumbai [/TRIPLE] [TRIPLE] Acharya_Institute_of_Technology  director  ""Dr. G. P. Prabhukumar"" [/TRIPLE] [TRIPLE] Bangalore  founder  Kempe_Gowda_I [/TRIPLE] [TRIPLE] Acharya_Institute_of_Technology  city  Bangalore [/TRIPLE] [TRIPLE] Acharya_Institute_of_Technology  wasGivenTheTechnicalCampusStatusBy  All_India_Council_for_Technical_Education [/TRIPLE] [TRIPLE] Acharya_Institute_of_Technology  state  Karnataka [/TRIPLE]",7,4,3,4,location | city | state,All_India_Council_for_Technical_Education location Mumbai || Acharya_Institute_of_Technology city Bangalore || Acharya_Institute_of_Technology state Karnataka,1399,campus wasGivenTheTechnicalCampusStatusBy director founder,ordering
factual,results/ordering/factual_ordering.json,1400,"[TRIPLE] Alan_Shepard  birthDate  ""1923-11-18"" [/TRIPLE] [TRIPLE] Alan_Shepard  nationality  United_States [/TRIPLE] [TRIPLE] Alan_Shepard  servedAsChiefOfTheAstronautOfficeIn  1963 [/TRIPLE] [TRIPLE] Alan_Shepard  deathPlace  California [/TRIPLE] [TRIPLE] Alan_Shepard  birthPlace  New_Hampshire [/TRIPLE] [TRIPLE] Alan_Shepard  almaMater  ""NWC, M.A. 1957"" [/TRIPLE] [TRIPLE] Alan_Shepard  status  ""Deceased"" [/TRIPLE]",7,6,1,6,status,"Alan_Shepard status ""Deceased""",1400,nationality birthPlace birthDate almaMater servedAsChiefOfTheAstronautOfficeIn deathPlace,ordering
factual,results/ordering/factual_ordering.json,1401,[TRIPLE] Bootleg_Series_Volume_1:_The_Quine_Tapes  artist  The_Velvet_Underground [/TRIPLE] [TRIPLE] Bootleg_Series_Volume_1:_The_Quine_Tapes  producer  The_Velvet_Underground [/TRIPLE] [TRIPLE] Bootleg_Series_Volume_1:_The_Quine_Tapes  runtime  230.05 [/TRIPLE] [TRIPLE] Bootleg_Series_Volume_1:_The_Quine_Tapes  genre  Rock_music [/TRIPLE] [TRIPLE] Bootleg_Series_Volume_1:_The_Quine_Tapes  precededBy  Squeeze_(The_Velvet_Underground_album) [/TRIPLE] [TRIPLE] Bootleg_Series_Volume_1:_The_Quine_Tapes  recordLabel  Polydor_Records [/TRIPLE] [TRIPLE] Bootleg_Series_Volume_1:_The_Quine_Tapes  recordLabel  Universal_Music_Group [/TRIPLE],7,4,3,4,artist | producer | runtime,Bootleg_Series_Volume_1:_The_Quine_Tapes artist The_Velvet_Underground || Bootleg_Series_Volume_1:_The_Quine_Tapes producer The_Velvet_Underground || Bootleg_Series_Volume_1:_The_Quine_Tapes runtime 230.05,1401,genre precededBy recordLabel recordLabel,ordering
factual,results/ordering/factual_ordering.json,1406,[TRIPLE] The_Fellowship_of_the_Ring  followedBy  The_Two_Towers [/TRIPLE] [TRIPLE] The_Fellowship_of_the_Ring  author  J._R._R._Tolkien [/TRIPLE] [TRIPLE] The_Fellowship_of_the_Ring  releaseDate  1954-07-29 [/TRIPLE],3,2,1,2,releaseDate,The_Fellowship_of_the_Ring releaseDate 1954-07-29,1406,author followedBy,ordering
factual,results/ordering/factual_ordering.json,1408,"[TRIPLE] Buzz_Aldrin  mission  Apollo_11 [/TRIPLE] [TRIPLE] Buzz_Aldrin  birthDate  ""1930-01-20"" [/TRIPLE]",2,1,1,2,mission,Buzz_Aldrin mission Apollo_11,1408,birthDate crew,ordering
factual,results/ordering/factual_ordering.json,1426,[TRIPLE] Super_Capers  editing  Stacy_Katzman [/TRIPLE] [TRIPLE] Super_Capers  budget  2000000.0 [/TRIPLE] [TRIPLE] Super_Capers  writer  Ray_Griggs_(director) [/TRIPLE] [TRIPLE] Super_Capers  director  Ray_Griggs_(director) [/TRIPLE] [TRIPLE] Super_Capers  runtime  98.0 [/TRIPLE] [TRIPLE] Super_Capers  gross  30955.0 [/TRIPLE],6,3,3,5,editing | writer | gross,Super_Capers editing Stacy_Katzman || Super_Capers writer Ray_Griggs_(director) || Super_Capers gross 30955.0,1426,director director editor budget runtime,ordering
factual,results/ordering/factual_ordering.json,1429,"[TRIPLE] Alan_Shepard  birthDate  ""1923-11-18"" [/TRIPLE] [TRIPLE] Alan_Shepard  nationality  United_States [/TRIPLE] [TRIPLE] Alan_Shepard  servedAsChiefOfTheAstronautOfficeIn  1963 [/TRIPLE] [TRIPLE] Alan_Shepard  deathPlace  California [/TRIPLE] [TRIPLE] Alan_Shepard  selectedByNasa  1959 [/TRIPLE] [TRIPLE] Alan_Shepard  birthPlace  New_Hampshire [/TRIPLE] [TRIPLE] Alan_Shepard  award  Distinguished_Service_Medal_(United_States_Navy) [/TRIPLE]",7,5,2,5,selectedByNasa | award,Alan_Shepard selectedByNasa 1959 || Alan_Shepard award Distinguished_Service_Medal_(United_States_Navy),1429,birthDate birthPlace nationality servedAsChiefOfTheAstronautOfficeIn deathPlace,ordering
factual,results/ordering/factual_ordering.json,1430,[TRIPLE] Mermaid_(Train_song)  followedBy  Imagine_(John_Lennon_song) [/TRIPLE] [TRIPLE] Imagine_(John_Lennon_song)  producer  Phil_Spector [/TRIPLE] [TRIPLE] Mermaid_(Train_song)  producer  Espionage_(production_team) [/TRIPLE],3,2,1,3,producer,Mermaid_(Train_song) producer Espionage_(production_team),1430,followedBy producer creator,ordering
factual,results/ordering/factual_ordering.json,1432,[TRIPLE] Bootleg_Series_Volume_1:_The_Quine_Tapes  recordLabel  Universal_Music_Group [/TRIPLE] [TRIPLE] Universal_Music_Group  parentCompany  Vivendi [/TRIPLE] [TRIPLE] Bootleg_Series_Volume_1:_The_Quine_Tapes  artist  The_Velvet_Underground [/TRIPLE] [TRIPLE] The_Velvet_Underground  formerBandMember  Lou_Reed [/TRIPLE],4,3,1,3,artist,Bootleg_Series_Volume_1:_The_Quine_Tapes artist The_Velvet_Underground,1432,formerBandMember recordLabel parentCompany,ordering
factual,results/ordering/factual_ordering.json,1434,[TRIPLE] Nurhan_Atasoy  birthDate  1934-01-01 [/TRIPLE] [TRIPLE] Nurhan_Atasoy  residence  Istanbul [/TRIPLE] [TRIPLE] Nurhan_Atasoy  citizenship  Turkey [/TRIPLE] [TRIPLE] Nurhan_Atasoy  birthPlace  Turkey [/TRIPLE] [TRIPLE] Nurhan_Atasoy  nationality  Turkish_people [/TRIPLE] [TRIPLE] Nurhan_Atasoy  residence  Turkey [/TRIPLE],6,4,2,4,citizenship | residence,Nurhan_Atasoy citizenship Turkey || Nurhan_Atasoy residence Turkey,1434,birthPlace birthDate nationality residence,ordering
factual,results/ordering/factual_ordering.json,1437,[TRIPLE] McVeagh_of_the_South_Seas  director  Cyril_Bruce [/TRIPLE] [TRIPLE] McVeagh_of_the_South_Seas  director  Harry_Carey_(actor_born_1878) [/TRIPLE] [TRIPLE] McVeagh_of_the_South_Seas  writer  Harry_Carey_(actor_born_1878) [/TRIPLE] [TRIPLE] McVeagh_of_the_South_Seas  producer  The_Progressive_Motion_Picture_Company [/TRIPLE] [TRIPLE] McVeagh_of_the_South_Seas  distributor  Alliance_Films_Corporation [/TRIPLE],5,3,2,5,writer | producer,McVeagh_of_the_South_Seas writer Harry_Carey_(actor_born_1878) || McVeagh_of_the_South_Seas producer The_Progressive_Motion_Picture_Company,1437,distributor distributor director director author,ordering
factual,results/ordering/factual_ordering.json,1443,[TRIPLE] Nord_(Year_of_No_Light_album)  genre  Sludge_metal [/TRIPLE] [TRIPLE] Nord_(Year_of_No_Light_album)  producer  Year_of_No_Light [/TRIPLE],2,1,1,2,producer,Nord_(Year_of_No_Light_album) producer Year_of_No_Light,1443,genre publisher,ordering
factual,results/ordering/factual_ordering.json,1447,[TRIPLE] Super_Capers  starring  Justin_Whalin [/TRIPLE] [TRIPLE] Super_Capers  writer  Ray_Griggs_(director) [/TRIPLE],2,1,1,2,writer,Super_Capers writer Ray_Griggs_(director),1447,starring author,ordering
factual,results/ordering/factual_ordering.json,1450,"[TRIPLE] Acharya_Institute_of_Technology  campus  ""In Soldevanahalli, Acharya Dr. Sarvapalli Radhakrishnan Road, Hessarghatta Main Road, Bangalore – 560090."" [/TRIPLE] [TRIPLE] All_India_Council_for_Technical_Education  location  Mumbai [/TRIPLE] [TRIPLE] Acharya_Institute_of_Technology  director  ""Dr. G. P. Prabhukumar"" [/TRIPLE] [TRIPLE] Acharya_Institute_of_Technology  city  Bangalore [/TRIPLE] [TRIPLE] Acharya_Institute_of_Technology  established  2000 [/TRIPLE] [TRIPLE] Acharya_Institute_of_Technology  wasGivenTheTechnicalCampusStatusBy  All_India_Council_for_Technical_Education [/TRIPLE]",6,5,1,5,city,Acharya_Institute_of_Technology city Bangalore,1450,campus established director wasGivenTheTechnicalCampusStatusBy location,ordering
factual,results/ordering/factual_ordering.json,1451,[TRIPLE] It's_Great_to_Be_Young_(1956_film)  starring  John_Mills [/TRIPLE] [TRIPLE] It's_Great_to_Be_Young_(1956_film)  cinematography  Gilbert_Taylor [/TRIPLE] [TRIPLE] It's_Great_to_Be_Young_(1956_film)  runtime  94.0 [/TRIPLE] [TRIPLE] It's_Great_to_Be_Young_(1956_film)  gross  282838.0 [/TRIPLE] [TRIPLE] It's_Great_to_Be_Young_(1956_film)  director  Cyril_Frankel [/TRIPLE] [TRIPLE] It's_Great_to_Be_Young_(1956_film)  starring  Cecil_Parker [/TRIPLE],6,5,1,5,cinematography,It's_Great_to_Be_Young_(1956_film) cinematography Gilbert_Taylor,1451,director starring starring runtime gross,ordering
factual,results/ordering/factual_ordering.json,1455,[TRIPLE] Expect_a_Miracle  producer  Brian_Kelly_(composer_&_pianist) [/TRIPLE] [TRIPLE] Expect_a_Miracle  runtime  54.56 [/TRIPLE] [TRIPLE] Expect_a_Miracle  artist  Brian_Kelly_(composer_&_pianist) [/TRIPLE] [TRIPLE] Expect_a_Miracle  type  Compilation_Album [/TRIPLE] [TRIPLE] Expect_a_Miracle  precededBy  Pools_of_Light_(Brian_Kelly_album) [/TRIPLE] [TRIPLE] Expect_a_Miracle  followedBy  Afterplay_(Brian_Kelly_album) [/TRIPLE],6,2,4,5,producer | runtime | artist | type,Expect_a_Miracle producer Brian_Kelly_(composer_&_pianist) || Expect_a_Miracle runtime 54.56 || Expect_a_Miracle artist Brian_Kelly_(composer_&_pianist) || Expect_a_Miracle type Compilation_Album,1455,precededBy followedBy genre production time,ordering
factual,results/ordering/factual_ordering.json,1459,[TRIPLE] Shenzhou_10  cosparId  2013-029A [/TRIPLE],1,0,1,0,cosparId,Shenzhou_10 cosparId 2013-029A,1459,,ordering
factual,results/ordering/factual_ordering.json,1464,"[TRIPLE] Mexico  currency  Mexican_peso [/TRIPLE] [TRIPLE] Mexico  demonym  Mexicans [/TRIPLE] [TRIPLE] Bionico  course  Dessert [/TRIPLE] [TRIPLE] Bionico  region  Guadalajara [/TRIPLE] [TRIPLE] Bionico  mainIngredient  ""Chopped Fruits, Sour Cream, Condensed Milk, Granola, Shredded Coconut, Raisins"" [/TRIPLE] [TRIPLE] Dessert  dishVariation  Sandesh_(confectionery) [/TRIPLE] [TRIPLE] Bionico  country  Mexico [/TRIPLE]",7,6,1,7,mainIngredient,"Bionico mainIngredient ""Chopped Fruits, Sour Cream, Condensed Milk, Granola, Shredded Coconut, Raisins""",1464,dishVariation course region country mainIngredients currency demonym,ordering
factual,results/ordering/factual_ordering.json,1465,"[TRIPLE] Olga_Bondareva  deathPlace  Saint_Petersburg [/TRIPLE] [TRIPLE] Olga_Bondareva  birthName  ""Olga Nikolaevna Bondareva"" [/TRIPLE] [TRIPLE] Olga_Bondareva  almaMater  Leningrad_State_University [/TRIPLE] [TRIPLE] Olga_Bondareva  deathDate  1991-12-09 [/TRIPLE] [TRIPLE] Olga_Bondareva  professionalField  Economics [/TRIPLE]",5,4,1,5,professionalField,Olga_Bondareva professionalField Economics,1465,birthName almaMater occupation deathPlace deathDate,ordering
factual,results/ordering/factual_ordering.json,1470,[TRIPLE] Buzz_Aldrin  nationality  United_States [/TRIPLE] [TRIPLE] Buzz_Aldrin  mission  Apollo_11 [/TRIPLE],2,1,1,2,mission,Buzz_Aldrin mission Apollo_11,1470,nationality crew,ordering
factual,results/ordering/factual_ordering.json,1471,[TRIPLE] English_Without_Tears  editing  Alan_Jaggs [/TRIPLE] [TRIPLE] English_Without_Tears  producer  Anatole_de_Grunwald [/TRIPLE] [TRIPLE] English_Without_Tears  cinematography  Bernard_Knowles [/TRIPLE],3,1,2,3,editing | producer,English_Without_Tears editing Alan_Jaggs || English_Without_Tears producer Anatole_de_Grunwald,1471,editor production cinematography,ordering
factual,results/ordering/factual_ordering.json,1474,[TRIPLE] Darinka_Dentcheva  influencedBy  Andrzej_Piotr_Ruszczyński [/TRIPLE] [TRIPLE] Darinka_Dentcheva  professionalField  Mathematical_optimization [/TRIPLE],2,1,1,2,professionalField,Darinka_Dentcheva professionalField Mathematical_optimization,1474,influencedBy professionField,ordering
factual,results/ordering/factual_ordering.json,1480,"[TRIPLE] Acharya_Institute_of_Technology  campus  ""In Soldevanahalli, Acharya Dr. Sarvapalli Radhakrishnan Road, Hessarghatta Main Road, Bangalore – 560090."" [/TRIPLE] [TRIPLE] All_India_Council_for_Technical_Education  location  Mumbai [/TRIPLE] [TRIPLE] Acharya_Institute_of_Technology  director  ""Dr. G. P. Prabhukumar"" [/TRIPLE] [TRIPLE] Acharya_Institute_of_Technology  city  Bangalore [/TRIPLE] [TRIPLE] Acharya_Institute_of_Technology  wasGivenTheTechnicalCampusStatusBy  All_India_Council_for_Technical_Education [/TRIPLE] [TRIPLE] Acharya_Institute_of_Technology  state  Karnataka [/TRIPLE]",6,4,2,4,location | city,All_India_Council_for_Technical_Education location Mumbai || Acharya_Institute_of_Technology city Bangalore,1480,campus state wasGivenTheTechnicalCampusStatusBy director,ordering
factual,results/ordering/factual_ordering.json,1491,[TRIPLE] Darinka_Dentcheva  professionalField  Mathematical_optimization [/TRIPLE] [TRIPLE] Darinka_Dentcheva  knownFor  Stochastic_programming [/TRIPLE],2,1,1,2,professionalField,Darinka_Dentcheva professionalField Mathematical_optimization,1491,professionField knownFor,ordering
factual,results/ordering/factual_ordering.json,1492,"[TRIPLE] Acharya_Institute_of_Technology  campus  ""In Soldevanahalli, Acharya Dr. Sarvapalli Radhakrishnan Road, Hessarghatta Main Road, Bangalore – 560090."" [/TRIPLE] [TRIPLE] All_India_Council_for_Technical_Education  location  Mumbai [/TRIPLE] [TRIPLE] Acharya_Institute_of_Technology  director  ""Dr. G. P. Prabhukumar"" [/TRIPLE] [TRIPLE] Bangalore  founder  Kempe_Gowda_I [/TRIPLE] [TRIPLE] Acharya_Institute_of_Technology  city  Bangalore [/TRIPLE] [TRIPLE] Acharya_Institute_of_Technology  wasGivenTheTechnicalCampusStatusBy  All_India_Council_for_Technical_Education [/TRIPLE] [TRIPLE] Acharya_Institute_of_Technology  numberOfPostgraduateStudents  700 [/TRIPLE]",7,6,1,6,city,Acharya_Institute_of_Technology city Bangalore,1492,campus director wasGivenTheTechnicalCampusStatusBy location founder numberOfPostgraduateStudents,ordering
factual,results/ordering/factual_ordering.json,1503,[TRIPLE] University_of_Burgundy  numberOfUndergraduateStudents  16800 [/TRIPLE] [TRIPLE] University_of_Burgundy  staff  2900 [/TRIPLE] [TRIPLE] University_of_Burgundy  numberOfStudents  27400 [/TRIPLE] [TRIPLE] University_of_Burgundy  numberOfDoctoralStudents  1299 [/TRIPLE] [TRIPLE] University_of_Burgundy  campus  Dijon [/TRIPLE] [TRIPLE] University_of_Burgundy  numberOfPostgraduateStudents  9400 [/TRIPLE] [TRIPLE] University_of_Burgundy  country  France [/TRIPLE],7,6,1,6,numberOfStudents,University_of_Burgundy numberOfStudents 27400,1503,campus country numberOfPostgraduateStudents numberOfUndergraduateStudents numberOfDoctoralStudents staff,ordering
factual,results/ordering/factual_ordering.json,1507,[TRIPLE] Nord_(Year_of_No_Light_album)  artist  Year_of_No_Light [/TRIPLE] [TRIPLE] Nord_(Year_of_No_Light_album)  genre  Post-metal [/TRIPLE] [TRIPLE] Nord_(Year_of_No_Light_album)  recordLabel  Crucial_Blast [/TRIPLE],3,2,1,2,artist,Nord_(Year_of_No_Light_album) artist Year_of_No_Light,1507,genre recordLabel,ordering
factual,results/ordering/factual_ordering.json,1514,[TRIPLE] Hypermarcas  location  Brazil [/TRIPLE] [TRIPLE] Hypermarcas  type  S.A._(corporation) [/TRIPLE] [TRIPLE] Hypermarcas  subsidiary  Mantecorp [/TRIPLE] [TRIPLE] Hypermarcas  netIncome  108600000 [/TRIPLE] [TRIPLE] Hypermarcas  numberOfEmployees  10252 [/TRIPLE] [TRIPLE] Hypermarcas  location  São_Paulo [/TRIPLE],6,4,2,6,type | location,Hypermarcas type S.A._(corporation) || Hypermarcas location São_Paulo,1514,location country numberOfEmployees capital netIncome subsidiary,ordering
factual,results/ordering/factual_ordering.json,1516,[TRIPLE] Liselotte_Grschebina  birthDate  1908-05-02 [/TRIPLE] [TRIPLE] Liselotte_Grschebina  nationality  Israel [/TRIPLE] [TRIPLE] Liselotte_Grschebina  training  School_of_Applied_Arts_in_Stuttgart [/TRIPLE],3,2,1,2,training,Liselotte_Grschebina training School_of_Applied_Arts_in_Stuttgart,1516,nationality birthDate,ordering
factual,results/ordering/factual_ordering.json,1519,[TRIPLE] Brandon_Carter  professionalField  General_relativity [/TRIPLE] [TRIPLE] Brandon_Carter  doctoralAdvisor  Dennis_William_Sciama [/TRIPLE] [TRIPLE] Brandon_Carter  birthDate  1942-01-01 [/TRIPLE],3,2,1,3,professionalField,Brandon_Carter professionalField General_relativity,1519,birthDate doctoralAdvisor profession,ordering
factual,results/ordering/factual_ordering.json,1520,[TRIPLE] Expect_a_Miracle  producer  Brian_Kelly_(composer_&_pianist) [/TRIPLE] [TRIPLE] Expect_a_Miracle  runtime  54.56 [/TRIPLE] [TRIPLE] Expect_a_Miracle  type  Compilation_Album [/TRIPLE],3,1,2,4,producer | runtime,Expect_a_Miracle producer Brian_Kelly_(composer_&_pianist) || Expect_a_Miracle runtime 54.56,1520,type record production time,ordering
factual,results/ordering/factual_ordering.json,1526,"[TRIPLE] Bedford_Aerodrome  operatingOrganisation  MotorSport_Vision [/TRIPLE] [TRIPLE] Bedford_Aerodrome  icaoLocationIdentifier  EGBF [/TRIPLE] [TRIPLE] Bedford_Aerodrome  elevationAboveTheSeaLevel  83.2104 [/TRIPLE] [TRIPLE] Bedford_Aerodrome  runwayName  ""08/26"" [/TRIPLE] [TRIPLE] Bedford_Aerodrome  runwaySurfaceType  Concrete [/TRIPLE]",5,4,1,5,icaoLocationIdentifier,Bedford_Aerodrome icaoLocationIdentifier EGBF,1526,operatingOrganisation elevationAboveTheSeaLevel ICAOLocationIdentifier runwayName runwaySurfaceType,ordering
factual,results/ordering/factual_ordering.json,1532,[TRIPLE] Trane  operatingIncome  875400000 [/TRIPLE] [TRIPLE] Trane  industry  Building_materials [/TRIPLE] [TRIPLE] Trane  revenue  10264000000 [/TRIPLE],3,2,1,2,industry,Trane industry Building_materials,1532,operatingIncome revenue,ordering
factual,results/ordering/factual_ordering.json,1537,[TRIPLE] Super_Capers  editing  Stacy_Katzman [/TRIPLE] [TRIPLE] Super_Capers  language  English_language [/TRIPLE] [TRIPLE] Super_Capers  runtime  98.0 [/TRIPLE] [TRIPLE] Super_Capers  distributor  Roadside_Attractions [/TRIPLE] [TRIPLE] Super_Capers  distributor  Lionsgate [/TRIPLE],5,4,1,5,editing,Super_Capers editing Stacy_Katzman,1537,distributor distributor language editor runtime,ordering
factual,results/ordering/factual_ordering.json,1540,[TRIPLE] Nie_Haisheng  mission  Shenzhou_10 [/TRIPLE] [TRIPLE] Nie_Haisheng  mission  Shenzhou_6 [/TRIPLE] [TRIPLE] Nie_Haisheng  birthDate  1964-10-13 [/TRIPLE] [TRIPLE] Nie_Haisheng  birthPlace  Zaoyang [/TRIPLE],4,3,1,3,mission,Nie_Haisheng mission Shenzhou_6,1540,birthPlace birthDate mission,ordering
factual,results/ordering/factual_ordering.json,1542,[TRIPLE] Darinka_Dentcheva  influencedBy  Andrzej_Piotr_Ruszczyński [/TRIPLE] [TRIPLE] Darinka_Dentcheva  citizenship  United_States [/TRIPLE] [TRIPLE] Darinka_Dentcheva  birthDate  1958-01-01 [/TRIPLE] [TRIPLE] Darinka_Dentcheva  professionalField  Mathematical_optimization [/TRIPLE] [TRIPLE] Darinka_Dentcheva  knownFor  Stochastic_programming [/TRIPLE] [TRIPLE] Darinka_Dentcheva  almaMater  Humboldt_University [/TRIPLE],6,4,2,5,citizenship | professionalField,Darinka_Dentcheva citizenship United_States || Darinka_Dentcheva professionalField Mathematical_optimization,1542,birthDate almaMater influencedBy occupation knownFor,ordering
factual,results/ordering/factual_ordering.json,1544,[TRIPLE] Brandon_Carter  professionalField  General_relativity [/TRIPLE] [TRIPLE] Brandon_Carter  knownFor  Carter_constant [/TRIPLE] [TRIPLE] Brandon_Carter  knownFor  No-hair_theorem [/TRIPLE] [TRIPLE] Brandon_Carter  doctoralAdvisor  Dennis_William_Sciama [/TRIPLE] [TRIPLE] Brandon_Carter  birthPlace  England [/TRIPLE] [TRIPLE] Brandon_Carter  birthDate  1942-01-01 [/TRIPLE],6,3,3,5,professionalField | knownFor | knownFor,Brandon_Carter professionalField General_relativity || Brandon_Carter knownFor Carter_constant || Brandon_Carter knownFor No-hair_theorem,1544,birthPlace birthDate doctoralAdvisor professionknownFor Carter_constant,ordering
factual,results/ordering/factual_ordering.json,1549,[TRIPLE] Bedford_Aerodrome  location  Thurleigh [/TRIPLE] [TRIPLE] Bedford_Aerodrome  icaoLocationIdentifier  EGBF [/TRIPLE] [TRIPLE] Thurleigh  postalCode  MK44 [/TRIPLE],3,2,1,3,icaoLocationIdentifier,Bedford_Aerodrome icaoLocationIdentifier EGBF,1549,postalCode location ICAOLocationIdentifier,ordering
factual,results/ordering/factual_ordering.json,1553,[TRIPLE] Death_on_a_Factory_Farm  director  Tom_Simon [/TRIPLE] [TRIPLE] Death_on_a_Factory_Farm  producer  Tom_Simon [/TRIPLE] [TRIPLE] Death_on_a_Factory_Farm  broadcastedBy  HBO [/TRIPLE] [TRIPLE] Death_on_a_Factory_Farm  editor  Geof_Bartz [/TRIPLE],4,3,1,3,producer,Death_on_a_Factory_Farm producer Tom_Simon,1553,broadcastedBy director editor,ordering
factual,results/ordering/factual_ordering.json,1555,[TRIPLE] Nord_(Year_of_No_Light_album)  releaseDate  2006-09-06 [/TRIPLE] [TRIPLE] Nord_(Year_of_No_Light_album)  followedBy  Live_at_Roadburn_2008_(Year_of_No_Light_album) [/TRIPLE] [TRIPLE] Nord_(Year_of_No_Light_album)  genre  Sludge_metal [/TRIPLE] [TRIPLE] Nord_(Year_of_No_Light_album)  producer  Year_of_No_Light [/TRIPLE] [TRIPLE] Nord_(Year_of_No_Light_album)  artist  Year_of_No_Light [/TRIPLE] [TRIPLE] Nord_(Year_of_No_Light_album)  recordLabel  Crucial_Blast [/TRIPLE],6,4,2,4,producer | artist,Nord_(Year_of_No_Light_album) producer Year_of_No_Light || Nord_(Year_of_No_Light_album) artist Year_of_No_Light,1555,genre followedBy recordLabel releaseDate,ordering
factual,results/ordering/factual_ordering.json,1558,[TRIPLE] Death_on_a_Factory_Farm  director  Tom_Simon [/TRIPLE] [TRIPLE] Death_on_a_Factory_Farm  producer  Tom_Simon [/TRIPLE] [TRIPLE] Death_on_a_Factory_Farm  broadcastedBy  HBO [/TRIPLE] [TRIPLE] Death_on_a_Factory_Farm  editor  Geof_Bartz [/TRIPLE] [TRIPLE] Death_on_a_Factory_Farm  runtime  83.0 [/TRIPLE],5,4,1,4,producer,Death_on_a_Factory_Farm producer Tom_Simon,1558,broadcastedBy runtime director editor,ordering
factual,results/ordering/factual_ordering.json,1559,[TRIPLE] Liselotte_Grschebina  deathDate  1994-06-14 [/TRIPLE] [TRIPLE] Liselotte_Grschebina  nationality  Israel [/TRIPLE] [TRIPLE] Liselotte_Grschebina  training  School_of_Applied_Arts_in_Stuttgart [/TRIPLE] [TRIPLE] Liselotte_Grschebina  birthDate  1908-05-02 [/TRIPLE] [TRIPLE] Liselotte_Grschebina  professionalField  Photographer [/TRIPLE],5,3,2,3,training | professionalField,Liselotte_Grschebina training School_of_Applied_Arts_in_Stuttgart || Liselotte_Grschebina professionalField Photographer,1559,nationality birthDate deathDate,ordering
factual,results/ordering/factual_ordering.json,1562,[TRIPLE] Nurhan_Atasoy  birthDate  1934-01-01 [/TRIPLE] [TRIPLE] Nurhan_Atasoy  residence  Istanbul [/TRIPLE] [TRIPLE] Nurhan_Atasoy  citizenship  Turkey [/TRIPLE] [TRIPLE] Nurhan_Atasoy  birthPlace  Turkey [/TRIPLE] [TRIPLE] Nurhan_Atasoy  nationality  Turkish_people [/TRIPLE],5,4,1,4,citizenship,Nurhan_Atasoy citizenship Turkey,1562,birthDate birthPlace nationality residence,ordering
factual,results/ordering/factual_ordering.json,1564,[TRIPLE] Lady_Anne_Monson  birthPlace  Darlington [/TRIPLE] [TRIPLE] Lady_Anne_Monson  birthDate  1726-01-01 [/TRIPLE] [TRIPLE] Lady_Anne_Monson  birthPlace  Kingdom_of_England [/TRIPLE],3,2,1,2,birthPlace,Lady_Anne_Monson birthPlace Kingdom_of_England,1564,birthPlace birthDate,ordering
factual,results/ordering/factual_ordering.json,1565,[TRIPLE] Mermaid_(Train_song)  recordLabel  Sony_Music_Entertainment [/TRIPLE] [TRIPLE] Mermaid_(Train_song)  writer  Espen_Lind [/TRIPLE],2,1,1,2,writer,Mermaid_(Train_song) writer Espen_Lind,1565,recordLabel author,ordering
factual,results/ordering/factual_ordering.json,1572,[TRIPLE] Nord_(Year_of_No_Light_album)  followedBy  Live_at_Roadburn_2008_(Year_of_No_Light_album) [/TRIPLE] [TRIPLE] Nord_(Year_of_No_Light_album)  genre  Sludge_metal [/TRIPLE] [TRIPLE] Nord_(Year_of_No_Light_album)  producer  Year_of_No_Light [/TRIPLE],3,2,1,2,producer,Nord_(Year_of_No_Light_album) producer Year_of_No_Light,1572,genre followedBy,ordering
factual,results/ordering/factual_ordering.json,1573,[TRIPLE] Liselotte_Grschebina  birthPlace  Karlsruhe [/TRIPLE] [TRIPLE] Liselotte_Grschebina  deathPlace  Israel [/TRIPLE] [TRIPLE] Liselotte_Grschebina  deathDate  1994-06-14 [/TRIPLE] [TRIPLE] Liselotte_Grschebina  deathPlace  Petah_Tikva [/TRIPLE],4,3,1,3,deathPlace,Liselotte_Grschebina deathPlace Petah_Tikva,1573,birthPlace deathPlace deathDate,ordering
factual,results/ordering/factual_ordering.json,1574,[TRIPLE] Turn_Me_On_(album)  genre  Punk_blues [/TRIPLE] [TRIPLE] Noise_rock  stylisticOrigin  Noise_music [/TRIPLE] [TRIPLE] Turn_Me_On_(album)  genre  Noise_rock [/TRIPLE] [TRIPLE] Punk_blues  stylisticOrigin  Garage_rock [/TRIPLE],4,3,1,3,genre,Turn_Me_On_(album) genre Noise_rock,1574,genre stylisticOrigin stylisticOrigin,ordering
factual,results/ordering/factual_ordering.json,1582,[TRIPLE] Lady_Anne_Monson  deathDate  1776-02-18 [/TRIPLE] [TRIPLE] Lady_Anne_Monson  birthPlace  Kingdom_of_England [/TRIPLE] [TRIPLE] Lady_Anne_Monson  spouse  George_Monson [/TRIPLE] [TRIPLE] Lady_Anne_Monson  professionalField  Botany [/TRIPLE],4,3,1,3,professionalField,Lady_Anne_Monson professionalField Botany,1582,birthPlace spouse deathDate,ordering
factual,results/ordering/factual_ordering.json,1583,"[TRIPLE] Bootleg_Series_Volume_1:_The_Quine_Tapes  runtime  230.05 [/TRIPLE] [TRIPLE] Bootleg_Series_Volume_1:_The_Quine_Tapes  recordedIn  United_States [/TRIPLE] [TRIPLE] Bootleg_Series_Volume_1:_The_Quine_Tapes  recordedIn  St._Louis,_Missouri [/TRIPLE] [TRIPLE] Bootleg_Series_Volume_1:_The_Quine_Tapes  precededBy  Squeeze_(The_Velvet_Underground_album) [/TRIPLE]",4,2,2,4,recordedIn | recordedIn,"Bootleg_Series_Volume_1:_The_Quine_Tapes recordedIn United_States || Bootleg_Series_Volume_1:_The_Quine_Tapes recordedIn St._Louis,_Missouri",1583,precededBy recordIn recordIn runtime,ordering
factual,results/ordering/factual_ordering.json,1596,[TRIPLE] Mermaid_(Train_song)  followedBy  Imagine_(John_Lennon_song) [/TRIPLE] [TRIPLE] Mermaid_(Train_song)  album  California_37_(Train_album) [/TRIPLE] [TRIPLE] Imagine_(John_Lennon_song)  album  Imagine_(John_Lennon_album) [/TRIPLE],3,2,1,2,album,Imagine_(John_Lennon_song) album Imagine_(John_Lennon_album),1596,followedBy album,ordering
factual,results/ordering/factual_ordering.json,1597,[TRIPLE] Adolfo_Suárez_Madrid–Barajas_Airport  operatingOrganisation  ENAIRE [/TRIPLE] [TRIPLE] Adolfo_Suárez_Madrid–Barajas_Airport  location  Alcobendas [/TRIPLE] [TRIPLE] ENAIRE  city  Madrid [/TRIPLE] [TRIPLE] Adolfo_Suárez_Madrid–Barajas_Airport  elevationAboveTheSeaLevel  610.0 [/TRIPLE] [TRIPLE] Alcobendas  country  Spain [/TRIPLE],5,4,1,4,city,ENAIRE city Madrid,1597,location country operatingOrganisation elevationAboveTheSeaLevel,ordering
factual,results/ordering/factual_ordering.json,1606,[TRIPLE] Bootleg_Series_Volume_1:_The_Quine_Tapes  artist  The_Velvet_Underground [/TRIPLE] [TRIPLE] Bootleg_Series_Volume_1:_The_Quine_Tapes  genre  Rock_music [/TRIPLE] [TRIPLE] Bootleg_Series_Volume_1:_The_Quine_Tapes  precededBy  Squeeze_(The_Velvet_Underground_album) [/TRIPLE] [TRIPLE] Bootleg_Series_Volume_1:_The_Quine_Tapes  recordLabel  Polydor_Records [/TRIPLE] [TRIPLE] Bootleg_Series_Volume_1:_The_Quine_Tapes  recordLabel  Universal_Music_Group [/TRIPLE],5,4,1,4,artist,Bootleg_Series_Volume_1:_The_Quine_Tapes artist The_Velvet_Underground,1606,genre precededBy recordLabel recordLabel,ordering
factual,results/ordering/factual_ordering.json,1610,[TRIPLE] Mermaid_(Train_song)  writer  Amund_Bjørklund [/TRIPLE] [TRIPLE] Mermaid_(Train_song)  writer  Stargate_(production_team) [/TRIPLE] [TRIPLE] Mermaid_(Train_song)  producer  Espionage_(production_team) [/TRIPLE] [TRIPLE] Mermaid_(Train_song)  album  California_37_(Train_album) [/TRIPLE] [TRIPLE] Mermaid_(Train_song)  format  Music_download [/TRIPLE],5,0,5,4,writer | writer | producer | album | format,Mermaid_(Train_song) writer Amund_Bjørklund || Mermaid_(Train_song) writer Stargate_(production_team) || Mermaid_(Train_song) producer Espionage_(production_team) || Mermaid_(Train_song) album California_37_(Train_album) || Mermaid_(Train_song) format Music_download,1610,author publisher production_team record,ordering
factual,results/ordering/factual_ordering.json,1612,[TRIPLE] Nurhan_Atasoy  birthDate  1934-01-01 [/TRIPLE] [TRIPLE] Nurhan_Atasoy  citizenship  Turkey [/TRIPLE] [TRIPLE] Nurhan_Atasoy  birthPlace  Turkey [/TRIPLE] [TRIPLE] Nurhan_Atasoy  nationality  Turkish_people [/TRIPLE],4,3,1,3,citizenship,Nurhan_Atasoy citizenship Turkey,1612,birthDate birthPlace nationality,ordering
factual,results/ordering/factual_ordering.json,1613,[TRIPLE] Squeeze_(The_Velvet_Underground_album)  producer  The_Velvet_Underground [/TRIPLE],1,0,1,1,producer,Squeeze_(The_Velvet_Underground_album) producer The_Velvet_Underground,1613,creator,ordering
factual,results/ordering/factual_ordering.json,1616,"[TRIPLE] Buzz_Aldrin  mission  Apollo_11 [/TRIPLE] [TRIPLE] Buzz_Aldrin  almaMater  ""Massachusetts Institute of Technology, Sc.D. 1963"" [/TRIPLE]",2,1,1,2,mission,Buzz_Aldrin mission Apollo_11,1616,almaMater crew,ordering
factual,results/ordering/factual_ordering.json,1621,[TRIPLE] Nord_(Year_of_No_Light_album)  releaseDate  2006-09-06 [/TRIPLE] [TRIPLE] Nord_(Year_of_No_Light_album)  followedBy  Live_at_Roadburn_2008_(Year_of_No_Light_album) [/TRIPLE] [TRIPLE] Nord_(Year_of_No_Light_album)  genre  Sludge_metal [/TRIPLE] [TRIPLE] Nord_(Year_of_No_Light_album)  producer  Year_of_No_Light [/TRIPLE] [TRIPLE] Nord_(Year_of_No_Light_album)  artist  Year_of_No_Light [/TRIPLE] [TRIPLE] Nord_(Year_of_No_Light_album)  genre  Post-metal [/TRIPLE],6,3,3,3,producer | artist | genre,Nord_(Year_of_No_Light_album) producer Year_of_No_Light || Nord_(Year_of_No_Light_album) artist Year_of_No_Light || Nord_(Year_of_No_Light_album) genre Post-metal,1621,genre followedBy releaseDate,ordering
factual,results/ordering/factual_ordering.json,1629,[TRIPLE] Expect_a_Miracle  artist  Brian_Kelly_(composer_&_pianist) [/TRIPLE] [TRIPLE] Expect_a_Miracle  producer  Brian_Kelly_(composer_&_pianist) [/TRIPLE],2,0,2,1,artist | producer,Expect_a_Miracle artist Brian_Kelly_(composer_&_pianist) || Expect_a_Miracle producer Brian_Kelly_(composer_&_pianist),1629,creator,ordering
factual,results/ordering/factual_ordering.json,1638,[TRIPLE] Nord_(Year_of_No_Light_album)  releaseDate  2006-09-06 [/TRIPLE] [TRIPLE] Nord_(Year_of_No_Light_album)  producer  Year_of_No_Light [/TRIPLE] [TRIPLE] Nord_(Year_of_No_Light_album)  artist  Year_of_No_Light [/TRIPLE] [TRIPLE] Nord_(Year_of_No_Light_album)  recordLabel  Crucial_Blast [/TRIPLE],4,2,2,3,producer | artist,Nord_(Year_of_No_Light_album) producer Year_of_No_Light || Nord_(Year_of_No_Light_album) artist Year_of_No_Light,1638,recordLabel releaseDate creator,ordering
factual,results/ordering/factual_ordering.json,1639,[TRIPLE] Lady_Anne_Monson  birthPlace  Darlington [/TRIPLE] [TRIPLE] Lady_Anne_Monson  birthDate  1726-01-01 [/TRIPLE] [TRIPLE] Lady_Anne_Monson  deathDate  1776-02-18 [/TRIPLE] [TRIPLE] Lady_Anne_Monson  birthPlace  Kingdom_of_England [/TRIPLE],4,3,1,3,birthPlace,Lady_Anne_Monson birthPlace Kingdom_of_England,1639,birthPlace birthDate deathDate,ordering
factual,results/ordering/factual_ordering.json,1640,"[TRIPLE] Darinka_Dentcheva  citizenship  United_States [/TRIPLE] [TRIPLE] United_States  leaderTitle  ""Vice President"" [/TRIPLE]",2,1,1,2,citizenship,Darinka_Dentcheva citizenship United_States,1640,leaderTitle country,ordering
factual,results/ordering/factual_ordering.json,1641,[TRIPLE] McVeagh_of_the_South_Seas  imdbId  0004319 [/TRIPLE] [TRIPLE] McVeagh_of_the_South_Seas  director  Cyril_Bruce [/TRIPLE] [TRIPLE] McVeagh_of_the_South_Seas  director  Harry_Carey_(actor_born_1878) [/TRIPLE] [TRIPLE] McVeagh_of_the_South_Seas  writer  Harry_Carey_(actor_born_1878) [/TRIPLE],4,3,1,4,writer,McVeagh_of_the_South_Seas writer Harry_Carey_(actor_born_1878),1641,director director author imdbId,ordering
factual,results/ordering/factual_ordering.json,1645,[TRIPLE] Mermaid_(Train_song)  followedBy  Imagine_(John_Lennon_song) [/TRIPLE] [TRIPLE] Mermaid_(Train_song)  producer  Espionage_(production_team) [/TRIPLE] [TRIPLE] Mermaid_(Train_song)  writer  Pat_Monahan [/TRIPLE],3,1,2,3,producer | writer,Mermaid_(Train_song) producer Espionage_(production_team) || Mermaid_(Train_song) writer Pat_Monahan,1645,followedBy author production_team,ordering
factual,results/ordering/factual_ordering.json,1653,[TRIPLE] Brandon_Carter  doctoralAdvisor  Dennis_William_Sciama [/TRIPLE] [TRIPLE] Brandon_Carter  birthPlace  England [/TRIPLE] [TRIPLE] Brandon_Carter  knownFor  Anthropic_principle [/TRIPLE] [TRIPLE] Brandon_Carter  birthDate  1942-01-01 [/TRIPLE] [TRIPLE] Brandon_Carter  almaMater  University_of_Cambridge [/TRIPLE] [TRIPLE] Brandon_Carter  knownFor  Doomsday_argument [/TRIPLE],6,5,1,6,knownFor,Brandon_Carter knownFor Doomsday_argument,1653,birthPlace birthDate almaMater doctoralAdvisor knownFor Anthropic_principle,ordering
factual,results/ordering/factual_ordering.json,1657,[TRIPLE] Nurhan_Atasoy  residence  Istanbul [/TRIPLE] [TRIPLE] Nurhan_Atasoy  birthPlace  Turkey [/TRIPLE] [TRIPLE] Nurhan_Atasoy  nationality  Turkish_people [/TRIPLE] [TRIPLE] Nurhan_Atasoy  residence  Turkey [/TRIPLE],4,3,1,3,residence,Nurhan_Atasoy residence Turkey,1657,nationality birthPlace residence,ordering
factual,results/ordering/factual_ordering.json,1659,"[TRIPLE] Acharya_Institute_of_Technology  campus  ""In Soldevanahalli, Acharya Dr. Sarvapalli Radhakrishnan Road, Hessarghatta Main Road, Bangalore – 560090."" [/TRIPLE] [TRIPLE] All_India_Council_for_Technical_Education  location  Mumbai [/TRIPLE] [TRIPLE] Acharya_Institute_of_Technology  affiliation  Visvesvaraya_Technological_University [/TRIPLE] [TRIPLE] Acharya_Institute_of_Technology  city  Bangalore [/TRIPLE] [TRIPLE] Acharya_Institute_of_Technology  wasGivenTheTechnicalCampusStatusBy  All_India_Council_for_Technical_Education [/TRIPLE]",5,4,1,4,city,Acharya_Institute_of_Technology city Bangalore,1659,campus affiliation wasGivenTheTechnicalCampusStatusBy location,ordering
factual,results/ordering/factual_ordering.json,1660,[TRIPLE] Nie_Haisheng  birthPlace  Hubei [/TRIPLE] [TRIPLE] Nie_Haisheng  mission  Shenzhou_6 [/TRIPLE] [TRIPLE] Nie_Haisheng  mission  Shenzhou_10 [/TRIPLE] [TRIPLE] Nie_Haisheng  occupation  Fighter_pilot [/TRIPLE],4,2,2,2,mission | mission,Nie_Haisheng mission Shenzhou_6 || Nie_Haisheng mission Shenzhou_10,1660,birthPlace occupation,ordering
factual,results/ordering/factual_ordering.json,1661,"[TRIPLE] Alan_Shepard  birthDate  ""1923-11-18"" [/TRIPLE] [TRIPLE] Alan_Shepard  nationality  United_States [/TRIPLE] [TRIPLE] Alan_Shepard  deathPlace  California [/TRIPLE] [TRIPLE] Alan_Shepard  birthPlace  New_Hampshire [/TRIPLE] [TRIPLE] Alan_Shepard  status  ""Deceased"" [/TRIPLE]",5,4,1,4,status,"Alan_Shepard status ""Deceased""",1661,nationality birthPlace birthDate deathPlace,ordering
factual,results/ordering/factual_ordering.json,1672,[TRIPLE] Mermaid_(Train_song)  musicalBand  Train_(band) [/TRIPLE] [TRIPLE] Mermaid_(Train_song)  producer  Espionage_(production_team) [/TRIPLE] [TRIPLE] Mermaid_(Train_song)  followedBy  Imagine_(John_Lennon_song) [/TRIPLE] [TRIPLE] Imagine_(John_Lennon_song)  certification  FIMI [/TRIPLE],4,2,2,3,producer | certification,Mermaid_(Train_song) producer Espionage_(production_team) || Imagine_(John_Lennon_song) certification FIMI,1672,followedBy musicalBand production_team,ordering
factual,results/ordering/factual_ordering.json,1680,"[TRIPLE] Ciudad_Ayala  leaderTitle  ""City Manager"" [/TRIPLE] [TRIPLE] Ciudad_Ayala  type  City [/TRIPLE] [TRIPLE] Ciudad_Ayala  governmentType  Council-manager_government [/TRIPLE] [TRIPLE] Ciudad_Ayala  utcOffset  −6 [/TRIPLE]",4,3,1,4,type,Ciudad_Ayala type City,1680,leaderTitle governmentType city utcOffset,ordering
factual,results/ordering/factual_ordering.json,1691,[TRIPLE] Ciudad_Ayala  type  City [/TRIPLE] [TRIPLE] Ciudad_Ayala  elevationAboveTheSeaLevel  1147.0 [/TRIPLE] [TRIPLE] Ciudad_Ayala  leader  Juan_Nolasco [/TRIPLE],3,2,1,3,type,Ciudad_Ayala type City,1691,elevationAboveTheSeaLevel city leader,ordering
factual,results/ordering/factual_ordering.json,1701,[TRIPLE] English_Without_Tears  editing  Alan_Jaggs [/TRIPLE] [TRIPLE] Harold_French  activeYearsStartYear  1920-01-01 [/TRIPLE] [TRIPLE] English_Without_Tears  director  Harold_French [/TRIPLE] [TRIPLE] English_Without_Tears  producer  Anatole_de_Grunwald [/TRIPLE],4,2,2,4,editing | producer,English_Without_Tears editing Alan_Jaggs || English_Without_Tears producer Anatole_de_Grunwald,1701,activeYearsStartYear director production editor,ordering
factual,results/ordering/factual_ordering.json,1704,[TRIPLE] Hypermarcas  industry  Pharmaceuticals [/TRIPLE] [TRIPLE] Hypermarcas  foundingDate  2001-01-01 [/TRIPLE] [TRIPLE] Hypermarcas  type  S.A._(corporation) [/TRIPLE] [TRIPLE] Hypermarcas  subsidiary  Mantecorp [/TRIPLE] [TRIPLE] Hypermarcas  netIncome  108600000 [/TRIPLE],5,3,2,4,industry | type,Hypermarcas industry Pharmaceuticals || Hypermarcas type S.A._(corporation),1704,foundingDate operatingIndustry subsidiary netIncome,ordering
factual,results/ordering/factual_ordering.json,1711,[TRIPLE] Mermaid_(Train_song)  genre  Pop_rock [/TRIPLE] [TRIPLE] Mermaid_(Train_song)  releaseDate  2012-12-27 [/TRIPLE] [TRIPLE] Mermaid_(Train_song)  precededBy  This'll_Be_My_Year [/TRIPLE] [TRIPLE] Mermaid_(Train_song)  runtime  3.16 [/TRIPLE] [TRIPLE] Mermaid_(Train_song)  genre  Reggae [/TRIPLE] [TRIPLE] Mermaid_(Train_song)  followedBy  Imagine_(John_Lennon_song) [/TRIPLE] [TRIPLE] Mermaid_(Train_song)  producer  Espionage_(production_team) [/TRIPLE],7,5,2,6,runtime | producer,Mermaid_(Train_song) runtime 3.16 || Mermaid_(Train_song) producer Espionage_(production_team),1711,genre genre production_team precededBy releaseDate followedBy,ordering
factual,results/ordering/factual_ordering.json,1725,[TRIPLE] Mermaid_(Train_song)  genre  Pop_rock [/TRIPLE] [TRIPLE] Mermaid_(Train_song)  runtime  3.16 [/TRIPLE] [TRIPLE] Mermaid_(Train_song)  releaseDate  2012-12-27 [/TRIPLE] [TRIPLE] Mermaid_(Train_song)  precededBy  This'll_Be_My_Year [/TRIPLE] [TRIPLE] Mermaid_(Train_song)  writer  Espen_Lind [/TRIPLE],5,4,1,5,writer,Mermaid_(Train_song) writer Espen_Lind,1725,genre precededBy author releaseDate runtime,ordering
factual,results/ordering/factual_ordering.json,1728,[TRIPLE] Hypermarcas  type  S.A._(corporation) [/TRIPLE] [TRIPLE] Hypermarcas  product  Cosmetics [/TRIPLE] [TRIPLE] Hypermarcas  industry  Pharmaceuticals [/TRIPLE],3,1,2,2,type | industry,Hypermarcas type S.A._(corporation) || Hypermarcas industry Pharmaceuticals,1728,product manufacturer,ordering
factual,results/ordering/factual_ordering.json,1732,[TRIPLE] Super_Capers  editing  Stacy_Katzman [/TRIPLE] [TRIPLE] Super_Capers  starring  Michael_Rooker [/TRIPLE] [TRIPLE] Super_Capers  starring  Tom_Sizemore [/TRIPLE] [TRIPLE] Super_Capers  language  English_language [/TRIPLE] [TRIPLE] Super_Capers  runtime  98.0 [/TRIPLE] [TRIPLE] Super_Capers  budget  2000000.0 [/TRIPLE] [TRIPLE] Super_Capers  writer  Ray_Griggs_(director) [/TRIPLE],7,4,3,7,editing | runtime | writer,Super_Capers editing Stacy_Katzman || Super_Capers runtime 98.0 || Super_Capers writer Ray_Griggs_(director),1732,starring starring language budget cost editor starring,ordering
factual,results/ordering/factual_ordering.json,1736,[TRIPLE] Death_on_a_Factory_Farm  producer  Tom_Simon [/TRIPLE] [TRIPLE] Death_on_a_Factory_Farm  musicComposer  Jamie_Lawrence [/TRIPLE] [TRIPLE] Death_on_a_Factory_Farm  runtime  83.0 [/TRIPLE] [TRIPLE] Death_on_a_Factory_Farm  producer  Sarah_Teale [/TRIPLE] [TRIPLE] Death_on_a_Factory_Farm  director  Sarah_Teale [/TRIPLE],5,4,1,4,producer,Death_on_a_Factory_Farm producer Sarah_Teale,1736,director producer musicComposer runtime,ordering
factual,results/ordering/factual_ordering.json,1742,[TRIPLE] Death_on_a_Factory_Farm  director  Tom_Simon [/TRIPLE] [TRIPLE] Death_on_a_Factory_Farm  producer  Tom_Simon [/TRIPLE] [TRIPLE] Death_on_a_Factory_Farm  broadcastedBy  HBO [/TRIPLE] [TRIPLE] Death_on_a_Factory_Farm  runtime  83.0 [/TRIPLE],4,2,2,4,producer | runtime,Death_on_a_Factory_Farm producer Tom_Simon || Death_on_a_Factory_Farm runtime 83.0,1742,broadcastedBy broadcastedBy timeruntime director,ordering
factual,results/ordering/factual_ordering.json,1743,[TRIPLE] Bootleg_Series_Volume_1:_The_Quine_Tapes  artist  The_Velvet_Underground [/TRIPLE] [TRIPLE] Bootleg_Series_Volume_1:_The_Quine_Tapes  producer  The_Velvet_Underground [/TRIPLE] [TRIPLE] Bootleg_Series_Volume_1:_The_Quine_Tapes  runtime  230.05 [/TRIPLE],3,2,1,3,artist,Bootleg_Series_Volume_1:_The_Quine_Tapes artist The_Velvet_Underground,1743,music producer runtime,ordering
factual,results/ordering/factual_ordering.json,1744,[TRIPLE] Hypermarcas  industry  Pharmaceuticals [/TRIPLE] [TRIPLE] Hypermarcas  keyPerson  CEO [/TRIPLE] [TRIPLE] Hypermarcas  foundingDate  2001-01-01 [/TRIPLE],3,2,1,2,industry,Hypermarcas industry Pharmaceuticals,1744,foundingDate keyPerson,ordering
factual,results/ordering/factual_ordering.json,1748,[TRIPLE] English_Without_Tears  producer  Anatole_de_Grunwald [/TRIPLE] [TRIPLE] English_Without_Tears  writer  Anatole_de_Grunwald [/TRIPLE],2,0,2,2,producer | writer,English_Without_Tears producer Anatole_de_Grunwald || English_Without_Tears writer Anatole_de_Grunwald,1748,author publisher,ordering
factual,results/ordering/factual_ordering.json,1758,[TRIPLE] It's_Great_to_Be_Young_(1956_film)  runtime  94.0 [/TRIPLE] [TRIPLE] It's_Great_to_Be_Young_(1956_film)  director  Cyril_Frankel [/TRIPLE] [TRIPLE] It's_Great_to_Be_Young_(1956_film)  musicComposer  Louis_Levy [/TRIPLE] [TRIPLE] It's_Great_to_Be_Young_(1956_film)  starring  Cecil_Parker [/TRIPLE] [TRIPLE] It's_Great_to_Be_Young_(1956_film)  writer  Ted_Willis [/TRIPLE],5,4,1,4,writer,It's_Great_to_Be_Young_(1956_film) writer Ted_Willis,1758,starring director musicComposer runtime,ordering
factual,results/ordering/factual_ordering.json,1761,[TRIPLE] Turn_Me_On_(album)  genre  Punk_blues [/TRIPLE] [TRIPLE] Turn_Me_On_(album)  producer  The_Honeymoon_Killers_(American_band) [/TRIPLE] [TRIPLE] Turn_Me_On_(album)  genre  Noise_rock [/TRIPLE] [TRIPLE] Turn_Me_On_(album)  precededBy  Let_It_Breed [/TRIPLE] [TRIPLE] Turn_Me_On_(album)  runtime  35.1 [/TRIPLE],5,3,2,4,producer | runtime,Turn_Me_On_(album) producer The_Honeymoon_Killers_(American_band) || Turn_Me_On_(album) runtime 35.1,1761,precededBy genre genre record_name,ordering
factual,results/ordering/factual_ordering.json,1762,[TRIPLE] Anatole_de_Grunwald  birthPlace  Saint_Petersburg [/TRIPLE] [TRIPLE] English_Without_Tears  writer  Anatole_de_Grunwald [/TRIPLE] [TRIPLE] English_Without_Tears  writer  Terence_Rattigan [/TRIPLE],3,1,2,2,writer | writer,English_Without_Tears writer Anatole_de_Grunwald || English_Without_Tears writer Terence_Rattigan,1762,birthPlace author,ordering
factual,results/ordering/factual_ordering.json,1767,"[TRIPLE] Bedford_Aerodrome  operatingOrganisation  MotorSport_Vision [/TRIPLE] [TRIPLE] Bedford_Aerodrome  runwayLength  1095.0 [/TRIPLE] [TRIPLE] Bedford_Aerodrome  cityServed  Bedford_Autodrome [/TRIPLE] [TRIPLE] Bedford_Aerodrome  location  Thurleigh [/TRIPLE] [TRIPLE] Bedford_Aerodrome  icaoLocationIdentifier  EGBF [/TRIPLE] [TRIPLE] Bedford_Aerodrome  elevationAboveTheSeaLevel  83.2104 [/TRIPLE] [TRIPLE] Bedford_Aerodrome  runwayName  ""08/26"" [/TRIPLE]",7,6,1,7,icaoLocationIdentifier,Bedford_Aerodrome icaoLocationIdentifier EGBF,1767,operatingOrganisation location cityServed elevationAboveTheSeaLevel ICAOLocationIdentifier runwayName runwayLength,ordering
factual,results/ordering/factual_ordering.json,1768,[TRIPLE] Darinka_Dentcheva  influencedBy  Andrzej_Piotr_Ruszczyński [/TRIPLE] [TRIPLE] Darinka_Dentcheva  citizenship  United_States [/TRIPLE] [TRIPLE] Darinka_Dentcheva  birthDate  1958-01-01 [/TRIPLE] [TRIPLE] Darinka_Dentcheva  professionalField  Mathematical_optimization [/TRIPLE] [TRIPLE] Darinka_Dentcheva  knownFor  Stochastic_programming [/TRIPLE] [TRIPLE] Darinka_Dentcheva  almaMater  Humboldt_University [/TRIPLE] [TRIPLE] Darinka_Dentcheva  residence  New_Jersey [/TRIPLE],7,4,3,5,citizenship | professionalField | knownFor,Darinka_Dentcheva citizenship United_States || Darinka_Dentcheva professionalField Mathematical_optimization || Darinka_Dentcheva knownFor Stochastic_programming,1768,birthDate residence almaMater influencedBy professionStochastic_programming,ordering
factual,results/ordering/factual_ordering.json,1772,[TRIPLE] Darinka_Dentcheva  citizenship  United_States [/TRIPLE] [TRIPLE] Darinka_Dentcheva  professionalField  Mathematical_optimization [/TRIPLE],2,0,2,2,citizenship | professionalField,Darinka_Dentcheva citizenship United_States || Darinka_Dentcheva professionalField Mathematical_optimization,1772,country occupation,ordering
factual,results/ordering/factual_ordering.json,1774,[TRIPLE] English_Without_Tears  writer  Anatole_de_Grunwald [/TRIPLE],1,0,1,1,writer,English_Without_Tears writer Anatole_de_Grunwald,1774,author,ordering
factual,results/ordering/factual_ordering.json,1776,[TRIPLE] GMA_New_Media  location  GMA_Network_Center [/TRIPLE] [TRIPLE] GMA_New_Media  location  Philippines [/TRIPLE] [TRIPLE] GMA_New_Media  industry  Entertainment [/TRIPLE],3,2,1,3,industry,GMA_New_Media industry Entertainment,1776,location location country,ordering
factual,results/ordering/factual_ordering.json,1777,[TRIPLE] Turn_Me_On_(album)  genre  Punk_blues [/TRIPLE] [TRIPLE] Turn_Me_On_(album)  producer  The_Honeymoon_Killers_(American_band) [/TRIPLE],2,1,1,2,producer,Turn_Me_On_(album) producer The_Honeymoon_Killers_(American_band),1777,genre publisher,ordering
fictional,results/ordering/fictional_ordering.json,4,[TRIPLE] Zawollor  populationMetro  5892.34 [/TRIPLE] [TRIPLE] Zawollor  leaderTitle  Grand_Maven [/TRIPLE] [TRIPLE] Zawollor  type  Querinth [/TRIPLE] [TRIPLE] Zawollor  populationDensity  4594.14 [/TRIPLE] [TRIPLE] Zawollor  governmentType  Council_of_Negus [/TRIPLE],5,4,1,4,type,Zawollor type Querinth,4,leaderTitle governmentType populationDensity populationMetro,ordering
fictional,results/ordering/fictional_ordering.json,16,[TRIPLE] Refreec_Construction  location  Caranduca [/TRIPLE] [TRIPLE] Gremeron  areaTotal  Pemblecliff [/TRIPLE] [TRIPLE] Refreec_Construction  location  Gremeron [/TRIPLE] [TRIPLE] Refreec_Construction  industry  Resofil [/TRIPLE],4,3,1,4,industry,Refreec_Construction industry Resofil,16,location location areaTotal manufacturer,ordering
fictional,results/ordering/fictional_ordering.json,20,[TRIPLE] Belfinto  artist  Assault_Orbit [/TRIPLE] [TRIPLE] Belfinto  producer  Assault_Orbit [/TRIPLE] [TRIPLE] Belfinto  runtime  1025.82 [/TRIPLE] [TRIPLE] Belfinto  recordedIn  Natraia [/TRIPLE] [TRIPLE] Belfinto  recordedIn  Cystlria [/TRIPLE] [TRIPLE] Belfinto  genre  Waveskank [/TRIPLE] [TRIPLE] Belfinto  recordLabel  Sequencing_Selection [/TRIPLE],7,2,5,5,artist | producer | runtime | recordedIn | recordedIn,Belfinto artist Assault_Orbit || Belfinto producer Assault_Orbit || Belfinto runtime 1025.82 || Belfinto recordedIn Natraia || Belfinto recordedIn Cystlria,20,genre recordLabel recordIn location recordTime,ordering
fictional,results/ordering/fictional_ordering.json,23,[TRIPLE] Mariana  followedBy  Charmed_Productions [/TRIPLE] [TRIPLE] Mariana  producer  Flix [/TRIPLE] [TRIPLE] Mariana  album  Bedufnil [/TRIPLE],3,1,2,2,producer | album,Mariana producer Flix || Mariana album Bedufnil,23,followedBy record,ordering
fictional,results/ordering/fictional_ordering.json,26,[TRIPLE] Uprising_on_the_Horizon  cinematography  Nipher_Ylize [/TRIPLE] [TRIPLE] Uprising_on_the_Horizon  writer  Toveg_Mayf [/TRIPLE] [TRIPLE] Uprising_on_the_Horizon  runtime  3450.67 [/TRIPLE],3,1,2,3,writer | runtime,Uprising_on_the_Horizon writer Toveg_Mayf || Uprising_on_the_Horizon runtime 3450.67,26,author timeruntime cinematography,ordering
fictional,results/ordering/fictional_ordering.json,27,[TRIPLE] Tula_Nidello  spouse  Blither_Xesto [/TRIPLE] [TRIPLE] Tula_Nidello  deathDate  July_8_1975 [/TRIPLE] [TRIPLE] Tula_Nidello  professionalField  Orthotex [/TRIPLE],3,2,1,2,professionalField,Tula_Nidello professionalField Orthotex,27,spouse deathDate,ordering
fictional,results/ordering/fictional_ordering.json,29,[TRIPLE] Brineon_Darka  birthPlace  Schnellbach [/TRIPLE] [TRIPLE] Brineon_Darka  nationality  Zecorma [/TRIPLE] [TRIPLE] Brineon_Darka  training  Jibey [/TRIPLE] [TRIPLE] Schnellbach  country  Arsynen [/TRIPLE] [TRIPLE] Zecorma  language  Kirvi [/TRIPLE],5,4,1,4,training,Brineon_Darka training Jibey,29,birthPlace country nationality language,ordering
fictional,results/ordering/fictional_ordering.json,31,[TRIPLE] Haemara  recordLabel  Laminar_Clicks [/TRIPLE] [TRIPLE] Haemara  runtime  5892.34 [/TRIPLE] [TRIPLE] Haemara  recordLabel  Within_The_Beat [/TRIPLE] [TRIPLE] Haemara  writer  Arrya_Nihte [/TRIPLE] [TRIPLE] Haemara  genre  Jazziva [/TRIPLE] [TRIPLE] Haemara  writer  PulseByrd [/TRIPLE],6,4,2,5,writer | writer,Haemara writer Arrya_Nihte || Haemara writer PulseByrd,31,genre recordLabel recordLabel runtime author,ordering
fictional,results/ordering/fictional_ordering.json,32,[TRIPLE] Liozooto  musicComposer  Raeon_Parvas [/TRIPLE] [TRIPLE] Liozooto  starring  Jeccig_Viidon [/TRIPLE] [TRIPLE] Liozooto  writer  Hadan_Takeon [/TRIPLE],3,2,1,3,writer,Liozooto writer Hadan_Takeon,32,starring musicComposer author,ordering
fictional,results/ordering/fictional_ordering.json,35,[TRIPLE] Jerelize  genre  FattSwing [/TRIPLE] [TRIPLE] Jerelize  producer  NeoRiffs [/TRIPLE] [TRIPLE] Jerelize  genre  Borksonic [/TRIPLE] [TRIPLE] Jerelize  recordLabel  Absorbing_Beats [/TRIPLE] [TRIPLE] Jerelize  releaseDate  August_15_1978 [/TRIPLE],5,4,1,4,producer,Jerelize producer NeoRiffs,35,genre genre recordLabel releaseDate,ordering
fictional,results/ordering/fictional_ordering.json,37,[TRIPLE] Reign_of_Kings  starring  Fironia_Towx [/TRIPLE] [TRIPLE] Reign_of_Kings  starring  Sessas_Neilo [/TRIPLE] [TRIPLE] Reign_of_Kings  budget  615.97 [/TRIPLE] [TRIPLE] Reign_of_Kings  writer  Fironia_Towx [/TRIPLE] [TRIPLE] Reign_of_Kings  director  Fironia_Towx [/TRIPLE] [TRIPLE] Reign_of_Kings  runtime  2989.47 [/TRIPLE],6,5,1,5,writer,Reign_of_Kings writer Fironia_Towx,37,starring starring director budget runtime,ordering
fictional,results/ordering/fictional_ordering.json,39,[TRIPLE] Koru's_Treasure  starring  Diathan_Sarnon [/TRIPLE] [TRIPLE] Koru's_Treasure  writer  Diathan_Sarnon [/TRIPLE],2,1,1,2,writer,Koru's_Treasure writer Diathan_Sarnon,39,starring author,ordering
fictional,results/ordering/fictional_ordering.json,40,[TRIPLE] Xo`neel  currency  Solio [/TRIPLE] [TRIPLE] Xo`neel  demonym  Olivers [/TRIPLE] [TRIPLE] Frosty_Fig_Frenzy  course  Twinenut [/TRIPLE] [TRIPLE] Frosty_Fig_Frenzy  region  Chacuco [/TRIPLE] [TRIPLE] Twinenut  dishVariation  Cammocyok [/TRIPLE] [TRIPLE] Frosty_Fig_Frenzy  mainIngredient  Crispycuelta [/TRIPLE] [TRIPLE] Frosty_Fig_Frenzy  country  Xo`neel [/TRIPLE],7,6,1,6,course,Frosty_Fig_Frenzy course Twinenut,40,region country mainIngredient dishVariation currency demonym,ordering
fictional,results/ordering/fictional_ordering.json,50,[TRIPLE] Zozo_Isandria  birthDate  October_5_1452 [/TRIPLE] [TRIPLE] Zozo_Isandria  deathPlace  Wispor [/TRIPLE] [TRIPLE] Zozo_Isandria  birthPlace  Nymcris [/TRIPLE] [TRIPLE] Zozo_Isandria  mission  Plutos_808-II [/TRIPLE],4,3,1,3,mission,Zozo_Isandria mission Plutos_808-II,50,birthPlace birthDate deathPlace,ordering
fictional,results/ordering/fictional_ordering.json,52,[TRIPLE] Holo_Norvah  deathPlace  Zabrisky [/TRIPLE] [TRIPLE] Holo_Norvah  birthDate  February_9_1872 [/TRIPLE] [TRIPLE] Holo_Norvah  knownFor  Morin's_Nullification [/TRIPLE] [TRIPLE] Holo_Norvah  birthName  SeSimon_Ymve [/TRIPLE],4,3,1,3,knownFor,Holo_Norvah knownFor Morin's_Nullification,52,birthName birthDate deathPlace,ordering
fictional,results/ordering/fictional_ordering.json,54,[TRIPLE] Mariana  recordLabel  Cutting_Edge [/TRIPLE] [TRIPLE] Mariana  writer  Melacylon [/TRIPLE] [TRIPLE] Mariana  writer  Spark_Fantasy [/TRIPLE] [TRIPLE] Mariana  followedBy  Shooting_Star_Studios [/TRIPLE] [TRIPLE] Mariana  producer  Flix [/TRIPLE],5,2,3,4,writer | writer | producer,Mariana writer Melacylon || Mariana writer Spark_Fantasy || Mariana producer Flix,54,recordLabel followedBy creator author,ordering
fictional,results/ordering/fictional_ordering.json,55,[TRIPLE] Mirbroux  followedBy  Croymall [/TRIPLE] [TRIPLE] Mirbroux  artist  NuChronic [/TRIPLE] [TRIPLE] Mirbroux  releaseDate  February_4_1953 [/TRIPLE] [TRIPLE] Mirbroux  runtime  3938.98 [/TRIPLE] [TRIPLE] Mirbroux  precededBy  T̷ar̊ot̕_Brave [/TRIPLE],5,4,1,5,runtime,Mirbroux runtime 3938.98,55,artist precededBy releaseDate timeruntime followedBy,ordering
fictional,results/ordering/fictional_ordering.json,58,[TRIPLE] Anbogard_Services  regionServed  Sythea [/TRIPLE] [TRIPLE] Anbogard_Services  city  Welsley_Park [/TRIPLE] [TRIPLE] Anbogard_Services  operatingIncome  2792.11 [/TRIPLE] [TRIPLE] Anbogard_Services  industry  The_Infinite_Vault [/TRIPLE] [TRIPLE] Anbogard_Services  country  Sythea [/TRIPLE] [TRIPLE] Anbogard_Services  netIncome  3256.88 [/TRIPLE],6,4,2,5,industry | netIncome,Anbogard_Services industry The_Infinite_Vault || Anbogard_Services netIncome 3256.88,58,city regionServed country operatingIncome operatingIncome,ordering
fictional,results/ordering/fictional_ordering.json,65,[TRIPLE] Vapcreek  producer  Terra_Seize [/TRIPLE] [TRIPLE] Vapcreek  recordedIn  Veestun [/TRIPLE] [TRIPLE] Vapcreek  recordedIn  Visaty [/TRIPLE] [TRIPLE] Vapcreek  genre  Gratercore [/TRIPLE],4,1,3,3,producer | recordedIn | recordedIn,Vapcreek producer Terra_Seize || Vapcreek recordedIn Veestun || Vapcreek recordedIn Visaty,65,genre recordIn recordIn,ordering
fictional,results/ordering/fictional_ordering.json,74,[TRIPLE] Orgo_Lorin  professionalField  Cognoculture [/TRIPLE],1,0,1,1,professionalField,Orgo_Lorin professionalField Cognoculture,74,professionField,ordering
fictional,results/ordering/fictional_ordering.json,81,[TRIPLE] Boncoeur  releaseDate  October_18_2003 [/TRIPLE] [TRIPLE] Boncoeur  followedBy  Zugplena [/TRIPLE] [TRIPLE] Boncoeur  genre  Smudg_particle [/TRIPLE] [TRIPLE] Boncoeur  producer  Plucksitt [/TRIPLE] [TRIPLE] Boncoeur  artist  Plucksitt [/TRIPLE] [TRIPLE] Boncoeur  genre  Chaostrap [/TRIPLE] [TRIPLE] Boncoeur  recordLabel  Greasy_Blues [/TRIPLE],7,5,2,5,producer | artist,Boncoeur producer Plucksitt || Boncoeur artist Plucksitt,81,genre genre recordLabel releaseDate followedBy,ordering
fictional,results/ordering/fictional_ordering.json,82,[TRIPLE] Undinee  followedBy  Redstart_Media [/TRIPLE] [TRIPLE] Redstart_Media  certification  Midnight_Flute_Sovereignty [/TRIPLE] [TRIPLE] Undinee  producer  Anasyshe [/TRIPLE] [TRIPLE] Redstart_Media  musicalArtist  Jorja_Zerne [/TRIPLE],4,2,2,3,certification | producer,Redstart_Media certification Midnight_Flute_Sovereignty || Undinee producer Anasyshe,82,followedBy musicalArtist production,ordering
fictional,results/ordering/fictional_ordering.json,88,[TRIPLE] Frextwo  artist  Dubwize [/TRIPLE] [TRIPLE] Frextwo  producer  Dubwize [/TRIPLE] [TRIPLE] Frextwo  runtime  4537.51 [/TRIPLE] [TRIPLE] Frextwo  recordedIn  Darno`lor [/TRIPLE] [TRIPLE] Frextwo  genre  Boltslant [/TRIPLE],5,1,4,3,artist | producer | runtime | recordedIn,Frextwo artist Dubwize || Frextwo producer Dubwize || Frextwo runtime 4537.51 || Frextwo recordedIn Darno`lor,88,genre recordIn length,ordering
fictional,results/ordering/fictional_ordering.json,94,[TRIPLE] Vellata  releaseDate  May_22_1207 [/TRIPLE] [TRIPLE] Vellata  precededBy  Klaras [/TRIPLE] [TRIPLE] Vellata  writer  Arabon_Sanle [/TRIPLE] [TRIPLE] Vellata  runtime  3131.91 [/TRIPLE] [TRIPLE] Vellata  writer  EndRhytm [/TRIPLE],5,3,2,4,writer | writer,Vellata writer Arabon_Sanle || Vellata writer EndRhytm,94,precededBy author runtime releaseDate,ordering
fictional,results/ordering/fictional_ordering.json,102,[TRIPLE] Warrior_of_the_Future  producer  Racso_Delain [/TRIPLE],1,0,1,1,producer,Warrior_of_the_Future producer Racso_Delain,102,creator,ordering
fictional,results/ordering/fictional_ordering.json,113,[TRIPLE] Land_of_the_Dragons  director  Zoogren_Stav [/TRIPLE] [TRIPLE] Frox_Haria  deathYear  November_21_1954 [/TRIPLE] [TRIPLE] Zoogren_Stav  activeYearsStartYear  August_19_1941 [/TRIPLE] [TRIPLE] Land_of_the_Dragons  writer  Norka_Elore [/TRIPLE] [TRIPLE] Land_of_the_Dragons  writer  Frox_Haria [/TRIPLE],5,3,2,4,writer | writer,Land_of_the_Dragons writer Norka_Elore || Land_of_the_Dragons writer Frox_Haria,113,activeYearsStartYear director author deathYear,ordering
fictional,results/ordering/fictional_ordering.json,117,[TRIPLE] Seerens_Electronics  location  Grannula [/TRIPLE] [TRIPLE] Seerens_Electronics  product  Xenonyx [/TRIPLE] [TRIPLE] Seerens_Electronics  industry  Resofil [/TRIPLE] [TRIPLE] Seerens_Electronics  keyPerson  Superconciliator [/TRIPLE] [TRIPLE] Seerens_Electronics  foundingDate  May_8_1967 [/TRIPLE] [TRIPLE] Seerens_Electronics  type  Utorangi [/TRIPLE] [TRIPLE] Seerens_Electronics  numberOfEmployees  1025.82 [/TRIPLE],7,5,2,5,industry | type,Seerens_Electronics industry Resofil || Seerens_Electronics type Utorangi,117,location foundingDate numberOfEmployees product keyPerson,ordering
fictional,results/ordering/fictional_ordering.json,121,[TRIPLE] Will_of_the_Warriors  starring  Lohant_Taelyn [/TRIPLE] [TRIPLE] Will_of_the_Warriors  writer  Kory_Darvan [/TRIPLE] [TRIPLE] Will_of_the_Warriors  runtime  467.99 [/TRIPLE],3,2,1,3,writer,Will_of_the_Warriors writer Kory_Darvan,121,starring author runtime,ordering
fictional,results/ordering/fictional_ordering.json,122,[TRIPLE] The_Prophecy_of_Fear  writer  Frox_Haria [/TRIPLE] [TRIPLE] Frox_Haria  deathDate  January_1_1877 [/TRIPLE] [TRIPLE] The_Prophecy_of_Fear  director  Roka_Maram [/TRIPLE] [TRIPLE] Roka_Maram  birthYear  1962 [/TRIPLE],4,3,1,4,writer,The_Prophecy_of_Fear writer Frox_Haria,122,birthYear director author deathDate,ordering
fictional,results/ordering/fictional_ordering.json,130,[TRIPLE] Behold_the_Beast  director  Eustathios_Stathen [/TRIPLE] [TRIPLE] Behold_the_Beast  writer  Eustathios_Stathen [/TRIPLE] [TRIPLE] Behold_the_Beast  producer  Thamit [/TRIPLE],3,1,2,2,writer | producer,Behold_the_Beast writer Eustathios_Stathen || Behold_the_Beast producer Thamit,130,director creator,ordering
fictional,results/ordering/fictional_ordering.json,135,[TRIPLE] Snowfire_Glade  director  Exar_Sesar [/TRIPLE] [TRIPLE] Snowfire_Glade  producer  Exar_Sesar [/TRIPLE] [TRIPLE] Snowfire_Glade  broadcastedBy  Flickrunners [/TRIPLE] [TRIPLE] Snowfire_Glade  musicComposer  Mallen_Reyvas [/TRIPLE],4,3,1,3,producer,Snowfire_Glade producer Exar_Sesar,135,broadcastedBy musicComposer director,ordering
fictional,results/ordering/fictional_ordering.json,145,[TRIPLE] Netom_Ecil  deathPlace  Tagert [/TRIPLE] [TRIPLE] Netom_Ecil  birthPlace  Jorvior [/TRIPLE] [TRIPLE] Netom_Ecil  mission  USSR-369 [/TRIPLE],3,2,1,2,mission,Netom_Ecil mission USSR-369,145,birthPlace deathPlace,ordering
fictional,results/ordering/fictional_ordering.json,148,[TRIPLE] Delbasquen  releaseDate  August_3_1984 [/TRIPLE] [TRIPLE] Delbasquen  followedBy  Demvlyis [/TRIPLE] [TRIPLE] Delbasquen  genre  Pockista [/TRIPLE] [TRIPLE] Delbasquen  producer  Technoleck [/TRIPLE] [TRIPLE] Delbasquen  genre  Synthcrush [/TRIPLE],5,4,1,4,producer,Delbasquen producer Technoleck,148,genre genre followedBy releaseDate,ordering
fictional,results/ordering/fictional_ordering.json,150,[TRIPLE] Auclair  releaseDate  January_16_1932 [/TRIPLE] [TRIPLE] Auclair  followedBy  Tivlitti [/TRIPLE] [TRIPLE] Auclair  genre  Sub-Buzz [/TRIPLE] [TRIPLE] Auclair  producer  Radiacs [/TRIPLE] [TRIPLE] Auclair  artist  Radiacs [/TRIPLE],5,3,2,3,producer | artist,Auclair producer Radiacs || Auclair artist Radiacs,150,genre followedBy releaseDate,ordering
fictional,results/ordering/fictional_ordering.json,151,[TRIPLE] Ploost  followedBy  Bieplick [/TRIPLE] [TRIPLE] Ploost  producer  Spazzopants [/TRIPLE] [TRIPLE] Ploost  artist  Spazzopants [/TRIPLE] [TRIPLE] Ploost  recordLabel  Groovy_Revolutions [/TRIPLE],4,2,2,3,producer | artist,Ploost producer Spazzopants || Ploost artist Spazzopants,151,followedBy recordLabel creator,ordering
fictional,results/ordering/fictional_ordering.json,159,[TRIPLE] The_Prophecy_of_Fear  releaseDate  October_21_6543 [/TRIPLE] [TRIPLE] The_Prophecy_of_Fear  writer  Vico_Iolle [/TRIPLE] [TRIPLE] The_Prophecy_of_Fear  runtime  5122.27 [/TRIPLE] [TRIPLE] The_Prophecy_of_Fear  editing  Vackeron_Bline [/TRIPLE] [TRIPLE] The_Prophecy_of_Fear  musicComposer  Fironia_Towx [/TRIPLE],5,2,3,4,writer | runtime | editing,The_Prophecy_of_Fear writer Vico_Iolle || The_Prophecy_of_Fear runtime 5122.27 || The_Prophecy_of_Fear editing Vackeron_Bline,159,musicComposer director editor releaseDate,ordering
fictional,results/ordering/fictional_ordering.json,167,[TRIPLE] Flamingo_Bay  director  Fenen_Donco [/TRIPLE] [TRIPLE] Flamingo_Bay  producer  Fenen_Donco [/TRIPLE] [TRIPLE] Flamingo_Bay  producer  Nolin_Haran [/TRIPLE] [TRIPLE] Flamingo_Bay  director  Nolin_Haran [/TRIPLE] [TRIPLE] Flamingo_Bay  runtime  553.15 [/TRIPLE],5,4,1,4,producer,Flamingo_Bay producer Nolin_Haran,167,director director producer runtime,ordering
fictional,results/ordering/fictional_ordering.json,171,[TRIPLE] Reap_of_the_Harvest  releaseDate  February_11_1991 [/TRIPLE] [TRIPLE] Reap_of_the_Harvest  director  Nash_Zuenir [/TRIPLE] [TRIPLE] Reap_of_the_Harvest  editing  Gateyon_Rious [/TRIPLE] [TRIPLE] Reap_of_the_Harvest  producer  Frox_Haria [/TRIPLE],4,1,3,4,releaseDate | editing | producer,Reap_of_the_Harvest releaseDate February_11_1991 || Reap_of_the_Harvest editing Gateyon_Rious || Reap_of_the_Harvest producer Frox_Haria,171,director production date editor,ordering
fictional,results/ordering/fictional_ordering.json,176,[TRIPLE] Corthune  country  Wilvius [/TRIPLE] [TRIPLE] Wilvius  areaTotal  637.43 [/TRIPLE] [TRIPLE] Corthune  isPartOf  Oveland [/TRIPLE] [TRIPLE] Oveland  type  Ahmike [/TRIPLE],4,3,1,3,type,Oveland type Ahmike,176,isPartOf country areaTotal,ordering
fictional,results/ordering/fictional_ordering.json,179,[TRIPLE] Diamond_Rapids  producer  Fironia_Towx [/TRIPLE] [TRIPLE] Diamond_Rapids  director  Fironia_Towx [/TRIPLE] [TRIPLE] Diamond_Rapids  runtime  976.17 [/TRIPLE],3,1,2,3,producer | runtime,Diamond_Rapids producer Fironia_Towx || Diamond_Rapids runtime 976.17,179,director production time,ordering
fictional,results/ordering/fictional_ordering.json,181,[TRIPLE] Phoonton  producer  Millennium_Crank [/TRIPLE] [TRIPLE] Phoonton  runtime  595.76 [/TRIPLE] [TRIPLE] Phoonton  recordedIn  Glyon`xa [/TRIPLE],3,0,3,3,producer | runtime | recordedIn,Phoonton producer Millennium_Crank || Phoonton runtime 595.76 || Phoonton recordedIn Glyon`xa,181,recordIn recordtime creator,ordering
fictional,results/ordering/fictional_ordering.json,183,[TRIPLE] Against_the_Current  writer  Xerain_Louve [/TRIPLE] [TRIPLE] Xerain_Louve  birthYear  7843 [/TRIPLE] [TRIPLE] Against_the_Current  starring  Caro_Nemeo [/TRIPLE] [TRIPLE] Against_the_Current  starring  Elzer_Padon [/TRIPLE],4,3,1,4,writer,Against_the_Current writer Xerain_Louve,183,birthYear author starring starring,ordering
fictional,results/ordering/fictional_ordering.json,185,[TRIPLE] Ümbol͟͠ouͧrne  producer  Hyperthump [/TRIPLE],1,0,1,1,producer,Ümbol͟͠ouͧrne producer Hyperthump,185,creator,ordering
fictional,results/ordering/fictional_ordering.json,189,[TRIPLE] Royne_Balre  deathPlace  Gremeron [/TRIPLE] [TRIPLE] Astemal  meaning  Isedix [/TRIPLE] [TRIPLE] Gremeron  longName  Linaran [/TRIPLE] [TRIPLE] Royne_Balre  deathPlace  Astemal [/TRIPLE],4,3,1,3,meaning,Astemal meaning Isedix,189,deathPlace deathPlace longName,ordering
fictional,results/ordering/fictional_ordering.json,190,[TRIPLE] Nipher_Ylize  birthPlace  Faulmuehle [/TRIPLE] [TRIPLE] Nipher_Ylize  birthDate  April_3rd_1656 [/TRIPLE] [TRIPLE] Nipher_Ylize  deathDate  May_23_1989 [/TRIPLE] [TRIPLE] Nipher_Ylize  deathPlace  Kryana [/TRIPLE] [TRIPLE] Nipher_Ylize  nationality  Kryana [/TRIPLE] [TRIPLE] Nipher_Ylize  professionalField  Boundary_Agent [/TRIPLE],6,5,1,5,professionalField,Nipher_Ylize professionalField Boundary_Agent,190,birthPlace birthDate deathPlace nationality deathDate,ordering
fictional,results/ordering/fictional_ordering.json,192,[TRIPLE] Nocturnity  type  Planetarium_Pop [/TRIPLE] [TRIPLE] Nocturnity  followedBy  Flisdle [/TRIPLE] [TRIPLE] Nocturnity  runtime  2717.98 [/TRIPLE] [TRIPLE] Nocturnity  genre  Strumenka [/TRIPLE] [TRIPLE] Nocturnity  genre  Clankrift [/TRIPLE],5,3,2,4,type | runtime,Nocturnity type Planetarium_Pop || Nocturnity runtime 2717.98,192,genre genre followedBy time,ordering
fictional,results/ordering/fictional_ordering.json,204,[TRIPLE] Vovvinto  writer  Greyno_Ash [/TRIPLE],1,0,1,1,writer,Vovvinto writer Greyno_Ash,204,author,ordering
fictional,results/ordering/fictional_ordering.json,206,[TRIPLE] Xander_Foyal  residence  Moncrol [/TRIPLE] [TRIPLE] Moncrol  areaOfWater  1474.09 [/TRIPLE] [TRIPLE] Xander_Foyal  residence  Delbinia [/TRIPLE] [TRIPLE] Xander_Foyal  citizenship  Delbinia [/TRIPLE] [TRIPLE] Delbinia  motto  Imbue_Funditus [/TRIPLE],5,3,2,3,areaOfWater | citizenship,Moncrol areaOfWater 1474.09 || Xander_Foyal citizenship Delbinia,206,residence residence motto,ordering
fictional,results/ordering/fictional_ordering.json,209,[TRIPLE] Salvitu_Velau  birthPlace  Kappingensehn [/TRIPLE] [TRIPLE] Salvitu_Velau  birthDate  January_19_1990 [/TRIPLE] [TRIPLE] Salvitu_Velau  deathDate  June_27_1920 [/TRIPLE] [TRIPLE] Salvitu_Velau  deathPlace  Zecorma [/TRIPLE] [TRIPLE] Salvitu_Velau  birthPlace  Swirvaz [/TRIPLE],5,4,1,4,birthPlace,Salvitu_Velau birthPlace Swirvaz,209,birthPlace birthDate deathPlace deathDate,ordering
fictional,results/ordering/fictional_ordering.json,211,[TRIPLE] Tivlitti  recordedIn  Xo`neel [/TRIPLE] [TRIPLE] Xo`neel  language  Jeldarian [/TRIPLE] [TRIPLE] Tivlitti  recordedIn  Wystomal [/TRIPLE],3,2,1,2,recordedIn,Tivlitti recordedIn Wystomal,211,language recordedIn,ordering
fictional,results/ordering/fictional_ordering.json,212,[TRIPLE] Tears_of_Revolution  runtime  2717.98 [/TRIPLE] [TRIPLE] Tears_of_Revolution  director  Brineon_Darka [/TRIPLE] [TRIPLE] Tears_of_Revolution  editing  Zoogren_Stav [/TRIPLE] [TRIPLE] Tears_of_Revolution  producer  Dauton_Lasse [/TRIPLE],4,1,3,4,runtime | editing | producer,Tears_of_Revolution runtime 2717.98 || Tears_of_Revolution editing Zoogren_Stav || Tears_of_Revolution producer Dauton_Lasse,212,director editor production time,ordering
fictional,results/ordering/fictional_ordering.json,213,[TRIPLE] SeSimon_Ymve  deathDate  May_5_1995 [/TRIPLE] [TRIPLE] SeSimon_Ymve  nationality  Goranxa [/TRIPLE] [TRIPLE] SeSimon_Ymve  residence  Regosce [/TRIPLE] [TRIPLE] SeSimon_Ymve  spouse  Amunda_Lune [/TRIPLE] [TRIPLE] SeSimon_Ymve  professionalField  Alterpill [/TRIPLE],5,4,1,4,professionalField,SeSimon_Ymve professionalField Alterpill,213,nationality residence spouse deathDate,ordering
fictional,results/ordering/fictional_ordering.json,215,[TRIPLE] Fantasia_Duel  editor  Chroto_Xajean [/TRIPLE] [TRIPLE] Fantasia_Duel  runtime  468.15 [/TRIPLE] [TRIPLE] Fantasia_Duel  producer  Holo_Norvah [/TRIPLE],3,1,2,3,runtime | producer,Fantasia_Duel runtime 468.15 || Fantasia_Duel producer Holo_Norvah,215,editor production time,ordering
fictional,results/ordering/fictional_ordering.json,220,[TRIPLE] Traialiance  artist  Big_Band_Grind [/TRIPLE] [TRIPLE] Traialiance  producer  Big_Band_Grind [/TRIPLE] [TRIPLE] Traialiance  precededBy  Kookyloo [/TRIPLE] [TRIPLE] Traialiance  runtime  4203.85 [/TRIPLE],4,2,2,3,artist | producer,Traialiance artist Big_Band_Grind || Traialiance producer Big_Band_Grind,220,precededBy runtime creator,ordering
fictional,results/ordering/fictional_ordering.json,221,[TRIPLE] Enna_Ceana  influencedBy  Vackeron_Bline [/TRIPLE] [TRIPLE] Enna_Ceana  citizenship  Monario [/TRIPLE] [TRIPLE] Enna_Ceana  birthDate  November_12_1976 [/TRIPLE] [TRIPLE] Enna_Ceana  professionalField  Adriegockization [/TRIPLE] [TRIPLE] Enna_Ceana  knownFor  Octospan_Emulation [/TRIPLE],5,4,1,5,professionalField,Enna_Ceana professionalField Adriegockization,221,birthDate citizenship influencedBy professionField knownFor,ordering
fictional,results/ordering/fictional_ordering.json,229,[TRIPLE] Socltessa  artist  Tharnald [/TRIPLE] [TRIPLE] Socltessa  producer  Tharnald [/TRIPLE],2,0,2,1,artist | producer,Socltessa artist Tharnald || Socltessa producer Tharnald,229,creator,ordering
fictional,results/ordering/fictional_ordering.json,231,[TRIPLE] Disguised_Treason  musicComposer  Comad_Wimble [/TRIPLE] [TRIPLE] Disguised_Treason  director  Koxin_Daou [/TRIPLE] [TRIPLE] Disguised_Treason  editing  Anix_Tisge [/TRIPLE] [TRIPLE] Disguised_Treason  producer  Phrascy_Yavon [/TRIPLE],4,2,2,3,editing | producer,Disguised_Treason editing Anix_Tisge || Disguised_Treason producer Phrascy_Yavon,231,musicComposer director editor,ordering
fictional,results/ordering/fictional_ordering.json,234,[TRIPLE] Dreamlines  producer  Farmer_Mesten [/TRIPLE] [TRIPLE] Dreamlines  runtime  2218.56 [/TRIPLE] [TRIPLE] Dreamlines  artist  Farmer_Mesten [/TRIPLE] [TRIPLE] Dreamlines  type  Beatbox_Panorama [/TRIPLE] [TRIPLE] Dreamlines  precededBy  Orbethie [/TRIPLE] [TRIPLE] Dreamlines  genre  Karmazit [/TRIPLE],6,2,4,5,producer | runtime | artist | type,Dreamlines producer Farmer_Mesten || Dreamlines runtime 2218.56 || Dreamlines artist Farmer_Mesten || Dreamlines type Beatbox_Panorama,234,genre genre precededBy production time,ordering
fictional,results/ordering/fictional_ordering.json,237,[TRIPLE] Neya  architect  Fenen_Donco [/TRIPLE] [TRIPLE] Neya  address  Moriark_Avenue [/TRIPLE] [TRIPLE] Neya  buildingStartDate  February_2_2001 [/TRIPLE] [TRIPLE] Neya  currentTenants  Frethna_Business_School [/TRIPLE] [TRIPLE] Neya  location  Lixtran [/TRIPLE] [TRIPLE] Neya  architecturalStyle  Stratocapsule_Fins [/TRIPLE] [TRIPLE] Neya  owner  Kingsland_Polytechnic_Institute [/TRIPLE],7,6,1,6,architect,Neya architect Fenen_Donco,237,buildingStartDate owner address location architecturalStyle currentTenants,ordering
fictional,results/ordering/fictional_ordering.json,242,[TRIPLE] Ranett_Mosv  citizenship  Quarvon [/TRIPLE] [TRIPLE] Quarvon  motto  Per_Ignemvel_Libertas [/TRIPLE] [TRIPLE] Ranett_Mosv  influencedBy  Geboren_Chasim [/TRIPLE] [TRIPLE] Geboren_Chasim  professionalField  Kemaing [/TRIPLE],4,3,1,4,professionalField,Geboren_Chasim professionalField Kemaing,242,influencedBy influencedBy citizenship motto,ordering
fictional,results/ordering/fictional_ordering.json,243,[TRIPLE] Saevelot  populationMetro  1971.42 [/TRIPLE] [TRIPLE] Saevelot  leaderTitle  Master_Primus [/TRIPLE] [TRIPLE] Saevelot  type  Querinth [/TRIPLE] [TRIPLE] Saevelot  populationDensity  1971.42 [/TRIPLE] [TRIPLE] Saevelot  governmentType  Stratocracy_of_Peace [/TRIPLE] [TRIPLE] Saevelot  utcOffset  Quorlax [/TRIPLE] [TRIPLE] Saevelot  elevationAboveTheSeaLevel  714.56 [/TRIPLE],7,6,1,6,populationMetro,Saevelot populationMetro 1971.42,243,elevationAboveTheSeaLevel utcOffset leaderTitle governmentType populationDensity type,ordering
fictional,results/ordering/fictional_ordering.json,255,[TRIPLE] Showglau  recordedIn  Cerolia [/TRIPLE] [TRIPLE] Showglau  recordedIn  Retmodern [/TRIPLE] [TRIPLE] Showglau  precededBy  Spazzopants [/TRIPLE] [TRIPLE] Showglau  recordLabel  Zeros_and_Ones [/TRIPLE] [TRIPLE] Showglau  recordLabel  Rhyme_Records [/TRIPLE] [TRIPLE] Showglau  releaseDate  December_23_1999 [/TRIPLE] [TRIPLE] Showglau  runtime  776.81 [/TRIPLE],7,3,4,5,recordedIn | recordedIn | releaseDate | runtime,Showglau recordedIn Cerolia || Showglau recordedIn Retmodern || Showglau releaseDate December_23_1999 || Showglau runtime 776.81,255,precededBy recordLabel recordLabel recordDate recordTime,ordering
fictional,results/ordering/fictional_ordering.json,259,[TRIPLE] Cauvreul  releaseDate  December_17_1895 [/TRIPLE] [TRIPLE] Cauvreul  followedBy  Kealnutz [/TRIPLE] [TRIPLE] Cauvreul  genre  Jitterlytic [/TRIPLE],3,2,1,2,releaseDate,Cauvreul releaseDate December_17_1895,259,genre followedBy,ordering
fictional,results/ordering/fictional_ordering.json,261,[TRIPLE] Subzamatic  runtime  4845.97 [/TRIPLE] [TRIPLE] Subzamatic  artist  Infrachords [/TRIPLE] [TRIPLE] Subzamatic  genre  Quickpulse [/TRIPLE] [TRIPLE] Subzamatic  producer  Infrachords [/TRIPLE] [TRIPLE] Subzamatic  genre  Scarfoosy [/TRIPLE] [TRIPLE] Subzamatic  producer  Voqril_Ervel [/TRIPLE],6,2,4,4,runtime | artist | producer | producer,Subzamatic runtime 4845.97 || Subzamatic artist Infrachords || Subzamatic producer Infrachords || Subzamatic producer Voqril_Ervel,261,genre genre production leader,ordering
fictional,results/ordering/fictional_ordering.json,264,[TRIPLE] Krant_Nemol  birthPlace  Koshibor [/TRIPLE] [TRIPLE] Krant_Nemol  professionalField  Spin_Circuit_Probeologist [/TRIPLE],2,1,1,2,professionalField,Krant_Nemol professionalField Spin_Circuit_Probeologist,264,birthPlace professionField,ordering
fictional,results/ordering/fictional_ordering.json,265,[TRIPLE] Weedrak  productionStartYear  2365 [/TRIPLE] [TRIPLE] Weedrak  assembly  Torinla [/TRIPLE] [TRIPLE] Weedrak  assembly  Goldwater_Rise [/TRIPLE] [TRIPLE] Weedrak  productionEndYear  2365 [/TRIPLE] [TRIPLE] Weedrak  bodyStyle  Chollire [/TRIPLE],5,4,1,4,bodyStyle,Weedrak bodyStyle Chollire,265,assembly assembly productionStartYear productionEndYear,ordering
fictional,results/ordering/fictional_ordering.json,271,[TRIPLE] Hydrilla  writer  Cineverse [/TRIPLE],1,0,1,1,writer,Hydrilla writer Cineverse,271,author,ordering
fictional,results/ordering/fictional_ordering.json,279,[TRIPLE] Mirrispl  type  Crisburh [/TRIPLE] [TRIPLE] Mirrispl  populationDensity  1576.43 [/TRIPLE] [TRIPLE] Mirrispl  governmentType  Council_of_the_Planets [/TRIPLE] [TRIPLE] Mirrispl  utcOffset  Jizharu [/TRIPLE],4,3,1,3,type,Mirrispl type Crisburh,279,governmentType populationDensity utcOffset,ordering
fictional,results/ordering/fictional_ordering.json,283,[TRIPLE] Euler_Toven  birthPlace  Bergweiler [/TRIPLE] [TRIPLE] Euler_Toven  deathPlace  Mirvos [/TRIPLE] [TRIPLE] Euler_Toven  deathDate  June_22_1987 [/TRIPLE] [TRIPLE] Euler_Toven  deathPlace  Astemal [/TRIPLE] [TRIPLE] Mirvos  ethnicGroup  Huulam [/TRIPLE],5,4,1,4,deathPlace,Euler_Toven deathPlace Astemal,283,birthPlace deathPlace deathDate ethnicGroup,ordering
fictional,results/ordering/fictional_ordering.json,286,[TRIPLE] Neverending_Waves  editing  Makin_Grinyon [/TRIPLE] [TRIPLE] Neverending_Waves  producer  Xander_Foyal [/TRIPLE] [TRIPLE] Neverending_Waves  writer  Xander_Foyal [/TRIPLE],3,0,3,2,editing | producer | writer,Neverending_Waves editing Makin_Grinyon || Neverending_Waves producer Xander_Foyal || Neverending_Waves writer Xander_Foyal,286,editor creator,ordering
fictional,results/ordering/fictional_ordering.json,292,[TRIPLE] SeSimon_Ymve  influencedBy  Baba_Anate [/TRIPLE] [TRIPLE] SeSimon_Ymve  citizenship  Myradon [/TRIPLE] [TRIPLE] SeSimon_Ymve  birthDate  April_13_2007 [/TRIPLE] [TRIPLE] SeSimon_Ymve  almaMater  Heranesal_University [/TRIPLE],4,3,1,3,citizenship,SeSimon_Ymve citizenship Myradon,292,birthDate almaMater influencedBy,ordering
fictional,results/ordering/fictional_ordering.json,295,[TRIPLE] Jawular  runtime  3772.56 [/TRIPLE] [TRIPLE] Jawular  artist  Heancykles [/TRIPLE] [TRIPLE] Jawular  genre  Nopyniate [/TRIPLE] [TRIPLE] Jawular  producer  Heancykles [/TRIPLE] [TRIPLE] Jawular  genre  Mix_Drive [/TRIPLE],5,2,3,4,runtime | artist | producer,Jawular runtime 3772.56 || Jawular artist Heancykles || Jawular producer Heancykles,295,genre genre production time,ordering
fictional,results/ordering/fictional_ordering.json,305,[TRIPLE] Tenzive_Security  industry  Kalorxociology [/TRIPLE] [TRIPLE] Tenzive_Security  product  Unequaled_Upheaval [/TRIPLE] [TRIPLE] Tenzive_Security  industry  Gloggling [/TRIPLE] [TRIPLE] Tenzive_Security  product  Fentiz [/TRIPLE],4,2,2,3,industry | industry,Tenzive_Security industry Kalorxociology || Tenzive_Security industry Gloggling,305,product product manufacturer,ordering
fictional,results/ordering/fictional_ordering.json,310,[TRIPLE] Raeon_Parvas  birthPlace  Banpeis_County [/TRIPLE] [TRIPLE] Banpeis_County  isPartOf  Estoliar [/TRIPLE] [TRIPLE] Raeon_Parvas  mission  Shenzhou_Primacore [/TRIPLE] [TRIPLE] Shenzhou_Primacore  cosparId  Palmersfield_Place [/TRIPLE],4,3,1,4,cosparId,Shenzhou_Primacore cosparId Palmersfield_Place,310,birthPlace isPartOf mission COSparId,ordering
fictional,results/ordering/fictional_ordering.json,318,[TRIPLE] Valley_of_the_Gods  director  Raeon_Parvas [/TRIPLE] [TRIPLE] Valley_of_the_Gods  director  Soner_Onnawe [/TRIPLE] [TRIPLE] Valley_of_the_Gods  starring  Soner_Onnawe [/TRIPLE] [TRIPLE] Valley_of_the_Gods  writer  Soner_Onnawe [/TRIPLE],4,3,1,3,writer,Valley_of_the_Gods writer Soner_Onnawe,318,starring director director,ordering
fictional,results/ordering/fictional_ordering.json,323,[TRIPLE] Facets_of_Fortune  runtime  4800.41 [/TRIPLE] [TRIPLE] Facets_of_Fortune  musicComposer  Kole_Maasing [/TRIPLE] [TRIPLE] Facets_of_Fortune  releaseDate  March_5_1966 [/TRIPLE] [TRIPLE] Facets_of_Fortune  director  Tuxin_Fohean [/TRIPLE] [TRIPLE] Facets_of_Fortune  producer  Remol_Certran [/TRIPLE],5,3,2,5,releaseDate | producer,Facets_of_Fortune releaseDate March_5_1966 || Facets_of_Fortune producer Remol_Certran,323,musicComposer director production date runtime,ordering
fictional,results/ordering/fictional_ordering.json,327,[TRIPLE] Ingrchii  starring  Blither_Xesto [/TRIPLE] [TRIPLE] Ingrchii  writer  Xerain_Louve [/TRIPLE],2,1,1,2,writer,Ingrchii writer Xerain_Louve,327,starring author,ordering
fictional,results/ordering/fictional_ordering.json,328,[TRIPLE] Razorbliss_Terminal  location  Tottisfield [/TRIPLE] [TRIPLE] Razorbliss_Terminal  icaoLocationIdentifier  Monksal_Station [/TRIPLE] [TRIPLE] Tottisfield  postalCode  Flambitser-G67 [/TRIPLE] [TRIPLE] Razorbliss_Terminal  operatingOrganisation  Wodin_Consulting [/TRIPLE] [TRIPLE] Wodin_Consulting  foundedBy  Henes_Kimel [/TRIPLE],5,4,1,5,icaoLocationIdentifier,Razorbliss_Terminal icaoLocationIdentifier Monksal_Station,328,ICAOLocationIdentifier location postalCode operatingOrganisation foundedBy,ordering
fictional,results/ordering/fictional_ordering.json,331,[TRIPLE] Shadows_of_Sanity  runtime  3938.98 [/TRIPLE] [TRIPLE] Shadows_of_Sanity  musicComposer  Wanaonta_Ismon [/TRIPLE] [TRIPLE] Shadows_of_Sanity  releaseDate  March_4_2033 [/TRIPLE] [TRIPLE] Shadows_of_Sanity  director  Vico_Iolle [/TRIPLE] [TRIPLE] Shadows_of_Sanity  editing  Yocuim_Ticor [/TRIPLE] [TRIPLE] Shadows_of_Sanity  writer  Frox_Haria [/TRIPLE],6,3,3,4,runtime | editing | writer,Shadows_of_Sanity runtime 3938.98 || Shadows_of_Sanity editing Yocuim_Ticor || Shadows_of_Sanity writer Frox_Haria,331,director editor musicComposer releaseDate,ordering
fictional,results/ordering/fictional_ordering.json,334,[TRIPLE] MechaniZea  producer  Baba_Anate [/TRIPLE] [TRIPLE] MechaniZea  runtime  3450.67 [/TRIPLE] [TRIPLE] MechaniZea  precededBy  Kivvieny [/TRIPLE],3,1,2,3,producer | runtime,MechaniZea producer Baba_Anate || MechaniZea runtime 3450.67,334,precededBy production time,ordering
fictional,results/ordering/fictional_ordering.json,336,[TRIPLE] Lohant_Taelyn  professionalField  Cordise的无穷定律 [/TRIPLE] [TRIPLE] Lohant_Taelyn  knownFor  Karroialog [/TRIPLE] [TRIPLE] Lohant_Taelyn  knownFor  Lunar_Transition [/TRIPLE] [TRIPLE] Lohant_Taelyn  birthPlace  Marckon [/TRIPLE],4,3,1,4,professionalField,Lohant_Taelyn professionalField Cordise的无穷定律,336,birthPlace professionField knownFor knownFor,ordering
fictional,results/ordering/fictional_ordering.json,342,[TRIPLE] Glinton_Airbase  operatingOrganisation  Aserton_Consultants [/TRIPLE] [TRIPLE] Glinton_Airbase  runwayLength  1645.93 [/TRIPLE] [TRIPLE] Glinton_Airbase  cityServed  Revnic_Curve [/TRIPLE] [TRIPLE] Glinton_Airbase  location  Nailar [/TRIPLE] [TRIPLE] Glinton_Airbase  icaoLocationIdentifier  Glinton_Airbase [/TRIPLE],5,4,1,5,icaoLocationIdentifier,Glinton_Airbase icaoLocationIdentifier Glinton_Airbase,342,operatingOrganisation location cityServed runwayLength ICAOLocationIdentifier,ordering
fictional,results/ordering/fictional_ordering.json,343,[TRIPLE] Symphony_of_Dreams  starring  Lerois_Lonol [/TRIPLE] [TRIPLE] Symphony_of_Dreams  budget  4221.80 [/TRIPLE] [TRIPLE] Symphony_of_Dreams  writer  Ouashti_Osarum [/TRIPLE] [TRIPLE] Symphony_of_Dreams  director  Ouashti_Osarum [/TRIPLE],4,3,1,3,writer,Symphony_of_Dreams writer Ouashti_Osarum,343,starring director budget,ordering
fictional,results/ordering/fictional_ordering.json,345,[TRIPLE] Last_Stand_Showdown  imdbId  3241.77 [/TRIPLE] [TRIPLE] Last_Stand_Showdown  director  Elai_Shorce [/TRIPLE] [TRIPLE] Last_Stand_Showdown  director  Arrya_Nihte [/TRIPLE] [TRIPLE] Last_Stand_Showdown  starring  Arrya_Nihte [/TRIPLE] [TRIPLE] Last_Stand_Showdown  writer  Arrya_Nihte [/TRIPLE] [TRIPLE] Last_Stand_Showdown  distributor  Ozulen [/TRIPLE],6,5,1,5,writer,Last_Stand_Showdown writer Arrya_Nihte,345,distributor starring director director imdbId,ordering
fictional,results/ordering/fictional_ordering.json,346,[TRIPLE] Undreande  populationMetro  4839.29 [/TRIPLE] [TRIPLE] Undreande  leaderTitle  Divin_Marshal [/TRIPLE] [TRIPLE] Undreande  type  Lotofort [/TRIPLE],3,2,1,2,type,Undreande type Lotofort,346,leaderTitle populationMetro,ordering
fictional,results/ordering/fictional_ordering.json,363,[TRIPLE] Boptirlo  starring  Raeon_Parvas [/TRIPLE] [TRIPLE] Boptirlo  cinematography  Kleio_Awine [/TRIPLE] [TRIPLE] Boptirlo  runtime  3102.67 [/TRIPLE] [TRIPLE] Boptirlo  gross  1867.43 [/TRIPLE] [TRIPLE] Boptirlo  director  Assova_Amevis [/TRIPLE] [TRIPLE] Boptirlo  musicComposer  Nipher_Ylize [/TRIPLE] [TRIPLE] Boptirlo  starring  Shanteer_Trilan [/TRIPLE],7,6,1,6,cinematography,Boptirlo cinematography Kleio_Awine,363,director starring starring musicComposer runtime gross,ordering
fictional,results/ordering/fictional_ordering.json,369,[TRIPLE] Seculife  runtime  3327.72 [/TRIPLE] [TRIPLE] Seculife  artist  Trompunk [/TRIPLE] [TRIPLE] Seculife  genre  Streamprical [/TRIPLE] [TRIPLE] Seculife  producer  Trompunk [/TRIPLE],4,1,3,4,runtime | artist | producer,Seculife runtime 3327.72 || Seculife artist Trompunk || Seculife producer Trompunk,369,genre record time creator,ordering
fictional,results/ordering/fictional_ordering.json,372,[TRIPLE] Isadore  architect  Dana_Grago [/TRIPLE] [TRIPLE] Isadore  address  Alverland_Pass [/TRIPLE] [TRIPLE] Isadore  buildingStartDate  January_11_1974 [/TRIPLE] [TRIPLE] Isadore  currentTenants  Inverney_Business_School [/TRIPLE] [TRIPLE] Isadore  architecturalStyle  Atra-Deformalism [/TRIPLE] [TRIPLE] Inverney_Business_School  country  Equivine [/TRIPLE] [TRIPLE] Isadore  owner  Irion_University [/TRIPLE],7,6,1,6,architect,Isadore architect Dana_Grago,372,owner address buildingStartDate architecturalStyle currentTenants country,ordering
fictional,results/ordering/fictional_ordering.json,379,[TRIPLE] Koson_Marqo  birthDate  November_20_2018 [/TRIPLE] [TRIPLE] Koson_Marqo  residence  Quastor [/TRIPLE] [TRIPLE] Koson_Marqo  citizenship  Torvia [/TRIPLE] [TRIPLE] Koson_Marqo  residence  Torvia [/TRIPLE],4,3,1,3,citizenship,Koson_Marqo citizenship Torvia,379,birthDate residence residence,ordering
fictional,results/ordering/fictional_ordering.json,380,[TRIPLE] Nesett_Nialan  nationality  Zevarim [/TRIPLE] [TRIPLE] Nesett_Nialan  birthPlace  Hapeln [/TRIPLE] [TRIPLE] Nesett_Nialan  training  Zamaij [/TRIPLE],3,2,1,2,training,Nesett_Nialan training Zamaij,380,birthPlace nationality,ordering
fictional,results/ordering/fictional_ordering.json,383,[TRIPLE] Winin_Max  birthPlace  Cetronos_Rovers [/TRIPLE] [TRIPLE] Winin_Max  birthDate  August_9_1978 [/TRIPLE] [TRIPLE] Winin_Max  deathDate  January_1_1877 [/TRIPLE] [TRIPLE] Winin_Max  birthPlace  Breslam [/TRIPLE] [TRIPLE] Winin_Max  residence  Belfol [/TRIPLE],5,4,1,4,birthPlace,Winin_Max birthPlace Breslam,383,birthPlace birthDate deathDate residence,ordering
fictional,results/ordering/fictional_ordering.json,388,[TRIPLE] Shadow_Spirits  producer  Elzer_Padon [/TRIPLE] [TRIPLE] Creativity_Corner_Films  headquarter  Faltrea [/TRIPLE] [TRIPLE] Creativity_Corner_Films  owner  Miralene_Technology [/TRIPLE] [TRIPLE] Shadow_Spirits  broadcastedBy  Creativity_Corner_Films [/TRIPLE] [TRIPLE] Shadow_Spirits  producer  Ganasah_Jilson [/TRIPLE],5,3,2,4,producer | producer,Shadow_Spirits producer Elzer_Padon || Shadow_Spirits producer Ganasah_Jilson,388,broadcastedBy owner headquarter production,ordering
fictional,results/ordering/fictional_ordering.json,389,[TRIPLE] Fenen_Donco  mission  Shenzhou_Eternal [/TRIPLE] [TRIPLE] Fenen_Donco  mission  Nebula_Hopper [/TRIPLE] [TRIPLE] Fenen_Donco  birthPlace  Dohuneai_County [/TRIPLE],3,2,1,2,mission,Fenen_Donco mission Nebula_Hopper,389,birthPlace mission,ordering
fictional,results/ordering/fictional_ordering.json,394,[TRIPLE] Stiomax  manufacturer  Sunsprite_Crossing [/TRIPLE] [TRIPLE] Sunsprite_Crossing  parentCompany  Odrun_Motores [/TRIPLE] [TRIPLE] Stiomax  assembly  Ehnlyre [/TRIPLE] [TRIPLE] Stiomax  assembly  Sunsprite_Crossing [/TRIPLE],4,3,1,3,assembly,Stiomax assembly Sunsprite_Crossing,394,assembly manufacturer parentCompany,ordering
fictional,results/ordering/fictional_ordering.json,395,[TRIPLE] Nolin_Haran  deathDate  September_26_1760 [/TRIPLE] [TRIPLE] Nolin_Haran  birthDate  February_9_2214 [/TRIPLE] [TRIPLE] Nolin_Haran  professionalField  Shimmer_Mechanic [/TRIPLE],3,2,1,2,professionalField,Nolin_Haran professionalField Shimmer_Mechanic,395,birthDate deathDate,ordering
fictional,results/ordering/fictional_ordering.json,400,[TRIPLE] Shigtang  recordLabel  Flowing_Acoustics [/TRIPLE] [TRIPLE] Universal_Vibes  location  Ironwood_Lake [/TRIPLE] [TRIPLE] Flowing_Acoustics  location  Jorhaen [/TRIPLE] [TRIPLE] Shigtang  recordLabel  Universal_Vibes [/TRIPLE],4,3,1,3,recordLabel,Shigtang recordLabel Universal_Vibes,400,recordLabel location location,ordering
fictional,results/ordering/fictional_ordering.json,405,[TRIPLE] Farpoint_College  campus  Nevnola [/TRIPLE] [TRIPLE] Turbostrate  location  Fiskenna [/TRIPLE] [TRIPLE] Farpoint_College  director  Krille [/TRIPLE] [TRIPLE] Girin_Food_Systems_Cluster  founder  Filounton_Bonen [/TRIPLE] [TRIPLE] Farpoint_College  city  Girin_Food_Systems_Cluster [/TRIPLE] [TRIPLE] Farpoint_College  established  4101 [/TRIPLE] [TRIPLE] Farpoint_College  wasGivenTheTechnicalCampusStatusBy  Turbostrate [/TRIPLE],7,6,1,6,location,Turbostrate location Fiskenna,405,established campus wasGivenTheTechnicalCampusStatusBy director city founder,ordering
fictional,results/ordering/fictional_ordering.json,408,[TRIPLE] Azure_Depths  producer  Majeron_Vlare [/TRIPLE] [TRIPLE] Azure_Depths  runtime  593.37 [/TRIPLE],2,0,2,2,producer | runtime,Azure_Depths producer Majeron_Vlare || Azure_Depths runtime 593.37,408,production time,ordering
fictional,results/ordering/fictional_ordering.json,411,[TRIPLE] Lohant_Taelyn  birthPlace  Lifiruu_County [/TRIPLE] [TRIPLE] Lohant_Taelyn  birthPlace  Banjiang [/TRIPLE] [TRIPLE] Lohant_Taelyn  mission  Shenzhou_Luminosity [/TRIPLE] [TRIPLE] Lohant_Taelyn  mission  Martyr's_Victory [/TRIPLE] [TRIPLE] Lohant_Taelyn  nationality  Ernvala [/TRIPLE] [TRIPLE] Lohant_Taelyn  birthDate  December_19_1862 [/TRIPLE],6,5,1,5,mission,Lohant_Taelyn mission Martyr's_Victory,411,nationality birthPlace birthPlace birthDate mission,ordering
fictional,results/ordering/fictional_ordering.json,414,[TRIPLE] Telion_Trame  birthDate  July_2_1929 [/TRIPLE] [TRIPLE] Telion_Trame  residence  Ranveny [/TRIPLE] [TRIPLE] Telion_Trame  citizenship  Nevrouss [/TRIPLE] [TRIPLE] Telion_Trame  birthPlace  Nevrouss [/TRIPLE] [TRIPLE] Telion_Trame  residence  Nevrouss [/TRIPLE],5,3,2,3,citizenship | residence,Telion_Trame citizenship Nevrouss || Telion_Trame residence Nevrouss,414,birthPlace birthDate residence,ordering
fictional,results/ordering/fictional_ordering.json,422,[TRIPLE] Turned_Front  releaseDate  June_2_2021 [/TRIPLE] [TRIPLE] Turned_Front  editing  Salvitu_Velau [/TRIPLE] [TRIPLE] Turned_Front  producer  Telion_Trame [/TRIPLE] [TRIPLE] Turned_Front  writer  Telion_Trame [/TRIPLE] [TRIPLE] Turned_Front  cinematography  Jeccig_Viidon [/TRIPLE],5,2,3,6,releaseDate | producer | writer,Turned_Front releaseDate June_2_2021 || Turned_Front producer Telion_Trame || Turned_Front writer Telion_Trame,422,director author production date editing cinematography,ordering
fictional,results/ordering/fictional_ordering.json,425,[TRIPLE] Nolin_Haran  training  Voicida [/TRIPLE] [TRIPLE] Nolin_Haran  birthDate  June_24_1984 [/TRIPLE],2,1,1,2,training,Nolin_Haran training Voicida,425,birthDate birthPlace,ordering
fictional,results/ordering/fictional_ordering.json,431,[TRIPLE] Koxin_Daou  citizenship  Dalanrek [/TRIPLE] [TRIPLE] Dalanrek  leader  Caro_Nemeo [/TRIPLE],2,1,1,2,citizenship,Koxin_Daou citizenship Dalanrek,431,leader country,ordering
fictional,results/ordering/fictional_ordering.json,433,[TRIPLE] Valley_Peak  operatingOrganisation  Kinseay_Solutions [/TRIPLE] [TRIPLE] Valley_Peak  runwayLength  3578.93 [/TRIPLE] [TRIPLE] Valley_Peak  cityServed  Speedslice_Speedway [/TRIPLE] [TRIPLE] Valley_Peak  location  Tilfarce [/TRIPLE] [TRIPLE] Valley_Peak  icaoLocationIdentifier  Stratton_Cold_Path [/TRIPLE] [TRIPLE] Valley_Peak  elevationAboveTheSeaLevel  4724.11 [/TRIPLE] [TRIPLE] Valley_Peak  runwaySurfaceType  Vesperilon [/TRIPLE],7,6,1,7,icaoLocationIdentifier,Valley_Peak icaoLocationIdentifier Stratton_Cold_Path,433,cityServed location operatingOrganisation elevationAboveTheSeaLevel runwayLength runwaySurfaceType ICAOLocationIdentifier,ordering
fictional,results/ordering/fictional_ordering.json,434,[TRIPLE] Wilvius  currency  Fefam [/TRIPLE] [TRIPLE] Wilvius  demonym  Zurnans [/TRIPLE] [TRIPLE] Banana_Bursts_of_Brilliance  course  Thimashi [/TRIPLE] [TRIPLE] Banana_Bursts_of_Brilliance  region  Pataczun [/TRIPLE] [TRIPLE] Banana_Bursts_of_Brilliance  ingredient  Anzuh [/TRIPLE] [TRIPLE] Thimashi  dishVariation  Tasorow [/TRIPLE] [TRIPLE] Banana_Bursts_of_Brilliance  country  Wilvius [/TRIPLE],7,6,1,6,ingredient,Banana_Bursts_of_Brilliance ingredient Anzuh,434,dishVariation course region country demonym currency,ordering
fictional,results/ordering/fictional_ordering.json,443,[TRIPLE] Confinee  producer  DreamEcho [/TRIPLE] [TRIPLE] Confinee  runtime  976.17 [/TRIPLE],2,1,1,2,producer,Confinee producer DreamEcho,443,manufacturer runtime,ordering
fictional,results/ordering/fictional_ordering.json,447,[TRIPLE] Haemara  genre  Jumprgia [/TRIPLE] [TRIPLE] Haemara  releaseDate  February_21_1992 [/TRIPLE] [TRIPLE] Haemara  precededBy  Xeyser [/TRIPLE] [TRIPLE] Haemara  writer  Holo_Norvah [/TRIPLE] [TRIPLE] Haemara  runtime  1147.87 [/TRIPLE] [TRIPLE] Haemara  genre  Floofpulse [/TRIPLE],6,3,3,4,releaseDate | writer | runtime,Haemara releaseDate February_21_1992 || Haemara writer Holo_Norvah || Haemara runtime 1147.87,447,precededBy genre genre numberOfRuntime,ordering
fictional,results/ordering/fictional_ordering.json,448,[TRIPLE] Pasciar_Consulting  keyPerson  Egor_Jipen [/TRIPLE] [TRIPLE] Pasciar_Consulting  industry  Snanglewing [/TRIPLE] [TRIPLE] Pasciar_Consulting  subsidiary  SnapShootVids [/TRIPLE] [TRIPLE] Pasciar_Consulting  subsidiary  Uberesis [/TRIPLE] [TRIPLE] Pasciar_Consulting  parentCompany  Blinky’s_Broadcasting [/TRIPLE],5,4,1,4,industry,Pasciar_Consulting industry Snanglewing,448,keyPerson parentCompany subsidiary subsidiary,ordering
fictional,results/ordering/fictional_ordering.json,450,[TRIPLE] Arrya_Nihte  birthPlace  Kappingensehn [/TRIPLE] [TRIPLE] Arrya_Nihte  birthDate  July_19_1978 [/TRIPLE] [TRIPLE] Arrya_Nihte  deathDate  June_21_1930 [/TRIPLE] [TRIPLE] Arrya_Nihte  deathPlace  Jolunia [/TRIPLE] [TRIPLE] Arrya_Nihte  nationality  Jolunia [/TRIPLE] [TRIPLE] Arrya_Nihte  birthPlace  Vorogon [/TRIPLE] [TRIPLE] Arrya_Nihte  professionalField  Vapormage [/TRIPLE],7,5,2,5,birthPlace | professionalField,Arrya_Nihte birthPlace Vorogon || Arrya_Nihte professionalField Vapormage,450,birthPlace birthDate deathPlace nationality deathDate,ordering
fictional,results/ordering/fictional_ordering.json,452,[TRIPLE] Where_Angels_Fly  writer  Assova_Amevis [/TRIPLE] [TRIPLE] Where_Angels_Fly  writer  Parem_Ripin [/TRIPLE],2,0,2,2,writer | writer,Where_Angels_Fly writer Assova_Amevis || Where_Angels_Fly writer Parem_Ripin,452,author author,ordering
fictional,results/ordering/fictional_ordering.json,465,[TRIPLE] PulseByrd  artist  Soner_Onnawe [/TRIPLE] [TRIPLE] PulseByrd  runtime  2165.77 [/TRIPLE] [TRIPLE] PulseByrd  genre  Danzzion [/TRIPLE] [TRIPLE] PulseByrd  followedBy  Entarlle [/TRIPLE] [TRIPLE] PulseByrd  genre  Brawlids [/TRIPLE],5,4,1,4,artist,PulseByrd artist Soner_Onnawe,465,genre followedBy genre runtime,ordering
fictional,results/ordering/fictional_ordering.json,468,[TRIPLE] Vellata  releaseDate  August_17_1927 [/TRIPLE] [TRIPLE] Vellata  precededBy  Aterry [/TRIPLE] [TRIPLE] Vellata  writer  Sliman_Sing [/TRIPLE] [TRIPLE] Vellata  genre  Swishwave [/TRIPLE],4,3,1,4,writer,Vellata writer Sliman_Sing,468,genre precededBy author releaseDate,ordering
fictional,results/ordering/fictional_ordering.json,472,[TRIPLE] Nonos_Quier  influencedBy  Elai_Shorce [/TRIPLE] [TRIPLE] Nonos_Quier  professionalField  Adriegockization [/TRIPLE] [TRIPLE] Nonos_Quier  knownFor  Optibuoyant_System [/TRIPLE] [TRIPLE] Nonos_Quier  almaMater  Tygrala_University [/TRIPLE],4,3,1,4,professionalField,Nonos_Quier professionalField Adriegockization,472,influencedBy almaMater professionField knownFor,ordering
fictional,results/ordering/fictional_ordering.json,479,[TRIPLE] Pothanely  populationMetro  3553.94 [/TRIPLE] [TRIPLE] Pothanely  leaderTitle  Primoris_Captain [/TRIPLE] [TRIPLE] Pothanely  type  Rhustment [/TRIPLE] [TRIPLE] Pothanely  populationDensity  5914.69 [/TRIPLE] [TRIPLE] Pothanely  governmentType  Law_of_the_Intergalactic_Kings [/TRIPLE] [TRIPLE] Pothanely  utcOffset  Sampheka [/TRIPLE] [TRIPLE] Pothanely  country  Zym`lon [/TRIPLE],7,6,1,6,governmentType,Pothanely governmentType Law_of_the_Intergalactic_Kings,479,country leaderTitle utcOffset populationMetro populationDensity type,ordering
fictional,results/ordering/fictional_ordering.json,498,[TRIPLE] Captured_Winds  imdbId  3102.67 [/TRIPLE] [TRIPLE] Captured_Winds  director  Ouashti_Osarum [/TRIPLE],2,1,1,2,imdbId,Captured_Winds imdbId 3102.67,498,director IMDbId,ordering
fictional,results/ordering/fictional_ordering.json,500,[TRIPLE] Stargazer_Valley  director  Brevin_Jakule [/TRIPLE] [TRIPLE] Stargazer_Valley  producer  Brevin_Jakule [/TRIPLE] [TRIPLE] Stargazer_Valley  broadcastedBy  Lightmatter_Films [/TRIPLE] [TRIPLE] Stargazer_Valley  editor  Wolf_Runan [/TRIPLE] [TRIPLE] Stargazer_Valley  musicComposer  Makin_Grinyon [/TRIPLE] [TRIPLE] Stargazer_Valley  runtime  4985.27 [/TRIPLE] [TRIPLE] Stargazer_Valley  producer  Moirux_Heylin [/TRIPLE],7,6,1,7,producer,Stargazer_Valley producer Moirux_Heylin,500,broadcastedBy musicComposer broadcastedBy editor director producer runtime,ordering
fictional,results/ordering/fictional_ordering.json,503,[TRIPLE] Piojiks  type  Jaunty_Boppin'_Blues [/TRIPLE] [TRIPLE] Piojiks  precededBy  Tohrcell [/TRIPLE] [TRIPLE] Piojiks  followedBy  Blinfrode [/TRIPLE],3,2,1,2,type,Piojiks type Jaunty_Boppin'_Blues,503,precededBy followedBy,ordering
fictional,results/ordering/fictional_ordering.json,511,[TRIPLE] Kivvieny  precededBy  Humdrift [/TRIPLE] [TRIPLE] Kivvieny  recordLabel  Celestial_Soundwaves [/TRIPLE] [TRIPLE] Kivvieny  recordedIn  Kyntoona [/TRIPLE] [TRIPLE] Kivvieny  recordLabel  Yellow_Tracks [/TRIPLE],4,2,2,3,recordedIn | recordLabel,Kivvieny recordedIn Kyntoona || Kivvieny recordLabel Yellow_Tracks,511,precededBy recordLabel recordIn,ordering
fictional,results/ordering/fictional_ordering.json,513,[TRIPLE] Boomytudes  producer  Parem_Ripin [/TRIPLE] [TRIPLE] Boomytudes  genre  Lymfonie [/TRIPLE],2,1,1,2,producer,Boomytudes producer Parem_Ripin,513,genre creator,ordering
fictional,results/ordering/fictional_ordering.json,514,[TRIPLE] Diamond_Rapids  director  Leonan_Kwarr [/TRIPLE] [TRIPLE] Diamond_Rapids  producer  Leonan_Kwarr [/TRIPLE] [TRIPLE] Diamond_Rapids  producer  Dana_Grago [/TRIPLE] [TRIPLE] Diamond_Rapids  director  Dana_Grago [/TRIPLE],4,3,1,3,producer,Diamond_Rapids producer Dana_Grago,514,director director producer,ordering
fictional,results/ordering/fictional_ordering.json,515,[TRIPLE] Spurt_N_Foam  producer  Tuxin_Fohean [/TRIPLE] [TRIPLE] Spurt_N_Foam  runtime  5754.63 [/TRIPLE] [TRIPLE] Spurt_N_Foam  precededBy  Knasenon [/TRIPLE] [TRIPLE] Spurt_N_Foam  genre  Skaedrez [/TRIPLE],4,2,2,3,producer | runtime,Spurt_N_Foam producer Tuxin_Fohean || Spurt_N_Foam runtime 5754.63,515,genre precededBy time,ordering
fictional,results/ordering/fictional_ordering.json,524,[TRIPLE] Béthune_Institute  numberOfUndergraduateStudents  2114.27 [/TRIPLE] [TRIPLE] Béthune_Institute  staff  1551.72 [/TRIPLE] [TRIPLE] Béthune_Institute  numberOfStudents  1296.18 [/TRIPLE] [TRIPLE] Béthune_Institute  numberOfDoctoralStudents  14785 [/TRIPLE] [TRIPLE] Béthune_Institute  campus  Clarreesse [/TRIPLE] [TRIPLE] Béthune_Institute  country  Scemma [/TRIPLE],6,5,1,5,numberOfStudents,Béthune_Institute numberOfStudents 1296.18,524,campus country numberOfUndergraduateStudents numberOfDoctoralStudents staff,ordering
fictional,results/ordering/fictional_ordering.json,525,[TRIPLE] Island_of_the_Dammed  releaseDate  July_12_2015 [/TRIPLE] [TRIPLE] Island_of_the_Dammed  producer  Fironia_Towx [/TRIPLE] [TRIPLE] Island_of_the_Dammed  writer  Fironia_Towx [/TRIPLE] [TRIPLE] Island_of_the_Dammed  cinematography  Ayre_Zhirina [/TRIPLE] [TRIPLE] Island_of_the_Dammed  writer  Ganasah_Jilson [/TRIPLE] [TRIPLE] Island_of_the_Dammed  runtime  1029.35 [/TRIPLE],6,1,5,4,releaseDate | producer | writer | writer | runtime,Island_of_the_Dammed releaseDate July_12_2015 || Island_of_the_Dammed producer Fironia_Towx || Island_of_the_Dammed writer Fironia_Towx || Island_of_the_Dammed writer Ganasah_Jilson || Island_of_the_Dammed runtime 1029.35,525,director cinematography production time,ordering
fictional,results/ordering/fictional_ordering.json,528,[TRIPLE] Olivestone_College  campus  Yeltsquare_Street [/TRIPLE] [TRIPLE] Ferraise  location  Jainstin [/TRIPLE] [TRIPLE] Olivestone_College  director  Nyatos [/TRIPLE] [TRIPLE] Increase_Retail_Management_Cluster  founder  Ganasah_Jilson [/TRIPLE] [TRIPLE] Olivestone_College  affiliation  Tempest_Napa [/TRIPLE] [TRIPLE] Olivestone_College  city  Increase_Retail_Management_Cluster [/TRIPLE] [TRIPLE] Olivestone_College  wasGivenTheTechnicalCampusStatusBy  Ferraise [/TRIPLE],7,6,1,6,location,Ferraise location Jainstin,528,campus affiliation wasGivenTheTechnicalCampusStatusBy city founder director,ordering
fictional,results/ordering/fictional_ordering.json,534,[TRIPLE] Kleio_Awine  foundingDate  February_8_1737 [/TRIPLE] [TRIPLE] Kleio_Awine  numberOfEmployees  2568.11 [/TRIPLE] [TRIPLE] Kleio_Awine  product  Kinetal-Countermeasure [/TRIPLE] [TRIPLE] Kleio_Awine  industry  Regardel [/TRIPLE],4,3,1,3,industry,Kleio_Awine industry Regardel,534,foundingDate numberOfEmployees product,ordering
fictional,results/ordering/fictional_ordering.json,535,[TRIPLE] Vellata  recordLabel  Flowing_Acoustics [/TRIPLE] [TRIPLE] Vellata  recordLabel  Music_Particles [/TRIPLE] [TRIPLE] Vellata  runtime  439.24 [/TRIPLE] [TRIPLE] Vellata  genre  Clubsea [/TRIPLE] [TRIPLE] Vellata  followedBy  Motion_Works [/TRIPLE] [TRIPLE] Vellata  producer  Flix [/TRIPLE],6,5,1,5,producer,Vellata producer Flix,535,genre followedBy recordLabel recordLabel runtime,ordering
fictional,results/ordering/fictional_ordering.json,536,[TRIPLE] Haemara  followedBy  Saturn_Spirals [/TRIPLE] [TRIPLE] Haemara  producer  Obflexan [/TRIPLE] [TRIPLE] Haemara  album  Docdporn [/TRIPLE] [TRIPLE] Haemara  writer  Erjano_Metcan [/TRIPLE] [TRIPLE] Haemara  format  Permulee [/TRIPLE],5,1,4,3,producer | album | writer | format,Haemara producer Obflexan || Haemara album Docdporn || Haemara writer Erjano_Metcan || Haemara format Permulee,536,followedBy genre record,ordering
fictional,results/ordering/fictional_ordering.json,543,[TRIPLE] Euler_Toven  birthPlace  Paydenzia [/TRIPLE] [TRIPLE] Euler_Toven  birthName  Liairna_Anatle [/TRIPLE] [TRIPLE] Euler_Toven  deathDate  May_9_1998 [/TRIPLE] [TRIPLE] Euler_Toven  professionalField  Philosomorphology [/TRIPLE] [TRIPLE] Euler_Toven  professionalField  Ionospheric_Bockenology [/TRIPLE],5,3,2,3,professionalField | professionalField,Euler_Toven professionalField Philosomorphology || Euler_Toven professionalField Ionospheric_Bockenology,543,birthPlace birthName deathDate,ordering
fictional,results/ordering/fictional_ordering.json,549,[TRIPLE] Nookkiuj  editing  Vackeron_Bline [/TRIPLE] [TRIPLE] Vackeron_Bline  activeYearsStartYear  November_28_1999 [/TRIPLE] [TRIPLE] Nookkiuj  runtime  4954.29 [/TRIPLE] [TRIPLE] Nookkiuj  director  Montanul_Shorn [/TRIPLE],4,3,1,4,editing,Nookkiuj editing Vackeron_Bline,549,activeYearsStartYear editor director runtime,ordering
fictional,results/ordering/fictional_ordering.json,561,[TRIPLE] Lost_Legends  imdbId  3832.18 [/TRIPLE] [TRIPLE] Lost_Legends  starring  Doness_Veron [/TRIPLE] [TRIPLE] Lost_Legends  writer  Doness_Veron [/TRIPLE] [TRIPLE] Lost_Legends  producer  Marpo [/TRIPLE] [TRIPLE] Lost_Legends  distributor  Iljuk [/TRIPLE],5,3,2,4,writer | producer,Lost_Legends writer Doness_Veron || Lost_Legends producer Marpo,561,starring creator distributor imdbId,ordering
fictional,results/ordering/fictional_ordering.json,562,[TRIPLE] Ploost  genre  Dinametric [/TRIPLE] [TRIPLE] Ploost  producer  Monolydrics [/TRIPLE] [TRIPLE] Ploost  genre  Droppop [/TRIPLE] [TRIPLE] Ploost  releaseDate  January_16_1940 [/TRIPLE] [TRIPLE] Ploost  runtime  4203.85 [/TRIPLE] [TRIPLE] Ploost  precededBy  Ümbol͟͠ouͧrne [/TRIPLE],6,5,1,5,producer,Ploost producer Monolydrics,562,genre genre precededBy releaseDate runtime,ordering
fictional,results/ordering/fictional_ordering.json,567,[TRIPLE] BaClarky  producer  Nipher_Ylize [/TRIPLE] [TRIPLE] D̛ivi̴ne̷_Agoni͠es  followedBy  Glimpses_of_Infinity [/TRIPLE] [TRIPLE] BaClarky  followedBy  D̛ivi̴ne̷_Agoni͠es [/TRIPLE] [TRIPLE] D̛ivi̴ne̷_Agoni͠es  producer  Zircon_Fish [/TRIPLE],4,3,1,3,producer,D̛ivi̴ne̷_Agoni͠es producer Zircon_Fish,567,followedBy followedBy producer,ordering
fictional,results/ordering/fictional_ordering.json,571,[TRIPLE] Padplek_Ventures  foundationPlace  Ricomdine [/TRIPLE] [TRIPLE] Ricomdine  type  Estradal [/TRIPLE] [TRIPLE] Padplek_Ventures  type  Traskten [/TRIPLE] [TRIPLE] Padplek_Ventures  foundationPlace  Cogitrion [/TRIPLE],4,3,1,3,type,Padplek_Ventures type Traskten,571,foundationPlace foundationPlace type,ordering
fictional,results/ordering/fictional_ordering.json,574,"[TRIPLE] Jacee_Mel  professionalField  Zetta's_Regress_of_Comparative_Equivalency [/TRIPLE] [TRIPLE] Jacee_Mel  knownFor  Dat [/TRIPLE] [TRIPLE] Jacee_Mel  knownFor  Orsini_Conjecture [/TRIPLE] [TRIPLE] Jacee_Mel  doctoralAdvisor  ""Human-Animal_Communication_in_Primates"" [/TRIPLE] [TRIPLE] Jacee_Mel  birthPlace  Marckon [/TRIPLE] [TRIPLE] Jacee_Mel  almaMater  Theodoras_University [/TRIPLE]",6,5,1,6,professionalField,Jacee_Mel professionalField Zetta's_Regress_of_Comparative_Equivalency,574,birthPlace almaMater doctoralAdvisor knownFor professionField knownFor,ordering
fictional,results/ordering/fictional_ordering.json,576,[TRIPLE] Speceere  starring  Balamor_Donae [/TRIPLE] [TRIPLE] Speceere  cinematography  Salvitu_Velau [/TRIPLE] [TRIPLE] Speceere  runtime  829.99 [/TRIPLE] [TRIPLE] Speceere  gross  3496.88 [/TRIPLE] [TRIPLE] Speceere  director  Salvitu_Velau [/TRIPLE] [TRIPLE] Speceere  musicComposer  Leonan_Kwarr [/TRIPLE] [TRIPLE] Speceere  writer  Assova_Amevis [/TRIPLE],7,5,2,5,cinematography | writer,Speceere cinematography Salvitu_Velau || Speceere writer Assova_Amevis,576,starring director musicComposer runtime gross,ordering
fictional,results/ordering/fictional_ordering.json,580,[TRIPLE] Sands_of_Fury  imdbId  1282.67 [/TRIPLE],1,0,1,1,imdbId,Sands_of_Fury imdbId 1282.67,580,isdbId,ordering
fictional,results/ordering/fictional_ordering.json,586,[TRIPLE] Ranor_Ondale  birthPlace  Kimuan_County [/TRIPLE] [TRIPLE] Ranor_Ondale  birthPlace  Zhenning [/TRIPLE] [TRIPLE] Ranor_Ondale  mission  Shenzhou_Flux [/TRIPLE] [TRIPLE] Ranor_Ondale  mission  Quadrate_Ranger [/TRIPLE] [TRIPLE] Ranor_Ondale  nationality  Aevrika [/TRIPLE],5,4,1,4,mission,Ranor_Ondale mission Quadrate_Ranger,586,nationality birthPlace birthPlace mission,ordering
fictional,results/ordering/fictional_ordering.json,588,[TRIPLE] Feal_Woddon  mission  Shenzhou_Primacore [/TRIPLE] [TRIPLE] Feal_Woddon  mission  Scylla-One [/TRIPLE] [TRIPLE] Feal_Woddon  birthPlace  Yopumor_County [/TRIPLE] [TRIPLE] Yopumor_County  isPartOf  Fuxin [/TRIPLE] [TRIPLE] Yopumor_County  isPartOf  Eledleah [/TRIPLE],5,4,1,4,mission,Feal_Woddon mission Scylla-One,588,birthPlace isPartOf isPartOf mission,ordering
fictional,results/ordering/fictional_ordering.json,590,[TRIPLE] Musighost  artist  Coltion_Gowvan [/TRIPLE] [TRIPLE] Musighost  type  Spookiscape_Album [/TRIPLE] [TRIPLE] Musighost  runtime  851.74 [/TRIPLE] [TRIPLE] Musighost  precededBy  Grinpont [/TRIPLE],4,3,1,4,type,Musighost type Spookiscape_Album,590,precededBy genre artist runtime,ordering
fictional,results/ordering/fictional_ordering.json,593,[TRIPLE] Voqril_Ervel  birthPlace  Yoleffe_Hotspurs [/TRIPLE] [TRIPLE] Goranxa  dissolutionYear  1287 [/TRIPLE] [TRIPLE] Yoleffe_Hotspurs  gridReference  Klaras [/TRIPLE] [TRIPLE] Voqril_Ervel  birthPlace  Goranxa [/TRIPLE] [TRIPLE] Voqril_Ervel  nationality  Goranxa [/TRIPLE],5,3,2,4,dissolutionYear | gridReference,Goranxa dissolutionYear 1287 || Yoleffe_Hotspurs gridReference Klaras,593,birthPlace birthPlace nationality desolutionYear,ordering
fictional,results/ordering/fictional_ordering.json,594,"[TRIPLE] Xerain_Louve  professionalField  Roddrage的永动原理 [/TRIPLE] [TRIPLE] Xerain_Louve  knownFor  Zemosik [/TRIPLE] [TRIPLE] Xerain_Louve  knownFor  Medicalis_Principle [/TRIPLE] [TRIPLE] Xerain_Louve  doctoralAdvisor  ""Holography_and_the_Other_Side_of_Perception"" [/TRIPLE] [TRIPLE] Xerain_Louve  birthDate  June_27_1920 [/TRIPLE]",5,4,1,5,knownFor,Xerain_Louve knownFor Medicalis_Principle,594,birthDate doctoralAdvisor notableFor knownFor professionalField,ordering
fictional,results/ordering/fictional_ordering.json,599,[TRIPLE] Pothanely  type  Culstar [/TRIPLE] [TRIPLE] Pothanely  leaderTitle  Fessenan_Dan [/TRIPLE] [TRIPLE] Pothanely  isPartOf  Zequeda [/TRIPLE] [TRIPLE] Pothanely  country  Nezaril [/TRIPLE] [TRIPLE] Pothanely  elevationAboveTheSeaLevel  1642.67 [/TRIPLE] [TRIPLE] Pothanely  timeZone  UTC+04:04 [/TRIPLE] [TRIPLE] Pothanely  populationDensity  1227.31 [/TRIPLE],7,6,1,6,type,Pothanely type Culstar,599,isPartOf country elevationAboveTheSeaLevel leaderTitle populationDensity timeZone,ordering
fictional,results/ordering/fictional_ordering.json,600,[TRIPLE] Bieplick  runtime  3063.76 [/TRIPLE] [TRIPLE] Bieplick  director  Mallen_Reyvas [/TRIPLE] [TRIPLE] Bieplick  musicComposer  Blither_Xesto [/TRIPLE] [TRIPLE] Bieplick  writer  Exar_Sesar [/TRIPLE],4,3,1,4,writer,Bieplick writer Exar_Sesar,600,director musicComposer editor runtime,ordering
fictional,results/ordering/fictional_ordering.json,601,[TRIPLE] Order_of_the_Gun  editing  Rupam [/TRIPLE] [TRIPLE] Order_of_the_Gun  starring  Amunda_Lune [/TRIPLE] [TRIPLE] Order_of_the_Gun  starring  Anix_Tisge [/TRIPLE] [TRIPLE] Order_of_the_Gun  language  Aglendian [/TRIPLE] [TRIPLE] Order_of_the_Gun  runtime  2575.41 [/TRIPLE] [TRIPLE] Order_of_the_Gun  distributor  Aurora_Films [/TRIPLE],6,5,1,6,editing,Order_of_the_Gun editing Rupam,601,starring starring language distributor runtime editor,ordering
fictional,results/ordering/fictional_ordering.json,604,[TRIPLE] Nalvcoon  artist  Zealous_Glint [/TRIPLE] [TRIPLE] Nalvcoon  producer  Zealous_Glint [/TRIPLE] [TRIPLE] Nalvcoon  runtime  3588.62 [/TRIPLE] [TRIPLE] Nalvcoon  genre  Symbolic_Drops [/TRIPLE] [TRIPLE] Nalvcoon  precededBy  Dead_Air [/TRIPLE] [TRIPLE] Nalvcoon  recordLabel  Flowing_Acoustics [/TRIPLE],6,4,2,4,artist | producer,Nalvcoon artist Zealous_Glint || Nalvcoon producer Zealous_Glint,604,recordLabel precededBy genre runtime,ordering
fictional,results/ordering/fictional_ordering.json,606,[TRIPLE] Dovay_Ezzio  almaMater  Salonshall_University_for_Arts_and_Sciences [/TRIPLE] [TRIPLE] Dovay_Ezzio  birthPlace  Zabrisky [/TRIPLE] [TRIPLE] Dovay_Ezzio  professionalField  Cognoculture [/TRIPLE] [TRIPLE] Dovay_Ezzio  professionalField  Mezopastoral_Broodology [/TRIPLE],4,2,2,3,professionalField | professionalField,Dovay_Ezzio professionalField Cognoculture || Dovay_Ezzio professionalField Mezopastoral_Broodology,606,birthPlace almaMater professionField,ordering
fictional,results/ordering/fictional_ordering.json,607,[TRIPLE] Boulogne_Institute  numberOfUndergraduateStudents  4522.99 [/TRIPLE] [TRIPLE] Boulogne_Institute  staff  3520.39 [/TRIPLE] [TRIPLE] Boulogne_Institute  numberOfStudents  1933.73 [/TRIPLE] [TRIPLE] Boulogne_Institute  numberOfDoctoralStudents  29523 [/TRIPLE] [TRIPLE] Boulogne_Institute  campus  Vernieyo [/TRIPLE] [TRIPLE] Boulogne_Institute  city  Vernieyo [/TRIPLE],6,5,1,5,staff,Boulogne_Institute staff 3520.39,607,campus city numberOfUndergraduateStudents numberOfStudents numberOfDoctoralStudents,ordering
fictional,results/ordering/fictional_ordering.json,609,[TRIPLE] Haemara  genre  Plasterclap [/TRIPLE] [TRIPLE] Haemara  followedBy  Gentleman_Factory [/TRIPLE] [TRIPLE] Haemara  producer  Anasyshe [/TRIPLE] [TRIPLE] Haemara  album  Bedufnil [/TRIPLE] [TRIPLE] Haemara  format  Rankohydrate [/TRIPLE],5,3,2,3,producer | format,Haemara producer Anasyshe || Haemara format Rankohydrate,609,genre followedBy album,ordering
fictional,results/ordering/fictional_ordering.json,614,[TRIPLE] Visci-pyramid  established  12237 [/TRIPLE] [TRIPLE] Visci-pyramid  location  Junomelett_County [/TRIPLE] [TRIPLE] Junomelett_County  hasToItsSouthwest  Kaymette_County [/TRIPLE] [TRIPLE] Junomelett_County  hasToItsSoutheast  Waterpoint_County [/TRIPLE] [TRIPLE] Visci-pyramid  category  Mosheen_Forge [/TRIPLE] [TRIPLE] Junomelett_County  hasToItsNorth  Ruthia_County [/TRIPLE] [TRIPLE] Visci-pyramid  country  Glyon`xa [/TRIPLE],7,6,1,6,hasToItsNorth,Junomelett_County hasToItsNorth Ruthia_County,614,established location country category hasToItsSouthwest hasToItsSoutheast,ordering
fictional,results/ordering/fictional_ordering.json,623,[TRIPLE] Stiltom_Air_Harbor  runwayLength  599.41 [/TRIPLE] [TRIPLE] Stiltom_Air_Harbor  location  Heckington [/TRIPLE] [TRIPLE] Stiltom_Air_Harbor  icaoLocationIdentifier  Reepen_International [/TRIPLE] [TRIPLE] Stiltom_Air_Harbor  elevationAboveTheSeaLevel  3339.06 [/TRIPLE],4,3,1,4,icaoLocationIdentifier,Stiltom_Air_Harbor icaoLocationIdentifier Reepen_International,623,location elevationAboveTheSeaLevel runwayLength ICAOLocationIdentifier,ordering
fictional,results/ordering/fictional_ordering.json,631,[TRIPLE] Orrbargo  precededBy  Zircon_Fish [/TRIPLE] [TRIPLE] Orrbargo  recordedIn  Turbmitar [/TRIPLE] [TRIPLE] Orrbargo  releaseDate  October_30_1943 [/TRIPLE] [TRIPLE] Orrbargo  runtime  1642.67 [/TRIPLE],4,1,3,3,recordedIn | releaseDate | runtime,Orrbargo recordedIn Turbmitar || Orrbargo releaseDate October_30_1943 || Orrbargo runtime 1642.67,631,precededBy recordIn recordDate,ordering
fictional,results/ordering/fictional_ordering.json,635,[TRIPLE] Tetgarym  producer  NightHawks [/TRIPLE] [TRIPLE] Tetgarym  genre  Rhytzonik [/TRIPLE] [TRIPLE] NightHawks  genre  Comboflash [/TRIPLE],3,2,1,3,producer,Tetgarym producer NightHawks,635,genre genre creator,ordering
fictional,results/ordering/fictional_ordering.json,643,[TRIPLE] Ouberrys  genre  Glorple [/TRIPLE] [TRIPLE] Ouberrys  artist  Hyperthump [/TRIPLE] [TRIPLE] Ouberrys  genre  Twistop [/TRIPLE] [TRIPLE] Ouberrys  releaseDate  April_9_1939 [/TRIPLE] [TRIPLE] Ouberrys  runtime  4967.18 [/TRIPLE] [TRIPLE] Ouberrys  precededBy  Gra̷ce͐ful_Cosmose [/TRIPLE],6,5,1,6,artist,Ouberrys artist Hyperthump,643,precededBy genre genre creator releaseDate runtime,ordering
fictional,results/ordering/fictional_ordering.json,644,[TRIPLE] Montinave  releaseDate  February_27_2005 [/TRIPLE] [TRIPLE] Montinave  followedBy  Qonloos [/TRIPLE] [TRIPLE] Montinave  producer  Nynarrows [/TRIPLE] [TRIPLE] Montinave  artist  Nynarrows [/TRIPLE] [TRIPLE] Montinave  recordLabel  Resonating_Echoes [/TRIPLE],5,3,2,3,producer | artist,Montinave producer Nynarrows || Montinave artist Nynarrows,644,recordLabel releaseDate followedBy,ordering
fictional,results/ordering/fictional_ordering.json,646,[TRIPLE] Ouashti_Osarum  birthPlace  Bergweiler [/TRIPLE] [TRIPLE] Ouashti_Osarum  birthDate  July_20_1949 [/TRIPLE] [TRIPLE] Ouashti_Osarum  deathDate  June_30_1970 [/TRIPLE] [TRIPLE] Ouashti_Osarum  deathPlace  Grienaina [/TRIPLE] [TRIPLE] Ouashti_Osarum  nationality  Grienaina [/TRIPLE] [TRIPLE] Ouashti_Osarum  birthPlace  Hapeln [/TRIPLE] [TRIPLE] Ouashti_Osarum  deathPlace  Keluthon [/TRIPLE],7,5,2,5,birthPlace | deathPlace,Ouashti_Osarum birthPlace Hapeln || Ouashti_Osarum deathPlace Keluthon,646,birthPlace birthDate deathPlace deathDate nationality,ordering
fictional,results/ordering/fictional_ordering.json,651,[TRIPLE] Rademont  releaseDate  October_8_1999 [/TRIPLE] [TRIPLE] Rademont  followedBy  Sparkiss [/TRIPLE] [TRIPLE] Rademont  genre  Noizclank [/TRIPLE] [TRIPLE] Rademont  producer  Throarites [/TRIPLE],4,2,2,4,releaseDate | producer,Rademont releaseDate October_8_1999 || Rademont producer Throarites,651,genre production date followedBy,ordering
fictional,results/ordering/fictional_ordering.json,652,[TRIPLE] Asthona_Meyas  birthDate  December_21_1983 [/TRIPLE] [TRIPLE] Asthona_Meyas  nationality  Qebera [/TRIPLE] [TRIPLE] Asthona_Meyas  servedAsChiefOfTheAstronautOfficeIn  8753 [/TRIPLE] [TRIPLE] Asthona_Meyas  deathPlace  Kourdson [/TRIPLE] [TRIPLE] Asthona_Meyas  birthPlace  Acclet [/TRIPLE] [TRIPLE] Asthona_Meyas  status  Desiccification [/TRIPLE] [TRIPLE] Asthona_Meyas  award  Magnanimous_Honour_Ribbon [/TRIPLE],7,5,2,5,status | award,Asthona_Meyas status Desiccification || Asthona_Meyas award Magnanimous_Honour_Ribbon,652,birthDate birthPlace nationality servedAsChiefOfTheAstronautOfficeIn deathPlace,ordering
fictional,results/ordering/fictional_ordering.json,656,[TRIPLE] Zozo_Isandria  residence  Granzon [/TRIPLE] [TRIPLE] Zozo_Isandria  citizenship  Thirab [/TRIPLE] [TRIPLE] Zozo_Isandria  nationality  Briquons [/TRIPLE] [TRIPLE] Zozo_Isandria  residence  Thirab [/TRIPLE] [TRIPLE] Zozo_Isandria  award  Xitari [/TRIPLE],5,4,1,4,citizenship,Zozo_Isandria citizenship Thirab,656,nationality residence residence award,ordering
fictional,results/ordering/fictional_ordering.json,657,[TRIPLE] Libmelon  starring  Jeccig_Viidon [/TRIPLE] [TRIPLE] Libmelon  runtime  1743.67 [/TRIPLE] [TRIPLE] Libmelon  musicComposer  Ganasah_Jilson [/TRIPLE] [TRIPLE] Libmelon  starring  Coltion_Gowvan [/TRIPLE] [TRIPLE] Libmelon  writer  Montanul_Shorn [/TRIPLE] [TRIPLE] Libmelon  editing  Royne_Balre [/TRIPLE],6,4,2,4,writer | editing,Libmelon writer Montanul_Shorn || Libmelon editing Royne_Balre,657,starring starring musicComposer runtime,ordering
fictional,results/ordering/fictional_ordering.json,658,[TRIPLE] Keithiere_Point  operatingOrganisation  Stepsolve_Ventures [/TRIPLE] [TRIPLE] Keithiere_Point  runwayLength  3424.60 [/TRIPLE] [TRIPLE] Keithiere_Point  cityServed  Nitrodrive_Ring [/TRIPLE] [TRIPLE] Keithiere_Point  location  Lylantine [/TRIPLE] [TRIPLE] Keithiere_Point  icaoLocationIdentifier  Prestyn_Landing_Fields [/TRIPLE] [TRIPLE] Keithiere_Point  runwaySurfaceType  Pyrimione [/TRIPLE],6,5,1,6,icaoLocationIdentifier,Keithiere_Point icaoLocationIdentifier Prestyn_Landing_Fields,658,operatingOrganisation location cityServed runwayLength runwaySurfaceType ICAOLocationIdentifier,ordering
fictional,results/ordering/fictional_ordering.json,665,[TRIPLE] Rebellion_of_the_Virus  director  Elignoth_Schade [/TRIPLE] [TRIPLE] Rebellion_of_the_Virus  writer  Ganasah_Jilson [/TRIPLE],2,1,1,2,writer,Rebellion_of_the_Virus writer Ganasah_Jilson,665,director author,ordering
fictional,results/ordering/fictional_ordering.json,671,[TRIPLE] Zylelas  currency  Leszko [/TRIPLE] [TRIPLE] Zylelas  demonym  Urbans [/TRIPLE] [TRIPLE] Frosty_Fig_Frenzy  course  Krelmir [/TRIPLE] [TRIPLE] Frosty_Fig_Frenzy  region  Macuexico [/TRIPLE] [TRIPLE] Frosty_Fig_Frenzy  ingredient  Rusticrop [/TRIPLE] [TRIPLE] Krelmir  dishVariation  Crematruff [/TRIPLE] [TRIPLE] Frosty_Fig_Frenzy  country  Zylelas [/TRIPLE],7,6,1,6,region,Frosty_Fig_Frenzy region Macuexico,671,demonym currency country course ingredient dishVariation,ordering
fictional,results/ordering/fictional_ordering.json,673,[TRIPLE] Lasting_Ambition  runtime  1384.43 [/TRIPLE] [TRIPLE] Lasting_Ambition  musicComposer  Jakarso_Sminex [/TRIPLE] [TRIPLE] Lasting_Ambition  releaseDate  May_14_1937 [/TRIPLE] [TRIPLE] Lasting_Ambition  producer  Blither_Xesto [/TRIPLE],4,2,2,4,releaseDate | producer,Lasting_Ambition releaseDate May_14_1937 || Lasting_Ambition producer Blither_Xesto,673,musicComposer production date runtime,ordering
fictional,results/ordering/fictional_ordering.json,680,[TRIPLE] Ouashti_Osarum  nationality  Arsynen [/TRIPLE] [TRIPLE] Gloomen  foundingDate  August_23rd_1805 [/TRIPLE] [TRIPLE] Ouashti_Osarum  birthPlace  Gloomen [/TRIPLE] [TRIPLE] Ouashti_Osarum  professionalField  Automaton_Trader [/TRIPLE],4,3,1,4,professionalField,Ouashti_Osarum professionalField Automaton_Trader,680,nationality birthPlace foundingDate professionField,ordering
fictional,results/ordering/fictional_ordering.json,689,[TRIPLE] Orbethie  recordedIn  Mirvos [/TRIPLE] [TRIPLE] Orbethie  recordedIn  Retmodern [/TRIPLE] [TRIPLE] Orbethie  precededBy  CortexDitto [/TRIPLE] [TRIPLE] Orbethie  releaseDate  February_28_2013 [/TRIPLE] [TRIPLE] Orbethie  runtime  4221.80 [/TRIPLE],5,3,2,5,recordedIn | recordedIn,Orbethie recordedIn Mirvos || Orbethie recordedIn Retmodern,689,precededBy recordIn recordIn releaseDate runtime,ordering
fictional,results/ordering/fictional_ordering.json,690,[TRIPLE] Roucaud  releaseDate  November_14_1911 [/TRIPLE] [TRIPLE] Roucaud  followedBy  Orbethie [/TRIPLE] [TRIPLE] Roucaud  artist  TripHopDream [/TRIPLE],3,2,1,2,artist,Roucaud artist TripHopDream,690,followedBy releaseDate,ordering
fictional,results/ordering/fictional_ordering.json,691,[TRIPLE] Desert_Haven_College  campus  Hakre [/TRIPLE] [TRIPLE] Veedersky  location  Ritvente [/TRIPLE] [TRIPLE] Desert_Haven_College  director  Zorant [/TRIPLE] [TRIPLE] Desert_Haven_College  affiliation  Olivelle_Computer_Science_Institute [/TRIPLE] [TRIPLE] Olivelle_Computer_Science_Institute  city  Tharinta [/TRIPLE] [TRIPLE] Desert_Haven_College  wasGivenTheTechnicalCampusStatusBy  Veedersky [/TRIPLE],6,5,1,5,location,Veedersky location Ritvente,691,campus affiliation city wasGivenTheTechnicalCampusStatusBy director,ordering
fictional,results/ordering/fictional_ordering.json,692,[TRIPLE] Undinee  releaseDate  August_16_2001 [/TRIPLE] [TRIPLE] Undinee  precededBy  Lusneta [/TRIPLE] [TRIPLE] Undinee  writer  Quintin_Yoson [/TRIPLE] [TRIPLE] Undinee  runtime  829.99 [/TRIPLE],4,3,1,4,writer,Undinee writer Quintin_Yoson,692,precededBy author releaseDate runtime,ordering
fictional,results/ordering/fictional_ordering.json,698,[TRIPLE] Pyrobaze  runtime  4537.51 [/TRIPLE] [TRIPLE] Pyrobaze  type  Grooveteria_Disc [/TRIPLE] [TRIPLE] Pyrobaze  precededBy  Pogfloog [/TRIPLE] [TRIPLE] Pyrobaze  genre  Flutivo [/TRIPLE],4,3,1,4,type,Pyrobaze type Grooveteria_Disc,698,genre precededBy genre runtime,ordering
fictional,results/ordering/fictional_ordering.json,701,[TRIPLE] Cyopinee  recordedIn  Kresya [/TRIPLE] [TRIPLE] Cyopinee  recordedIn  Cystlria [/TRIPLE] [TRIPLE] Cyopinee  genre  Kung_Tamarrb [/TRIPLE] [TRIPLE] Cyopinee  precededBy  Mass_Relay [/TRIPLE] [TRIPLE] Cyopinee  releaseDate  May_27_1997 [/TRIPLE] [TRIPLE] Cyopinee  runtime  1057.22 [/TRIPLE],6,5,1,6,recordedIn,Cyopinee recordedIn Cystlria,701,genre precededBy recordIn recordedIn releaseDate runtime,ordering
fictional,results/ordering/fictional_ordering.json,705,[TRIPLE] Roeran_Nadays  citizenship  Sreptah [/TRIPLE] [TRIPLE] Sreptah  capital  Ferroz [/TRIPLE] [TRIPLE] Roeran_Nadays  birthDate  January_6_1945 [/TRIPLE] [TRIPLE] Roeran_Nadays  award  Lykaan [/TRIPLE] [TRIPLE] Sreptah  officialLanguage  Xyleon [/TRIPLE],5,4,1,4,citizenship,Roeran_Nadays citizenship Sreptah,705,birthDate award capital officialLanguage,ordering
fictional,results/ordering/fictional_ordering.json,706,[TRIPLE] Nipher_Ylize  influencedBy  Fenen_Donco [/TRIPLE] [TRIPLE] Nipher_Ylize  citizenship  Gler’tan [/TRIPLE] [TRIPLE] Nipher_Ylize  birthDate  March_3_1651 [/TRIPLE] [TRIPLE] Nipher_Ylize  professionalField  Oblizatation [/TRIPLE] [TRIPLE] Nipher_Ylize  knownFor  Perforder_Alignment [/TRIPLE] [TRIPLE] Nipher_Ylize  residence  Acclet [/TRIPLE],6,4,2,6,citizenship | professionalField,Nipher_Ylize citizenship Gler’tan || Nipher_Ylize professionalField Oblizatation,706,birthDate residence influencedBy occupation knownFor influencedBy,ordering
fictional,results/ordering/fictional_ordering.json,707,[TRIPLE] Safberel  artist  DreamEcho [/TRIPLE] [TRIPLE] Safberel  producer  DreamEcho [/TRIPLE] [TRIPLE] Safberel  recordedIn  Gremeron [/TRIPLE],3,2,1,3,recordedIn,Safberel recordedIn Gremeron,707,recordIn artist producer,ordering
fictional,results/ordering/fictional_ordering.json,708,[TRIPLE] Ryteon_Vem  birthPlace  Dinoro_Strikers [/TRIPLE] [TRIPLE] Ryteon_Vem  birthDate  March_24_1905 [/TRIPLE] [TRIPLE] Ryteon_Vem  deathDate  May_23_1989 [/TRIPLE] [TRIPLE] Ryteon_Vem  birthPlace  Sorgen [/TRIPLE] [TRIPLE] Ryteon_Vem  nationality  Sorgen [/TRIPLE] [TRIPLE] Ryteon_Vem  residence  Uvinx [/TRIPLE] [TRIPLE] Ryteon_Vem  spouse  Celt_Saffron [/TRIPLE],7,6,1,6,birthPlace,Ryteon_Vem birthPlace Sorgen,708,birthPlace birthDate deathDate nationality residence spouse,ordering
fictional,results/ordering/fictional_ordering.json,709,[TRIPLE] Isca_Anxin  birthPlace  Bergweiler [/TRIPLE] [TRIPLE] Isca_Anxin  birthDate  June_2_1936 [/TRIPLE] [TRIPLE] Isca_Anxin  deathDate  June_8_1998 [/TRIPLE] [TRIPLE] Isca_Anxin  deathPlace  Orchula [/TRIPLE] [TRIPLE] Isca_Anxin  training  Reskir [/TRIPLE],5,4,1,4,training,Isca_Anxin training Reskir,709,birthPlace birthDate deathPlace deathDate,ordering
fictional,results/ordering/fictional_ordering.json,718,[TRIPLE] Shifting_Focus  imdbId  4985.27 [/TRIPLE] [TRIPLE] Shifting_Focus  writer  Mallen_Reyvas [/TRIPLE],2,1,1,2,writer,Shifting_Focus writer Mallen_Reyvas,718,author imdbId,ordering
fictional,results/ordering/fictional_ordering.json,725,[TRIPLE] Blazing_Heart  budget  2730.84 [/TRIPLE] [TRIPLE] Blazing_Heart  runtime  806.18 [/TRIPLE] [TRIPLE] Blazing_Heart  gross  1933.73 [/TRIPLE],3,2,1,2,gross,Blazing_Heart gross 1933.73,725,budget runtime,ordering
fictional,results/ordering/fictional_ordering.json,730,[TRIPLE] Entangled_in_Time  musicComposer  Amunda_Lune [/TRIPLE] [TRIPLE] Entangled_in_Time  director  Vackeron_Bline [/TRIPLE] [TRIPLE] Entangled_in_Time  cinematography  Dauton_Lasse [/TRIPLE] [TRIPLE] Entangled_in_Time  producer  Jorel_Calyon [/TRIPLE],4,3,1,3,producer,Entangled_in_Time producer Jorel_Calyon,730,musicComposer director cinematography,ordering
fictional,results/ordering/fictional_ordering.json,731,[TRIPLE] Roka_Maram  birthPlace  Lizardkom_Rovers [/TRIPLE] [TRIPLE] Roka_Maram  birthDate  November_12_1995 [/TRIPLE] [TRIPLE] Roka_Maram  deathDate  October_21_1939 [/TRIPLE] [TRIPLE] Roka_Maram  birthPlace  Remenaz [/TRIPLE] [TRIPLE] Roka_Maram  nationality  Remenaz [/TRIPLE] [TRIPLE] Roka_Maram  residence  Mergan [/TRIPLE],6,5,1,5,birthPlace,Roka_Maram birthPlace Remenaz,731,nationality birthPlace birthDate deathDate residence,ordering
fictional,results/ordering/fictional_ordering.json,732,[TRIPLE] Festixxo  runtime  3054.56 [/TRIPLE] [TRIPLE] Festixxo  artist  StratoFury [/TRIPLE] [TRIPLE] Festixxo  producer  StratoFury [/TRIPLE] [TRIPLE] Festixxo  precededBy  Zemblisu [/TRIPLE] [TRIPLE] Festixxo  producer  Saham_Fliind [/TRIPLE],5,1,4,4,runtime | artist | producer | producer,Festixxo runtime 3054.56 || Festixxo artist StratoFury || Festixxo producer StratoFury || Festixxo producer Saham_Fliind,732,precededBy record production time,ordering
fictional,results/ordering/fictional_ordering.json,736,[TRIPLE] Emrica_Note  residence  Bulfosn [/TRIPLE] [TRIPLE] Bulfosn  utcOffset  1211.88 [/TRIPLE] [TRIPLE] Emrica_Note  citizenship  Lyvoden [/TRIPLE] [TRIPLE] Lyvoden  demonym  Grazny [/TRIPLE],4,3,1,3,citizenship,Emrica_Note citizenship Lyvoden,736,demonym residence utcOffset,ordering
fictional,results/ordering/fictional_ordering.json,738,[TRIPLE] Celestelm  producer  Amrocketic [/TRIPLE] [TRIPLE] Zozo_Isandria  birthDate  November_25_1975 [/TRIPLE] [TRIPLE] Celestelm  producer  Zozo_Isandria [/TRIPLE],3,2,1,2,producer,Celestelm producer Zozo_Isandria,738,birthDate producer,ordering
fictional,results/ordering/fictional_ordering.json,741,[TRIPLE] Reflections_of_Destiny  editing  Stavamo [/TRIPLE] [TRIPLE] Reflections_of_Destiny  language  Tytasian [/TRIPLE] [TRIPLE] Reflections_of_Destiny  runtime  1176.04 [/TRIPLE] [TRIPLE] Reflections_of_Destiny  distributor  Ebony_Rise_Productions [/TRIPLE] [TRIPLE] Reflections_of_Destiny  distributor  Globalight_Systems [/TRIPLE] [TRIPLE] Reflections_of_Destiny  budget  3772.56 [/TRIPLE] [TRIPLE] Reflections_of_Destiny  writer  Chayneal_Ersh [/TRIPLE],7,5,2,6,editing | writer,Reflections_of_Destiny editing Stavamo || Reflections_of_Destiny writer Chayneal_Ersh,741,distributor distributor language editor runtime budget,ordering
fictional,results/ordering/fictional_ordering.json,742,[TRIPLE] Corad_Creson  residence  Veldas [/TRIPLE] [TRIPLE] Veldas  demonym  Jakens [/TRIPLE] [TRIPLE] Veldas  populationTotal  3450.67 [/TRIPLE] [TRIPLE] Corad_Creson  birthDate  November_8_1701 [/TRIPLE] [TRIPLE] Corad_Creson  professionalField  Orthotex [/TRIPLE],5,4,1,4,professionalField,Corad_Creson professionalField Orthotex,742,birthDate residence demonym populationTotal,ordering
fictional,results/ordering/fictional_ordering.json,745,[TRIPLE] Coltion_Gowvan  birthDate  August_15_1969 [/TRIPLE] [TRIPLE] Coltion_Gowvan  nationality  Zylelas [/TRIPLE] [TRIPLE] Coltion_Gowvan  servedAsChiefOfTheAstronautOfficeIn  9774 [/TRIPLE] [TRIPLE] Coltion_Gowvan  deathPlace  Hunverth [/TRIPLE] [TRIPLE] Coltion_Gowvan  selectedByNasa  6812 [/TRIPLE] [TRIPLE] Coltion_Gowvan  birthPlace  Snovayne [/TRIPLE] [TRIPLE] Coltion_Gowvan  almaMater  Fatin_College_of_Tactics_and_Maneuvers [/TRIPLE],7,6,1,6,selectedByNasa,Coltion_Gowvan selectedByNasa 6812,745,nationality birthPlace birthDate almaMater servedAsChiefOfTheAstronautOfficeIn deathPlace,ordering
fictional,results/ordering/fictional_ordering.json,747,[TRIPLE] Koson_Marqo  birthDate  September_6_1955 [/TRIPLE] [TRIPLE] Koson_Marqo  nationality  Olzonas [/TRIPLE] [TRIPLE] Koson_Marqo  servedAsChiefOfTheAstronautOfficeIn  9526 [/TRIPLE] [TRIPLE] Koson_Marqo  deathPlace  Meedon [/TRIPLE] [TRIPLE] Koson_Marqo  birthPlace  Thivner [/TRIPLE] [TRIPLE] Koson_Marqo  mission  Saberly_Delta_H [/TRIPLE] [TRIPLE] Koson_Marqo  award  Unmatched_Valour_Medal [/TRIPLE],7,5,2,5,mission | award,Koson_Marqo mission Saberly_Delta_H || Koson_Marqo award Unmatched_Valour_Medal,747,nationality birthPlace birthDate servedAsChiefOfTheAstronautOfficeIn deathPlace,ordering
fictional,results/ordering/fictional_ordering.json,748,[TRIPLE] Glendinian  runtime  4132.78 [/TRIPLE] [TRIPLE] Glendinian  artist  Nocturnity [/TRIPLE] [TRIPLE] Glendinian  producer  Nocturnity [/TRIPLE],3,2,1,3,producer,Glendinian producer Nocturnity,748,production artist runtime,ordering
fictional,results/ordering/fictional_ordering.json,753,[TRIPLE] Oceablox  artist  Bleeding_Ash [/TRIPLE] [TRIPLE] Oceablox  producer  Bleeding_Ash [/TRIPLE] [TRIPLE] Oceablox  runtime  900.43 [/TRIPLE] [TRIPLE] Oceablox  recordedIn  Keltak [/TRIPLE] [TRIPLE] Oceablox  recordedIn  Fustetra [/TRIPLE] [TRIPLE] Oceablox  genre  Overhype [/TRIPLE] [TRIPLE] Oceablox  precededBy  Buzz_Barrage [/TRIPLE],7,2,5,4,artist | producer | runtime | recordedIn | recordedIn,Oceablox artist Bleeding_Ash || Oceablox producer Bleeding_Ash || Oceablox runtime 900.43 || Oceablox recordedIn Keltak || Oceablox recordedIn Fustetra,753,genre precededBy recordIn recordIn,ordering
fictional,results/ordering/fictional_ordering.json,754,[TRIPLE] Stardust_of_Solitude  director  Ohleen_Ranon [/TRIPLE] [TRIPLE] Stardust_of_Solitude  distributor  Stavamo [/TRIPLE] [TRIPLE] Stardust_of_Solitude  director  Koson_Marqo [/TRIPLE] [TRIPLE] Stardust_of_Solitude  imdbId  2781.47 [/TRIPLE],4,3,1,4,imdbId,Stardust_of_Solitude imdbId 2781.47,754,distributor director director IMDbId,ordering
fictional,results/ordering/fictional_ordering.json,755,"[TRIPLE] Corad_Creson  professionalField  Roddrage的永动原理 [/TRIPLE] [TRIPLE] Corad_Creson  doctoralAdvisor  ""Animal_Rights_and_the_Dynamics_of_Politics"" [/TRIPLE] [TRIPLE] Corad_Creson  birthPlace  Palacor [/TRIPLE] [TRIPLE] Corad_Creson  birthDate  February_5_1952 [/TRIPLE]",4,3,1,4,professionalField,Corad_Creson professionalField Roddrage的永动原理,755,birthPlace birthDate doctoralAdvisor profession,ordering
fictional,results/ordering/fictional_ordering.json,763,[TRIPLE] Thoras_Baras  nationality  Kydarren [/TRIPLE] [TRIPLE] Kydarren  areaTotal  2486.59 [/TRIPLE] [TRIPLE] Kydarren  officialLanguage  Yergtiv [/TRIPLE] [TRIPLE] Thoras_Baras  birthPlace  Ilnokar [/TRIPLE] [TRIPLE] Thoras_Baras  training  Wandra [/TRIPLE],5,4,1,4,training,Thoras_Baras training Wandra,763,birthPlace nationality officialLanguage areaTotal,ordering
fictional,results/ordering/fictional_ordering.json,766,[TRIPLE] Poseidonea  runtime  3182.12 [/TRIPLE] [TRIPLE] Poseidonea  genre  Nolabbre [/TRIPLE] [TRIPLE] Poseidonea  writer  Zedburst [/TRIPLE] [TRIPLE] Poseidonea  writer  Spacitter [/TRIPLE] [TRIPLE] Poseidonea  followedBy  Hewitt_Productions [/TRIPLE],5,3,2,4,writer | writer,Poseidonea writer Zedburst || Poseidonea writer Spacitter,766,genre followedBy runtime author,ordering
fictional,results/ordering/fictional_ordering.json,767,[TRIPLE] Bluefield_Institute  campus  Soulswe [/TRIPLE] [TRIPLE] Auralum  location  Vesnina [/TRIPLE] [TRIPLE] Bluefield_Institute  director  Orzack [/TRIPLE] [TRIPLE] Bluefield_Institute  affiliation  Daltosty_Education_Hub [/TRIPLE] [TRIPLE] Bluefield_Institute  wasGivenTheTechnicalCampusStatusBy  Auralum [/TRIPLE] [TRIPLE] Bluefield_Institute  state  Thineries [/TRIPLE],6,5,1,5,location,Auralum location Vesnina,767,campus state wasGivenTheTechnicalCampusStatusBy affiliation director,ordering
fictional,results/ordering/fictional_ordering.json,769,[TRIPLE] Starlight_Academy  campus  Soulswe [/TRIPLE] [TRIPLE] Ustrasse  location  Fiskenna [/TRIPLE] [TRIPLE] Starlight_Academy  director  Glitoria_Base [/TRIPLE] [TRIPLE] Starlight_Academy  affiliation  Chryton_College [/TRIPLE] [TRIPLE] Starlight_Academy  wasGivenTheTechnicalCampusStatusBy  Ustrasse [/TRIPLE] [TRIPLE] Starlight_Academy  numberOfPostgraduateStudents  2224 [/TRIPLE],6,5,1,5,location,Ustrasse location Fiskenna,769,campus affiliation wasGivenTheTechnicalCampusStatusBy director numberOfPostgraduateStudents,ordering
fictional,results/ordering/fictional_ordering.json,771,[TRIPLE] Vellata  writer  Karile_Finik [/TRIPLE] [TRIPLE] Vellata  writer  Analytical_Noise [/TRIPLE] [TRIPLE] Vellata  followedBy  WPF_Entertainment [/TRIPLE] [TRIPLE] Vellata  producer  Obflexan [/TRIPLE] [TRIPLE] Vellata  album  Nalvcoon [/TRIPLE] [TRIPLE] Vellata  format  Xchedelic [/TRIPLE],6,2,4,5,writer | writer | producer | format,Vellata writer Karile_Finik || Vellata writer Analytical_Noise || Vellata producer Obflexan || Vellata format Xchedelic,771,followedBy genre album author publisher,ordering
fictional,results/ordering/fictional_ordering.json,776,[TRIPLE] Aderon_Feenon  birthDate  March_15_1924 [/TRIPLE] [TRIPLE] Lost_Legends  writer  Aderon_Feenon [/TRIPLE] [TRIPLE] Lost_Legends  writer  Voqril_Ervel [/TRIPLE],3,1,2,2,writer | writer,Lost_Legends writer Aderon_Feenon || Lost_Legends writer Voqril_Ervel,776,birthDate author,ordering
fictional,results/ordering/fictional_ordering.json,782,[TRIPLE] Enregard  genre  Bloompace [/TRIPLE] [TRIPLE] Tumbleize  instrument  Solirator [/TRIPLE] [TRIPLE] Enregard  genre  Tumbleize [/TRIPLE] [TRIPLE] Bloompace  instrument  Sploffing [/TRIPLE],4,3,1,3,instrument,Bloompace instrument Sploffing,782,genre genre instrument,ordering
fictional,results/ordering/fictional_ordering.json,783,[TRIPLE] Ninponos  artist  Millennium_Crank [/TRIPLE] [TRIPLE] Ninponos  runtime  887.94 [/TRIPLE] [TRIPLE] Ninponos  recordedIn  Quarosk [/TRIPLE],3,2,1,3,recordedIn,Ninponos recordedIn Quarosk,783,artist recordIn runtime,ordering
fictional,results/ordering/fictional_ordering.json,786,[TRIPLE] Exar_Sesar  nationality  Olieria [/TRIPLE] [TRIPLE] Exar_Sesar  training  Tevken [/TRIPLE] [TRIPLE] Exar_Sesar  deathDate  January_19_1990 [/TRIPLE],3,2,1,2,training,Exar_Sesar training Tevken,786,nationality deathDate,ordering
fictional,results/ordering/fictional_ordering.json,787,[TRIPLE] Explore_the_Void  writer  Dantor_Pauran [/TRIPLE],1,0,1,1,writer,Explore_the_Void writer Dantor_Pauran,787,author,ordering
fictional,results/ordering/fictional_ordering.json,789,[TRIPLE] Augmentiques  producer  KinsMixin_Orsh [/TRIPLE] [TRIPLE] Augmentiques  runtime  783.16 [/TRIPLE] [TRIPLE] Augmentiques  artist  KinsMixin_Orsh [/TRIPLE] [TRIPLE] Augmentiques  genre  Octimara [/TRIPLE],4,1,3,3,producer | runtime | artist,Augmentiques producer KinsMixin_Orsh || Augmentiques runtime 783.16 || Augmentiques artist KinsMixin_Orsh,789,genre production time,ordering
fictional,results/ordering/fictional_ordering.json,793,[TRIPLE] BaClarky  precededBy  Brixzudz [/TRIPLE] [TRIPLE] BaClarky  producer  Tuxin_Fohean [/TRIPLE],2,1,1,2,producer,BaClarky producer Tuxin_Fohean,793,precededBy creator,ordering
fictional,results/ordering/fictional_ordering.json,803,[TRIPLE] D̛ivi̴ne̷_Agoni͠es  producer  Brevin_Jakule [/TRIPLE],1,0,1,1,producer,D̛ivi̴ne̷_Agoni͠es producer Brevin_Jakule,803,creator,ordering
fictional,results/ordering/fictional_ordering.json,811,[TRIPLE] Phantazm  producer  Ouashti_Osarum [/TRIPLE] [TRIPLE] Phantazm  runtime  851.74 [/TRIPLE] [TRIPLE] Phantazm  artist  Ouashti_Osarum [/TRIPLE] [TRIPLE] Phantazm  type  Fandago_Album [/TRIPLE] [TRIPLE] Phantazm  precededBy  Grepplee [/TRIPLE],5,1,4,5,producer | runtime | artist | type,Phantazm producer Ouashti_Osarum || Phantazm runtime 851.74 || Phantazm artist Ouashti_Osarum || Phantazm type Fandago_Album,811,precededBy genre music director time,ordering
fictional,results/ordering/fictional_ordering.json,826,[TRIPLE] Stargazer_Valley  director  Ranyar_Phael [/TRIPLE] [TRIPLE] Stargazer_Valley  producer  Ranyar_Phael [/TRIPLE] [TRIPLE] Stargazer_Valley  broadcastedBy  Cinemogenesis [/TRIPLE] [TRIPLE] Stargazer_Valley  editor  Kevalon_Nemes [/TRIPLE] [TRIPLE] Stargazer_Valley  producer  Phrascy_Yavon [/TRIPLE],5,4,1,4,producer,Stargazer_Valley producer Phrascy_Yavon,826,broadcastedBy editor director producer,ordering
fictional,results/ordering/fictional_ordering.json,827,[TRIPLE] Breaking_Barriers  director  Balamor_Donae [/TRIPLE] [TRIPLE] Breaking_Barriers  director  Yocuim_Ticor [/TRIPLE] [TRIPLE] Breaking_Barriers  writer  Yocuim_Ticor [/TRIPLE],3,2,1,2,writer,Breaking_Barriers writer Yocuim_Ticor,827,director director,ordering
fictional,results/ordering/fictional_ordering.json,835,[TRIPLE] Linften  populationMetro  1485.41 [/TRIPLE] [TRIPLE] Linften  leaderTitle  Epochal_Celestial [/TRIPLE] [TRIPLE] Linften  type  Querinth [/TRIPLE] [TRIPLE] Linften  populationDensity  4845.97 [/TRIPLE] [TRIPLE] Linften  governmentType  Theogelian_Confederacy [/TRIPLE] [TRIPLE] Linften  isPartOf  Turnardo [/TRIPLE],6,5,1,5,type,Linften type Querinth,835,isPartOf leaderTitle governmentType populationDensity populationMetro,ordering
fictional,results/ordering/fictional_ordering.json,836,"[TRIPLE] Soner_Onnawe  professionalField  Maldon's_Alignment_of_Rabbit_Holes [/TRIPLE] [TRIPLE] Soner_Onnawe  knownFor  Zemosik [/TRIPLE] [TRIPLE] Soner_Onnawe  knownFor  Rousseall's_Tolerance [/TRIPLE] [TRIPLE] Soner_Onnawe  doctoralAdvisor  ""The_Impact_of_Proto_Achromatic_Colours_on_Human_Perception"" [/TRIPLE] [TRIPLE] Soner_Onnawe  birthPlace  Gandrax [/TRIPLE] [TRIPLE] Soner_Onnawe  birthDate  April_7_1957 [/TRIPLE] [TRIPLE] Soner_Onnawe  almaMater  Magiltech_University [/TRIPLE]",7,5,2,7,professionalField | knownFor,Soner_Onnawe professionalField Maldon's_Alignment_of_Rabbit_Holes || Soner_Onnawe knownFor Rousseall's_Tolerance,836,birthPlace birthDate almaMater doctoralAdvisor academicDiscipline knownFor academicDiscipline,ordering
fictional,results/ordering/fictional_ordering.json,842,[TRIPLE] Roka_Maram  birthPlace  Murlania [/TRIPLE] [TRIPLE] Roka_Maram  training  Carsee [/TRIPLE] [TRIPLE] Roka_Maram  professionalField  Automaton_Trader [/TRIPLE],3,1,2,2,training | professionalField,Roka_Maram training Carsee || Roka_Maram professionalField Automaton_Trader,842,birthPlace professionField,ordering
fictional,results/ordering/fictional_ordering.json,846,[TRIPLE] Poseidonea  writer  Ranor_Ondale [/TRIPLE] [TRIPLE] Unconform  associatedBand/associatedMusicalArtist  Anzil_Davryn [/TRIPLE] [TRIPLE] Poseidonea  writer  Unconform [/TRIPLE] [TRIPLE] Unconform  associatedBand/associatedMusicalArtist  Netom_Ecil [/TRIPLE],4,2,2,3,writer | writer,Poseidonea writer Ranor_Ondale || Poseidonea writer Unconform,846,associatedBand/associatedMusicalArtist associatedBand/associatedMusicalArtist author,ordering
fictional,results/ordering/fictional_ordering.json,849,"[TRIPLE] Eldervale_College  campus  Lephtar [/TRIPLE] [TRIPLE] Recrito  location  Ritvente [/TRIPLE] [TRIPLE] Eldervale_College  director  Ishoph [/TRIPLE] [TRIPLE] Eldervale_College  academicStaffSize  Erhill [/TRIPLE] [TRIPLE] Eldervale_College  affiliation  Argentar_Springfields [/TRIPLE] [TRIPLE] Eldervale_College  motto  ""The_Relationship_Between_Magic_and_Technology"" [/TRIPLE] [TRIPLE] Eldervale_College  wasGivenTheTechnicalCampusStatusBy  Recrito [/TRIPLE]",7,6,1,6,location,Recrito location Ritvente,849,campus affiliation wasGivenTheTechnicalCampusStatusBy director academicStaffSize motto,ordering
fictional,results/ordering/fictional_ordering.json,851,[TRIPLE] Psychilences  producer  Narina_Orga [/TRIPLE] [TRIPLE] Psychilences  runtime  3904.44 [/TRIPLE] [TRIPLE] Psychilences  artist  Narina_Orga [/TRIPLE] [TRIPLE] Psychilences  type  Fandago_Album [/TRIPLE] [TRIPLE] Psychilences  precededBy  Hol_lemon [/TRIPLE] [TRIPLE] Psychilences  genre  Karmazit [/TRIPLE] [TRIPLE] Psychilences  followedBy  Jealry [/TRIPLE],7,3,4,6,producer | runtime | artist | type,Psychilences producer Narina_Orga || Psychilences runtime 3904.44 || Psychilences artist Narina_Orga || Psychilences type Fandago_Album,851,genre genre precededBy followedBy record length,ordering
fictional,results/ordering/fictional_ordering.json,856,[TRIPLE] Nesett_Nialan  birthPlace  Sunyieid_County [/TRIPLE] [TRIPLE] Nesett_Nialan  birthPlace  Liangming [/TRIPLE] [TRIPLE] Nesett_Nialan  mission  Shenzhou_Spacewalk [/TRIPLE] [TRIPLE] Nesett_Nialan  mission  Erynfire [/TRIPLE],4,3,1,3,mission,Nesett_Nialan mission Erynfire,856,birthPlace birthPlace mission,ordering
fictional,results/ordering/fictional_ordering.json,862,[TRIPLE] Haemara  genre  Squeezaburp [/TRIPLE] [TRIPLE] Disc_Films  followedBy  Bilkwald [/TRIPLE] [TRIPLE] Haemara  followedBy  Disc_Films [/TRIPLE] [TRIPLE] Disc_Films  genre  Xedovita [/TRIPLE],4,3,1,3,genre,Disc_Films genre Xedovita,862,genre followedBy followedBy,ordering
fictional,results/ordering/fictional_ordering.json,865,[TRIPLE] Snowfire_Glade  producer  Koson_Marqo [/TRIPLE] [TRIPLE] Snowfire_Glade  editor  Fironia_Towx [/TRIPLE] [TRIPLE] Snowfire_Glade  musicComposer  Brineon_Darka [/TRIPLE] [TRIPLE] Snowfire_Glade  runtime  3182.12 [/TRIPLE],4,3,1,4,producer,Snowfire_Glade producer Koson_Marqo,865,musicComposer production editor runtime,ordering
fictional,results/ordering/fictional_ordering.json,872,[TRIPLE] Anix_Tisge  birthPlace  Ozergrad [/TRIPLE] [TRIPLE] Anix_Tisge  deathPlace  Ozergrad [/TRIPLE] [TRIPLE] Anix_Tisge  deathDate  June_29_1988 [/TRIPLE] [TRIPLE] Anix_Tisge  professionalField  Autosophy [/TRIPLE] [TRIPLE] Anix_Tisge  professionalField  Obrescatology [/TRIPLE],5,3,2,4,professionalField | professionalField,Anix_Tisge professionalField Autosophy || Anix_Tisge professionalField Obrescatology,872,birthPlace deathPlace deathDate professionField,ordering
fictional,results/ordering/fictional_ordering.json,887,[TRIPLE] Arcadia  architect  Corad_Creson [/TRIPLE] [TRIPLE] Arcadia  address  Sleepers_Well_Garden [/TRIPLE] [TRIPLE] Arcadia  buildingStartDate  May_30_6667 [/TRIPLE] [TRIPLE] Arcadia  currentTenants  Quinzet_Business_School [/TRIPLE] [TRIPLE] Arcadia  architecturalStyle  Stratocapsule_Fins [/TRIPLE] [TRIPLE] Arcadia  owner  Normerc_Academic_Center [/TRIPLE],6,5,1,5,architect,Arcadia architect Corad_Creson,887,owner buildingStartDate address architecturalStyle currentTenants,ordering
fictional,results/ordering/fictional_ordering.json,891,[TRIPLE] Arrya_Nihte  birthDate  June_11_2003 [/TRIPLE] [TRIPLE] Arrya_Nihte  professionalField  Spaceport_Technician [/TRIPLE] [TRIPLE] Arrya_Nihte  deathPlace  Tiresk [/TRIPLE],3,2,1,2,professionalField,Arrya_Nihte professionalField Spaceport_Technician,891,birthDate deathPlace,ordering
fictional,results/ordering/fictional_ordering.json,892,[TRIPLE] Behold_the_Beast  imdbId  439.24 [/TRIPLE] [TRIPLE] Behold_the_Beast  director  Gateyon_Rious [/TRIPLE] [TRIPLE] Behold_the_Beast  director  Ayre_Zhirina [/TRIPLE] [TRIPLE] Behold_the_Beast  starring  Ayre_Zhirina [/TRIPLE] [TRIPLE] Behold_the_Beast  writer  Ayre_Zhirina [/TRIPLE],5,3,2,4,imdbId | writer,Behold_the_Beast imdbId 439.24 || Behold_the_Beast writer Ayre_Zhirina,892,starring director director IMDbId,ordering
fictional,results/ordering/fictional_ordering.json,893,[TRIPLE] Zannes_Sorem  birthDate  November_24_1903 [/TRIPLE] [TRIPLE] Zannes_Sorem  almaMater  Hearthall_University_of_History_and_Culture [/TRIPLE] [TRIPLE] Zannes_Sorem  professionalField  Cosmochronology [/TRIPLE],3,2,1,3,professionalField,Zannes_Sorem professionalField Cosmochronology,893,birthDate almaMater professionField,ordering
fictional,results/ordering/fictional_ordering.json,895,[TRIPLE] Fire_Drifting  writer  Little_Karm [/TRIPLE],1,0,1,1,writer,Fire_Drifting writer Little_Karm,895,author,ordering
fictional,results/ordering/fictional_ordering.json,902,[TRIPLE] The_Prophecy_of_Fear  writer  Ethar_Gilme [/TRIPLE] [TRIPLE] The_Prophecy_of_Fear  runtime  2824.27 [/TRIPLE] [TRIPLE] The_Prophecy_of_Fear  starring  Enna_Ceana [/TRIPLE] [TRIPLE] The_Prophecy_of_Fear  gross  1254.01 [/TRIPLE],4,3,1,4,writer,The_Prophecy_of_Fear writer Ethar_Gilme,902,starring author runtime gross,ordering
fictional,results/ordering/fictional_ordering.json,905,[TRIPLE] Mystic_Point  architect  Phillida_Tesey [/TRIPLE] [TRIPLE] Mystic_Point  address  Forgeton_Heights [/TRIPLE] [TRIPLE] Mystic_Point  currentTenants  Friella_Business_School [/TRIPLE] [TRIPLE] Mystic_Point  tenant  Friella_Business_School [/TRIPLE] [TRIPLE] Mystic_Point  owner  Kerrien_University [/TRIPLE],5,4,1,4,tenant,Mystic_Point tenant Friella_Business_School,905,address architect owner currentTenants,ordering
fictional,results/ordering/fictional_ordering.json,906,[TRIPLE] Grandofre  producer  Melacylon [/TRIPLE],1,0,1,1,producer,Grandofre producer Melacylon,906,manufacturer,ordering
fictional,results/ordering/fictional_ordering.json,912,[TRIPLE] Bond_of_Trust  director  Celt_Saffron [/TRIPLE] [TRIPLE] Bond_of_Trust  producer  Celt_Saffron [/TRIPLE] [TRIPLE] Bond_of_Trust  broadcastedBy  Friction_Pictures [/TRIPLE] [TRIPLE] Bond_of_Trust  editor  Chryse_Folee [/TRIPLE] [TRIPLE] Bond_of_Trust  musicComposer  Majeron_Vlare [/TRIPLE] [TRIPLE] Bond_of_Trust  runtime  2846.73 [/TRIPLE],6,5,1,6,producer,Bond_of_Trust producer Celt_Saffron,912,broadcastedBy musicComposer broadcastedBy director editor runtime,ordering
fictional,results/ordering/fictional_ordering.json,917,[TRIPLE] Verrige_Strategy  netIncome  3256.88 [/TRIPLE] [TRIPLE] Verrige_Strategy  product  OmegaUltrasonix_Solutions [/TRIPLE] [TRIPLE] Verrige_Strategy  product  Phloerrx [/TRIPLE] [TRIPLE] Verrige_Strategy  numberOfEmployees  714.56 [/TRIPLE] [TRIPLE] Verrige_Strategy  revenue  3799.51 [/TRIPLE],5,4,1,4,product,Verrige_Strategy product Phloerrx,917,product numberOfEmployees revenue netIncome,ordering
fictional,results/ordering/fictional_ordering.json,918,[TRIPLE] The_Righteous_Path  distributor  AdonisMotion [/TRIPLE] [TRIPLE] RabitEdge_Holdings  type  Grisschon [/TRIPLE] [TRIPLE] The_Righteous_Path  distributor  RabitEdge_Holdings [/TRIPLE] [TRIPLE] The_Righteous_Path  language  Semplin [/TRIPLE] [TRIPLE] Semplin  iso6391Code  Jelorin [/TRIPLE],5,4,1,4,type,RabitEdge_Holdings type Grisschon,918,language iso6391Code distributor distributor,ordering
fictional,results/ordering/fictional_ordering.json,919,[TRIPLE] Ravelyte  producer  Avaneon_Veinn [/TRIPLE] [TRIPLE] Ravelyte  followedBy  Soul_sails_of_Endo͋ron [/TRIPLE],2,1,1,2,producer,Ravelyte producer Avaneon_Veinn,919,followedBy creator,ordering
fictional,results/ordering/fictional_ordering.json,922,[TRIPLE] Viabuelle  populationMetro  3895.67 [/TRIPLE] [TRIPLE] Viabuelle  leaderTitle  High_Locus [/TRIPLE] [TRIPLE] Viabuelle  type  Genlise [/TRIPLE] [TRIPLE] Viabuelle  populationDensity  2135.71 [/TRIPLE],4,3,1,3,type,Viabuelle type Genlise,922,leaderTitle populationDensity populationMetro,ordering
fictional,results/ordering/fictional_ordering.json,926,[TRIPLE] Koru's_Treasure  editing  Oialos [/TRIPLE] [TRIPLE] Koru's_Treasure  starring  Nesett_Nialan [/TRIPLE] [TRIPLE] Koru's_Treasure  starring  Erjano_Metcan [/TRIPLE] [TRIPLE] Koru's_Treasure  language  Eystrin [/TRIPLE] [TRIPLE] Koru's_Treasure  runtime  4132.29 [/TRIPLE] [TRIPLE] Koru's_Treasure  distributor  Gentleman_Factory [/TRIPLE] [TRIPLE] Koru's_Treasure  distributor  Divinecendant_Shipping [/TRIPLE],7,6,1,6,editing,Koru's_Treasure editing Oialos,926,distributor distributor language starring starring runtime,ordering
fictional,results/ordering/fictional_ordering.json,928,[TRIPLE] Hydris  musicalBand  Sastrick [/TRIPLE] [TRIPLE] Hydris  precededBy  Furiq [/TRIPLE] [TRIPLE] Hydris  runtime  1764.47 [/TRIPLE] [TRIPLE] Hydris  genre  Crunx_slam [/TRIPLE] [TRIPLE] Hydris  followedBy  Castaway_Productions [/TRIPLE] [TRIPLE] Hydris  producer  Flix [/TRIPLE],6,4,2,5,musicalBand | producer,Hydris musicalBand Sastrick || Hydris producer Flix,928,genre musicBand precededBy followedBy runtime,ordering
fictional,results/ordering/fictional_ordering.json,929,[TRIPLE] Assova_Amevis  influencedBy  Ouashti_Osarum [/TRIPLE] [TRIPLE] Assova_Amevis  citizenship  Ervinel [/TRIPLE] [TRIPLE] Assova_Amevis  birthDate  January_2_1994 [/TRIPLE] [TRIPLE] Assova_Amevis  professionalField  Ocianalization [/TRIPLE] [TRIPLE] Assova_Amevis  almaMater  Sullod_University [/TRIPLE],5,3,2,4,citizenship | professionalField,Assova_Amevis citizenship Ervinel || Assova_Amevis professionalField Ocianalization,929,birthDate almaMater influencedBy occupation,ordering
fictional,results/ordering/fictional_ordering.json,932,[TRIPLE] Elzer_Padon  residence  Kavertz [/TRIPLE] [TRIPLE] Aselyris  governmentType  Opolis [/TRIPLE] [TRIPLE] Elzer_Padon  residence  Aselyris [/TRIPLE] [TRIPLE] Aselyris  percentageOfAreaWater  2058.93 [/TRIPLE] [TRIPLE] Elzer_Padon  birthPlace  Aselyris [/TRIPLE],5,4,1,4,percentageOfAreaWater,Aselyris percentageOfAreaWater 2058.93,932,birthPlace residence residence governmentType,ordering
fictional,results/ordering/fictional_ordering.json,933,[TRIPLE] Spin_of_the_Ages  writer  Norka_Elore [/TRIPLE] [TRIPLE] Norka_Elore  birthYear  1772 [/TRIPLE] [TRIPLE] Spin_of_the_Ages  starring  Gateyon_Rious [/TRIPLE],3,2,1,3,writer,Spin_of_the_Ages writer Norka_Elore,933,birthYear author starring,ordering
fictional,results/ordering/fictional_ordering.json,937,[TRIPLE] Plivlson  producer  Hex_Climate [/TRIPLE],1,0,1,1,producer,Plivlson producer Hex_Climate,937,manufacturer,ordering
fictional,results/ordering/fictional_ordering.json,945,[TRIPLE] Dawn_Embrace  director  Aloro_Zon [/TRIPLE] [TRIPLE] Dawn_Embrace  producer  Aloro_Zon [/TRIPLE],2,1,1,2,producer,Dawn_Embrace producer Aloro_Zon,945,director publisher,ordering
fictional,results/ordering/fictional_ordering.json,946,[TRIPLE] Alynils_Retailers  industry  Chloraphene [/TRIPLE] [TRIPLE] Alynils_Retailers  type  Kuvak [/TRIPLE] [TRIPLE] Alynils_Retailers  subsidiary  Iliteck_Services [/TRIPLE] [TRIPLE] Alynils_Retailers  netIncome  714.56 [/TRIPLE] [TRIPLE] Alynils_Retailers  numberOfEmployees  2575.41 [/TRIPLE] [TRIPLE] Alynils_Retailers  product  Wowtek_Cables [/TRIPLE],6,4,2,4,industry | type,Alynils_Retailers industry Chloraphene || Alynils_Retailers type Kuvak,946,subsidiary numberOfEmployees netIncome product,ordering
fictional,results/ordering/fictional_ordering.json,948,[TRIPLE] Winin_Max  professionalField  Zeth's_Stratagem_of_Entity_Asymmetry [/TRIPLE] [TRIPLE] Winin_Max  almaMater  Boyle_School_of_Sciences [/TRIPLE] [TRIPLE] Winin_Max  birthDate  November_14_1930 [/TRIPLE],3,2,1,3,professionalField,Winin_Max professionalField Zeth's_Stratagem_of_Entity_Asymmetry,948,birthDate almaMater profession,ordering
fictional,results/ordering/fictional_ordering.json,950,[TRIPLE] Ranyar_Phael  mission  Shenzhou_Primacore [/TRIPLE] [TRIPLE] Ranyar_Phael  mission  Nexus_Torch [/TRIPLE] [TRIPLE] Ranyar_Phael  birthDate  December_6_1266 [/TRIPLE] [TRIPLE] Ranyar_Phael  birthPlace  Heupov_County [/TRIPLE] [TRIPLE] Ranyar_Phael  birthPlace  Jinyan [/TRIPLE],5,4,1,4,mission,Ranyar_Phael mission Nexus_Torch,950,birthDate birthPlace birthPlace mission,ordering
fictional,results/ordering/fictional_ordering.json,951,[TRIPLE] Ballera  architect  Exar_Sesar [/TRIPLE] [TRIPLE] Ballera  address  Winderoon_Close [/TRIPLE] [TRIPLE] Ballera  buildingStartDate  September_4th_1928 [/TRIPLE] [TRIPLE] Ballera  currentTenants  Autilus_Business_School [/TRIPLE] [TRIPLE] Ballera  tenant  Autilus_Business_School [/TRIPLE] [TRIPLE] Ballera  owner  Londonia_Research_Institute [/TRIPLE],6,5,1,5,tenant,Ballera tenant Autilus_Business_School,951,address architect buildingStartDate currentTenants owner,ordering
fictional,results/ordering/fictional_ordering.json,957,[TRIPLE] Teneminish  runtime  2218.56 [/TRIPLE] [TRIPLE] Teneminish  producer  6Acre [/TRIPLE] [TRIPLE] Teneminish  precededBy  Viebberto [/TRIPLE] [TRIPLE] Teneminish  producer  Daron_Bidor [/TRIPLE],4,1,3,4,runtime | producer | producer,Teneminish runtime 2218.56 || Teneminish producer 6Acre || Teneminish producer Daron_Bidor,957,precededBy production time creator,ordering
fictional,results/ordering/fictional_ordering.json,958,[TRIPLE] Montanul_Shorn  deathPlace  Selavug [/TRIPLE] [TRIPLE] Montanul_Shorn  birthPlace  Zabrisky [/TRIPLE] [TRIPLE] Montanul_Shorn  birthDate  June_21_1919 [/TRIPLE] [TRIPLE] Montanul_Shorn  knownFor  Morin's_Nullification [/TRIPLE],4,3,1,3,knownFor,Montanul_Shorn knownFor Morin's_Nullification,958,birthPlace birthDate deathPlace,ordering
fictional,results/ordering/fictional_ordering.json,962,[TRIPLE] Aquaphine  followedBy  AdonisMotion [/TRIPLE] [TRIPLE] Aquaphine  producer  Obflexan [/TRIPLE] [TRIPLE] Aquaphine  format  Permulee [/TRIPLE],3,1,2,2,producer | format,Aquaphine producer Obflexan || Aquaphine format Permulee,962,followedBy manufacturer,ordering
fictional,results/ordering/fictional_ordering.json,963,[TRIPLE] Aspenfield_College  campus  Tarlui [/TRIPLE] [TRIPLE] Tacrimon  location  Malvenna [/TRIPLE] [TRIPLE] Aspenfield_College  director  Monohut [/TRIPLE] [TRIPLE] Aspenfield_College  academicStaffSize  Phricon [/TRIPLE] [TRIPLE] Aspenfield_College  affiliation  Ultramar_Pentagon [/TRIPLE] [TRIPLE] Ultramar_Pentagon  city  Ollentin [/TRIPLE] [TRIPLE] Aspenfield_College  wasGivenTheTechnicalCampusStatusBy  Tacrimon [/TRIPLE],7,6,1,6,location,Tacrimon location Malvenna,963,campus wasGivenTheTechnicalCampusStatusBy director academicStaffSize affiliation city,ordering
fictional,results/ordering/fictional_ordering.json,965,[TRIPLE] Nolirma  longName  Alyzirah [/TRIPLE] [TRIPLE] Caro_Nemeo  nationality  Bartons [/TRIPLE] [TRIPLE] Caro_Nemeo  citizenship  Nolirma [/TRIPLE] [TRIPLE] Nolirma  language  Kellyuan [/TRIPLE],4,3,1,3,citizenship,Caro_Nemeo citizenship Nolirma,965,nationality language longName,ordering
fictional,results/ordering/fictional_ordering.json,968,[TRIPLE] The_Unknown_Voyage  imdbId  694.79 [/TRIPLE] [TRIPLE] The_Unknown_Voyage  director  Vackeron_Bline [/TRIPLE] [TRIPLE] The_Unknown_Voyage  director  Euler_Toven [/TRIPLE] [TRIPLE] The_Unknown_Voyage  starring  Euler_Toven [/TRIPLE] [TRIPLE] The_Unknown_Voyage  writer  Euler_Toven [/TRIPLE] [TRIPLE] The_Unknown_Voyage  producer  Barron [/TRIPLE] [TRIPLE] The_Unknown_Voyage  distributor  Gaian [/TRIPLE],7,4,3,7,imdbId | writer | producer,The_Unknown_Voyage imdbId 694.79 || The_Unknown_Voyage writer Euler_Toven || The_Unknown_Voyage producer Barron,968,distributor distributor starring director director author IdbId,ordering
fictional,results/ordering/fictional_ordering.json,971,[TRIPLE] Airvale_Midway  cityServed  Streakaway_Grand_Prix [/TRIPLE] [TRIPLE] Airvale_Midway  icaoLocationIdentifier  Laileybroke_Air_Pocket [/TRIPLE] [TRIPLE] Airvale_Midway  elevationAboveTheSeaLevel  1254.01 [/TRIPLE] [TRIPLE] Airvale_Midway  runwayName  Trestor [/TRIPLE] [TRIPLE] Airvale_Midway  runwaySurfaceType  Basaltelite [/TRIPLE],5,4,1,5,icaoLocationIdentifier,Airvale_Midway icaoLocationIdentifier Laileybroke_Air_Pocket,971,cityServed elevationAboveTheSeaLevel ICAOLocationIdentifier runwayName runwaySurfaceType,ordering
fictional,results/ordering/fictional_ordering.json,972,[TRIPLE] Traces_of_Hope  writer  Liath_Torec [/TRIPLE] [TRIPLE] Traces_of_Hope  cinematography  Dracon_Yialon [/TRIPLE],2,1,1,2,writer,Traces_of_Hope writer Liath_Torec,972,author cinematography,ordering
fictional,results/ordering/fictional_ordering.json,977,[TRIPLE] Chiefiat  type  Xecron [/TRIPLE] [TRIPLE] Chiefiat  populationDensity  3314.27 [/TRIPLE] [TRIPLE] Chiefiat  utcOffset  Yogodam [/TRIPLE] [TRIPLE] Chiefiat  leaderTitle  Remol_Certran [/TRIPLE] [TRIPLE] Chiefiat  country  Torvia [/TRIPLE],5,4,1,4,type,Chiefiat type Xecron,977,country leaderTitle populationDensity utcOffset,ordering
fictional,results/ordering/fictional_ordering.json,985,[TRIPLE] Corad_Creson  birthDate  February_28_2019 [/TRIPLE] [TRIPLE] Corad_Creson  professionalField  Oxevlapzation [/TRIPLE] [TRIPLE] Corad_Creson  knownFor  Privity_Adjustment [/TRIPLE],3,2,1,3,professionalField,Corad_Creson professionalField Oxevlapzation,985,birthDate professionField knownFor,ordering
fictional,results/ordering/fictional_ordering.json,993,[TRIPLE] CyberSynclash  producer  Nipher_Ylize [/TRIPLE] [TRIPLE] CyberSynclash  type  Jaunty_Boppin'_Blues [/TRIPLE] [TRIPLE] CyberSynclash  runtime  4132.78 [/TRIPLE] [TRIPLE] CyberSynclash  precededBy  Shigtang [/TRIPLE],4,1,3,4,producer | type | runtime,CyberSynclash producer Nipher_Ylize || CyberSynclash type Jaunty_Boppin'_Blues || CyberSynclash runtime 4132.78,993,precededBy genre production time,ordering
fictional,results/ordering/fictional_ordering.json,1004,[TRIPLE] Gevril_Eino  birthDate  September_3_1995 [/TRIPLE] [TRIPLE] Gevril_Eino  servedAsChiefOfTheAstronautOfficeIn  3691 [/TRIPLE] [TRIPLE] Gevril_Eino  deathPlace  Dyrslant [/TRIPLE] [TRIPLE] Gevril_Eino  birthPlace  Klantar [/TRIPLE] [TRIPLE] Gevril_Eino  mission  Viadanus_Express_3 [/TRIPLE],5,4,1,4,mission,Gevril_Eino mission Viadanus_Express_3,1004,birthPlace birthDate servedAsChiefOfTheAstronautOfficeIn deathPlace,ordering
fictional,results/ordering/fictional_ordering.json,1012,[TRIPLE] Brineon_Darka  birthPlace  Bergweiler [/TRIPLE] [TRIPLE] Brineon_Darka  birthDate  January_16_1929 [/TRIPLE] [TRIPLE] Brineon_Darka  deathDate  June_16_1997 [/TRIPLE] [TRIPLE] Brineon_Darka  birthPlace  Veronar [/TRIPLE],4,3,1,3,birthPlace,Brineon_Darka birthPlace Veronar,1012,birthPlace birthDate deathDate,ordering
fictional,results/ordering/fictional_ordering.json,1020,[TRIPLE] Karile_Finik  knownFor  Mercansch's_Observations [/TRIPLE] [TRIPLE] Karile_Finik  almaMater  Mosilina_Theological_Sciences_Institute [/TRIPLE] [TRIPLE] Karile_Finik  professionalField  Cosmologies [/TRIPLE],3,2,1,3,professionalField,Karile_Finik professionalField Cosmologies,1020,almaMater professionField knownFor,ordering
fictional,results/ordering/fictional_ordering.json,1029,[TRIPLE] Lost_Legends  imdbId  837.47 [/TRIPLE] [TRIPLE] Lost_Legends  starring  Moirux_Heylin [/TRIPLE] [TRIPLE] Lost_Legends  writer  Moirux_Heylin [/TRIPLE],3,1,2,3,imdbId | writer,Lost_Legends imdbId 837.47 || Lost_Legends writer Moirux_Heylin,1029,starring author IdbId,ordering
fictional,results/ordering/fictional_ordering.json,1031,[TRIPLE] Warning_from_the_Sky  imdbId  4652.95 [/TRIPLE] [TRIPLE] Warning_from_the_Sky  starring  Nonos_Quier [/TRIPLE] [TRIPLE] Warning_from_the_Sky  producer  Nojet [/TRIPLE],3,2,1,3,producer,Warning_from_the_Sky producer Nojet,1031,starring creator imdbId,ordering
fictional,results/ordering/fictional_ordering.json,1038,[TRIPLE] Visizimi  genre  Chromepulse [/TRIPLE] [TRIPLE] Visizimi  genre  Quiptronic [/TRIPLE] [TRIPLE] Visizimi  runtime  1933.73 [/TRIPLE] [TRIPLE] Visizimi  producer  Exar_Sesar [/TRIPLE],4,2,2,4,runtime | producer,Visizimi runtime 1933.73 || Visizimi producer Exar_Sesar,1038,genre genre production time,ordering
fictional,results/ordering/fictional_ordering.json,1044,[TRIPLE] The_Straits_of_Nowhere  writer  Majeron_Vlare [/TRIPLE],1,0,1,1,writer,The_Straits_of_Nowhere writer Majeron_Vlare,1044,author,ordering
fictional,results/ordering/fictional_ordering.json,1045,[TRIPLE] Wanaonta_Ismon  birthDate  July_28_1922 [/TRIPLE] [TRIPLE] Wanaonta_Ismon  nationality  Orla`we [/TRIPLE] [TRIPLE] Wanaonta_Ismon  deathPlace  Morsantra [/TRIPLE] [TRIPLE] Wanaonta_Ismon  birthPlace  Tronlea [/TRIPLE] [TRIPLE] Wanaonta_Ismon  mission  InterX-22 [/TRIPLE],5,4,1,4,mission,Wanaonta_Ismon mission InterX-22,1045,nationality birthPlace birthDate deathPlace,ordering
fictional,results/ordering/fictional_ordering.json,1050,[TRIPLE] Kaleea_Outland  operatingOrganisation  Admiralous_Consulting [/TRIPLE] [TRIPLE] Kaleea_Outland  runwayLength  3938.98 [/TRIPLE] [TRIPLE] Kaleea_Outland  cityServed  Skystruck_Trails [/TRIPLE] [TRIPLE] Kaleea_Outland  location  Gulchnon [/TRIPLE] [TRIPLE] Kaleea_Outland  icaoLocationIdentifier  Thaveron_Flight_Yard [/TRIPLE] [TRIPLE] Kaleea_Outland  elevationAboveTheSeaLevel  2345.58 [/TRIPLE],6,5,1,6,icaoLocationIdentifier,Kaleea_Outland icaoLocationIdentifier Thaveron_Flight_Yard,1050,location cityServed operatingOrganisation elevationAboveTheSeaLevel runwayLength ICAOLocationIdentifier,ordering
fictional,results/ordering/fictional_ordering.json,1057,[TRIPLE] The_Golden_Horde  releaseDate  October_30_2135 [/TRIPLE] [TRIPLE] The_Golden_Horde  producer  Little_Karm [/TRIPLE] [TRIPLE] The_Golden_Horde  musicComposer  Yiprun_Iriles [/TRIPLE] [TRIPLE] Yiprun_Iriles  background  Jucelo [/TRIPLE],4,3,1,3,producer,The_Golden_Horde producer Little_Karm,1057,background musicComposer releaseDate,ordering
fictional,results/ordering/fictional_ordering.json,1063,[TRIPLE] Notelegic  genre  FattSwing [/TRIPLE] [TRIPLE] Notelegic  producer  Granadarans [/TRIPLE] [TRIPLE] Notelegic  genre  Noizclank [/TRIPLE],3,2,1,3,producer,Notelegic producer Granadarans,1063,genre genre creator,ordering
fictional,results/ordering/fictional_ordering.json,1067,[TRIPLE] Snowfire_Glade  director  Ethar_Gilme [/TRIPLE] [TRIPLE] Snowfire_Glade  producer  Ethar_Gilme [/TRIPLE] [TRIPLE] Snowfire_Glade  broadcastedBy  Artistic_Endeavour_Films [/TRIPLE] [TRIPLE] Snowfire_Glade  editor  Makin_Grinyon [/TRIPLE] [TRIPLE] Snowfire_Glade  musicComposer  Majeron_Vlare [/TRIPLE] [TRIPLE] Snowfire_Glade  producer  Torin_Yosh [/TRIPLE],6,5,1,5,producer,Snowfire_Glade producer Torin_Yosh,1067,broadcastedBy musicComposer editor director producer,ordering
fictional,results/ordering/fictional_ordering.json,1069,[TRIPLE] Valley_of_the_Gods  starring  Filounton_Bonen [/TRIPLE] [TRIPLE] Valley_of_the_Gods  writer  Jacee_Mel [/TRIPLE] [TRIPLE] Valley_of_the_Gods  director  Jacee_Mel [/TRIPLE] [TRIPLE] Valley_of_the_Gods  gross  4479.43 [/TRIPLE],4,3,1,4,writer,Valley_of_the_Gods writer Jacee_Mel,1069,starring director author gross,ordering
fictional,results/ordering/fictional_ordering.json,1074,[TRIPLE] Rinkorri  artist  Pain_Creek [/TRIPLE] [TRIPLE] Rinkorri  genre  Synbrick [/TRIPLE] [TRIPLE] Rinkorri  precededBy  Hyzlack [/TRIPLE] [TRIPLE] Rinkorri  recordLabel  Harmonic_Realms [/TRIPLE] [TRIPLE] Rinkorri  recordLabel  Halo_Tunes [/TRIPLE] [TRIPLE] Rinkorri  releaseDate  February_21_1992 [/TRIPLE],6,5,1,5,artist,Rinkorri artist Pain_Creek,1074,recordLabel recordLabel precededBy genre releaseDate,ordering
fictional,results/ordering/fictional_ordering.json,1085,[TRIPLE] Little_Karm  training  Phricon [/TRIPLE] [TRIPLE] Little_Karm  deathDate  May_21_1958 [/TRIPLE] [TRIPLE] Little_Karm  birthDate  June_19_1972 [/TRIPLE] [TRIPLE] Little_Karm  deathPlace  Larrella [/TRIPLE],4,3,1,4,training,Little_Karm training Phricon,1085,birthDate deathPlace deathDate birthPlace,ordering
fictional,results/ordering/fictional_ordering.json,1095,[TRIPLE] Wanaonta_Ismon  birthPlace  Grueneisen [/TRIPLE] [TRIPLE] Wanaonta_Ismon  professionalField  Ethercrafter [/TRIPLE] [TRIPLE] Grueneisen  postalCode  Syfilon [/TRIPLE],3,2,1,3,professionalField,Wanaonta_Ismon professionalField Ethercrafter,1095,birthPlace postalCode profession,ordering
fictional,results/ordering/fictional_ordering.json,1106,[TRIPLE] Comad_Wimble  professionalField  Maldon's_Alignment_of_Rabbit_Holes [/TRIPLE] [TRIPLE] Comad_Wimble  knownFor  Karroialog [/TRIPLE] [TRIPLE] Comad_Wimble  knownFor  Vasudeva's_Law [/TRIPLE],3,2,1,3,professionalField,Comad_Wimble professionalField Maldon's_Alignment_of_Rabbit_Holes,1106,professionField knownFor knownFor,ordering
fictional,results/ordering/fictional_ordering.json,1109,[TRIPLE] Socal_Amell  mission  Shenzhou_Eternal [/TRIPLE] [TRIPLE] Socal_Amell  mission  Aegis_Falcon [/TRIPLE] [TRIPLE] Socal_Amell  nationality  Talmeville [/TRIPLE],3,2,1,2,mission,Socal_Amell mission Aegis_Falcon,1109,nationality mission,ordering
fictional,results/ordering/fictional_ordering.json,1110,[TRIPLE] Plivlson  artist  Stone_Rippers [/TRIPLE] [TRIPLE] Plivlson  producer  Stone_Rippers [/TRIPLE] [TRIPLE] Plivlson  runtime  745.26 [/TRIPLE] [TRIPLE] Plivlson  recordedIn  Gremeron [/TRIPLE] [TRIPLE] Plivlson  recordedIn  Tidarnof [/TRIPLE],5,1,4,4,producer | runtime | recordedIn | recordedIn,Plivlson producer Stone_Rippers || Plivlson runtime 745.26 || Plivlson recordedIn Gremeron || Plivlson recordedIn Tidarnof,1110,recordIn recordIn recordtime artist,ordering
fictional,results/ordering/fictional_ordering.json,1115,[TRIPLE] Cabulture  artist  Lasertronaut [/TRIPLE] [TRIPLE] Cabulture  genre  Cicadizmo [/TRIPLE] [TRIPLE] Cabulture  producer  Lasertronaut [/TRIPLE],3,1,2,3,artist | producer,Cabulture artist Lasertronaut || Cabulture producer Lasertronaut,1115,genre music creator,ordering
fictional,results/ordering/fictional_ordering.json,1116,[TRIPLE] Kevalon_Nemes  mission  Shenzhou_Primacore [/TRIPLE] [TRIPLE] Kevalon_Nemes  mission  Aegis_Falcon [/TRIPLE] [TRIPLE] Kevalon_Nemes  nationality  Galmuth [/TRIPLE] [TRIPLE] Kevalon_Nemes  birthDate  September_21_1787 [/TRIPLE],4,3,1,4,mission,Kevalon_Nemes mission Aegis_Falcon,1116,nationality birthDate birthPlace mission,ordering
fictional,results/ordering/fictional_ordering.json,1124,[TRIPLE] Denzvedd  starring  Coltion_Gowvan [/TRIPLE] [TRIPLE] Denzvedd  cinematography  Ethar_Gilme [/TRIPLE] [TRIPLE] Denzvedd  runtime  3241.77 [/TRIPLE] [TRIPLE] Denzvedd  gross  3410.14 [/TRIPLE] [TRIPLE] Denzvedd  musicComposer  Gateyon_Rious [/TRIPLE],5,4,1,4,cinematography,Denzvedd cinematography Ethar_Gilme,1124,starring musicComposer runtime gross,ordering
fictional,results/ordering/fictional_ordering.json,1130,[TRIPLE] Zacpundo  starring  Filounton_Bonen [/TRIPLE] [TRIPLE] Zacpundo  writer  Anzil_Davryn [/TRIPLE] [TRIPLE] Zacpundo  editing  Eustathios_Stathen [/TRIPLE],3,1,2,3,writer | editing,Zacpundo writer Anzil_Davryn || Zacpundo editing Eustathios_Stathen,1130,starring editor starring,ordering
fictional,results/ordering/fictional_ordering.json,1133,[TRIPLE] Krant_Nemol  birthDate  September_21_1921 [/TRIPLE] [TRIPLE] Krant_Nemol  residence  Zutwren [/TRIPLE] [TRIPLE] Krant_Nemol  citizenship  Drilori [/TRIPLE] [TRIPLE] Krant_Nemol  nationality  Flabonians [/TRIPLE],4,3,1,3,citizenship,Krant_Nemol citizenship Drilori,1133,birthDate nationality residence,ordering
fictional,results/ordering/fictional_ordering.json,1136,[TRIPLE] Reflection_of_War  writer  Jaro_Tynos [/TRIPLE] [TRIPLE] Jaro_Tynos  birthDate  December_28_1968 [/TRIPLE],2,1,1,2,writer,Reflection_of_War writer Jaro_Tynos,1136,birthDate author,ordering
fictional,results/ordering/fictional_ordering.json,1145,[TRIPLE] Kaleea_Outland  operatingOrganisation  Braggon_Exports [/TRIPLE] [TRIPLE] Kaleea_Outland  runwayLength  5754.63 [/TRIPLE] [TRIPLE] Kaleea_Outland  cityServed  Powerfly_Speedway [/TRIPLE] [TRIPLE] Kaleea_Outland  location  Widgerstreet [/TRIPLE] [TRIPLE] Kaleea_Outland  icaoLocationIdentifier  Skipmar's_Landing [/TRIPLE] [TRIPLE] Kaleea_Outland  runwayName  Ghegger [/TRIPLE],6,5,1,6,icaoLocationIdentifier,Kaleea_Outland icaoLocationIdentifier Skipmar's_Landing,1145,location operatingOrganisation cityServed ICAOLocationIdentifier runwayName runwayLength,ordering
fictional,results/ordering/fictional_ordering.json,1146,[TRIPLE] Symphonie_University  city  Rivivip [/TRIPLE] [TRIPLE] Rivivip  postalCode  1018.15 [/TRIPLE] [TRIPLE] Symphonie_University  numberOfUndergraduateStudents  2399.94 [/TRIPLE] [TRIPLE] Symphonie_University  staff  1419.69 [/TRIPLE],4,3,1,4,staff,Symphonie_University staff 1419.69,1146,city numberOfUndergraduateStudents academicStaff postalCode,ordering
fictional,results/ordering/fictional_ordering.json,1147,[TRIPLE] Poseidonea  writer  Nynarrows [/TRIPLE],1,0,1,1,writer,Poseidonea writer Nynarrows,1147,author,ordering
fictional,results/ordering/fictional_ordering.json,1150,[TRIPLE] Eldervale_College  campus  Syonara_Heights [/TRIPLE] [TRIPLE] Eldervale_College  affiliation  Nova_Rock_Island_University [/TRIPLE] [TRIPLE] Eldervale_College  city  Makcoir_Blockchain_Technologies_Cluster [/TRIPLE] [TRIPLE] Eldervale_College  president  Oyestin [/TRIPLE],4,3,1,3,city,Eldervale_College city Makcoir_Blockchain_Technologies_Cluster,1150,campus president affiliation,ordering
fictional,results/ordering/fictional_ordering.json,1153,[TRIPLE] Phantom_of_Action  imdbId  1211.88 [/TRIPLE] [TRIPLE] Phantom_of_Action  starring  Payda_Ploce [/TRIPLE] [TRIPLE] Phantom_of_Action  writer  Payda_Ploce [/TRIPLE] [TRIPLE] Phantom_of_Action  producer  Yakori [/TRIPLE],4,2,2,3,writer | producer,Phantom_of_Action writer Payda_Ploce || Phantom_of_Action producer Yakori,1153,starring creator imdbId,ordering
fictional,results/ordering/fictional_ordering.json,1160,[TRIPLE] Arrya_Nihte  professionalField  Appelsociology [/TRIPLE] [TRIPLE] Arrya_Nihte  professionalField  Nutriconatography [/TRIPLE],2,0,2,2,professionalField | professionalField,Arrya_Nihte professionalField Appelsociology || Arrya_Nihte professionalField Nutriconatography,1160,professionField academicDiscipline,ordering
fictional,results/ordering/fictional_ordering.json,1161,[TRIPLE] Tenginst  starring  Marcil_Varcin [/TRIPLE] [TRIPLE] Tenginst  cinematography  Jara_Lumon [/TRIPLE] [TRIPLE] Tenginst  runtime  3182.12 [/TRIPLE] [TRIPLE] Tenginst  gross  468.15 [/TRIPLE] [TRIPLE] Tenginst  director  Tula_Nidello [/TRIPLE] [TRIPLE] Tenginst  musicComposer  Novou_Krosle [/TRIPLE],6,5,1,5,cinematography,Tenginst cinematography Jara_Lumon,1161,director starring musicComposer runtime gross,ordering
fictional,results/ordering/fictional_ordering.json,1172,[TRIPLE] Nipher_Ylize  training  Zembilant [/TRIPLE] [TRIPLE] Nipher_Ylize  deathDate  October_15_1439 [/TRIPLE] [TRIPLE] Nipher_Ylize  birthDate  December_1_1927 [/TRIPLE],3,2,1,2,training,Nipher_Ylize training Zembilant,1172,birthDate deathDate,ordering
fictional,results/ordering/fictional_ordering.json,1174,[TRIPLE] Euler_Toven  birthDate  February_6_1883 [/TRIPLE] [TRIPLE] Euler_Toven  citizenship  Tearim [/TRIPLE] [TRIPLE] Euler_Toven  birthPlace  Tearim [/TRIPLE] [TRIPLE] Euler_Toven  nationality  Lezoreans [/TRIPLE] [TRIPLE] Euler_Toven  residence  Tearim [/TRIPLE] [TRIPLE] Euler_Toven  award  Lykaan [/TRIPLE] [TRIPLE] Euler_Toven  residence  Gilasali [/TRIPLE],7,6,1,6,citizenship,Euler_Toven citizenship Tearim,1174,birthPlace birthDate nationality residence residence award,ordering
fictional,results/ordering/fictional_ordering.json,1185,[TRIPLE] Undinee  musicalBand  Hisdrool [/TRIPLE] [TRIPLE] Undinee  writer  Nipher_Ylize [/TRIPLE] [TRIPLE] Undinee  runtime  1147.87 [/TRIPLE] [TRIPLE] Undinee  genre  Jumprocker [/TRIPLE] [TRIPLE] Undinee  writer  FyreGlow [/TRIPLE] [TRIPLE] Undinee  followedBy  Starshine_Whenever [/TRIPLE] [TRIPLE] Undinee  producer  Anasyshe [/TRIPLE],7,4,3,6,musicalBand | writer | producer,Undinee musicalBand Hisdrool || Undinee writer FyreGlow || Undinee producer Anasyshe,1185,genre followedBy runtime writer Nipher_Ylize creator,ordering
fictional,results/ordering/fictional_ordering.json,1195,[TRIPLE] Payda_Ploce  deathDate  May_20_1837 [/TRIPLE] [TRIPLE] Payda_Ploce  professionalField  Cyberanthropology [/TRIPLE] [TRIPLE] Payda_Ploce  professionalField  Pantauderology [/TRIPLE],3,1,2,3,professionalField | professionalField,Payda_Ploce professionalField Cyberanthropology || Payda_Ploce professionalField Pantauderology,1195,deathDate professionField professionField,ordering
fictional,results/ordering/fictional_ordering.json,1200,[TRIPLE] Oakwood_Academy  campus  Wiwanse [/TRIPLE] [TRIPLE] Vititude  location  Gornassa [/TRIPLE] [TRIPLE] Oakwood_Academy  director  Zerbet [/TRIPLE] [TRIPLE] Liceris_Aerospace_Cluster  founder  Kleio_Awine [/TRIPLE] [TRIPLE] Oakwood_Academy  city  Liceris_Aerospace_Cluster [/TRIPLE] [TRIPLE] Oakwood_Academy  country  Sovensh [/TRIPLE] [TRIPLE] Oakwood_Academy  wasGivenTheTechnicalCampusStatusBy  Vititude [/TRIPLE],7,6,1,6,city,Oakwood_Academy city Liceris_Aerospace_Cluster,1200,location wasGivenTheTechnicalCampusStatusBy campus country director founder,ordering
fictional,results/ordering/fictional_ordering.json,1205,[TRIPLE] Greyno_Ash  birthPlace  Cedarforde_Revolutionaries [/TRIPLE] [TRIPLE] Greyno_Ash  professionalField  Biopyll [/TRIPLE] [TRIPLE] Greyno_Ash  birthPlace  Kanojis [/TRIPLE] [TRIPLE] Greyno_Ash  birthDate  March_13_1901 [/TRIPLE] [TRIPLE] Greyno_Ash  deathDate  September_20_1985 [/TRIPLE],5,3,2,3,professionalField | birthPlace,Greyno_Ash professionalField Biopyll || Greyno_Ash birthPlace Kanojis,1205,birthPlace birthDate deathDate,ordering
fictional,results/ordering/fictional_ordering.json,1213,[TRIPLE] Corad_Creson  foundingDate  September_6_1955 [/TRIPLE] [TRIPLE] Corad_Creson  industry  Juncuny [/TRIPLE] [TRIPLE] Corad_Creson  location  Rhobazz_Blade [/TRIPLE] [TRIPLE] Rhobazz_Blade  isPartOf  Tayfax [/TRIPLE],4,3,1,3,industry,Corad_Creson industry Juncuny,1213,location isPartOf foundingDate,ordering
fictional,results/ordering/fictional_ordering.json,1222,"[TRIPLE] Jaro_Tynos  professionalField  None's_Principal_of_Randomization [/TRIPLE] [TRIPLE] Jaro_Tynos  doctoralAdvisor  ""Particulate_Provenance_and_the_Human_Metabolism"" [/TRIPLE] [TRIPLE] Jaro_Tynos  birthPlace  Palacor [/TRIPLE] [TRIPLE] Jaro_Tynos  almaMater  Cosai_Institute [/TRIPLE]",4,3,1,4,professionalField,Jaro_Tynos professionalField None's_Principal_of_Randomization,1222,birthPlace almaMater doctoralAdvisor profession,ordering
fictional,results/ordering/fictional_ordering.json,1224,[TRIPLE] Enemies_in_Paradise  writer  Aidah_Lerel [/TRIPLE] [TRIPLE] Enemies_in_Paradise  runtime  4839.29 [/TRIPLE],2,1,1,2,writer,Enemies_in_Paradise writer Aidah_Lerel,1224,author runtime,ordering
fictional,results/ordering/fictional_ordering.json,1230,[TRIPLE] Zannes_Sorem  deathPlace  Duncuron [/TRIPLE] [TRIPLE] Zannes_Sorem  birthDate  August_24_2003 [/TRIPLE] [TRIPLE] Zannes_Sorem  knownFor  Mercansch's_Observations [/TRIPLE] [TRIPLE] Zannes_Sorem  birthName  Anzil_Davryn [/TRIPLE] [TRIPLE] Zannes_Sorem  almaMater  Truetone_Oracles [/TRIPLE] [TRIPLE] Zannes_Sorem  deathDate  November_22_1845 [/TRIPLE],6,5,1,5,knownFor,Zannes_Sorem knownFor Mercansch's_Observations,1230,birthName birthDate almaMater deathPlace deathDate,ordering
fictional,results/ordering/fictional_ordering.json,1241,[TRIPLE] Zoogren_Stav  citizenship  Jyndola [/TRIPLE] [TRIPLE] Zoogren_Stav  birthDate  August_19_2008 [/TRIPLE] [TRIPLE] Zoogren_Stav  professionalField  Qufusmetization [/TRIPLE],3,1,2,3,citizenship | professionalField,Zoogren_Stav citizenship Jyndola || Zoogren_Stav professionalField Qufusmetization,1241,birthDate nationality professionField,ordering
fictional,results/ordering/fictional_ordering.json,1244,[TRIPLE] Undinee  releaseDate  March_9_1982 [/TRIPLE] [TRIPLE] Undinee  precededBy  Mestul [/TRIPLE] [TRIPLE] Undinee  writer  Leonan_Kwarr [/TRIPLE] [TRIPLE] Undinee  runtime  4132.29 [/TRIPLE] [TRIPLE] Undinee  writer  Piojiks [/TRIPLE] [TRIPLE] Undinee  followedBy  AdonisMotion [/TRIPLE],6,4,2,5,writer | writer,Undinee writer Leonan_Kwarr || Undinee writer Piojiks,1244,precededBy author followedBy releaseDate runtime,ordering
fictional,results/ordering/fictional_ordering.json,1250,[TRIPLE] Fate_of_the_Fallen  runtime  3904.44 [/TRIPLE] [TRIPLE] Fate_of_the_Fallen  musicComposer  Liath_Torec [/TRIPLE] [TRIPLE] Fate_of_the_Fallen  releaseDate  July_8_4125 [/TRIPLE] [TRIPLE] Fate_of_the_Fallen  director  Ethar_Gilme [/TRIPLE] [TRIPLE] Fate_of_the_Fallen  editing  Gule_Yarcon [/TRIPLE],5,4,1,5,editing,Fate_of_the_Fallen editing Gule_Yarcon,1250,director editor musicComposer runtime releaseDate,ordering
fictional,results/ordering/fictional_ordering.json,1256,[TRIPLE] Sliman_Sing  birthPlace  Koshibor [/TRIPLE] [TRIPLE] Sliman_Sing  training  Qovat [/TRIPLE] [TRIPLE] Sliman_Sing  deathPlace  Marrion [/TRIPLE],3,2,1,2,training,Sliman_Sing training Qovat,1256,birthPlace deathPlace,ordering
fictional,results/ordering/fictional_ordering.json,1260,[TRIPLE] Eskeer_Installations  location  Ovmney [/TRIPLE] [TRIPLE] Eskeer_Installations  product  Osonalix [/TRIPLE] [TRIPLE] Eskeer_Installations  industry  Syndosure [/TRIPLE] [TRIPLE] Eskeer_Installations  keyPerson  Granddirector [/TRIPLE] [TRIPLE] Eskeer_Installations  type  Kuvak [/TRIPLE],5,3,2,4,industry | type,Eskeer_Installations industry Syndosure || Eskeer_Installations type Kuvak,1260,location keyPerson product manufacturer,ordering
fictional,results/ordering/fictional_ordering.json,1268,[TRIPLE] Comad_Wimble  birthPlace  Bergweiler [/TRIPLE] [TRIPLE] Comad_Wimble  birthDate  February_12_1901 [/TRIPLE] [TRIPLE] Comad_Wimble  deathDate  November_24_1903 [/TRIPLE] [TRIPLE] Comad_Wimble  deathPlace  Olzonas [/TRIPLE] [TRIPLE] Comad_Wimble  nationality  Olzonas [/TRIPLE] [TRIPLE] Comad_Wimble  birthPlace  Tujir [/TRIPLE],6,5,1,5,birthPlace,Comad_Wimble birthPlace Tujir,1268,birthPlace birthDate deathPlace nationality deathDate,ordering
fictional,results/ordering/fictional_ordering.json,1276,[TRIPLE] Jakarso_Sminex  influencedBy  Kole_Maasing [/TRIPLE] [TRIPLE] Jakarso_Sminex  citizenship  Nynoel [/TRIPLE] [TRIPLE] Jakarso_Sminex  birthDate  May_19_2014 [/TRIPLE] [TRIPLE] Jakarso_Sminex  professionalField  Regmezitizing [/TRIPLE],4,2,2,4,citizenship | professionalField,Jakarso_Sminex citizenship Nynoel || Jakarso_Sminex professionalField Regmezitizing,1276,birthDate nationality influencedBy professionField,ordering
fictional,results/ordering/fictional_ordering.json,1277,[TRIPLE] Hydrilla  writer  Jorja_Zerne [/TRIPLE],1,0,1,1,writer,Hydrilla writer Jorja_Zerne,1277,author,ordering
fictional,results/ordering/fictional_ordering.json,1285,[TRIPLE] The_Secret_Crucible  director  Erjano_Metcan [/TRIPLE] [TRIPLE] The_Secret_Crucible  director  Brevin_Jakule [/TRIPLE] [TRIPLE] The_Secret_Crucible  starring  Brevin_Jakule [/TRIPLE],3,2,1,2,director,The_Secret_Crucible director Brevin_Jakule,1285,director starring,ordering
fictional,results/ordering/fictional_ordering.json,1287,[TRIPLE] Smellson_Supplies  foundingDate  May_28th_1871 [/TRIPLE] [TRIPLE] Smellson_Supplies  product  Vertexon [/TRIPLE] [TRIPLE] Smellson_Supplies  industry  Quasipsychoanalyticogy [/TRIPLE] [TRIPLE] Smellson_Supplies  keyPerson  Candiba_Sadol [/TRIPLE] [TRIPLE] Smellson_Supplies  location  Starlight_Hall [/TRIPLE] [TRIPLE] Smellson_Supplies  location  Tyndoria [/TRIPLE] [TRIPLE] Smellson_Supplies  industry  Krimpleting [/TRIPLE],7,5,2,5,industry | industry,Smellson_Supplies industry Quasipsychoanalyticogy || Smellson_Supplies industry Krimpleting,1287,location location foundingDate keyPerson product,ordering
fictional,results/ordering/fictional_ordering.json,1292,[TRIPLE] Boulevards_College  campus  Ceneza [/TRIPLE] [TRIPLE] Davivo  location  Luskanna [/TRIPLE] [TRIPLE] Boulevards_College  affiliation  Olivelle_Computer_Science_Institute [/TRIPLE] [TRIPLE] Olivelle_Computer_Science_Institute  city  Ehlanth [/TRIPLE] [TRIPLE] Boulevards_College  wasGivenTheTechnicalCampusStatusBy  Davivo [/TRIPLE],5,4,1,4,location,Davivo location Luskanna,1292,campus wasGivenTheTechnicalCampusStatusBy affiliation city,ordering
fictional,results/ordering/fictional_ordering.json,1293,[TRIPLE] Arrya_Nihte  birthDate  October_27_1965 [/TRIPLE] [TRIPLE] Arrya_Nihte  professionalField  Polydiframatory [/TRIPLE] [TRIPLE] Arrya_Nihte  professionalField  Neocosmology [/TRIPLE],3,1,2,3,professionalField | professionalField,Arrya_Nihte professionalField Polydiframatory || Arrya_Nihte professionalField Neocosmology,1293,birthDate professionField professionField,ordering
fictional,results/ordering/fictional_ordering.json,1296,[TRIPLE] Selberk  type  Groree [/TRIPLE] [TRIPLE] Selberk  governmentType  Social_Democracy_of_Latra [/TRIPLE] [TRIPLE] Selberk  utcOffset  Vorshyn [/TRIPLE] [TRIPLE] Selberk  leaderTitle  Payda_Ploce [/TRIPLE] [TRIPLE] Selberk  isPartOf  Vasolid [/TRIPLE],5,4,1,4,type,Selberk type Groree,1296,isPartOf utcOffset leaderTitle governmentType,ordering
fictional,results/ordering/fictional_ordering.json,1305,[TRIPLE] Pyrevian  architect  Brineon_Darka [/TRIPLE] [TRIPLE] Pyrevian  address  Palmersfield_Place [/TRIPLE] [TRIPLE] Pyrevian  buildingStartDate  February_4_1974 [/TRIPLE] [TRIPLE] Pyrevian  currentTenants  Vilkena_Business_School [/TRIPLE] [TRIPLE] Pyrevian  location  Tercrum [/TRIPLE] [TRIPLE] Pyrevian  tenant  Vilkena_Business_School [/TRIPLE] [TRIPLE] Pyrevian  owner  Grandoris_University [/TRIPLE],7,6,1,6,tenant,Pyrevian tenant Vilkena_Business_School,1305,owner buildingStartDate address location currentTenants architect,ordering
fictional,results/ordering/fictional_ordering.json,1312,[TRIPLE] Omikii_Tech  industry  Cryptomnemonology [/TRIPLE] [TRIPLE] Omikii_Tech  keyPerson  Farmer_Mesten [/TRIPLE] [TRIPLE] Omikii_Tech  industry  Bripfling [/TRIPLE] [TRIPLE] Omikii_Tech  type  Slamcon_Industries [/TRIPLE],4,3,1,3,industry,Omikii_Tech industry Bripfling,1312,keyPerson type industry,ordering
fictional,results/ordering/fictional_ordering.json,1316,[TRIPLE] Thitterra_Digital_Solutions  industry  Glurnscrambling [/TRIPLE],1,0,1,1,industry,Thitterra_Digital_Solutions industry Glurnscrambling,1316,product,ordering
fictional,results/ordering/fictional_ordering.json,1325,[TRIPLE] Portal_of_Power  runtime  4884.25 [/TRIPLE] [TRIPLE] Portal_of_Power  editing  Salvitu_Velau [/TRIPLE] [TRIPLE] Portal_of_Power  producer  Isca_Anxin [/TRIPLE] [TRIPLE] Portal_of_Power  writer  Isca_Anxin [/TRIPLE] [TRIPLE] Portal_of_Power  cinematography  Anzil_Davryn [/TRIPLE],5,1,4,4,runtime | editing | producer | writer,Portal_of_Power runtime 4884.25 || Portal_of_Power editing Salvitu_Velau || Portal_of_Power producer Isca_Anxin || Portal_of_Power writer Isca_Anxin,1325,editor production time cinematography,ordering
fictional,results/ordering/fictional_ordering.json,1326,[TRIPLE] Royal_Flix  producer  Ayre_Zhirina [/TRIPLE],1,0,1,1,producer,Royal_Flix producer Ayre_Zhirina,1326,creator,ordering
fictional,results/ordering/fictional_ordering.json,1328,[TRIPLE] Musighost  producer  Fretheon_Rykne [/TRIPLE] [TRIPLE] Musighost  genre  Symbolic_Drops [/TRIPLE] [TRIPLE] Musighost  artist  Fretheon_Rykne [/TRIPLE],3,1,2,2,producer | artist,Musighost producer Fretheon_Rykne || Musighost artist Fretheon_Rykne,1328,genre creator,ordering
fictional,results/ordering/fictional_ordering.json,1332,[TRIPLE] Kinulpt  type  Yoiuth [/TRIPLE] [TRIPLE] Kinulpt  populationDensity  714.56 [/TRIPLE] [TRIPLE] Kinulpt  governmentType  Bio-Synthetic_Oligarchy [/TRIPLE],3,2,1,2,type,Kinulpt type Yoiuth,1332,governmentType populationDensity,ordering
fictional,results/ordering/fictional_ordering.json,1334,[TRIPLE] Simzitronix  producer  Gateyon_Rious [/TRIPLE] [TRIPLE] Simzitronix  runtime  2486.59 [/TRIPLE] [TRIPLE] Simzitronix  artist  Gateyon_Rious [/TRIPLE] [TRIPLE] Simzitronix  precededBy  Protudo [/TRIPLE],4,1,3,3,producer | runtime | artist,Simzitronix producer Gateyon_Rious || Simzitronix runtime 2486.59 || Simzitronix artist Gateyon_Rious,1334,precededBy record time,ordering
fictional,results/ordering/fictional_ordering.json,1335,[TRIPLE] Saving_the_Eagles  producer  Wanaonta_Ismon [/TRIPLE] [TRIPLE] Saving_the_Eagles  writer  Wanaonta_Ismon [/TRIPLE] [TRIPLE] Saving_the_Eagles  cinematography  Shanteer_Trilan [/TRIPLE],3,1,2,3,producer | writer,Saving_the_Eagles producer Wanaonta_Ismon || Saving_the_Eagles writer Wanaonta_Ismon,1335,director cinematography creator,ordering
fictional,results/ordering/fictional_ordering.json,1339,[TRIPLE] Brevin_Jakule  deathPlace  Cryzol [/TRIPLE] [TRIPLE] Brevin_Jakule  deathPlace  Admenth [/TRIPLE] [TRIPLE] Cryzol  populationDensity  900.43 [/TRIPLE] [TRIPLE] Cryzol  longName  Tralene [/TRIPLE] [TRIPLE] Brevin_Jakule  nationality  Cryzol [/TRIPLE],5,4,1,4,longName,Cryzol longName Tralene,1339,nationality deathPlace deathPlace populationDensity,ordering
fictional,results/ordering/fictional_ordering.json,1349,"[TRIPLE] Socal_Amell  professionalField  Charverk's_Irrefutable_Law_ofDualism [/TRIPLE] [TRIPLE] Socal_Amell  knownFor  Zemosik [/TRIPLE] [TRIPLE] Socal_Amell  knownFor  Philoral_Theorem [/TRIPLE] [TRIPLE] Socal_Amell  doctoralAdvisor  ""A_Quantitative_Critical_Study_of_Big_Data_and_Bias"" [/TRIPLE] [TRIPLE] Socal_Amell  birthPlace  fatsen [/TRIPLE]",5,3,2,5,professionalField | knownFor,Socal_Amell professionalField Charverk's_Irrefutable_Law_ofDualism || Socal_Amell knownFor Philoral_Theorem,1349,birthPlace doctoralAdvisor academicDiscipline knownFor academicField,ordering
fictional,results/ordering/fictional_ordering.json,1352,[TRIPLE] Parem_Ripin  birthDate  October_19_1949 [/TRIPLE] [TRIPLE] Parem_Ripin  residence  Nerdsin [/TRIPLE] [TRIPLE] Parem_Ripin  citizenship  Naleria [/TRIPLE] [TRIPLE] Parem_Ripin  birthPlace  Naleria [/TRIPLE],4,3,1,3,citizenship,Parem_Ripin citizenship Naleria,1352,birthPlace birthDate residence,ordering
fictional,results/ordering/fictional_ordering.json,1359,[TRIPLE] Wrath_of_the_Wolves  distributor  Flickrunners [/TRIPLE] [TRIPLE] Artizens_Industries  service  Nolopin [/TRIPLE] [TRIPLE] Wrath_of_the_Wolves  distributor  Artizens_Industries [/TRIPLE] [TRIPLE] Artizens_Industries  service  Plasmacaster [/TRIPLE],4,3,1,3,service,Artizens_Industries service Plasmacaster,1359,distributor distributor service,ordering
fictional,results/ordering/fictional_ordering.json,1361,[TRIPLE] Fironia_Towx  birthDate  July_20_1979 [/TRIPLE] [TRIPLE] Fironia_Towx  professionalField  Bichetization [/TRIPLE] [TRIPLE] Fironia_Towx  knownFor  Perforder_Alignment [/TRIPLE] [TRIPLE] Fironia_Towx  almaMater  Laugmoer_University [/TRIPLE],4,3,1,4,professionalField,Fironia_Towx professionalField Bichetization,1361,birthDate almaMater professionField knownFor,ordering
fictional,results/ordering/fictional_ordering.json,1364,[TRIPLE] The_Righteous_Path  runtime  288.12 [/TRIPLE] [TRIPLE] The_Righteous_Path  musicComposer  Isca_Anxin [/TRIPLE] [TRIPLE] The_Righteous_Path  releaseDate  June_24_1949 [/TRIPLE] [TRIPLE] The_Righteous_Path  director  Aloro_Zon [/TRIPLE] [TRIPLE] The_Righteous_Path  editing  Anix_Tisge [/TRIPLE] [TRIPLE] The_Righteous_Path  producer  Royne_Balre [/TRIPLE] [TRIPLE] The_Righteous_Path  writer  Royne_Balre [/TRIPLE],7,3,4,7,runtime | editing | producer | writer,The_Righteous_Path runtime 288.12 || The_Righteous_Path editing Anix_Tisge || The_Righteous_Path producer Royne_Balre || The_Righteous_Path writer Royne_Balre,1364,musicComposer film releaseDate length director editor publisher,ordering
fictional,results/ordering/fictional_ordering.json,1372,[TRIPLE] Mallen_Reyvas  foundingDate  April_16_2016 [/TRIPLE] [TRIPLE] Mallen_Reyvas  location  Ianson [/TRIPLE] [TRIPLE] Mallen_Reyvas  foundationPlace  Slinkjump [/TRIPLE] [TRIPLE] Mallen_Reyvas  industry  Quiblon [/TRIPLE],4,3,1,3,industry,Mallen_Reyvas industry Quiblon,1372,location foundationPlace foundingDate,ordering
fictional,results/ordering/fictional_ordering.json,1377,[TRIPLE] Final_Cut_Frenzy  runtime  553.15 [/TRIPLE] [TRIPLE] Final_Cut_Frenzy  musicComposer  Brevin_Jakule [/TRIPLE] [TRIPLE] Final_Cut_Frenzy  releaseDate  December_29_1926 [/TRIPLE] [TRIPLE] Final_Cut_Frenzy  director  Nipher_Ylize [/TRIPLE] [TRIPLE] Final_Cut_Frenzy  editing  Nipher_Ylize [/TRIPLE] [TRIPLE] Final_Cut_Frenzy  producer  Kevalon_Nemes [/TRIPLE],6,4,2,5,editing | producer,Final_Cut_Frenzy editing Nipher_Ylize || Final_Cut_Frenzy producer Kevalon_Nemes,1377,musicComposer releaseDate runtime director editor,ordering
fictional,results/ordering/fictional_ordering.json,1378,[TRIPLE] Dawn_of_the_Unknown  musicComposer  Cantan_Joron [/TRIPLE] [TRIPLE] Dawn_of_the_Unknown  editing  Novou_Krosle [/TRIPLE] [TRIPLE] Dawn_of_the_Unknown  producer  Mallen_Reyvas [/TRIPLE] [TRIPLE] Dawn_of_the_Unknown  writer  Mallen_Reyvas [/TRIPLE] [TRIPLE] Dawn_of_the_Unknown  cinematography  Arrya_Nihte [/TRIPLE],5,2,3,5,editing | producer | writer,Dawn_of_the_Unknown editing Novou_Krosle || Dawn_of_the_Unknown producer Mallen_Reyvas || Dawn_of_the_Unknown writer Mallen_Reyvas,1378,musicComposer film director editor cinematography,ordering
fictional,results/ordering/fictional_ordering.json,1382,[TRIPLE] Bon-Mariage_University  numberOfUndergraduateStudents  2989.47 [/TRIPLE] [TRIPLE] Bon-Mariage_University  staff  2262.17 [/TRIPLE] [TRIPLE] Bon-Mariage_University  numberOfStudents  3102.67 [/TRIPLE] [TRIPLE] Bon-Mariage_University  numberOfDoctoralStudents  3734 [/TRIPLE] [TRIPLE] Bon-Mariage_University  numberOfPostgraduateStudents  4132.78 [/TRIPLE],5,4,1,4,staff,Bon-Mariage_University staff 2262.17,1382,numberOfPostgraduateStudents numberOfUndergraduateStudents numberOfStudents numberOfDoctoralStudents,ordering
fictional,results/ordering/fictional_ordering.json,1387,[TRIPLE] Jorja_Zerne  deathPlace  Vergenetsk [/TRIPLE] [TRIPLE] Jorja_Zerne  birthDate  February_7_2635 [/TRIPLE] [TRIPLE] Jorja_Zerne  knownFor  Antior's_Equation [/TRIPLE],3,2,1,2,knownFor,Jorja_Zerne knownFor Antior's_Equation,1387,birthDate deathPlace,ordering
fictional,results/ordering/fictional_ordering.json,1388,[TRIPLE] Hadrion  meaning  Nornsar [/TRIPLE],1,0,1,1,meaning,Hadrion meaning Nornsar,1388,mean,ordering
fictional,results/ordering/fictional_ordering.json,1399,[TRIPLE] Olivestone_College  campus  Krushka [/TRIPLE] [TRIPLE] Stoplay  location  Ilternan [/TRIPLE] [TRIPLE] Olivestone_College  director  Nyamir [/TRIPLE] [TRIPLE] Liceris_Aerospace_Cluster  founder  Nash_Zuenir [/TRIPLE] [TRIPLE] Olivestone_College  city  Liceris_Aerospace_Cluster [/TRIPLE] [TRIPLE] Olivestone_College  wasGivenTheTechnicalCampusStatusBy  Stoplay [/TRIPLE] [TRIPLE] Olivestone_College  state  Negarton [/TRIPLE],7,5,2,5,location | city,Stoplay location Ilternan || Olivestone_College city Liceris_Aerospace_Cluster,1399,campus state wasGivenTheTechnicalCampusStatusBy director founder,ordering
fictional,results/ordering/fictional_ordering.json,1400,[TRIPLE] Nipher_Ylize  birthDate  February_17_1968 [/TRIPLE] [TRIPLE] Nipher_Ylize  nationality  Erysta [/TRIPLE] [TRIPLE] Nipher_Ylize  servedAsChiefOfTheAstronautOfficeIn  2962 [/TRIPLE] [TRIPLE] Nipher_Ylize  deathPlace  Baltorin [/TRIPLE] [TRIPLE] Nipher_Ylize  birthPlace  Torinla [/TRIPLE] [TRIPLE] Nipher_Ylize  almaMater  Paraax_College_of_Logistics [/TRIPLE] [TRIPLE] Nipher_Ylize  status  Lumination [/TRIPLE],7,6,1,6,status,Nipher_Ylize status Lumination,1400,birthPlace birthDate almaMater nationality servedAsChiefOfTheAstronautOfficeIn deathPlace,ordering
fictional,results/ordering/fictional_ordering.json,1401,[TRIPLE] Tranwinz  artist  Azure_Element [/TRIPLE] [TRIPLE] Tranwinz  producer  Azure_Element [/TRIPLE] [TRIPLE] Tranwinz  runtime  3424.60 [/TRIPLE] [TRIPLE] Tranwinz  genre  Jitterlytic [/TRIPLE] [TRIPLE] Tranwinz  precededBy  Luniferation [/TRIPLE] [TRIPLE] Tranwinz  recordLabel  Timeless_Serenades [/TRIPLE] [TRIPLE] Tranwinz  recordLabel  Beat_Emporium [/TRIPLE],7,4,3,5,artist | producer | runtime,Tranwinz artist Azure_Element || Tranwinz producer Azure_Element || Tranwinz runtime 3424.60,1401,genre precededBy recordLabel recordLabel timeout,ordering
fictional,results/ordering/fictional_ordering.json,1406,"[TRIPLE] Sunset_of_Innocence  followedBy  ""Hex_of_the_Mountain_Witch"" [/TRIPLE] [TRIPLE] Sunset_of_Innocence  author  Zozo_Isandria [/TRIPLE] [TRIPLE] Sunset_of_Innocence  releaseDate  August_15_1910 [/TRIPLE]",3,2,1,2,releaseDate,Sunset_of_Innocence releaseDate August_15_1910,1406,author followedBy,ordering
fictional,results/ordering/fictional_ordering.json,1426,[TRIPLE] Secret_of_the_Long_Sleep  editing  Rupam [/TRIPLE] [TRIPLE] Secret_of_the_Long_Sleep  budget  3102.67 [/TRIPLE] [TRIPLE] Secret_of_the_Long_Sleep  writer  Ranor_Ondale [/TRIPLE] [TRIPLE] Secret_of_the_Long_Sleep  director  Ranor_Ondale [/TRIPLE] [TRIPLE] Secret_of_the_Long_Sleep  runtime  2149.12 [/TRIPLE] [TRIPLE] Secret_of_the_Long_Sleep  gross  1474.09 [/TRIPLE],6,2,4,6,editing | budget | writer | gross,Secret_of_the_Long_Sleep editing Rupam || Secret_of_the_Long_Sleep budget 3102.67 || Secret_of_the_Long_Sleep writer Ranor_Ondale || Secret_of_the_Long_Sleep gross 1474.09,1426,director editor cost production time runtime,ordering
fictional,results/ordering/fictional_ordering.json,1429,[TRIPLE] Greyno_Ash  birthDate  March_26_2002 [/TRIPLE] [TRIPLE] Greyno_Ash  nationality  Veestun [/TRIPLE] [TRIPLE] Greyno_Ash  servedAsChiefOfTheAstronautOfficeIn  2537 [/TRIPLE] [TRIPLE] Greyno_Ash  deathPlace  Snovayne [/TRIPLE] [TRIPLE] Greyno_Ash  selectedByNasa  4721 [/TRIPLE] [TRIPLE] Greyno_Ash  birthPlace  Tronlea [/TRIPLE] [TRIPLE] Greyno_Ash  award  Valiant_Sacrifice_Award [/TRIPLE],7,5,2,5,selectedByNasa | award,Greyno_Ash selectedByNasa 4721 || Greyno_Ash award Valiant_Sacrifice_Award,1429,birthDate birthPlace nationality servedAsChiefOfTheAstronautOfficeIn deathPlace,ordering
fictional,results/ordering/fictional_ordering.json,1430,[TRIPLE] Undinee  followedBy  Nine_Lives_Motion_Pictures [/TRIPLE] [TRIPLE] Nine_Lives_Motion_Pictures  producer  Royne_Balre [/TRIPLE] [TRIPLE] Undinee  producer  Anasyshe [/TRIPLE],3,2,1,2,producer,Undinee producer Anasyshe,1430,followedBy producer,ordering
fictional,results/ordering/fictional_ordering.json,1432,[TRIPLE] Donblair  recordLabel  Sonic_Queen [/TRIPLE] [TRIPLE] Sonic_Queen  parentCompany  Asterisms_News_Channel [/TRIPLE] [TRIPLE] Donblair  artist  Change_Nazis [/TRIPLE] [TRIPLE] Change_Nazis  formerBandMember  Ayre_Zhirina [/TRIPLE],4,3,1,3,artist,Donblair artist Change_Nazis,1432,formerBandMember recordLabel parentCompany,ordering
fictional,results/ordering/fictional_ordering.json,1434,[TRIPLE] Ouashti_Osarum  birthDate  September_3_1975 [/TRIPLE] [TRIPLE] Ouashti_Osarum  residence  Zutwren [/TRIPLE] [TRIPLE] Ouashti_Osarum  citizenship  Jolunia [/TRIPLE] [TRIPLE] Ouashti_Osarum  birthPlace  Jolunia [/TRIPLE] [TRIPLE] Ouashti_Osarum  nationality  Jedonites [/TRIPLE] [TRIPLE] Ouashti_Osarum  residence  Jolunia [/TRIPLE],6,4,2,4,citizenship | residence,Ouashti_Osarum citizenship Jolunia || Ouashti_Osarum residence Jolunia,1434,birthDate birthPlace nationality residence,ordering
fictional,results/ordering/fictional_ordering.json,1437,[TRIPLE] The_Prophecy_of_Fear  director  Ohleen_Ranon [/TRIPLE] [TRIPLE] The_Prophecy_of_Fear  director  Tula_Nidello [/TRIPLE] [TRIPLE] The_Prophecy_of_Fear  writer  Tula_Nidello [/TRIPLE] [TRIPLE] The_Prophecy_of_Fear  producer  Mofane [/TRIPLE] [TRIPLE] The_Prophecy_of_Fear  distributor  Jibey [/TRIPLE],5,3,2,5,writer | producer,The_Prophecy_of_Fear writer Tula_Nidello || The_Prophecy_of_Fear producer Mofane,1437,distributor distributor director director author,ordering
fictional,results/ordering/fictional_ordering.json,1443,[TRIPLE] Emeriquico  genre  Rattello [/TRIPLE] [TRIPLE] Emeriquico  producer  Intellage [/TRIPLE],2,1,1,2,producer,Emeriquico producer Intellage,1443,genre publisher,ordering
fictional,results/ordering/fictional_ordering.json,1447,[TRIPLE] Dominion_of_the_Snake  starring  Assova_Amevis [/TRIPLE] [TRIPLE] Dominion_of_the_Snake  writer  Tuxin_Fohean [/TRIPLE],2,1,1,2,writer,Dominion_of_the_Snake writer Tuxin_Fohean,1447,starring author,ordering
fictional,results/ordering/fictional_ordering.json,1450,[TRIPLE] Valemark_Institute  campus  Gavor [/TRIPLE] [TRIPLE] Actiles  location  Yuranet [/TRIPLE] [TRIPLE] Valemark_Institute  director  Krille [/TRIPLE] [TRIPLE] Valemark_Institute  city  Remist_Legal_Alliance_Cluster [/TRIPLE] [TRIPLE] Valemark_Institute  established  24320 [/TRIPLE] [TRIPLE] Valemark_Institute  wasGivenTheTechnicalCampusStatusBy  Actiles [/TRIPLE],6,5,1,5,location,Actiles location Yuranet,1450,city established campus wasGivenTheTechnicalCampusStatusBy director,ordering
fictional,results/ordering/fictional_ordering.json,1451,[TRIPLE] Vurbmelle  starring  Henes_Kimel [/TRIPLE] [TRIPLE] Vurbmelle  cinematography  Norka_Elore [/TRIPLE] [TRIPLE] Vurbmelle  runtime  1254.01 [/TRIPLE] [TRIPLE] Vurbmelle  gross  5934.12 [/TRIPLE] [TRIPLE] Vurbmelle  director  Soner_Onnawe [/TRIPLE] [TRIPLE] Vurbmelle  starring  Arabon_Sanle [/TRIPLE],6,5,1,6,cinematography,Vurbmelle cinematography Norka_Elore,1451,starring starring director costuming runtime gross,ordering
fictional,results/ordering/fictional_ordering.json,1454,"[TRIPLE] The_Straits_of_Nowhere  followedBy  ""The_Prayer_of_the_Wild_Cat"" [/TRIPLE] [TRIPLE] ""Blood_Tide_in_the_Isle_of_Sorrows""  literaryGenre  Whilut [/TRIPLE] [TRIPLE] ""Blood_Tide_in_the_Isle_of_Sorrows""  literaryGenre  Whilut [/TRIPLE] [TRIPLE] The_Straits_of_Nowhere  author  Koson_Marqo [/TRIPLE] [TRIPLE] The_Straits_of_Nowhere  precededBy  ""Blood_Tide_in_the_Isle_of_Sorrows"" [/TRIPLE]",5,4,1,4,literaryGenre,"""Blood_Tide_in_the_Isle_of_Sorrows"" literaryGenre Whilut",1454,author precededBy literaryGenre followedBy,ordering
fictional,results/ordering/fictional_ordering.json,1455,[TRIPLE] Dead_Air  producer  Aderon_Feenon [/TRIPLE] [TRIPLE] Dead_Air  runtime  4954.29 [/TRIPLE] [TRIPLE] Dead_Air  artist  Aderon_Feenon [/TRIPLE] [TRIPLE] Dead_Air  type  Jazzalicious_Disc [/TRIPLE] [TRIPLE] Dead_Air  precededBy  Womdrice [/TRIPLE] [TRIPLE] Dead_Air  followedBy  Flisdle [/TRIPLE],6,2,4,4,producer | runtime | artist | type,Dead_Air producer Aderon_Feenon || Dead_Air runtime 4954.29 || Dead_Air artist Aderon_Feenon || Dead_Air type Jazzalicious_Disc,1455,genre precededBy followedBy time,ordering
fictional,results/ordering/fictional_ordering.json,1465,[TRIPLE] Assova_Amevis  deathPlace  Paydenzia [/TRIPLE] [TRIPLE] Assova_Amevis  birthName  Coicus_Wilon [/TRIPLE] [TRIPLE] Assova_Amevis  almaMater  Karceon_Medical_School [/TRIPLE] [TRIPLE] Assova_Amevis  deathDate  June_25_1823 [/TRIPLE] [TRIPLE] Assova_Amevis  professionalField  Appelsociology [/TRIPLE],5,4,1,5,professionalField,Assova_Amevis professionalField Appelsociology,1465,birthName almaMater occupation deathPlace deathDate,ordering
fictional,results/ordering/fictional_ordering.json,1471,[TRIPLE] Price_of_Freedom  editing  Celt_Saffron [/TRIPLE] [TRIPLE] Price_of_Freedom  producer  Elignoth_Schade [/TRIPLE] [TRIPLE] Price_of_Freedom  cinematography  Comad_Wimble [/TRIPLE],3,1,2,3,editing | producer,Price_of_Freedom editing Celt_Saffron || Price_of_Freedom producer Elignoth_Schade,1471,production editor cinematography,ordering
fictional,results/ordering/fictional_ordering.json,1502,[TRIPLE] Aquaphine  musicalBand  Weddix [/TRIPLE] [TRIPLE] Aquaphine  recordLabel  Glistening_Brass [/TRIPLE] [TRIPLE] Aquaphine  runtime  3421.19 [/TRIPLE] [TRIPLE] Aquaphine  recordLabel  Radiance_Music [/TRIPLE],4,3,1,4,runtime,Aquaphine runtime 3421.19,1502,recordLabel recordLabel time musicalBand,ordering
fictional,results/ordering/fictional_ordering.json,1503,[TRIPLE] Le_Vieux-Marche_University  numberOfUndergraduateStudents  1764.47 [/TRIPLE] [TRIPLE] Le_Vieux-Marche_University  staff  1743.67 [/TRIPLE] [TRIPLE] Le_Vieux-Marche_University  numberOfStudents  5892.34 [/TRIPLE] [TRIPLE] Le_Vieux-Marche_University  numberOfDoctoralStudents  3567 [/TRIPLE] [TRIPLE] Le_Vieux-Marche_University  campus  Tessaunt [/TRIPLE] [TRIPLE] Le_Vieux-Marche_University  numberOfPostgraduateStudents  851.74 [/TRIPLE] [TRIPLE] Le_Vieux-Marche_University  country  Nezaril [/TRIPLE],7,5,2,5,staff | numberOfStudents,Le_Vieux-Marche_University staff 1743.67 || Le_Vieux-Marche_University numberOfStudents 5892.34,1503,campus country numberOfPostgraduateStudents numberOfUndergraduateStudents numberOfDoctoralStudents,ordering
fictional,results/ordering/fictional_ordering.json,1516,[TRIPLE] Candiba_Sadol  birthDate  May_13_1996 [/TRIPLE] [TRIPLE] Candiba_Sadol  nationality  Dyolila [/TRIPLE] [TRIPLE] Candiba_Sadol  training  Cavium [/TRIPLE],3,2,1,2,training,Candiba_Sadol training Cavium,1516,nationality birthDate,ordering
fictional,results/ordering/fictional_ordering.json,1519,"[TRIPLE] Farmer_Mesten  professionalField  Rengrid's_Postulate_of_Forethought [/TRIPLE] [TRIPLE] Farmer_Mesten  doctoralAdvisor  ""Genetic_Propagation_of_Stress_within_Intrafamily_Structures"" [/TRIPLE] [TRIPLE] Farmer_Mesten  birthDate  June_8_1799 [/TRIPLE]",3,2,1,3,professionalField,Farmer_Mesten professionalField Rengrid's_Postulate_of_Forethought,1519,birthDate doctoralAdvisor profession,ordering
fictional,results/ordering/fictional_ordering.json,1520,[TRIPLE] Blinker_lights  producer  Jeccig_Viidon [/TRIPLE] [TRIPLE] Blinker_lights  runtime  3054.56 [/TRIPLE] [TRIPLE] Blinker_lights  type  Relaxin_Sonic_Meditation [/TRIPLE],3,0,3,3,producer | runtime | type,Blinker_lights producer Jeccig_Viidon || Blinker_lights runtime 3054.56 || Blinker_lights type Relaxin_Sonic_Meditation,1520,genre production time,ordering
fictional,results/ordering/fictional_ordering.json,1524,[TRIPLE] Hethaine  currency  Grozka [/TRIPLE] [TRIPLE] Hethaine  demonym  Kalians [/TRIPLE] [TRIPLE] Banana_Bursts_of_Brilliance  course  Rizahip [/TRIPLE] [TRIPLE] Banana_Bursts_of_Brilliance  region  Tocotex [/TRIPLE] [TRIPLE] Hethaine  leader  Anix_Tisge [/TRIPLE] [TRIPLE] Banana_Bursts_of_Brilliance  ingredient  Terayence [/TRIPLE] [TRIPLE] Banana_Bursts_of_Brilliance  country  Hethaine [/TRIPLE],7,6,1,6,ingredient,Banana_Bursts_of_Brilliance ingredient Terayence,1524,course region country leader demonym currency,ordering
fictional,results/ordering/fictional_ordering.json,1526,[TRIPLE] Sarkenby_International  operatingOrganisation  Grineon_Consultancy [/TRIPLE] [TRIPLE] Sarkenby_International  icaoLocationIdentifier  Ascimar_Base [/TRIPLE] [TRIPLE] Sarkenby_International  elevationAboveTheSeaLevel  900.43 [/TRIPLE] [TRIPLE] Sarkenby_International  runwayName  Jijor [/TRIPLE] [TRIPLE] Sarkenby_International  runwaySurfaceType  Igrilumin [/TRIPLE],5,4,1,5,icaoLocationIdentifier,Sarkenby_International icaoLocationIdentifier Ascimar_Base,1526,operatingOrganisation elevationAboveTheSeaLevel ICAOLocationIdentifier runwayName runwaySurfaceType,ordering
fictional,results/ordering/fictional_ordering.json,1532,[TRIPLE] KinsMixin_Orsh  operatingIncome  4164.50 [/TRIPLE] [TRIPLE] KinsMixin_Orsh  industry  Skiviqer [/TRIPLE] [TRIPLE] KinsMixin_Orsh  revenue  1025.82 [/TRIPLE],3,2,1,2,industry,KinsMixin_Orsh industry Skiviqer,1532,operatingIncome revenue,ordering
fictional,results/ordering/fictional_ordering.json,1537,[TRIPLE] Drift_in_the_Dark  editing  Tevken [/TRIPLE] [TRIPLE] Drift_in_the_Dark  language  Jelorin [/TRIPLE] [TRIPLE] Drift_in_the_Dark  runtime  541.09 [/TRIPLE] [TRIPLE] Drift_in_the_Dark  distributor  Charmed_Productions [/TRIPLE] [TRIPLE] Drift_in_the_Dark  distributor  Straxplorer_Media_Corporation [/TRIPLE],5,4,1,5,editing,Drift_in_the_Dark editing Tevken,1537,distributor distributor language editor runtime,ordering
fictional,results/ordering/fictional_ordering.json,1540,[TRIPLE] Sessas_Neilo  mission  Shenzhou_Labyrinth [/TRIPLE] [TRIPLE] Sessas_Neilo  mission  Frost_Angel [/TRIPLE] [TRIPLE] Sessas_Neilo  birthDate  February_11_1788 [/TRIPLE] [TRIPLE] Sessas_Neilo  birthPlace  Dohuneai_County [/TRIPLE],4,3,1,3,mission,Sessas_Neilo mission Frost_Angel,1540,birthPlace birthDate mission,ordering
fictional,results/ordering/fictional_ordering.json,1542,[TRIPLE] Majeron_Vlare  influencedBy  Eustathios_Stathen [/TRIPLE] [TRIPLE] Majeron_Vlare  citizenship  Yomhanth [/TRIPLE] [TRIPLE] Majeron_Vlare  birthDate  April_5_2001 [/TRIPLE] [TRIPLE] Majeron_Vlare  professionalField  Qufusmetization [/TRIPLE] [TRIPLE] Majeron_Vlare  knownFor  Sagital_Focusing [/TRIPLE] [TRIPLE] Majeron_Vlare  almaMater  Kemberal_University [/TRIPLE],6,4,2,6,citizenship | professionalField,Majeron_Vlare citizenship Yomhanth || Majeron_Vlare professionalField Qufusmetization,1542,birthDate almaMater influencedBy profession knownFor birthDate,ordering
fictional,results/ordering/fictional_ordering.json,1544,"[TRIPLE] Phillida_Tesey  professionalField  Rengrid's_Postulate_of_Forethought [/TRIPLE] [TRIPLE] Phillida_Tesey  knownFor  Karroialog [/TRIPLE] [TRIPLE] Phillida_Tesey  knownFor  Galean_Theorem [/TRIPLE] [TRIPLE] Phillida_Tesey  doctoralAdvisor  ""An_Anthropological_Inquiry_Into_the_Origin_of_Religion"" [/TRIPLE] [TRIPLE] Phillida_Tesey  birthPlace  fatsen [/TRIPLE] [TRIPLE] Phillida_Tesey  birthDate  August_22_2008 [/TRIPLE]",6,3,3,6,professionalField | knownFor | knownFor,Phillida_Tesey professionalField Rengrid's_Postulate_of_Forethought || Phillida_Tesey knownFor Karroialog || Phillida_Tesey knownFor Galean_Theorem,1544,birthPlace birthDate doctoralAdvisor academicDiscipline notableFor academicField,ordering
fictional,results/ordering/fictional_ordering.json,1549,[TRIPLE] Quadroy_Airlane  location  Wyckhill [/TRIPLE] [TRIPLE] Quadroy_Airlane  icaoLocationIdentifier  Naveedout_Strip [/TRIPLE] [TRIPLE] Wyckhill  postalCode  Supaulgrit-T76 [/TRIPLE],3,2,1,3,icaoLocationIdentifier,Quadroy_Airlane icaoLocationIdentifier Naveedout_Strip,1549,postalCode location ICAOLocationIdentifier,ordering
fictional,results/ordering/fictional_ordering.json,1553,[TRIPLE] Winter_Palace  director  Coltion_Gowvan [/TRIPLE] [TRIPLE] Winter_Palace  producer  Coltion_Gowvan [/TRIPLE] [TRIPLE] Winter_Palace  broadcastedBy  Scribble_Pictures [/TRIPLE] [TRIPLE] Winter_Palace  editor  Wanaonta_Ismon [/TRIPLE],4,3,1,3,producer,Winter_Palace producer Coltion_Gowvan,1553,broadcastedBy editor director,ordering
fictional,results/ordering/fictional_ordering.json,1555,[TRIPLE] Vitelle  releaseDate  February_11_1921 [/TRIPLE] [TRIPLE] Vitelle  followedBy  Quitorry [/TRIPLE] [TRIPLE] Vitelle  genre  Nopyniate [/TRIPLE] [TRIPLE] Vitelle  producer  Getspryzed [/TRIPLE] [TRIPLE] Vitelle  artist  Getspryzed [/TRIPLE] [TRIPLE] Vitelle  recordLabel  Flowing_Acoustics [/TRIPLE],6,4,2,4,producer | artist,Vitelle producer Getspryzed || Vitelle artist Getspryzed,1555,genre followedBy recordLabel releaseDate,ordering
fictional,results/ordering/fictional_ordering.json,1558,[TRIPLE] Northern_Solstice  director  Shanteer_Trilan [/TRIPLE] [TRIPLE] Northern_Solstice  producer  Shanteer_Trilan [/TRIPLE] [TRIPLE] Northern_Solstice  broadcastedBy  Aurora_Films [/TRIPLE] [TRIPLE] Northern_Solstice  editor  Blither_Xesto [/TRIPLE] [TRIPLE] Northern_Solstice  runtime  3588.62 [/TRIPLE],5,3,2,5,producer | runtime,Northern_Solstice producer Shanteer_Trilan || Northern_Solstice runtime 3588.62,1558,broadcastedBy editor director production time,ordering
fictional,results/ordering/fictional_ordering.json,1559,[TRIPLE] Kleio_Awine  deathDate  October_12_2001 [/TRIPLE] [TRIPLE] Kleio_Awine  nationality  Vythrin [/TRIPLE] [TRIPLE] Kleio_Awine  training  Urbosa [/TRIPLE] [TRIPLE] Kleio_Awine  birthDate  June_30_1970 [/TRIPLE] [TRIPLE] Kleio_Awine  professionalField  Preceptor_Inventor [/TRIPLE],5,3,2,3,training | professionalField,Kleio_Awine training Urbosa || Kleio_Awine professionalField Preceptor_Inventor,1559,nationality birthDate deathDate,ordering
fictional,results/ordering/fictional_ordering.json,1562,[TRIPLE] Daron_Bidor  birthDate  December_25_1499 [/TRIPLE] [TRIPLE] Daron_Bidor  residence  Rurplin [/TRIPLE] [TRIPLE] Daron_Bidor  citizenship  Avilarn [/TRIPLE] [TRIPLE] Daron_Bidor  birthPlace  Avilarn [/TRIPLE] [TRIPLE] Daron_Bidor  nationality  Jedonites [/TRIPLE],5,4,1,4,citizenship,Daron_Bidor citizenship Avilarn,1562,birthDate birthPlace nationality residence,ordering
fictional,results/ordering/fictional_ordering.json,1565,[TRIPLE] Aquaphine  recordLabel  Mellow_Music [/TRIPLE] [TRIPLE] Aquaphine  writer  Rechart_Skyel [/TRIPLE],2,1,1,2,writer,Aquaphine writer Rechart_Skyel,1565,recordLabel author,ordering
fictional,results/ordering/fictional_ordering.json,1572,[TRIPLE] Guilharme  followedBy  Dokbirly [/TRIPLE] [TRIPLE] Guilharme  genre  Skosoar [/TRIPLE] [TRIPLE] Guilharme  producer  Spazzopants [/TRIPLE],3,2,1,2,producer,Guilharme producer Spazzopants,1572,genre followedBy,ordering
fictional,results/ordering/fictional_ordering.json,1582,[TRIPLE] Voqril_Ervel  deathDate  July_30_1915 [/TRIPLE] [TRIPLE] Voqril_Ervel  birthPlace  Dojoli [/TRIPLE] [TRIPLE] Voqril_Ervel  spouse  Brevin_Jakule [/TRIPLE] [TRIPLE] Voqril_Ervel  professionalField  Solidarapox [/TRIPLE],4,3,1,3,professionalField,Voqril_Ervel professionalField Solidarapox,1582,birthPlace spouse deathDate,ordering
fictional,results/ordering/fictional_ordering.json,1583,[TRIPLE] Liozooto  runtime  553.15 [/TRIPLE] [TRIPLE] Liozooto  recordedIn  Tyndoria [/TRIPLE] [TRIPLE] Liozooto  recordedIn  Fustetra [/TRIPLE] [TRIPLE] Liozooto  precededBy  Evolulution [/TRIPLE],4,2,2,4,recordedIn | recordedIn,Liozooto recordedIn Tyndoria || Liozooto recordedIn Fustetra,1583,precededBy recordIn recordIn runtime,ordering
fictional,results/ordering/fictional_ordering.json,1605,[TRIPLE] Symphonie_University  numberOfUndergraduateStudents  2114.27 [/TRIPLE] [TRIPLE] Symphonie_University  staff  2345.58 [/TRIPLE] [TRIPLE] Symphonie_University  numberOfStudents  5348.31 [/TRIPLE] [TRIPLE] Symphonie_University  numberOfDoctoralStudents  2218 [/TRIPLE] [TRIPLE] Symphonie_University  city  Mononpart [/TRIPLE],5,4,1,4,staff,Symphonie_University staff 2345.58,1605,city numberOfUndergraduateStudents numberOfStudents numberOfDoctoralStudents,ordering
fictional,results/ordering/fictional_ordering.json,1610,[TRIPLE] Hydrilla  writer  Mapomos [/TRIPLE] [TRIPLE] Hydrilla  writer  ArrowVista [/TRIPLE] [TRIPLE] Hydrilla  producer  Anasyshe [/TRIPLE] [TRIPLE] Hydrilla  album  Vovvinto [/TRIPLE] [TRIPLE] Hydrilla  format  Quandrain [/TRIPLE],5,1,4,4,writer | writer | producer | format,Hydrilla writer Mapomos || Hydrilla writer ArrowVista || Hydrilla producer Anasyshe || Hydrilla format Quandrain,1610,genre album author creator,ordering
fictional,results/ordering/fictional_ordering.json,1612,[TRIPLE] Baba_Anate  birthDate  March_4_2033 [/TRIPLE] [TRIPLE] Baba_Anate  citizenship  Grak`lze [/TRIPLE] [TRIPLE] Baba_Anate  birthPlace  Grak`lze [/TRIPLE] [TRIPLE] Baba_Anate  nationality  Mintilons [/TRIPLE],4,3,1,3,citizenship,Baba_Anate citizenship Grak`lze,1612,birthDate birthPlace nationality,ordering
fictional,results/ordering/fictional_ordering.json,1621,[TRIPLE] Quinnye  releaseDate  August_15_1978 [/TRIPLE] [TRIPLE] Quinnye  followedBy  Niswogal [/TRIPLE] [TRIPLE] Quinnye  genre  Noodlewave [/TRIPLE] [TRIPLE] Quinnye  producer  Primo_Pulse [/TRIPLE] [TRIPLE] Quinnye  artist  Primo_Pulse [/TRIPLE] [TRIPLE] Quinnye  genre  Clankrift [/TRIPLE],6,4,2,4,producer | artist,Quinnye producer Primo_Pulse || Quinnye artist Primo_Pulse,1621,followedBy genre genre releaseDate,ordering
fictional,results/ordering/fictional_ordering.json,1626,[TRIPLE] The_Quest_of_Tomorrow  imdbId  1144.43 [/TRIPLE] [TRIPLE] The_Quest_of_Tomorrow  director  Malonor_Vosse [/TRIPLE] [TRIPLE] The_Quest_of_Tomorrow  starring  Euler_Toven [/TRIPLE],3,2,1,3,imdbId,The_Quest_of_Tomorrow imdbId 1144.43,1626,starring director IMDbId,ordering
fictional,results/ordering/fictional_ordering.json,1629,[TRIPLE] NuChronic  artist  Moirux_Heylin [/TRIPLE] [TRIPLE] NuChronic  producer  Moirux_Heylin [/TRIPLE],2,0,2,1,artist | producer,NuChronic artist Moirux_Heylin || NuChronic producer Moirux_Heylin,1629,creator,ordering
fictional,results/ordering/fictional_ordering.json,1638,[TRIPLE] Jerelize  releaseDate  October_29_1945 [/TRIPLE] [TRIPLE] Jerelize  producer  Dreamlines [/TRIPLE] [TRIPLE] Jerelize  artist  Dreamlines [/TRIPLE] [TRIPLE] Jerelize  recordLabel  Phantom_Instruments [/TRIPLE],4,1,3,2,releaseDate | producer | artist,Jerelize releaseDate October_29_1945 || Jerelize producer Dreamlines || Jerelize artist Dreamlines,1638,recordLabel recordDate,ordering
fictional,results/ordering/fictional_ordering.json,1639,[TRIPLE] Lohant_Taelyn  birthPlace  Kintonburst_F.C. [/TRIPLE] [TRIPLE] Lohant_Taelyn  birthDate  July_24_1997 [/TRIPLE] [TRIPLE] Lohant_Taelyn  deathDate  March_26_1968 [/TRIPLE] [TRIPLE] Lohant_Taelyn  birthPlace  Jelfur [/TRIPLE],4,3,1,3,birthPlace,Lohant_Taelyn birthPlace Jelfur,1639,birthPlace birthDate deathDate,ordering
fictional,results/ordering/fictional_ordering.json,1641,[TRIPLE] Warning_from_the_Sky  imdbId  851.74 [/TRIPLE] [TRIPLE] Warning_from_the_Sky  director  Erjano_Metcan [/TRIPLE] [TRIPLE] Warning_from_the_Sky  director  Sessas_Neilo [/TRIPLE] [TRIPLE] Warning_from_the_Sky  writer  Sessas_Neilo [/TRIPLE],4,2,2,4,imdbId | writer,Warning_from_the_Sky imdbId 851.74 || Warning_from_the_Sky writer Sessas_Neilo,1641,director director author IdbId,ordering
fictional,results/ordering/fictional_ordering.json,1645,[TRIPLE] Poseidonea  followedBy  ZoomTheatre_Pictures [/TRIPLE] [TRIPLE] Poseidonea  producer  Obflexan [/TRIPLE] [TRIPLE] Poseidonea  writer  Aloro_Zon [/TRIPLE],3,2,1,3,writer,Poseidonea writer Aloro_Zon,1645,followedBy author producer,ordering
fictional,results/ordering/fictional_ordering.json,1657,[TRIPLE] Wolf_Runan  residence  Burelld [/TRIPLE] [TRIPLE] Wolf_Runan  birthPlace  Galmuth [/TRIPLE] [TRIPLE] Wolf_Runan  nationality  Pronons [/TRIPLE] [TRIPLE] Wolf_Runan  residence  Galmuth [/TRIPLE],4,3,1,3,residence,Wolf_Runan residence Galmuth,1657,nationality birthPlace residence,ordering
fictional,results/ordering/fictional_ordering.json,1660,[TRIPLE] Fenen_Donco  birthPlace  Huilun [/TRIPLE] [TRIPLE] Fenen_Donco  mission  Martyr's_Victory [/TRIPLE] [TRIPLE] Fenen_Donco  mission  Shenzhou_Eternal [/TRIPLE] [TRIPLE] Fenen_Donco  occupation  Squall_Commando [/TRIPLE],4,2,2,2,mission | mission,Fenen_Donco mission Martyr's_Victory || Fenen_Donco mission Shenzhou_Eternal,1660,birthPlace occupation,ordering
fictional,results/ordering/fictional_ordering.json,1661,[TRIPLE] Sessas_Neilo  birthDate  June_29_1924 [/TRIPLE] [TRIPLE] Sessas_Neilo  nationality  Vlandon [/TRIPLE] [TRIPLE] Sessas_Neilo  deathPlace  Ranhant [/TRIPLE] [TRIPLE] Sessas_Neilo  birthPlace  Tercrum [/TRIPLE] [TRIPLE] Sessas_Neilo  status  Dilatation [/TRIPLE],5,4,1,4,status,Sessas_Neilo status Dilatation,1661,birthDate birthPlace nationality deathPlace,ordering
fictional,results/ordering/fictional_ordering.json,1666,[TRIPLE] Cifgrime  producer  Pain_Creek [/TRIPLE] [TRIPLE] Cifgrime  recordLabel  Powdered_Tunes [/TRIPLE] [TRIPLE] Cifgrime  recordLabel  Yellow_Tracks [/TRIPLE],3,2,1,3,producer,Cifgrime producer Pain_Creek,1666,recordLabel recordLabel creator,ordering
fictional,results/ordering/fictional_ordering.json,1672,[TRIPLE] Haemara  musicalBand  Ponegear [/TRIPLE] [TRIPLE] Haemara  producer  Flix [/TRIPLE] [TRIPLE] Haemara  followedBy  Caliber_Films [/TRIPLE] [TRIPLE] Caliber_Films  certification  Milkyway_Institute_Of_Country_Music [/TRIPLE],4,3,1,3,certification,Caliber_Films certification Milkyway_Institute_Of_Country_Music,1672,followedBy musicalBand producer,ordering
fictional,results/ordering/fictional_ordering.json,1701,[TRIPLE] The_Labyrinth_in_Shadows  editing  Onenza_Zat [/TRIPLE] [TRIPLE] Narina_Orga  activeYearsStartYear  March_7_1969 [/TRIPLE] [TRIPLE] The_Labyrinth_in_Shadows  director  Narina_Orga [/TRIPLE] [TRIPLE] The_Labyrinth_in_Shadows  producer  Frox_Haria [/TRIPLE],4,3,1,4,editing,The_Labyrinth_in_Shadows editing Onenza_Zat,1701,activeYearsStartYear director editor producer,ordering
fictional,results/ordering/fictional_ordering.json,1704,[TRIPLE] Fleduc_Repairs  industry  Microxolic [/TRIPLE] [TRIPLE] Fleduc_Repairs  foundingDate  December_2_1988 [/TRIPLE] [TRIPLE] Fleduc_Repairs  type  Kjandra [/TRIPLE] [TRIPLE] Fleduc_Repairs  subsidiary  Lardex_Exports [/TRIPLE] [TRIPLE] Fleduc_Repairs  netIncome  541.09 [/TRIPLE],5,4,1,5,industry,Fleduc_Repairs industry Microxolic,1704,foundingDate subsidiary type operatingcompany netIncome,ordering
fictional,results/ordering/fictional_ordering.json,1711,[TRIPLE] Hydris  genre  Lyricstep [/TRIPLE] [TRIPLE] Hydris  releaseDate  March_17_1892 [/TRIPLE] [TRIPLE] Hydris  precededBy  Mofane [/TRIPLE] [TRIPLE] Hydris  runtime  986.11 [/TRIPLE] [TRIPLE] Hydris  genre  Greendust [/TRIPLE] [TRIPLE] Hydris  followedBy  Hewitt_Productions [/TRIPLE] [TRIPLE] Hydris  producer  Flix [/TRIPLE],7,5,2,7,runtime | producer,Hydris runtime 986.11 || Hydris producer Flix,1711,genre genre precededBy recordLabel followedBy releaseDate time,ordering
fictional,results/ordering/fictional_ordering.json,1716,[TRIPLE] Eustathios_Stathen  birthDate  November_30_1923 [/TRIPLE] [TRIPLE] Eustathios_Stathen  nationality  Kathieth [/TRIPLE] [TRIPLE] Eustathios_Stathen  servedAsChiefOfTheAstronautOfficeIn  1962 [/TRIPLE] [TRIPLE] Eustathios_Stathen  deathPlace  Sellanco [/TRIPLE] [TRIPLE] Eustathios_Stathen  birthPlace  Axlrise [/TRIPLE] [TRIPLE] Eustathios_Stathen  occupation  Horizon_Stitcher [/TRIPLE] [TRIPLE] Eustathios_Stathen  award  Distinguished_Loyalty_Crest [/TRIPLE],7,6,1,6,award,Eustathios_Stathen award Distinguished_Loyalty_Crest,1716,birthPlace birthDate nationality occupation servedAsChiefOfTheAstronautOfficeIn deathPlace,ordering
fictional,results/ordering/fictional_ordering.json,1723,[TRIPLE] Zireen_William  birthPlace  Beanlon [/TRIPLE] [TRIPLE] Quastor  populationMetroDensity  1394.17 [/TRIPLE] [TRIPLE] Zireen_William  residence  Quastor [/TRIPLE] [TRIPLE] Zireen_William  award  Erwest [/TRIPLE] [TRIPLE] Zireen_William  residence  Afolinia [/TRIPLE],5,4,1,4,residence,Zireen_William residence Afolinia,1723,birthPlace residence award populationMetroDensity,ordering
fictional,results/ordering/fictional_ordering.json,1725,[TRIPLE] Mariana  genre  Shiny_Soundz [/TRIPLE] [TRIPLE] Mariana  runtime  5934.12 [/TRIPLE] [TRIPLE] Mariana  releaseDate  March_28_1932 [/TRIPLE] [TRIPLE] Mariana  precededBy  Sanyo [/TRIPLE] [TRIPLE] Mariana  writer  Arabon_Sanle [/TRIPLE],5,4,1,5,writer,Mariana writer Arabon_Sanle,1725,genre precededBy author runtime releaseDate,ordering
fictional,results/ordering/fictional_ordering.json,1728,[TRIPLE] Stemph_Promotions  type  Kuvak [/TRIPLE] [TRIPLE] Stemph_Promotions  product  Nitronal [/TRIPLE] [TRIPLE] Stemph_Promotions  industry  Chloraphene [/TRIPLE],3,2,1,3,industry,Stemph_Promotions industry Chloraphene,1728,product manufacturer type,ordering
fictional,results/ordering/fictional_ordering.json,1732,[TRIPLE] Splitting_the_Skies  editing  Pequala [/TRIPLE] [TRIPLE] Splitting_the_Skies  starring  Vackeron_Bline [/TRIPLE] [TRIPLE] Splitting_the_Skies  starring  Nipher_Ylize [/TRIPLE] [TRIPLE] Splitting_the_Skies  language  Tytasian [/TRIPLE] [TRIPLE] Splitting_the_Skies  runtime  3131.91 [/TRIPLE] [TRIPLE] Splitting_the_Skies  budget  2345.58 [/TRIPLE] [TRIPLE] Splitting_the_Skies  writer  Nesett_Nialan [/TRIPLE],7,5,2,6,editing | writer,Splitting_the_Skies editing Pequala || Splitting_the_Skies writer Nesett_Nialan,1732,starring starring language editor budget runtime,ordering
fictional,results/ordering/fictional_ordering.json,1736,[TRIPLE] Starry_Trail  producer  Emrica_Note [/TRIPLE] [TRIPLE] Starry_Trail  musicComposer  Socal_Amell [/TRIPLE] [TRIPLE] Starry_Trail  runtime  1743.67 [/TRIPLE] [TRIPLE] Starry_Trail  producer  Filounton_Bonen [/TRIPLE] [TRIPLE] Starry_Trail  director  Filounton_Bonen [/TRIPLE],5,4,1,4,producer,Starry_Trail producer Filounton_Bonen,1736,musicComposer runtime director producer,ordering
fictional,results/ordering/fictional_ordering.json,1742,[TRIPLE] Chrysalis_Voyage  director  Orgo_Lorin [/TRIPLE] [TRIPLE] Chrysalis_Voyage  producer  Orgo_Lorin [/TRIPLE] [TRIPLE] Chrysalis_Voyage  broadcastedBy  417_Filmworks [/TRIPLE] [TRIPLE] Chrysalis_Voyage  runtime  3182.12 [/TRIPLE],4,2,2,4,producer | runtime,Chrysalis_Voyage producer Orgo_Lorin || Chrysalis_Voyage runtime 3182.12,1742,broadcastedBy director production time,ordering
fictional,results/ordering/fictional_ordering.json,1743,[TRIPLE] Quebympo  artist  DreamEcho [/TRIPLE] [TRIPLE] Quebympo  producer  DreamEcho [/TRIPLE] [TRIPLE] Quebympo  runtime  1709.62 [/TRIPLE],3,2,1,3,producer,Quebympo producer DreamEcho,1743,production artist runtime,ordering
fictional,results/ordering/fictional_ordering.json,1748,[TRIPLE] Avenging_Angel  producer  Chryse_Folee [/TRIPLE] [TRIPLE] Avenging_Angel  writer  Chryse_Folee [/TRIPLE],2,1,1,2,writer,Avenging_Angel writer Chryse_Folee,1748,author producer,ordering
fictional,results/ordering/fictional_ordering.json,1758,[TRIPLE] Angeospa  runtime  5981.56 [/TRIPLE] [TRIPLE] Angeospa  director  Oshedon_Zaqar [/TRIPLE] [TRIPLE] Angeospa  musicComposer  Emryna_Nwinki [/TRIPLE] [TRIPLE] Angeospa  starring  Jorel_Calyon [/TRIPLE] [TRIPLE] Angeospa  writer  Gevril_Eino [/TRIPLE],5,4,1,4,writer,Angeospa writer Gevril_Eino,1758,director starring musicComposer runtime,ordering
fictional,results/ordering/fictional_ordering.json,1761,[TRIPLE] Vivsorll  genre  Ventbrute [/TRIPLE] [TRIPLE] Vivsorll  producer  Blinker_lights [/TRIPLE] [TRIPLE] Vivsorll  genre  Grindpopcorn [/TRIPLE] [TRIPLE] Vivsorll  precededBy  Vimbarda [/TRIPLE] [TRIPLE] Vivsorll  runtime  2231.16 [/TRIPLE],5,4,1,5,producer,Vivsorll producer Blinker_lights,1761,precededBy genre genre creator runtime,ordering
fictional,results/ordering/fictional_ordering.json,1762,[TRIPLE] Dauton_Lasse  birthPlace  Nogovsk [/TRIPLE] [TRIPLE] Reap_of_the_Harvest  writer  Dauton_Lasse [/TRIPLE] [TRIPLE] Reap_of_the_Harvest  writer  Coltion_Gowvan [/TRIPLE],3,1,2,2,writer | writer,Reap_of_the_Harvest writer Dauton_Lasse || Reap_of_the_Harvest writer Coltion_Gowvan,1762,birthPlace author,ordering
fictional,results/ordering/fictional_ordering.json,1767,[TRIPLE] Split_Rock_Ridge  operatingOrganisation  Boltech_Distributors [/TRIPLE] [TRIPLE] Split_Rock_Ridge  runwayLength  3063.76 [/TRIPLE] [TRIPLE] Split_Rock_Ridge  cityServed  Powerfly_Speedway [/TRIPLE] [TRIPLE] Split_Rock_Ridge  location  Heckington [/TRIPLE] [TRIPLE] Split_Rock_Ridge  icaoLocationIdentifier  Erron_Way [/TRIPLE] [TRIPLE] Split_Rock_Ridge  elevationAboveTheSeaLevel  2486.59 [/TRIPLE] [TRIPLE] Split_Rock_Ridge  runwayName  Flaktlo [/TRIPLE],7,6,1,7,icaoLocationIdentifier,Split_Rock_Ridge icaoLocationIdentifier Erron_Way,1767,cityServed location operatingOrganisation elevationAboveTheSeaLevel ICAOLocationIdentifier runwayName runwayLength,ordering
fictional,results/ordering/fictional_ordering.json,1768,[TRIPLE] Leonan_Kwarr  influencedBy  Elzer_Padon [/TRIPLE] [TRIPLE] Leonan_Kwarr  citizenship  Draluna [/TRIPLE] [TRIPLE] Leonan_Kwarr  birthDate  August_14_1936 [/TRIPLE] [TRIPLE] Leonan_Kwarr  professionalField  Kemaing [/TRIPLE] [TRIPLE] Leonan_Kwarr  knownFor  Neutronarint_Fixing [/TRIPLE] [TRIPLE] Leonan_Kwarr  almaMater  Phensor_University [/TRIPLE] [TRIPLE] Leonan_Kwarr  residence  Seddstein [/TRIPLE],7,5,2,6,citizenship | professionalField,Leonan_Kwarr citizenship Draluna || Leonan_Kwarr professionalField Kemaing,1768,birthDate almaMater influencedBy profession knownFor residence,ordering
fictional,results/ordering/fictional_ordering.json,1774,[TRIPLE] Fire_Drifting  writer  Roeran_Nadays [/TRIPLE],1,0,1,1,writer,Fire_Drifting writer Roeran_Nadays,1774,author,ordering
fictional,results/ordering/fictional_ordering.json,1777,[TRIPLE] Corroverted  genre  Basswack [/TRIPLE] [TRIPLE] Corroverted  producer  SubSpectral [/TRIPLE],2,1,1,2,producer,Corroverted producer SubSpectral,1777,genre creator,ordering
ordering_test,results/ordering/ordering_test.json,4,"[TRIPLE] Ciudad_Ayala  populationMetro  1777539 [/TRIPLE] [TRIPLE] Ciudad_Ayala  leaderTitle  ""City Manager"" [/TRIPLE] [TRIPLE] Ciudad_Ayala  type  City [/TRIPLE] [TRIPLE] Ciudad_Ayala  populationDensity  1604.0 [/TRIPLE] [TRIPLE] Ciudad_Ayala  governmentType  Council-manager_government [/TRIPLE]",5,3,2,5,type | populationDensity,Ciudad_Ayala type City || Ciudad_Ayala populationDensity 1604.0,4,city leaderTitle governmentType numberDensity populationMetro,ordering
ordering_test,results/ordering/ordering_test.json,20,"[TRIPLE] Bootleg_Series_Volume_1:_The_Quine_Tapes  artist  The_Velvet_Underground [/TRIPLE] [TRIPLE] Bootleg_Series_Volume_1:_The_Quine_Tapes  producer  The_Velvet_Underground [/TRIPLE] [TRIPLE] Bootleg_Series_Volume_1:_The_Quine_Tapes  runtime  230.05 [/TRIPLE] [TRIPLE] Bootleg_Series_Volume_1:_The_Quine_Tapes  recordedIn  United_States [/TRIPLE] [TRIPLE] Bootleg_Series_Volume_1:_The_Quine_Tapes  recordedIn  St._Louis,_Missouri [/TRIPLE] [TRIPLE] Bootleg_Series_Volume_1:_The_Quine_Tapes  genre  Rock_music [/TRIPLE] [TRIPLE] Bootleg_Series_Volume_1:_The_Quine_Tapes  recordLabel  Polydor_Records [/TRIPLE]",7,5,2,6,producer | runtime,Bootleg_Series_Volume_1:_The_Quine_Tapes producer The_Velvet_Underground || Bootleg_Series_Volume_1:_The_Quine_Tapes runtime 230.05,20,country genre recordedIn recordedIn recordLabel artist,ordering
ordering_test,results/ordering/ordering_test.json,24,[TRIPLE] The_Fellowship_of_the_Ring  publisher  George_Allen_&_Unwin [/TRIPLE] [TRIPLE] The_Fellowship_of_the_Ring  literaryGenre  Fantasy_(genre) [/TRIPLE] [TRIPLE] The_Fellowship_of_the_Ring  followedBy  The_Two_Towers [/TRIPLE] [TRIPLE] The_Fellowship_of_the_Ring  author  J._R._R._Tolkien [/TRIPLE] [TRIPLE] The_Fellowship_of_the_Ring  releaseDate  1954-07-29 [/TRIPLE],5,4,1,5,releaseDate,The_Fellowship_of_the_Ring releaseDate 1954-07-29,24,publisher publisher followedBy author literaryGenre,ordering
ordering_test,results/ordering/ordering_test.json,26,[TRIPLE] English_Without_Tears  cinematography  Bernard_Knowles [/TRIPLE] [TRIPLE] English_Without_Tears  writer  Terence_Rattigan [/TRIPLE] [TRIPLE] English_Without_Tears  runtime  89.0 [/TRIPLE],3,1,2,3,cinematography | writer,English_Without_Tears cinematography Bernard_Knowles || English_Without_Tears writer Terence_Rattigan,26,director director runtime,ordering
ordering_test,results/ordering/ordering_test.json,27,[TRIPLE] Lady_Anne_Monson  spouse  George_Monson [/TRIPLE] [TRIPLE] Lady_Anne_Monson  deathDate  1776-02-18 [/TRIPLE] [TRIPLE] Lady_Anne_Monson  professionalField  Botany [/TRIPLE],3,2,1,3,spouse,Lady_Anne_Monson spouse George_Monson,27,deathDate occupation professionalField,ordering
ordering_test,results/ordering/ordering_test.json,29,[TRIPLE] Liselotte_Grschebina  birthPlace  Karlsruhe [/TRIPLE] [TRIPLE] Liselotte_Grschebina  nationality  Israel [/TRIPLE] [TRIPLE] Liselotte_Grschebina  training  School_of_Applied_Arts_in_Stuttgart [/TRIPLE] [TRIPLE] Karlsruhe  country  Germany [/TRIPLE] [TRIPLE] Israel  language  Modern_Hebrew [/TRIPLE],5,4,1,4,training,Liselotte_Grschebina training School_of_Applied_Arts_in_Stuttgart,29,birthPlace country language nationality,ordering
ordering_test,results/ordering/ordering_test.json,31,[TRIPLE] Mermaid_(Train_song)  recordLabel  Columbia_Records [/TRIPLE] [TRIPLE] Mermaid_(Train_song)  runtime  3.16 [/TRIPLE] [TRIPLE] Mermaid_(Train_song)  recordLabel  Sony_Music_Entertainment [/TRIPLE] [TRIPLE] Mermaid_(Train_song)  writer  Espen_Lind [/TRIPLE] [TRIPLE] Mermaid_(Train_song)  genre  Reggae [/TRIPLE] [TRIPLE] Mermaid_(Train_song)  writer  Amund_Bjørklund [/TRIPLE],6,4,2,6,writer | writer,Mermaid_(Train_song) writer Espen_Lind || Mermaid_(Train_song) writer Amund_Bjørklund,31,genre author author recordLabel recordLabel runtime,ordering
ordering_test,results/ordering/ordering_test.json,32,[TRIPLE] It's_Great_to_Be_Young_(1956_film)  musicComposer  Louis_Levy [/TRIPLE] [TRIPLE] It's_Great_to_Be_Young_(1956_film)  starring  Cecil_Parker [/TRIPLE] [TRIPLE] It's_Great_to_Be_Young_(1956_film)  writer  Ted_Willis [/TRIPLE],3,2,1,3,writer,It's_Great_to_Be_Young_(1956_film) writer Ted_Willis,32,starring starring musicComposer,ordering
ordering_test,results/ordering/ordering_test.json,33,[TRIPLE] Aaron_Turner  genre  Post-metal [/TRIPLE] [TRIPLE] Aaron_Turner  associatedBand/associatedMusicalArtist  Lotus_Eaters_(band) [/TRIPLE] [TRIPLE] Aaron_Turner  origin  Massachusetts [/TRIPLE] [TRIPLE] Aaron_Turner  instrument  Electric_guitar [/TRIPLE] [TRIPLE] Aaron_Turner  activeYearsStartYear  1995 [/TRIPLE],5,3,2,5,origin | instrument,Aaron_Turner origin Massachusetts || Aaron_Turner instrument Electric_guitar,33,genre genre associatedBand/associatedMusicalArtist birthPlace activeYearsStartYear,ordering
ordering_test,results/ordering/ordering_test.json,36,"[TRIPLE] Ciudad_Ayala  populationMetro  1777539 [/TRIPLE] [TRIPLE] Ciudad_Ayala  leaderTitle  ""City Manager"" [/TRIPLE] [TRIPLE] Ciudad_Ayala  type  City [/TRIPLE] [TRIPLE] Ciudad_Ayala  populationDensity  1604.0 [/TRIPLE] [TRIPLE] Ciudad_Ayala  governmentType  Council-manager_government [/TRIPLE] [TRIPLE] Ciudad_Ayala  utcOffset  −6 [/TRIPLE]",6,3,3,5,populationMetro | type | populationDensity,Ciudad_Ayala populationMetro 1777539 || Ciudad_Ayala type City || Ciudad_Ayala populationDensity 1604.0,36,leaderTitle governmentType city numberDensity utcOffset,ordering
ordering_test,results/ordering/ordering_test.json,37,[TRIPLE] Super_Capers  starring  Michael_Rooker [/TRIPLE] [TRIPLE] Super_Capers  starring  Tom_Sizemore [/TRIPLE] [TRIPLE] Super_Capers  budget  2000000.0 [/TRIPLE] [TRIPLE] Super_Capers  writer  Ray_Griggs_(director) [/TRIPLE] [TRIPLE] Super_Capers  director  Ray_Griggs_(director) [/TRIPLE] [TRIPLE] Super_Capers  runtime  98.0 [/TRIPLE],6,5,1,6,writer,Super_Capers writer Ray_Griggs_(director),37,starring starring director director budget runtime,ordering
ordering_test,results/ordering/ordering_test.json,39,[TRIPLE] McVeagh_of_the_South_Seas  starring  Harry_Carey_(actor_born_1878) [/TRIPLE] [TRIPLE] McVeagh_of_the_South_Seas  writer  Harry_Carey_(actor_born_1878) [/TRIPLE],2,1,1,2,writer,McVeagh_of_the_South_Seas writer Harry_Carey_(actor_born_1878),39,starring author,ordering
ordering_test,results/ordering/ordering_test.json,40,"[TRIPLE] Mexico  currency  Mexican_peso [/TRIPLE] [TRIPLE] Mexico  demonym  Mexicans [/TRIPLE] [TRIPLE] Bionico  course  Dessert [/TRIPLE] [TRIPLE] Bionico  region  Guadalajara [/TRIPLE] [TRIPLE] Dessert  dishVariation  Cookie [/TRIPLE] [TRIPLE] Bionico  mainIngredient  ""Chopped Fruits, Sour Cream, Condensed Milk, Granola, Shredded Coconut, Raisins"" [/TRIPLE] [TRIPLE] Bionico  country  Mexico [/TRIPLE]",7,6,1,7,mainIngredient,"Bionico mainIngredient ""Chopped Fruits, Sour Cream, Condensed Milk, Granola, Shredded Coconut, Raisins""",40,course region country demonym mainIngredients dishVariation currency,ordering
ordering_test,results/ordering/ordering_test.json,41,"[TRIPLE] Ciudad_Ayala  leaderTitle  ""City Manager"" [/TRIPLE] [TRIPLE] Ciudad_Ayala  type  City [/TRIPLE] [TRIPLE] Ciudad_Ayala  populationDensity  1604.0 [/TRIPLE]",3,1,2,3,type | populationDensity,Ciudad_Ayala type City || Ciudad_Ayala populationDensity 1604.0,41,leaderTitle city numberDensity,ordering
ordering_test,results/ordering/ordering_test.json,49,[TRIPLE] Nord_(Year_of_No_Light_album)  followedBy  Live_at_Roadburn_2008_(Year_of_No_Light_album) [/TRIPLE] [TRIPLE] Nord_(Year_of_No_Light_album)  artist  Year_of_No_Light [/TRIPLE],2,1,1,1,artist,Nord_(Year_of_No_Light_album) artist Year_of_No_Light,49,followedBy,ordering
ordering_test,results/ordering/ordering_test.json,50,"[TRIPLE] Alan_Shepard  birthDate  ""1923-11-18"" [/TRIPLE] [TRIPLE] Alan_Shepard  deathPlace  California [/TRIPLE] [TRIPLE] Alan_Shepard  birthPlace  New_Hampshire [/TRIPLE] [TRIPLE] Alan_Shepard  mission  Apollo_14 [/TRIPLE]",4,3,1,3,mission,Alan_Shepard mission Apollo_14,50,birthPlace birthDate deathPlace,ordering
ordering_test,results/ordering/ordering_test.json,54,[TRIPLE] Mermaid_(Train_song)  recordLabel  Sony_Music_Entertainment [/TRIPLE] [TRIPLE] Mermaid_(Train_song)  writer  Amund_Bjørklund [/TRIPLE] [TRIPLE] Mermaid_(Train_song)  writer  Stargate_(production_team) [/TRIPLE] [TRIPLE] Mermaid_(Train_song)  followedBy  Imagine_(John_Lennon_song) [/TRIPLE] [TRIPLE] Mermaid_(Train_song)  producer  Espionage_(production_team) [/TRIPLE],5,2,3,5,writer | writer | producer,Mermaid_(Train_song) writer Amund_Bjørklund || Mermaid_(Train_song) writer Stargate_(production_team) || Mermaid_(Train_song) producer Espionage_(production_team),54,followedBy author creator recordLabel followedBy,ordering
ordering_test,results/ordering/ordering_test.json,58,"[TRIPLE] AmeriGas  regionServed  United_States [/TRIPLE] [TRIPLE] AmeriGas  city  King_of_Prussia,_Pennsylvania [/TRIPLE] [TRIPLE] AmeriGas  operatingIncome  380700000 [/TRIPLE] [TRIPLE] AmeriGas  industry  Energy_industry [/TRIPLE] [TRIPLE] AmeriGas  country  United_States [/TRIPLE] [TRIPLE] AmeriGas  netIncome  211200000 [/TRIPLE]",6,4,2,5,regionServed | industry,AmeriGas regionServed United_States || AmeriGas industry Energy_industry,58,operatingIncome operatingIncome city country netIncome,ordering
ordering_test,results/ordering/ordering_test.json,65,"[TRIPLE] Bootleg_Series_Volume_1:_The_Quine_Tapes  producer  The_Velvet_Underground [/TRIPLE] [TRIPLE] Bootleg_Series_Volume_1:_The_Quine_Tapes  recordedIn  United_States [/TRIPLE] [TRIPLE] Bootleg_Series_Volume_1:_The_Quine_Tapes  recordedIn  St._Louis,_Missouri [/TRIPLE] [TRIPLE] Bootleg_Series_Volume_1:_The_Quine_Tapes  genre  Rock_music [/TRIPLE]",4,3,1,4,recordedIn,"Bootleg_Series_Volume_1:_The_Quine_Tapes recordedIn St._Louis,_Missouri",65,genre producer recordedIn country,ordering
ordering_test,results/ordering/ordering_test.json,81,[TRIPLE] Nord_(Year_of_No_Light_album)  releaseDate  2006-09-06 [/TRIPLE] [TRIPLE] Nord_(Year_of_No_Light_album)  followedBy  Live_at_Roadburn_2008_(Year_of_No_Light_album) [/TRIPLE] [TRIPLE] Nord_(Year_of_No_Light_album)  genre  Sludge_metal [/TRIPLE] [TRIPLE] Nord_(Year_of_No_Light_album)  producer  Year_of_No_Light [/TRIPLE] [TRIPLE] Nord_(Year_of_No_Light_album)  artist  Year_of_No_Light [/TRIPLE] [TRIPLE] Nord_(Year_of_No_Light_album)  genre  Post-metal [/TRIPLE] [TRIPLE] Nord_(Year_of_No_Light_album)  recordLabel  Crucial_Blast [/TRIPLE],7,5,2,6,producer | genre,Nord_(Year_of_No_Light_album) producer Year_of_No_Light || Nord_(Year_of_No_Light_album) genre Post-metal,81,followedBy recordLabel artist genre releaseDate followedBy,ordering
ordering_test,results/ordering/ordering_test.json,82,[TRIPLE] Mermaid_(Train_song)  followedBy  Imagine_(John_Lennon_song) [/TRIPLE] [TRIPLE] Imagine_(John_Lennon_song)  certification  FIMI [/TRIPLE] [TRIPLE] Mermaid_(Train_song)  producer  Espionage_(production_team) [/TRIPLE] [TRIPLE] Imagine_(John_Lennon_song)  musicalArtist  John_Lennon [/TRIPLE],4,3,1,3,musicalArtist,Imagine_(John_Lennon_song) musicalArtist John_Lennon,82,followedBy producer certification,ordering
ordering_test,results/ordering/ordering_test.json,88,[TRIPLE] Bootleg_Series_Volume_1:_The_Quine_Tapes  artist  The_Velvet_Underground [/TRIPLE] [TRIPLE] Bootleg_Series_Volume_1:_The_Quine_Tapes  producer  The_Velvet_Underground [/TRIPLE] [TRIPLE] Bootleg_Series_Volume_1:_The_Quine_Tapes  runtime  230.05 [/TRIPLE] [TRIPLE] Bootleg_Series_Volume_1:_The_Quine_Tapes  recordedIn  United_States [/TRIPLE] [TRIPLE] Bootleg_Series_Volume_1:_The_Quine_Tapes  genre  Rock_music [/TRIPLE],5,4,1,5,artist,Bootleg_Series_Volume_1:_The_Quine_Tapes artist The_Velvet_Underground,88,genre recordedIn creator producer runtime,ordering
ordering_test,results/ordering/ordering_test.json,94,[TRIPLE] Mermaid_(Train_song)  releaseDate  2012-12-27 [/TRIPLE] [TRIPLE] Mermaid_(Train_song)  precededBy  This'll_Be_My_Year [/TRIPLE] [TRIPLE] Mermaid_(Train_song)  writer  Espen_Lind [/TRIPLE] [TRIPLE] Mermaid_(Train_song)  runtime  3.16 [/TRIPLE] [TRIPLE] Mermaid_(Train_song)  writer  Amund_Bjørklund [/TRIPLE],5,3,2,5,writer | writer,Mermaid_(Train_song) writer Espen_Lind || Mermaid_(Train_song) writer Amund_Bjørklund,94,precededBy author author releaseDate runtime,ordering
ordering_test,results/ordering/ordering_test.json,96,"[TRIPLE] Mexico  currency  Mexican_peso [/TRIPLE] [TRIPLE] Bionico  course  Dessert [/TRIPLE] [TRIPLE] Bionico  mainIngredient  ""Chopped Fruits, Sour Cream, Condensed Milk, Granola, Shredded Coconut, Raisins"" [/TRIPLE] [TRIPLE] Bionico  country  Mexico [/TRIPLE]",4,3,1,4,mainIngredient,"Bionico mainIngredient ""Chopped Fruits, Sour Cream, Condensed Milk, Granola, Shredded Coconut, Raisins""",96,course country mainIngredients currency,ordering
ordering_test,results/ordering/ordering_test.json,101,[TRIPLE] Darinka_Dentcheva  professionalField  Mathematical_optimization [/TRIPLE] [TRIPLE] Darinka_Dentcheva  almaMater  Humboldt_University [/TRIPLE],2,1,1,2,professionalField,Darinka_Dentcheva professionalField Mathematical_optimization,101,almaMater academicField,ordering
ordering_test,results/ordering/ordering_test.json,104,[TRIPLE] Aaron_Turner  genre  Post-metal [/TRIPLE] [TRIPLE] Aaron_Turner  origin  United_States [/TRIPLE] [TRIPLE] Aaron_Turner  associatedBand/associatedMusicalArtist  Twilight_(band) [/TRIPLE] [TRIPLE] Aaron_Turner  instrument  Electric_guitar [/TRIPLE],4,3,1,4,origin,Aaron_Turner origin United_States,104,genre country associatedBand/associatedMusicalArtist instrument,ordering
ordering_test,results/ordering/ordering_test.json,113,[TRIPLE] English_Without_Tears  director  Harold_French [/TRIPLE] [TRIPLE] Terence_Rattigan  deathYear  1977-01-01 [/TRIPLE] [TRIPLE] Harold_French  activeYearsStartYear  1920-01-01 [/TRIPLE] [TRIPLE] English_Without_Tears  writer  Anatole_de_Grunwald [/TRIPLE] [TRIPLE] English_Without_Tears  writer  Terence_Rattigan [/TRIPLE],5,3,2,4,writer | writer,English_Without_Tears writer Anatole_de_Grunwald || English_Without_Tears writer Terence_Rattigan,113,deathYear author director activeYearsStartYear,ordering
ordering_test,results/ordering/ordering_test.json,117,[TRIPLE] Hypermarcas  location  Brazil [/TRIPLE] [TRIPLE] Hypermarcas  product  Drugs [/TRIPLE] [TRIPLE] Hypermarcas  industry  Pharmaceuticals [/TRIPLE] [TRIPLE] Hypermarcas  keyPerson  CEO [/TRIPLE] [TRIPLE] Hypermarcas  foundingDate  2001-01-01 [/TRIPLE] [TRIPLE] Hypermarcas  type  S.A._(corporation) [/TRIPLE] [TRIPLE] Hypermarcas  numberOfEmployees  10252 [/TRIPLE],7,6,1,6,type,Hypermarcas type S.A._(corporation),117,location foundingDate numberOfEmployees product industry keyPerson,ordering
ordering_test,results/ordering/ordering_test.json,121,[TRIPLE] Super_Capers  starring  Danielle_Harris [/TRIPLE] [TRIPLE] Super_Capers  writer  Ray_Griggs_(director) [/TRIPLE] [TRIPLE] Super_Capers  runtime  98.0 [/TRIPLE],3,2,1,3,writer,Super_Capers writer Ray_Griggs_(director),121,starring author runtime,ordering
ordering_test,results/ordering/ordering_test.json,122,[TRIPLE] English_Without_Tears  writer  Terence_Rattigan [/TRIPLE] [TRIPLE] Terence_Rattigan  deathDate  1977-11-30 [/TRIPLE] [TRIPLE] English_Without_Tears  director  Harold_French [/TRIPLE] [TRIPLE] Harold_French  birthYear  1897 [/TRIPLE],4,3,1,3,writer,English_Without_Tears writer Terence_Rattigan,122,birthYear director deathDate,ordering
ordering_test,results/ordering/ordering_test.json,130,[TRIPLE] McVeagh_of_the_South_Seas  director  Harry_Carey_(actor_born_1878) [/TRIPLE] [TRIPLE] McVeagh_of_the_South_Seas  writer  Harry_Carey_(actor_born_1878) [/TRIPLE] [TRIPLE] McVeagh_of_the_South_Seas  producer  The_Progressive_Motion_Picture_Company [/TRIPLE],3,2,1,3,writer,McVeagh_of_the_South_Seas writer Harry_Carey_(actor_born_1878),130,director director producer,ordering
ordering_test,results/ordering/ordering_test.json,134,[TRIPLE] Olga_Bondareva  deathPlace  Saint_Petersburg [/TRIPLE] [TRIPLE] Saint_Petersburg  areaTotal  1439.0 [/TRIPLE],2,1,1,1,areaTotal,Saint_Petersburg areaTotal 1439.0,134,deathPlace,ordering
ordering_test,results/ordering/ordering_test.json,141,[TRIPLE] University_of_Burgundy  staff  2900 [/TRIPLE] [TRIPLE] University_of_Burgundy  numberOfDoctoralStudents  1299 [/TRIPLE] [TRIPLE] University_of_Burgundy  campus  Dijon [/TRIPLE] [TRIPLE] University_of_Burgundy  numberOfStudents  27400 [/TRIPLE] [TRIPLE] University_of_Burgundy  numberOfPostgraduateStudents  9400 [/TRIPLE],5,4,1,4,numberOfDoctoralStudents,University_of_Burgundy numberOfDoctoralStudents 1299,141,campus numberOfStudents numberOfPostgraduateStudents staff,ordering
ordering_test,results/ordering/ordering_test.json,145,[TRIPLE] Alan_Shepard  deathPlace  California [/TRIPLE] [TRIPLE] Alan_Shepard  birthPlace  New_Hampshire [/TRIPLE] [TRIPLE] Alan_Shepard  mission  Apollo_14 [/TRIPLE],3,2,1,2,mission,Alan_Shepard mission Apollo_14,145,birthPlace deathPlace,ordering
ordering_test,results/ordering/ordering_test.json,150,[TRIPLE] Nord_(Year_of_No_Light_album)  releaseDate  2006-09-06 [/TRIPLE] [TRIPLE] Nord_(Year_of_No_Light_album)  followedBy  Live_at_Roadburn_2008_(Year_of_No_Light_album) [/TRIPLE] [TRIPLE] Nord_(Year_of_No_Light_album)  genre  Sludge_metal [/TRIPLE] [TRIPLE] Nord_(Year_of_No_Light_album)  producer  Year_of_No_Light [/TRIPLE] [TRIPLE] Nord_(Year_of_No_Light_album)  artist  Year_of_No_Light [/TRIPLE],5,4,1,5,producer,Nord_(Year_of_No_Light_album) producer Year_of_No_Light,150,followedBy artist genre releaseDate followedBy,ordering
ordering_test,results/ordering/ordering_test.json,151,[TRIPLE] Nord_(Year_of_No_Light_album)  followedBy  Live_at_Roadburn_2008_(Year_of_No_Light_album) [/TRIPLE] [TRIPLE] Nord_(Year_of_No_Light_album)  producer  Year_of_No_Light [/TRIPLE] [TRIPLE] Nord_(Year_of_No_Light_album)  artist  Year_of_No_Light [/TRIPLE] [TRIPLE] Nord_(Year_of_No_Light_album)  recordLabel  Crucial_Blast [/TRIPLE],4,3,1,4,producer,Nord_(Year_of_No_Light_album) producer Year_of_No_Light,151,followedBy recordLabel artist followedBy,ordering
ordering_test,results/ordering/ordering_test.json,155,[TRIPLE] Nurhan_Atasoy  residence  Istanbul [/TRIPLE] [TRIPLE] Turkey  governmentType  Unitary_state [/TRIPLE] [TRIPLE] Nurhan_Atasoy  residence  Turkey [/TRIPLE],3,2,1,2,residence,Nurhan_Atasoy residence Turkey,155,residence governmentType,ordering
ordering_test,results/ordering/ordering_test.json,159,[TRIPLE] English_Without_Tears  releaseDate  1944-07-28 [/TRIPLE] [TRIPLE] English_Without_Tears  writer  Terence_Rattigan [/TRIPLE] [TRIPLE] English_Without_Tears  runtime  89.0 [/TRIPLE] [TRIPLE] English_Without_Tears  editing  Alan_Jaggs [/TRIPLE] [TRIPLE] English_Without_Tears  musicComposer  Nicholas_Brodszky [/TRIPLE],5,3,2,5,writer | editing,English_Without_Tears writer Terence_Rattigan || English_Without_Tears editing Alan_Jaggs,159,editor author releaseDate runtime musicComposer,ordering
ordering_test,results/ordering/ordering_test.json,167,[TRIPLE] Death_on_a_Factory_Farm  director  Tom_Simon [/TRIPLE] [TRIPLE] Death_on_a_Factory_Farm  producer  Tom_Simon [/TRIPLE] [TRIPLE] Death_on_a_Factory_Farm  producer  Sarah_Teale [/TRIPLE] [TRIPLE] Death_on_a_Factory_Farm  director  Sarah_Teale [/TRIPLE] [TRIPLE] Death_on_a_Factory_Farm  runtime  83.0 [/TRIPLE],5,4,1,4,producer,Death_on_a_Factory_Farm producer Sarah_Teale,167,director director producer runtime,ordering
ordering_test,results/ordering/ordering_test.json,171,[TRIPLE] English_Without_Tears  releaseDate  1944-07-28 [/TRIPLE] [TRIPLE] English_Without_Tears  director  Harold_French [/TRIPLE] [TRIPLE] English_Without_Tears  editing  Alan_Jaggs [/TRIPLE] [TRIPLE] English_Without_Tears  producer  Anatole_de_Grunwald [/TRIPLE],4,2,2,4,editing | producer,English_Without_Tears editing Alan_Jaggs || English_Without_Tears producer Anatole_de_Grunwald,171,director director editor releaseDate,ordering
ordering_test,results/ordering/ordering_test.json,176,[TRIPLE] Ciudad_Ayala  country  Mexico [/TRIPLE] [TRIPLE] Mexico  areaTotal  1972550.0 [/TRIPLE] [TRIPLE] Ciudad_Ayala  isPartOf  Morelos [/TRIPLE] [TRIPLE] Morelos  type  States_of_Mexico [/TRIPLE],4,2,2,3,areaTotal | type,Mexico areaTotal 1972550.0 || Morelos type States_of_Mexico,176,isPartOf country locationTotal,ordering
ordering_test,results/ordering/ordering_test.json,179,[TRIPLE] Death_on_a_Factory_Farm  producer  Sarah_Teale [/TRIPLE] [TRIPLE] Death_on_a_Factory_Farm  director  Sarah_Teale [/TRIPLE] [TRIPLE] Death_on_a_Factory_Farm  runtime  83.0 [/TRIPLE],3,2,1,3,producer,Death_on_a_Factory_Farm producer Sarah_Teale,179,director director runtime,ordering
ordering_test,results/ordering/ordering_test.json,180,[TRIPLE] Lady_Anne_Monson  residence  India [/TRIPLE] [TRIPLE] India  leaderTitle  President [/TRIPLE] [TRIPLE] Lady_Anne_Monson  birthPlace  Darlington [/TRIPLE] [TRIPLE] India  foundingDate  1950-01-26 [/TRIPLE],4,3,1,4,foundingDate,India foundingDate 1950-01-26,180,birthPlace leaderTitle leaderDate residence,ordering
ordering_test,results/ordering/ordering_test.json,182,[TRIPLE] Ciudad_Ayala  populationMetro  1777539 [/TRIPLE] [TRIPLE] Ciudad_Ayala  utcOffset  −6 [/TRIPLE] [TRIPLE] Ciudad_Ayala  isPartOf  Morelos [/TRIPLE] [TRIPLE] Ciudad_Ayala  country  Mexico [/TRIPLE] [TRIPLE] Ciudad_Ayala  elevationAboveTheSeaLevel  1147.0 [/TRIPLE] [TRIPLE] Ciudad_Ayala  timeZone  Pacific_Daylight_Time [/TRIPLE],6,4,2,5,populationMetro | timeZone,Ciudad_Ayala populationMetro 1777539 || Ciudad_Ayala timeZone Pacific_Daylight_Time,182,location isPartOf country utcOffset elevationAboveTheSeaLevel,ordering
ordering_test,results/ordering/ordering_test.json,183,[TRIPLE] Super_Capers  writer  Ray_Griggs_(director) [/TRIPLE] [TRIPLE] Ray_Griggs_(director)  birthYear  1974 [/TRIPLE] [TRIPLE] Super_Capers  starring  Michael_Rooker [/TRIPLE] [TRIPLE] Super_Capers  starring  Tom_Sizemore [/TRIPLE],4,3,1,4,writer,Super_Capers writer Ray_Griggs_(director),183,birthYear author starring starring,ordering
ordering_test,results/ordering/ordering_test.json,189,"[TRIPLE] Liselotte_Grschebina  deathPlace  Israel [/TRIPLE] [TRIPLE] Petah_Tikva  meaning  ""Opening of hope"" [/TRIPLE] [TRIPLE] Israel  longName  ""State of Israel"" [/TRIPLE] [TRIPLE] Liselotte_Grschebina  deathPlace  Petah_Tikva [/TRIPLE]",4,2,2,3,meaning | longName,"Petah_Tikva meaning ""Opening of hope"" || Israel longName ""State of Israel""",189,deathPlace deathPlace fullName,ordering
ordering_test,results/ordering/ordering_test.json,190,[TRIPLE] Liselotte_Grschebina  birthPlace  Karlsruhe [/TRIPLE] [TRIPLE] Liselotte_Grschebina  birthDate  1908-05-02 [/TRIPLE] [TRIPLE] Liselotte_Grschebina  deathDate  1994-06-14 [/TRIPLE] [TRIPLE] Liselotte_Grschebina  deathPlace  Israel [/TRIPLE] [TRIPLE] Liselotte_Grschebina  nationality  Israel [/TRIPLE] [TRIPLE] Liselotte_Grschebina  professionalField  Photographer [/TRIPLE],6,5,1,5,professionalField,Liselotte_Grschebina professionalField Photographer,190,nationality birthPlace birthDate deathPlace deathDate,ordering
ordering_test,results/ordering/ordering_test.json,192,[TRIPLE] Expect_a_Miracle  type  Compilation_Album [/TRIPLE] [TRIPLE] Expect_a_Miracle  followedBy  Afterplay_(Brian_Kelly_album) [/TRIPLE] [TRIPLE] Expect_a_Miracle  runtime  54.56 [/TRIPLE] [TRIPLE] Expect_a_Miracle  genre  Instrumental_music [/TRIPLE] [TRIPLE] Expect_a_Miracle  genre  Easy_listening [/TRIPLE],5,4,1,5,type,Expect_a_Miracle type Compilation_Album,192,genre genre followedBy runtime followedBy,ordering
ordering_test,results/ordering/ordering_test.json,197,[TRIPLE] It's_Great_to_Be_Young_(1956_film)  starring  John_Mills [/TRIPLE] [TRIPLE] It's_Great_to_Be_Young_(1956_film)  cinematography  Gilbert_Taylor [/TRIPLE] [TRIPLE] It's_Great_to_Be_Young_(1956_film)  runtime  94.0 [/TRIPLE] [TRIPLE] It's_Great_to_Be_Young_(1956_film)  gross  282838.0 [/TRIPLE] [TRIPLE] It's_Great_to_Be_Young_(1956_film)  starring  Cecil_Parker [/TRIPLE],5,4,1,5,gross,It's_Great_to_Be_Young_(1956_film) gross 282838.0,197,starring starring runtime starring cinematography,ordering
ordering_test,results/ordering/ordering_test.json,198,"[TRIPLE] Abraham_A._Ribicoff  spouse  ""Ruth Ribicoff"" [/TRIPLE] [TRIPLE] Abraham_A._Ribicoff  inOfficeWhilePresident  John_F._Kennedy [/TRIPLE] [TRIPLE] Abraham_A._Ribicoff  nationality  American [/TRIPLE] [TRIPLE] Abraham_A._Ribicoff  party  Democratic_Party_(United_States) [/TRIPLE] [TRIPLE] Abraham_A._Ribicoff  birthPlace  Connecticut [/TRIPLE]",5,4,1,5,party,Abraham_A._Ribicoff party Democratic_Party_(United_States),198,nationality birthPlace spouse was inOfficeWhilePresident,ordering
ordering_test,results/ordering/ordering_test.json,200,"[TRIPLE] Abraham_A._Ribicoff  spouse  ""Ruth Ribicoff"" [/TRIPLE] [TRIPLE] Abraham_A._Ribicoff  inOfficeWhilePresident  John_F._Kennedy [/TRIPLE] [TRIPLE] Abraham_A._Ribicoff  nationality  American [/TRIPLE] [TRIPLE] Abraham_A._Ribicoff  successor  John_N._Dempsey [/TRIPLE] [TRIPLE] Abraham_A._Ribicoff  birthPlace  Connecticut [/TRIPLE]",5,4,1,4,spouse,"Abraham_A._Ribicoff spouse ""Ruth Ribicoff""",200,nationality birthPlace inOfficeWhilePresident successor,ordering
ordering_test,results/ordering/ordering_test.json,203,[TRIPLE] Pontiac_Rageous  productionStartYear  1997 [/TRIPLE] [TRIPLE] Pontiac_Rageous  productionEndYear  1997 [/TRIPLE] [TRIPLE] Pontiac_Rageous  manufacturer  Pontiac [/TRIPLE],3,2,1,2,manufacturer,Pontiac_Rageous manufacturer Pontiac,203,productionStartYear productionEndYear,ordering
ordering_test,results/ordering/ordering_test.json,204,[TRIPLE] It's_Great_to_Be_Young_(1956_film)  writer  Ted_Willis [/TRIPLE],1,0,1,1,writer,It's_Great_to_Be_Young_(1956_film) writer Ted_Willis,204,author,ordering
ordering_test,results/ordering/ordering_test.json,206,"[TRIPLE] Darinka_Dentcheva  residence  New_Jersey [/TRIPLE] [TRIPLE] New_Jersey  areaOfWater  3544040000.0 [/TRIPLE] [TRIPLE] Darinka_Dentcheva  residence  United_States [/TRIPLE] [TRIPLE] Darinka_Dentcheva  citizenship  United_States [/TRIPLE] [TRIPLE] United_States  motto  ""In God we trust"" [/TRIPLE]",5,4,1,5,citizenship,Darinka_Dentcheva citizenship United_States,206,residence country motto residence areaOfWater,ordering
ordering_test,results/ordering/ordering_test.json,211,"[TRIPLE] Bootleg_Series_Volume_1:_The_Quine_Tapes  recordedIn  United_States [/TRIPLE] [TRIPLE] United_States  language  English_language [/TRIPLE] [TRIPLE] Bootleg_Series_Volume_1:_The_Quine_Tapes  recordedIn  St._Louis,_Missouri [/TRIPLE]",3,2,1,3,recordedIn,"Bootleg_Series_Volume_1:_The_Quine_Tapes recordedIn St._Louis,_Missouri",211,language country recordedIn,ordering
ordering_test,results/ordering/ordering_test.json,212,[TRIPLE] English_Without_Tears  runtime  89.0 [/TRIPLE] [TRIPLE] English_Without_Tears  director  Harold_French [/TRIPLE] [TRIPLE] English_Without_Tears  editing  Alan_Jaggs [/TRIPLE] [TRIPLE] English_Without_Tears  producer  Anatole_de_Grunwald [/TRIPLE],4,2,2,4,editing | producer,English_Without_Tears editing Alan_Jaggs || English_Without_Tears producer Anatole_de_Grunwald,212,director editor editor runtime,ordering
ordering_test,results/ordering/ordering_test.json,213,[TRIPLE] Lady_Anne_Monson  deathDate  1776-02-18 [/TRIPLE] [TRIPLE] Lady_Anne_Monson  nationality  Kingdom_of_England [/TRIPLE] [TRIPLE] Lady_Anne_Monson  residence  India [/TRIPLE] [TRIPLE] Lady_Anne_Monson  spouse  George_Monson [/TRIPLE] [TRIPLE] Lady_Anne_Monson  professionalField  Botany [/TRIPLE],5,3,2,4,spouse | professionalField,Lady_Anne_Monson spouse George_Monson || Lady_Anne_Monson professionalField Botany,213,nationality residence occupation deathDate,ordering
ordering_test,results/ordering/ordering_test.json,216,[TRIPLE] Pontiac_Rageous  productionStartYear  1997 [/TRIPLE] [TRIPLE] Pontiac_Rageous  manufacturer  Pontiac [/TRIPLE] [TRIPLE] Pontiac_Rageous  assembly  Michigan [/TRIPLE] [TRIPLE] Michigan  areaTotal  250493000000.0 [/TRIPLE],4,3,1,4,manufacturer,Pontiac_Rageous manufacturer Pontiac,216,productionStartYear assembly material areaTotal,ordering
ordering_test,results/ordering/ordering_test.json,220,[TRIPLE] Turn_Me_On_(album)  artist  The_Honeymoon_Killers_(American_band) [/TRIPLE] [TRIPLE] Turn_Me_On_(album)  producer  The_Honeymoon_Killers_(American_band) [/TRIPLE] [TRIPLE] Turn_Me_On_(album)  precededBy  Let_It_Breed [/TRIPLE] [TRIPLE] Turn_Me_On_(album)  runtime  35.1 [/TRIPLE],4,3,1,4,producer,Turn_Me_On_(album) producer The_Honeymoon_Killers_(American_band),220,precededBy creator artist runtime,ordering
ordering_test,results/ordering/ordering_test.json,221,[TRIPLE] Darinka_Dentcheva  influencedBy  Andrzej_Piotr_Ruszczyński [/TRIPLE] [TRIPLE] Darinka_Dentcheva  citizenship  United_States [/TRIPLE] [TRIPLE] Darinka_Dentcheva  birthDate  1958-01-01 [/TRIPLE] [TRIPLE] Darinka_Dentcheva  professionalField  Mathematical_optimization [/TRIPLE] [TRIPLE] Darinka_Dentcheva  knownFor  Stochastic_programming [/TRIPLE],5,2,3,5,citizenship | professionalField | knownFor,Darinka_Dentcheva citizenship United_States || Darinka_Dentcheva professionalField Mathematical_optimization || Darinka_Dentcheva knownFor Stochastic_programming,221,birthDate nationality influencedBy occupation influencedBy,ordering
ordering_test,results/ordering/ordering_test.json,229,[TRIPLE] Bootleg_Series_Volume_1:_The_Quine_Tapes  artist  The_Velvet_Underground [/TRIPLE] [TRIPLE] Bootleg_Series_Volume_1:_The_Quine_Tapes  producer  The_Velvet_Underground [/TRIPLE],2,1,1,1,artist,Bootleg_Series_Volume_1:_The_Quine_Tapes artist The_Velvet_Underground,229,producer,ordering
ordering_test,results/ordering/ordering_test.json,231,[TRIPLE] English_Without_Tears  musicComposer  Nicholas_Brodszky [/TRIPLE] [TRIPLE] English_Without_Tears  director  Harold_French [/TRIPLE] [TRIPLE] English_Without_Tears  editing  Alan_Jaggs [/TRIPLE] [TRIPLE] English_Without_Tears  producer  Anatole_de_Grunwald [/TRIPLE],4,2,2,4,editing | producer,English_Without_Tears editing Alan_Jaggs || English_Without_Tears producer Anatole_de_Grunwald,231,director director editor musicComposer,ordering
ordering_test,results/ordering/ordering_test.json,234,[TRIPLE] Expect_a_Miracle  producer  Brian_Kelly_(composer_&_pianist) [/TRIPLE] [TRIPLE] Expect_a_Miracle  runtime  54.56 [/TRIPLE] [TRIPLE] Expect_a_Miracle  artist  Brian_Kelly_(composer_&_pianist) [/TRIPLE] [TRIPLE] Expect_a_Miracle  type  Compilation_Album [/TRIPLE] [TRIPLE] Expect_a_Miracle  precededBy  Pools_of_Light_(Brian_Kelly_album) [/TRIPLE] [TRIPLE] Expect_a_Miracle  genre  Instrumental_music [/TRIPLE],6,3,3,6,producer | artist | type,Expect_a_Miracle producer Brian_Kelly_(composer_&_pianist) || Expect_a_Miracle artist Brian_Kelly_(composer_&_pianist) || Expect_a_Miracle type Compilation_Album,234,precededBy genre genre creator composer_and_pianist runtime,ordering
ordering_test,results/ordering/ordering_test.json,237,"[TRIPLE] Alan_B._Miller_Hall  architect  Robert_A._M._Stern [/TRIPLE] [TRIPLE] Alan_B._Miller_Hall  address  ""101 Ukrop Way"" [/TRIPLE] [TRIPLE] Alan_B._Miller_Hall  buildingStartDate  ""30 March 2007"" [/TRIPLE] [TRIPLE] Alan_B._Miller_Hall  currentTenants  Mason_School_of_Business [/TRIPLE] [TRIPLE] Alan_B._Miller_Hall  location  Virginia [/TRIPLE] [TRIPLE] Alan_B._Miller_Hall  architecturalStyle  Georgian_architecture [/TRIPLE] [TRIPLE] Alan_B._Miller_Hall  owner  College_of_William_&_Mary [/TRIPLE]",7,5,2,5,architect | location,Alan_B._Miller_Hall architect Robert_A._M._Stern || Alan_B._Miller_Hall location Virginia,237,owner buildingStartDate address architecturalStyle currentTenants,ordering
ordering_test,results/ordering/ordering_test.json,238,[TRIPLE] 1147_Stavropolis  discoverer  Grigory_Neujmin [/TRIPLE] [TRIPLE] 1147_Stavropolis  apoapsis  418476000000.0 [/TRIPLE] [TRIPLE] 1147_Stavropolis  rotationPeriod  20378.5 [/TRIPLE] [TRIPLE] 1147_Stavropolis  periapsis  260855000000.0 [/TRIPLE] [TRIPLE] 1147_Stavropolis  epoch  31 July 2016 (JD2457600.5) [/TRIPLE] [TRIPLE] 1147_Stavropolis  orbitalPeriod  1249.6 [/TRIPLE],6,5,1,7,rotationPeriod,1147_Stavropolis rotationPeriod 20378.5,238,epoch periapsis apoapsis periapsis orbitalPeriod discoverer orbitalPeriod,ordering
ordering_test,results/ordering/ordering_test.json,240,[TRIPLE] Darinka_Dentcheva  residence  New_Jersey [/TRIPLE] [TRIPLE] United_States  governmentType  Federalism [/TRIPLE] [TRIPLE] Darinka_Dentcheva  residence  United_States [/TRIPLE],3,2,1,2,residence,Darinka_Dentcheva residence United_States,240,residence governmentType,ordering
ordering_test,results/ordering/ordering_test.json,242,"[TRIPLE] Darinka_Dentcheva  citizenship  United_States [/TRIPLE] [TRIPLE] United_States  motto  ""In God we trust"" [/TRIPLE] [TRIPLE] Darinka_Dentcheva  influencedBy  Andrzej_Piotr_Ruszczyński [/TRIPLE] [TRIPLE] Andrzej_Piotr_Ruszczyński  professionalField  Mathematical_optimization [/TRIPLE]",4,3,1,4,citizenship,Darinka_Dentcheva citizenship United_States,242,influencedBy nationality motto professionalField,ordering
ordering_test,results/ordering/ordering_test.json,243,"[TRIPLE] Ciudad_Ayala  populationMetro  1777539 [/TRIPLE] [TRIPLE] Ciudad_Ayala  leaderTitle  ""City Manager"" [/TRIPLE] [TRIPLE] Ciudad_Ayala  type  City [/TRIPLE] [TRIPLE] Ciudad_Ayala  populationDensity  1604.0 [/TRIPLE] [TRIPLE] Ciudad_Ayala  governmentType  Council-manager_government [/TRIPLE] [TRIPLE] Ciudad_Ayala  utcOffset  −6 [/TRIPLE] [TRIPLE] Ciudad_Ayala  elevationAboveTheSeaLevel  1147.0 [/TRIPLE]",7,5,2,6,populationMetro | type,Ciudad_Ayala populationMetro 1777539 || Ciudad_Ayala type City,243,leaderTitle governmentType city elevationAboveTheSeaLevel populationDensity utcOffset,ordering
ordering_test,results/ordering/ordering_test.json,254,[TRIPLE] 1147_Stavropolis  discoverer  Grigory_Neujmin [/TRIPLE] [TRIPLE] 1147_Stavropolis  apoapsis  418476000000.0 [/TRIPLE] [TRIPLE] 1147_Stavropolis  absoluteMagnitude  11.5 [/TRIPLE] [TRIPLE] 1147_Stavropolis  discovered  1929-06-11 [/TRIPLE],4,2,2,3,discoverer | absoluteMagnitude,1147_Stavropolis discoverer Grigory_Neujmin || 1147_Stavropolis absoluteMagnitude 11.5,254,apoapsis apoapsis discovered,ordering
ordering_test,results/ordering/ordering_test.json,255,"[TRIPLE] Bootleg_Series_Volume_1:_The_Quine_Tapes  recordedIn  United_States [/TRIPLE] [TRIPLE] Bootleg_Series_Volume_1:_The_Quine_Tapes  recordedIn  St._Louis,_Missouri [/TRIPLE] [TRIPLE] Bootleg_Series_Volume_1:_The_Quine_Tapes  precededBy  Squeeze_(The_Velvet_Underground_album) [/TRIPLE] [TRIPLE] Bootleg_Series_Volume_1:_The_Quine_Tapes  recordLabel  Polydor_Records [/TRIPLE] [TRIPLE] Bootleg_Series_Volume_1:_The_Quine_Tapes  recordLabel  Universal_Music_Group [/TRIPLE] [TRIPLE] Bootleg_Series_Volume_1:_The_Quine_Tapes  releaseDate  2001-10-16 [/TRIPLE] [TRIPLE] Bootleg_Series_Volume_1:_The_Quine_Tapes  runtime  230.05 [/TRIPLE]",7,5,2,8,recordedIn | runtime,"Bootleg_Series_Volume_1:_The_Quine_Tapes recordedIn St._Louis,_Missouri || Bootleg_Series_Volume_1:_The_Quine_Tapes runtime 230.05",255,precededBy was recordedIn country followedBy recordLabel recordLabel releaseDate,ordering
ordering_test,results/ordering/ordering_test.json,261,[TRIPLE] Turn_Me_On_(album)  runtime  35.1 [/TRIPLE] [TRIPLE] Turn_Me_On_(album)  artist  The_Honeymoon_Killers_(American_band) [/TRIPLE] [TRIPLE] Turn_Me_On_(album)  genre  Punk_blues [/TRIPLE] [TRIPLE] Turn_Me_On_(album)  producer  The_Honeymoon_Killers_(American_band) [/TRIPLE] [TRIPLE] Turn_Me_On_(album)  genre  Noise_rock [/TRIPLE] [TRIPLE] Turn_Me_On_(album)  producer  Wharton_Tiers [/TRIPLE],6,4,2,5,artist | producer,Turn_Me_On_(album) artist The_Honeymoon_Killers_(American_band) || Turn_Me_On_(album) producer Wharton_Tiers,261,runtime genre genre creator producer,ordering
ordering_test,results/ordering/ordering_test.json,265,[TRIPLE] Pontiac_Rageous  productionStartYear  1997 [/TRIPLE] [TRIPLE] Pontiac_Rageous  assembly  Michigan [/TRIPLE] [TRIPLE] Pontiac_Rageous  assembly  Detroit [/TRIPLE] [TRIPLE] Pontiac_Rageous  productionEndYear  1997 [/TRIPLE] [TRIPLE] Pontiac_Rageous  bodyStyle  Coupe [/TRIPLE],5,4,1,4,productionEndYear,Pontiac_Rageous productionEndYear 1997,265,bodyStyle productionStartYear assembly assembly,ordering
ordering_test,results/ordering/ordering_test.json,267,"[TRIPLE] Alan_Shepard  birthDate  ""1923-11-18"" [/TRIPLE] [TRIPLE] Alan_Shepard  birthPlace  New_Hampshire [/TRIPLE] [TRIPLE] Alan_Shepard  almaMater  ""NWC, M.A. 1957"" [/TRIPLE] [TRIPLE] Alan_Shepard  mission  Apollo_14 [/TRIPLE]",4,3,1,4,mission,Alan_Shepard mission Apollo_14,267,birthPlace birthDate almaMater crew,ordering
ordering_test,results/ordering/ordering_test.json,268,[TRIPLE] It's_Great_to_Be_Young_(1956_film)  runtime  94.0 [/TRIPLE] [TRIPLE] It's_Great_to_Be_Young_(1956_film)  musicComposer  Louis_Levy [/TRIPLE] [TRIPLE] It's_Great_to_Be_Young_(1956_film)  starring  Cecil_Parker [/TRIPLE] [TRIPLE] It's_Great_to_Be_Young_(1956_film)  editing  Max_Benedict [/TRIPLE],4,3,1,5,runtime,It's_Great_to_Be_Young_(1956_film) runtime 94.0,268,starring starring film musicComposer editing,ordering
ordering_test,results/ordering/ordering_test.json,271,[TRIPLE] Mermaid_(Train_song)  writer  Stargate_(production_team) [/TRIPLE],1,0,1,1,writer,Mermaid_(Train_song) writer Stargate_(production_team),271,author,ordering
ordering_test,results/ordering/ordering_test.json,276,[TRIPLE] It's_Great_to_Be_Young_(1956_film)  cinematography  Gilbert_Taylor [/TRIPLE] [TRIPLE] It's_Great_to_Be_Young_(1956_film)  runtime  94.0 [/TRIPLE] [TRIPLE] It's_Great_to_Be_Young_(1956_film)  gross  282838.0 [/TRIPLE] [TRIPLE] It's_Great_to_Be_Young_(1956_film)  director  Cyril_Frankel [/TRIPLE],4,2,2,4,cinematography | gross,It's_Great_to_Be_Young_(1956_film) cinematography Gilbert_Taylor || It's_Great_to_Be_Young_(1956_film) gross 282838.0,276,director director runtime grosse,ordering
ordering_test,results/ordering/ordering_test.json,278,"[TRIPLE] Alan_Shepard  birthDate  ""1923-11-18"" [/TRIPLE] [TRIPLE] Alan_Shepard  nationality  United_States [/TRIPLE] [TRIPLE] Alan_Shepard  deathPlace  California [/TRIPLE] [TRIPLE] Alan_Shepard  deathDate  ""1998-07-21"" [/TRIPLE] [TRIPLE] Alan_Shepard  birthPlace  New_Hampshire [/TRIPLE] [TRIPLE] Alan_Shepard  award  Distinguished_Service_Medal_(United_States_Navy) [/TRIPLE]",6,5,1,6,award,Alan_Shepard award Distinguished_Service_Medal_(United_States_Navy),278,nationality birthPlace birthDate awards deathPlace deathDate,ordering
ordering_test,results/ordering/ordering_test.json,279,[TRIPLE] Ciudad_Ayala  type  City [/TRIPLE] [TRIPLE] Ciudad_Ayala  populationDensity  1604.0 [/TRIPLE] [TRIPLE] Ciudad_Ayala  governmentType  Council-manager_government [/TRIPLE] [TRIPLE] Ciudad_Ayala  utcOffset  −6 [/TRIPLE],4,2,2,3,type | populationDensity,Ciudad_Ayala type City || Ciudad_Ayala populationDensity 1604.0,279,city governmentType utcOffset,ordering
ordering_test,results/ordering/ordering_test.json,281,[TRIPLE] Death_on_a_Factory_Farm  broadcastedBy  HBO [/TRIPLE] [TRIPLE] Death_on_a_Factory_Farm  musicComposer  Jamie_Lawrence [/TRIPLE] [TRIPLE] Death_on_a_Factory_Farm  runtime  83.0 [/TRIPLE] [TRIPLE] Death_on_a_Factory_Farm  producer  Sarah_Teale [/TRIPLE] [TRIPLE] Death_on_a_Factory_Farm  director  Sarah_Teale [/TRIPLE],5,3,2,4,runtime | producer,Death_on_a_Factory_Farm runtime 83.0 || Death_on_a_Factory_Farm producer Sarah_Teale,281,broadcastedBy broadcastedBy director musicComposer,ordering
ordering_test,results/ordering/ordering_test.json,284,"[TRIPLE] Super_Capers  distributor  Lionsgate [/TRIPLE] [TRIPLE] Super_Capers  director  Ray_Griggs_(director) [/TRIPLE] [TRIPLE] Super_Capers  runtime  98.0 [/TRIPLE] [TRIPLE] Super_Capers  starring  Tom_Lister,_Jr. [/TRIPLE] [TRIPLE] Super_Capers  gross  30955.0 [/TRIPLE]",5,3,2,4,director | gross,Super_Capers director Ray_Griggs_(director) || Super_Capers gross 30955.0,284,distributor starring starring runtime,ordering
ordering_test,results/ordering/ordering_test.json,286,[TRIPLE] English_Without_Tears  editing  Alan_Jaggs [/TRIPLE] [TRIPLE] English_Without_Tears  producer  Anatole_de_Grunwald [/TRIPLE] [TRIPLE] English_Without_Tears  writer  Anatole_de_Grunwald [/TRIPLE],3,0,3,2,editing | producer | writer,English_Without_Tears editing Alan_Jaggs || English_Without_Tears producer Anatole_de_Grunwald || English_Without_Tears writer Anatole_de_Grunwald,286,editor publisher,ordering
ordering_test,results/ordering/ordering_test.json,290,[TRIPLE] Bedford_Aerodrome  cityServed  Bedford_Autodrome [/TRIPLE] [TRIPLE] Bedford_Aerodrome  icaoLocationIdentifier  EGBF [/TRIPLE],2,1,1,2,icaoLocationIdentifier,Bedford_Aerodrome icaoLocationIdentifier EGBF,290,cityServed ICAOLocationIdentifier,ordering
ordering_test,results/ordering/ordering_test.json,291,[TRIPLE] Aaron_Turner  genre  Post-metal [/TRIPLE] [TRIPLE] Aaron_Turner  origin  Massachusetts [/TRIPLE] [TRIPLE] Aaron_Turner  associatedBand/associatedMusicalArtist  Twilight_(band) [/TRIPLE] [TRIPLE] Aaron_Turner  instrument  Electric_guitar [/TRIPLE],4,3,1,4,origin,Aaron_Turner origin Massachusetts,291,country genre instrument associatedBand/associatedMusicalArtist,ordering
ordering_test,results/ordering/ordering_test.json,292,[TRIPLE] Darinka_Dentcheva  influencedBy  Andrzej_Piotr_Ruszczyński [/TRIPLE] [TRIPLE] Darinka_Dentcheva  citizenship  United_States [/TRIPLE] [TRIPLE] Darinka_Dentcheva  birthDate  1958-01-01 [/TRIPLE] [TRIPLE] Darinka_Dentcheva  almaMater  Humboldt_University [/TRIPLE],4,3,1,4,citizenship,Darinka_Dentcheva citizenship United_States,292,birthDate almaMater influencedBy nationality,ordering
ordering_test,results/ordering/ordering_test.json,293,[TRIPLE] Ciudad_Ayala  country  Mexico [/TRIPLE] [TRIPLE] Mexico  populationDensity  61.0 [/TRIPLE] [TRIPLE] Ciudad_Ayala  timeZone  Pacific_Daylight_Time [/TRIPLE] [TRIPLE] Ciudad_Ayala  timeZone  Pacific_Standard_Time_Zone [/TRIPLE],4,3,1,4,timeZone,Ciudad_Ayala timeZone Pacific_Standard_Time_Zone,293,country timeZone timeStandard_Time_Zone populationDensity,ordering
ordering_test,results/ordering/ordering_test.json,294,[TRIPLE] Abraham_A._Ribicoff  spouse  Casey_Ribicoff [/TRIPLE] [TRIPLE] Abraham_A._Ribicoff  deathPlace  United_States [/TRIPLE] [TRIPLE] Abraham_A._Ribicoff  birthPlace  United_States [/TRIPLE],3,2,1,2,spouse,Abraham_A._Ribicoff spouse Casey_Ribicoff,294,birthPlace deathPlace,ordering
ordering_test,results/ordering/ordering_test.json,295,[TRIPLE] Turn_Me_On_(album)  runtime  35.1 [/TRIPLE] [TRIPLE] Turn_Me_On_(album)  artist  The_Honeymoon_Killers_(American_band) [/TRIPLE] [TRIPLE] Turn_Me_On_(album)  genre  Punk_blues [/TRIPLE] [TRIPLE] Turn_Me_On_(album)  producer  The_Honeymoon_Killers_(American_band) [/TRIPLE] [TRIPLE] Turn_Me_On_(album)  genre  Noise_rock [/TRIPLE],5,4,1,4,artist,Turn_Me_On_(album) artist The_Honeymoon_Killers_(American_band),295,genre genre runtime producer,ordering
ordering_test,results/ordering/ordering_test.json,311,"[TRIPLE] Bootleg_Series_Volume_1:_The_Quine_Tapes  recordedIn  St._Louis,_Missouri [/TRIPLE] [TRIPLE] San_Francisco  leader  Ed_Lee_(politician) [/TRIPLE] [TRIPLE] Bootleg_Series_Volume_1:_The_Quine_Tapes  recordedIn  San_Francisco [/TRIPLE]",3,2,1,2,recordedIn,Bootleg_Series_Volume_1:_The_Quine_Tapes recordedIn San_Francisco,311,leader recordedIn,ordering
ordering_test,results/ordering/ordering_test.json,318,[TRIPLE] McVeagh_of_the_South_Seas  director  Cyril_Bruce [/TRIPLE] [TRIPLE] McVeagh_of_the_South_Seas  director  Harry_Carey_(actor_born_1878) [/TRIPLE] [TRIPLE] McVeagh_of_the_South_Seas  starring  Harry_Carey_(actor_born_1878) [/TRIPLE] [TRIPLE] McVeagh_of_the_South_Seas  writer  Harry_Carey_(actor_born_1878) [/TRIPLE],4,3,1,4,writer,McVeagh_of_the_South_Seas writer Harry_Carey_(actor_born_1878),318,director starring starring director,ordering
ordering_test,results/ordering/ordering_test.json,322,[TRIPLE] Super_Capers  starring  Justin_Whalin [/TRIPLE] [TRIPLE] Justin_Whalin  birthPlace  San_Francisco [/TRIPLE] [TRIPLE] Super_Capers  starring  Michael_Rooker [/TRIPLE] [TRIPLE] Michael_Rooker  birthDate  1955-04-06 [/TRIPLE],4,3,1,3,starring,Super_Capers starring Michael_Rooker,322,birthDate birthPlace starring,ordering
ordering_test,results/ordering/ordering_test.json,323,[TRIPLE] English_Without_Tears  runtime  89.0 [/TRIPLE] [TRIPLE] English_Without_Tears  musicComposer  Nicholas_Brodszky [/TRIPLE] [TRIPLE] English_Without_Tears  releaseDate  1944-07-28 [/TRIPLE] [TRIPLE] English_Without_Tears  director  Harold_French [/TRIPLE] [TRIPLE] English_Without_Tears  producer  Anatole_de_Grunwald [/TRIPLE],5,3,2,5,runtime | musicComposer,English_Without_Tears runtime 89.0 || English_Without_Tears musicComposer Nicholas_Brodszky,323,director director producer releaseDate 89.0,ordering
ordering_test,results/ordering/ordering_test.json,327,[TRIPLE] It's_Great_to_Be_Young_(1956_film)  starring  Cecil_Parker [/TRIPLE] [TRIPLE] It's_Great_to_Be_Young_(1956_film)  writer  Ted_Willis [/TRIPLE],2,1,1,2,writer,It's_Great_to_Be_Young_(1956_film) writer Ted_Willis,327,starring author,ordering
ordering_test,results/ordering/ordering_test.json,328,[TRIPLE] Bedford_Aerodrome  location  Thurleigh [/TRIPLE] [TRIPLE] Bedford_Aerodrome  icaoLocationIdentifier  EGBF [/TRIPLE] [TRIPLE] Thurleigh  postalCode  MK44 [/TRIPLE] [TRIPLE] Bedford_Aerodrome  operatingOrganisation  MotorSport_Vision [/TRIPLE] [TRIPLE] MotorSport_Vision  foundedBy  Peter_Ogden [/TRIPLE],5,4,1,5,icaoLocationIdentifier,Bedford_Aerodrome icaoLocationIdentifier EGBF,328,operatingOrganisation location postalCode ICAOLocationIdentifier foundedBy,ordering
ordering_test,results/ordering/ordering_test.json,331,[TRIPLE] English_Without_Tears  runtime  89.0 [/TRIPLE] [TRIPLE] English_Without_Tears  musicComposer  Nicholas_Brodszky [/TRIPLE] [TRIPLE] English_Without_Tears  releaseDate  1944-07-28 [/TRIPLE] [TRIPLE] English_Without_Tears  director  Harold_French [/TRIPLE] [TRIPLE] English_Without_Tears  editing  Alan_Jaggs [/TRIPLE] [TRIPLE] English_Without_Tears  writer  Anatole_de_Grunwald [/TRIPLE],6,2,4,5,musicComposer | releaseDate | editing | writer,English_Without_Tears musicComposer Nicholas_Brodszky || English_Without_Tears releaseDate 1944-07-28 || English_Without_Tears editing Alan_Jaggs || English_Without_Tears writer Anatole_de_Grunwald,331,director editor editor runtime author,ordering
ordering_test,results/ordering/ordering_test.json,336,[TRIPLE] Brandon_Carter  professionalField  General_relativity [/TRIPLE] [TRIPLE] Brandon_Carter  knownFor  Carter_constant [/TRIPLE] [TRIPLE] Brandon_Carter  knownFor  No-hair_theorem [/TRIPLE] [TRIPLE] Brandon_Carter  birthPlace  England [/TRIPLE],4,3,1,3,professionalField,Brandon_Carter professionalField General_relativity,336,birthPlace knownFor knownFor,ordering
ordering_test,results/ordering/ordering_test.json,337,[TRIPLE] Ciudad_Ayala  type  City [/TRIPLE],1,0,1,1,type,Ciudad_Ayala type City,337,city,ordering
ordering_test,results/ordering/ordering_test.json,342,[TRIPLE] Bedford_Aerodrome  operatingOrganisation  MotorSport_Vision [/TRIPLE] [TRIPLE] Bedford_Aerodrome  runwayLength  1095.0 [/TRIPLE] [TRIPLE] Bedford_Aerodrome  cityServed  Bedford_Autodrome [/TRIPLE] [TRIPLE] Bedford_Aerodrome  location  Thurleigh [/TRIPLE] [TRIPLE] Bedford_Aerodrome  icaoLocationIdentifier  EGBF [/TRIPLE],5,4,1,5,icaoLocationIdentifier,Bedford_Aerodrome icaoLocationIdentifier EGBF,342,location cityServed operatingOrganisation ICAOLocationIdentifier runwayLength,ordering
ordering_test,results/ordering/ordering_test.json,343,[TRIPLE] Super_Capers  starring  Adam_West [/TRIPLE] [TRIPLE] Super_Capers  budget  2000000.0 [/TRIPLE] [TRIPLE] Super_Capers  writer  Ray_Griggs_(director) [/TRIPLE] [TRIPLE] Super_Capers  director  Ray_Griggs_(director) [/TRIPLE],4,3,1,4,writer,Super_Capers writer Ray_Griggs_(director),343,starring director director budget,ordering
ordering_test,results/ordering/ordering_test.json,345,[TRIPLE] McVeagh_of_the_South_Seas  imdbId  0004319 [/TRIPLE] [TRIPLE] McVeagh_of_the_South_Seas  director  Cyril_Bruce [/TRIPLE] [TRIPLE] McVeagh_of_the_South_Seas  director  Harry_Carey_(actor_born_1878) [/TRIPLE] [TRIPLE] McVeagh_of_the_South_Seas  starring  Harry_Carey_(actor_born_1878) [/TRIPLE] [TRIPLE] McVeagh_of_the_South_Seas  writer  Harry_Carey_(actor_born_1878) [/TRIPLE] [TRIPLE] McVeagh_of_the_South_Seas  distributor  Alliance_Films_Corporation [/TRIPLE],6,5,1,6,writer,McVeagh_of_the_South_Seas writer Harry_Carey_(actor_born_1878),345,distributor starring director director starring imdbId,ordering
ordering_test,results/ordering/ordering_test.json,346,"[TRIPLE] Ciudad_Ayala  populationMetro  1777539 [/TRIPLE] [TRIPLE] Ciudad_Ayala  leaderTitle  ""City Manager"" [/TRIPLE] [TRIPLE] Ciudad_Ayala  type  City [/TRIPLE]",3,1,2,3,populationMetro | type,Ciudad_Ayala populationMetro 1777539 || Ciudad_Ayala type City,346,leaderTitle city numberMetro,ordering
ordering_test,results/ordering/ordering_test.json,347,[TRIPLE] It's_Great_to_Be_Young_(1956_film)  starring  John_Mills [/TRIPLE] [TRIPLE] It's_Great_to_Be_Young_(1956_film)  cinematography  Gilbert_Taylor [/TRIPLE] [TRIPLE] It's_Great_to_Be_Young_(1956_film)  runtime  94.0 [/TRIPLE] [TRIPLE] It's_Great_to_Be_Young_(1956_film)  gross  282838.0 [/TRIPLE],4,2,2,5,runtime | gross,It's_Great_to_Be_Young_(1956_film) runtime 94.0 || It's_Great_to_Be_Young_(1956_film) gross 282838.0,347,starring starring film costuming cinematography,ordering
ordering_test,results/ordering/ordering_test.json,353,"[TRIPLE] Pontiac_Rageous  assembly  Detroit [/TRIPLE] [TRIPLE] Detroit  isPartOf  Wayne_County,_Michigan [/TRIPLE] [TRIPLE] Detroit  isPartOf  Michigan [/TRIPLE] [TRIPLE] Pontiac_Rageous  manufacturer  Pontiac [/TRIPLE]",4,3,1,3,manufacturer,Pontiac_Rageous manufacturer Pontiac,353,isPartOf isPartOf assembly,ordering
ordering_test,results/ordering/ordering_test.json,363,[TRIPLE] It's_Great_to_Be_Young_(1956_film)  starring  John_Mills [/TRIPLE] [TRIPLE] It's_Great_to_Be_Young_(1956_film)  cinematography  Gilbert_Taylor [/TRIPLE] [TRIPLE] It's_Great_to_Be_Young_(1956_film)  runtime  94.0 [/TRIPLE] [TRIPLE] It's_Great_to_Be_Young_(1956_film)  gross  282838.0 [/TRIPLE] [TRIPLE] It's_Great_to_Be_Young_(1956_film)  director  Cyril_Frankel [/TRIPLE] [TRIPLE] It's_Great_to_Be_Young_(1956_film)  musicComposer  Louis_Levy [/TRIPLE] [TRIPLE] It's_Great_to_Be_Young_(1956_film)  starring  Cecil_Parker [/TRIPLE],7,5,2,7,cinematography | gross,It's_Great_to_Be_Young_(1956_film) cinematography Gilbert_Taylor || It's_Great_to_Be_Young_(1956_film) gross 282838.0,363,director director starring starring runtime starring musicComposer,ordering
ordering_test,results/ordering/ordering_test.json,369,[TRIPLE] Turn_Me_On_(album)  runtime  35.1 [/TRIPLE] [TRIPLE] Turn_Me_On_(album)  artist  The_Honeymoon_Killers_(American_band) [/TRIPLE] [TRIPLE] Turn_Me_On_(album)  genre  Punk_blues [/TRIPLE] [TRIPLE] Turn_Me_On_(album)  producer  The_Honeymoon_Killers_(American_band) [/TRIPLE],4,3,1,3,artist,Turn_Me_On_(album) artist The_Honeymoon_Killers_(American_band),369,genre producer runtime,ordering
ordering_test,results/ordering/ordering_test.json,372,"[TRIPLE] Alan_B._Miller_Hall  architect  Robert_A._M._Stern [/TRIPLE] [TRIPLE] Alan_B._Miller_Hall  address  ""101 Ukrop Way"" [/TRIPLE] [TRIPLE] Alan_B._Miller_Hall  buildingStartDate  ""30 March 2007"" [/TRIPLE] [TRIPLE] Alan_B._Miller_Hall  currentTenants  Mason_School_of_Business [/TRIPLE] [TRIPLE] Alan_B._Miller_Hall  architecturalStyle  Georgian_architecture [/TRIPLE] [TRIPLE] Mason_School_of_Business  country  United_States [/TRIPLE] [TRIPLE] Alan_B._Miller_Hall  owner  College_of_William_&_Mary [/TRIPLE]",7,6,1,6,architect,Alan_B._Miller_Hall architect Robert_A._M._Stern,372,owner buildingStartDate address architecturalStyle currentTenants country,ordering
ordering_test,results/ordering/ordering_test.json,376,[TRIPLE] Lady_Anne_Monson  nationality  Kingdom_of_England [/TRIPLE] [TRIPLE] India  areaTotal  3287590000000.0 [/TRIPLE] [TRIPLE] Lady_Anne_Monson  residence  India [/TRIPLE] [TRIPLE] India  leaderTitle  Chief Justice [/TRIPLE],4,2,2,3,areaTotal | residence,India areaTotal 3287590000000.0 || Lady_Anne_Monson residence India,376,country nationality leaderTitle,ordering
ordering_test,results/ordering/ordering_test.json,379,[TRIPLE] Nurhan_Atasoy  birthDate  1934-01-01 [/TRIPLE] [TRIPLE] Nurhan_Atasoy  residence  Istanbul [/TRIPLE] [TRIPLE] Nurhan_Atasoy  citizenship  Turkey [/TRIPLE] [TRIPLE] Nurhan_Atasoy  residence  Turkey [/TRIPLE],4,3,1,3,citizenship,Nurhan_Atasoy citizenship Turkey,379,birthDate residence residence,ordering
ordering_test,results/ordering/ordering_test.json,383,[TRIPLE] Lady_Anne_Monson  birthPlace  Darlington [/TRIPLE] [TRIPLE] Lady_Anne_Monson  birthDate  1726-01-01 [/TRIPLE] [TRIPLE] Lady_Anne_Monson  deathDate  1776-02-18 [/TRIPLE] [TRIPLE] Lady_Anne_Monson  birthPlace  Kingdom_of_England [/TRIPLE] [TRIPLE] Lady_Anne_Monson  residence  India [/TRIPLE],5,4,1,4,residence,Lady_Anne_Monson residence India,383,birthPlace birthDate birthPlace deathDate,ordering
ordering_test,results/ordering/ordering_test.json,388,"[TRIPLE] Death_on_a_Factory_Farm  producer  Tom_Simon [/TRIPLE] [TRIPLE] HBO  headquarter  New_York_City,_New_York [/TRIPLE] [TRIPLE] HBO  owner  Time_Warner [/TRIPLE] [TRIPLE] Death_on_a_Factory_Farm  broadcastedBy  HBO [/TRIPLE] [TRIPLE] Death_on_a_Factory_Farm  producer  Sarah_Teale [/TRIPLE]",5,4,1,4,producer,Death_on_a_Factory_Farm producer Sarah_Teale,388,headquarter owner broadcastedBy producer,ordering
ordering_test,results/ordering/ordering_test.json,389,[TRIPLE] Nie_Haisheng  mission  Shenzhou_10 [/TRIPLE] [TRIPLE] Nie_Haisheng  mission  Shenzhou_6 [/TRIPLE] [TRIPLE] Nie_Haisheng  birthPlace  Zaoyang [/TRIPLE],3,2,1,2,mission,Nie_Haisheng mission Shenzhou_6,389,birthPlace mission,ordering
ordering_test,results/ordering/ordering_test.json,392,"[TRIPLE] Mexico  currency  Mexican_peso [/TRIPLE] [TRIPLE] Mexico  demonym  Mexicans [/TRIPLE] [TRIPLE] Bionico  course  Dessert [/TRIPLE] [TRIPLE] Bionico  region  Guadalajara [/TRIPLE] [TRIPLE] Mexico  leader  Silvano_Aureoles_Conejo [/TRIPLE] [TRIPLE] Bionico  mainIngredient  ""Chopped Fruits, Sour Cream, Condensed Milk, Granola, Shredded Coconut, Raisins"" [/TRIPLE] [TRIPLE] Bionico  country  Mexico [/TRIPLE]",7,6,1,7,mainIngredient,"Bionico mainIngredient ""Chopped Fruits, Sour Cream, Condensed Milk, Granola, Shredded Coconut, Raisins""",392,course region country leader demonym mainIngredients currency,ordering
ordering_test,results/ordering/ordering_test.json,394,[TRIPLE] Pontiac_Rageous  manufacturer  Pontiac [/TRIPLE] [TRIPLE] Pontiac  parentCompany  General_Motors [/TRIPLE] [TRIPLE] Pontiac_Rageous  assembly  Michigan [/TRIPLE] [TRIPLE] Pontiac_Rageous  assembly  Detroit [/TRIPLE],4,3,1,3,assembly,Pontiac_Rageous assembly Detroit,394,parentCompany manufacturer assembly,ordering
ordering_test,results/ordering/ordering_test.json,395,[TRIPLE] Liselotte_Grschebina  deathDate  1994-06-14 [/TRIPLE] [TRIPLE] Liselotte_Grschebina  birthDate  1908-05-02 [/TRIPLE] [TRIPLE] Liselotte_Grschebina  professionalField  Photographer [/TRIPLE],3,2,1,2,professionalField,Liselotte_Grschebina professionalField Photographer,395,birthDate deathDate,ordering
ordering_test,results/ordering/ordering_test.json,397,[TRIPLE] 1147_Stavropolis  apoapsis  418476000000.0 [/TRIPLE] [TRIPLE] 1147_Stavropolis  orbitalPeriod  1249.6 [/TRIPLE] [TRIPLE] 1147_Stavropolis  discoverer  Grigory_Neujmin [/TRIPLE] [TRIPLE] 1147_Stavropolis  absoluteMagnitude  11.5 [/TRIPLE] [TRIPLE] 1147_Stavropolis  rotationPeriod  20378.5 [/TRIPLE],5,4,1,5,rotationPeriod,1147_Stavropolis rotationPeriod 20378.5,397,apoapsis orbitalPeriod apoapsis absoluteMagnitude discoverer,ordering
ordering_test,results/ordering/ordering_test.json,400,"[TRIPLE] Bootleg_Series_Volume_1:_The_Quine_Tapes  recordLabel  Polydor_Records [/TRIPLE] [TRIPLE] Universal_Music_Group  location  Santa_Monica,_California [/TRIPLE] [TRIPLE] Polydor_Records  location  London [/TRIPLE] [TRIPLE] Bootleg_Series_Volume_1:_The_Quine_Tapes  recordLabel  Universal_Music_Group [/TRIPLE]",4,3,1,3,recordLabel,Bootleg_Series_Volume_1:_The_Quine_Tapes recordLabel Universal_Music_Group,400,location location recordLabel,ordering
ordering_test,results/ordering/ordering_test.json,405,"[TRIPLE] Acharya_Institute_of_Technology  campus  ""In Soldevanahalli, Acharya Dr. Sarvapalli Radhakrishnan Road, Hessarghatta Main Road, Bangalore – 560090."" [/TRIPLE] [TRIPLE] All_India_Council_for_Technical_Education  location  Mumbai [/TRIPLE] [TRIPLE] Acharya_Institute_of_Technology  director  ""Dr. G. P. Prabhukumar"" [/TRIPLE] [TRIPLE] Bangalore  founder  Kempe_Gowda_I [/TRIPLE] [TRIPLE] Acharya_Institute_of_Technology  city  Bangalore [/TRIPLE] [TRIPLE] Acharya_Institute_of_Technology  established  2000 [/TRIPLE] [TRIPLE] Acharya_Institute_of_Technology  wasGivenTheTechnicalCampusStatusBy  All_India_Council_for_Technical_Education [/TRIPLE]",7,6,1,6,city,Acharya_Institute_of_Technology city Bangalore,405,campus established wasGivenTheTechnicalCampusStatusBy location founder director,ordering
ordering_test,results/ordering/ordering_test.json,407,[TRIPLE] Bedford_Aerodrome  operatingOrganisation  MotorSport_Vision [/TRIPLE] [TRIPLE] Bedford_Aerodrome  location  Thurleigh [/TRIPLE] [TRIPLE] Bedford_Aerodrome  icaoLocationIdentifier  EGBF [/TRIPLE] [TRIPLE] Bedford_Aerodrome  elevationAboveTheSeaLevel  83.2104 [/TRIPLE],4,3,1,4,icaoLocationIdentifier,Bedford_Aerodrome icaoLocationIdentifier EGBF,407,location operatingOrganisation ICAOLocationIdentifier elevationAboveTheSeaLevel,ordering
ordering_test,results/ordering/ordering_test.json,411,[TRIPLE] Nie_Haisheng  birthPlace  Zaoyang [/TRIPLE] [TRIPLE] Nie_Haisheng  birthPlace  Hubei [/TRIPLE] [TRIPLE] Nie_Haisheng  mission  Shenzhou_10 [/TRIPLE] [TRIPLE] Nie_Haisheng  mission  Shenzhou_6 [/TRIPLE] [TRIPLE] Nie_Haisheng  nationality  People's_Republic_of_China [/TRIPLE] [TRIPLE] Nie_Haisheng  birthDate  1964-10-13 [/TRIPLE],6,5,1,5,mission,Nie_Haisheng mission Shenzhou_6,411,nationality birthPlace birthDate birthPlace mission,ordering
ordering_test,results/ordering/ordering_test.json,414,[TRIPLE] Nurhan_Atasoy  birthDate  1934-01-01 [/TRIPLE] [TRIPLE] Nurhan_Atasoy  residence  Istanbul [/TRIPLE] [TRIPLE] Nurhan_Atasoy  citizenship  Turkey [/TRIPLE] [TRIPLE] Nurhan_Atasoy  birthPlace  Turkey [/TRIPLE] [TRIPLE] Nurhan_Atasoy  residence  Turkey [/TRIPLE],5,3,2,3,citizenship | residence,Nurhan_Atasoy citizenship Turkey || Nurhan_Atasoy residence Turkey,414,birthPlace birthDate residence,ordering
ordering_test,results/ordering/ordering_test.json,418,[TRIPLE] Nurhan_Atasoy  residence  Istanbul [/TRIPLE] [TRIPLE] Istanbul  timeZone  Eastern_European_Time [/TRIPLE] [TRIPLE] Istanbul  timeZone  Eastern_European_Summer_Time [/TRIPLE] [TRIPLE] Nurhan_Atasoy  residence  Turkey [/TRIPLE],4,3,1,3,residence,Nurhan_Atasoy residence Turkey,418,residence timeZone timeZone,ordering
ordering_test,results/ordering/ordering_test.json,421,[TRIPLE] Turn_Me_On_(album)  precededBy  Let_It_Breed [/TRIPLE] [TRIPLE] Turn_Me_On_(album)  runtime  35.1 [/TRIPLE] [TRIPLE] Turn_Me_On_(album)  followedBy  Take_It_Off! [/TRIPLE],3,2,1,2,runtime,Turn_Me_On_(album) runtime 35.1,421,precededBy followedBy,ordering
ordering_test,results/ordering/ordering_test.json,422,[TRIPLE] English_Without_Tears  releaseDate  1944-07-28 [/TRIPLE] [TRIPLE] English_Without_Tears  editing  Alan_Jaggs [/TRIPLE] [TRIPLE] English_Without_Tears  producer  Anatole_de_Grunwald [/TRIPLE] [TRIPLE] English_Without_Tears  writer  Anatole_de_Grunwald [/TRIPLE] [TRIPLE] English_Without_Tears  cinematography  Bernard_Knowles [/TRIPLE],5,1,4,5,editing | producer | writer | cinematography,English_Without_Tears editing Alan_Jaggs || English_Without_Tears producer Anatole_de_Grunwald || English_Without_Tears writer Anatole_de_Grunwald || English_Without_Tears cinematography Bernard_Knowles,422,editor director film releaseDate editor,ordering
ordering_test,results/ordering/ordering_test.json,431,[TRIPLE] Darinka_Dentcheva  citizenship  United_States [/TRIPLE] [TRIPLE] United_States  leader  John_Roberts [/TRIPLE],2,1,1,2,citizenship,Darinka_Dentcheva citizenship United_States,431,leader country,ordering
ordering_test,results/ordering/ordering_test.json,433,[TRIPLE] Bedford_Aerodrome  operatingOrganisation  MotorSport_Vision [/TRIPLE] [TRIPLE] Bedford_Aerodrome  runwayLength  1095.0 [/TRIPLE] [TRIPLE] Bedford_Aerodrome  cityServed  Bedford_Autodrome [/TRIPLE] [TRIPLE] Bedford_Aerodrome  location  Thurleigh [/TRIPLE] [TRIPLE] Bedford_Aerodrome  icaoLocationIdentifier  EGBF [/TRIPLE] [TRIPLE] Bedford_Aerodrome  elevationAboveTheSeaLevel  83.2104 [/TRIPLE] [TRIPLE] Bedford_Aerodrome  runwaySurfaceType  Concrete [/TRIPLE],7,6,1,7,icaoLocationIdentifier,Bedford_Aerodrome icaoLocationIdentifier EGBF,433,location cityServed operatingOrganisation ICAOLocationIdentifier runwayLength runwaySurfaceType elevationAboveTheSeaLevel,ordering
ordering_test,results/ordering/ordering_test.json,438,[TRIPLE] Nurhan_Atasoy  birthPlace  Reşadiye [/TRIPLE] [TRIPLE] Reşadiye  isPartOf  Tokat_Province [/TRIPLE] [TRIPLE] Turkey  areaTotal  783356.0 [/TRIPLE] [TRIPLE] Nurhan_Atasoy  birthPlace  Turkey [/TRIPLE],4,3,1,4,birthPlace,Nurhan_Atasoy birthPlace Turkey,438,birthPlace isPartOf country areaTotal,ordering
ordering_test,results/ordering/ordering_test.json,441,[TRIPLE] Liselotte_Grschebina  nationality  Israel [/TRIPLE] [TRIPLE] Israel  populationDensity  387.63 [/TRIPLE] [TRIPLE] German_Empire  foundingDate  1871-01-01 [/TRIPLE] [TRIPLE] Liselotte_Grschebina  birthPlace  German_Empire [/TRIPLE] [TRIPLE] Liselotte_Grschebina  professionalField  Photographer [/TRIPLE],5,3,2,5,populationDensity | professionalField,Israel populationDensity 387.63 || Liselotte_Grschebina professionalField Photographer,441,nationality birthPlace foundingDate occupation numberDensity,ordering
ordering_test,results/ordering/ordering_test.json,442,[TRIPLE] Olga_Bondareva  professionalField  Mathematics [/TRIPLE],1,0,1,1,professionalField,Olga_Bondareva professionalField Mathematics,442,professionField,ordering
ordering_test,results/ordering/ordering_test.json,447,[TRIPLE] Mermaid_(Train_song)  genre  Pop_rock [/TRIPLE] [TRIPLE] Mermaid_(Train_song)  releaseDate  2012-12-27 [/TRIPLE] [TRIPLE] Mermaid_(Train_song)  precededBy  This'll_Be_My_Year [/TRIPLE] [TRIPLE] Mermaid_(Train_song)  writer  Espen_Lind [/TRIPLE] [TRIPLE] Mermaid_(Train_song)  runtime  3.16 [/TRIPLE] [TRIPLE] Mermaid_(Train_song)  genre  Reggae [/TRIPLE],6,5,1,6,writer,Mermaid_(Train_song) writer Espen_Lind,447,precededBy genre genre author releaseDate runtime,ordering
ordering_test,results/ordering/ordering_test.json,448,"[TRIPLE] GMA_New_Media  keyPerson  Felipe_Gozon [/TRIPLE] [TRIPLE] GMA_New_Media  industry  Entertainment [/TRIPLE] [TRIPLE] GMA_New_Media  subsidiary  Philippine_Entertainment_Portal [/TRIPLE] [TRIPLE] GMA_New_Media  subsidiary  Digify,_Inc. [/TRIPLE] [TRIPLE] GMA_New_Media  parentCompany  GMA_Network_(company) [/TRIPLE]",5,4,1,5,subsidiary,"GMA_New_Media subsidiary Digify,_Inc.",448,keyPerson parentCompany industry keyPerson subsidiary,ordering
ordering_test,results/ordering/ordering_test.json,450,[TRIPLE] Liselotte_Grschebina  birthPlace  Karlsruhe [/TRIPLE] [TRIPLE] Liselotte_Grschebina  birthDate  1908-05-02 [/TRIPLE] [TRIPLE] Liselotte_Grschebina  deathDate  1994-06-14 [/TRIPLE] [TRIPLE] Liselotte_Grschebina  deathPlace  Israel [/TRIPLE] [TRIPLE] Liselotte_Grschebina  nationality  Israel [/TRIPLE] [TRIPLE] Liselotte_Grschebina  birthPlace  German_Empire [/TRIPLE] [TRIPLE] Liselotte_Grschebina  professionalField  Photographer [/TRIPLE],7,6,1,6,professionalField,Liselotte_Grschebina professionalField Photographer,450,nationality birthPlace birthDate birthPlace deathPlace deathDate,ordering
ordering_test,results/ordering/ordering_test.json,451,[TRIPLE] Mermaid_(Train_song)  recordLabel  Sony_Music_Entertainment [/TRIPLE] [TRIPLE] Mermaid_(Train_song)  followedBy  Imagine_(John_Lennon_song) [/TRIPLE] [TRIPLE] Imagine_(John_Lennon_song)  followedBy  Happy_Xmas_(War_Is_Over) [/TRIPLE],3,2,1,2,recordLabel,Mermaid_(Train_song) recordLabel Sony_Music_Entertainment,451,followedBy followedBy,ordering
ordering_test,results/ordering/ordering_test.json,452,[TRIPLE] English_Without_Tears  writer  Anatole_de_Grunwald [/TRIPLE] [TRIPLE] English_Without_Tears  writer  Terence_Rattigan [/TRIPLE],2,0,2,1,writer | writer,English_Without_Tears writer Anatole_de_Grunwald || English_Without_Tears writer Terence_Rattigan,452,author,ordering
ordering_test,results/ordering/ordering_test.json,453,[TRIPLE] Bootleg_Series_Volume_1:_The_Quine_Tapes  recordedIn  San_Francisco [/TRIPLE] [TRIPLE] San_Francisco  utcOffset  &minus;7 [/TRIPLE] [TRIPLE] Bootleg_Series_Volume_1:_The_Quine_Tapes  recordedIn  United_States [/TRIPLE] [TRIPLE] United_States  areaTotal  9833520000000.0 [/TRIPLE],4,2,2,3,recordedIn | areaTotal,Bootleg_Series_Volume_1:_The_Quine_Tapes recordedIn United_States || United_States areaTotal 9833520000000.0,453,utcOffset recordedIn regionTotal,ordering
ordering_test,results/ordering/ordering_test.json,455,[TRIPLE] Nord_(Year_of_No_Light_album)  genre  Sludge_metal [/TRIPLE] [TRIPLE] Sludge_metal  musicSubgenre  Southern_sludge [/TRIPLE] [TRIPLE] Sludge_metal  musicSubgenre  Stoner_sludge [/TRIPLE] [TRIPLE] Nord_(Year_of_No_Light_album)  genre  Post-metal [/TRIPLE],4,3,1,3,musicSubgenre,Sludge_metal musicSubgenre Stoner_sludge,455,genre genre musicSubgenre,ordering
ordering_test,results/ordering/ordering_test.json,468,[TRIPLE] Mermaid_(Train_song)  releaseDate  2012-12-27 [/TRIPLE] [TRIPLE] Mermaid_(Train_song)  precededBy  This'll_Be_My_Year [/TRIPLE] [TRIPLE] Mermaid_(Train_song)  writer  Espen_Lind [/TRIPLE] [TRIPLE] Mermaid_(Train_song)  genre  Reggae [/TRIPLE],4,3,1,4,writer,Mermaid_(Train_song) writer Espen_Lind,468,precededBy genre author releaseDate,ordering
ordering_test,results/ordering/ordering_test.json,469,[TRIPLE] GMA_New_Media  location  Philippines [/TRIPLE] [TRIPLE] Quezon_City  leaderParty  Liberal_Party_(Philippines) [/TRIPLE] [TRIPLE] GMA_New_Media  location  Quezon_City [/TRIPLE] [TRIPLE] GMA_New_Media  product  World_Wide_Web [/TRIPLE] [TRIPLE] Philippines  foundingDate  1898-06-12 [/TRIPLE],5,4,1,4,location,GMA_New_Media location Quezon_City,469,location leaderParty foundingDate product,ordering
ordering_test,results/ordering/ordering_test.json,472,[TRIPLE] Darinka_Dentcheva  influencedBy  Andrzej_Piotr_Ruszczyński [/TRIPLE] [TRIPLE] Darinka_Dentcheva  professionalField  Mathematical_optimization [/TRIPLE] [TRIPLE] Darinka_Dentcheva  knownFor  Stochastic_programming [/TRIPLE] [TRIPLE] Darinka_Dentcheva  almaMater  Humboldt_University [/TRIPLE],4,3,1,4,professionalField,Darinka_Dentcheva professionalField Mathematical_optimization,472,influencedBy almaMater academicField knownFor,ordering
ordering_test,results/ordering/ordering_test.json,475,[TRIPLE] Mermaid_(Train_song)  recordLabel  Columbia_Records [/TRIPLE] [TRIPLE] Sony_Music_Entertainment  owner  Sony_Corporation [/TRIPLE] [TRIPLE] Mermaid_(Train_song)  recordLabel  Sony_Music_Entertainment [/TRIPLE],3,2,1,2,recordLabel,Mermaid_(Train_song) recordLabel Sony_Music_Entertainment,475,owner recordLabel,ordering
ordering_test,results/ordering/ordering_test.json,479,"[TRIPLE] Ciudad_Ayala  populationMetro  1777539 [/TRIPLE] [TRIPLE] Ciudad_Ayala  leaderTitle  ""City Manager"" [/TRIPLE] [TRIPLE] Ciudad_Ayala  type  City [/TRIPLE] [TRIPLE] Ciudad_Ayala  populationDensity  1604.0 [/TRIPLE] [TRIPLE] Ciudad_Ayala  governmentType  Council-manager_government [/TRIPLE] [TRIPLE] Ciudad_Ayala  utcOffset  −6 [/TRIPLE] [TRIPLE] Ciudad_Ayala  country  Mexico [/TRIPLE]",7,4,3,6,populationMetro | type | populationDensity,Ciudad_Ayala populationMetro 1777539 || Ciudad_Ayala type City || Ciudad_Ayala populationDensity 1604.0,479,country leaderTitle governmentType city numberDensity utcOffset,ordering
ordering_test,results/ordering/ordering_test.json,493,"[TRIPLE] Al_Asad_Airbase  operatingOrganisation  United_States_Air_Force [/TRIPLE] [TRIPLE] Al_Asad_Airbase  icaoLocationIdentifier  ""ORAA"" [/TRIPLE]",2,1,1,2,icaoLocationIdentifier,"Al_Asad_Airbase icaoLocationIdentifier ""ORAA""",493,operatingOrganisation ICAOLocationIdentifier,ordering
ordering_test,results/ordering/ordering_test.json,500,[TRIPLE] Death_on_a_Factory_Farm  director  Tom_Simon [/TRIPLE] [TRIPLE] Death_on_a_Factory_Farm  producer  Tom_Simon [/TRIPLE] [TRIPLE] Death_on_a_Factory_Farm  broadcastedBy  HBO [/TRIPLE] [TRIPLE] Death_on_a_Factory_Farm  editor  Geof_Bartz [/TRIPLE] [TRIPLE] Death_on_a_Factory_Farm  musicComposer  Jamie_Lawrence [/TRIPLE] [TRIPLE] Death_on_a_Factory_Farm  runtime  83.0 [/TRIPLE] [TRIPLE] Death_on_a_Factory_Farm  producer  Sarah_Teale [/TRIPLE],7,4,3,5,producer | runtime | producer,Death_on_a_Factory_Farm producer Tom_Simon || Death_on_a_Factory_Farm runtime 83.0 || Death_on_a_Factory_Farm producer Sarah_Teale,500,broadcastedBy broadcastedBy director editor musicComposer,ordering
ordering_test,results/ordering/ordering_test.json,503,[TRIPLE] Expect_a_Miracle  type  Compilation_Album [/TRIPLE] [TRIPLE] Expect_a_Miracle  precededBy  Pools_of_Light_(Brian_Kelly_album) [/TRIPLE] [TRIPLE] Expect_a_Miracle  followedBy  Afterplay_(Brian_Kelly_album) [/TRIPLE],3,2,1,2,type,Expect_a_Miracle type Compilation_Album,503,precededBy followedBy,ordering
ordering_test,results/ordering/ordering_test.json,512,[TRIPLE] Nurhan_Atasoy  citizenship  Turkey [/TRIPLE] [TRIPLE] Istanbul  timeZone  Eastern_European_Summer_Time [/TRIPLE] [TRIPLE] Istanbul  timeZone  Eastern_European_Time [/TRIPLE] [TRIPLE] Nurhan_Atasoy  birthDate  1934-01-01 [/TRIPLE] [TRIPLE] Nurhan_Atasoy  residence  Istanbul [/TRIPLE],5,3,2,3,citizenship | timeZone,Nurhan_Atasoy citizenship Turkey || Istanbul timeZone Eastern_European_Time,512,birthDate residence timeZone,ordering
ordering_test,results/ordering/ordering_test.json,514,[TRIPLE] Death_on_a_Factory_Farm  director  Tom_Simon [/TRIPLE] [TRIPLE] Death_on_a_Factory_Farm  producer  Tom_Simon [/TRIPLE] [TRIPLE] Death_on_a_Factory_Farm  producer  Sarah_Teale [/TRIPLE] [TRIPLE] Death_on_a_Factory_Farm  director  Sarah_Teale [/TRIPLE],4,3,1,3,producer,Death_on_a_Factory_Farm producer Sarah_Teale,514,director director producer,ordering
ordering_test,results/ordering/ordering_test.json,524,[TRIPLE] University_of_Burgundy  numberOfUndergraduateStudents  16800 [/TRIPLE] [TRIPLE] University_of_Burgundy  staff  2900 [/TRIPLE] [TRIPLE] University_of_Burgundy  numberOfStudents  27400 [/TRIPLE] [TRIPLE] University_of_Burgundy  numberOfDoctoralStudents  1299 [/TRIPLE] [TRIPLE] University_of_Burgundy  campus  Dijon [/TRIPLE] [TRIPLE] University_of_Burgundy  country  France [/TRIPLE],6,5,1,5,staff,University_of_Burgundy staff 2900,524,campus country numberOfUndergraduateStudents numberOfStudents numberOfDoctoralStudents,ordering
ordering_test,results/ordering/ordering_test.json,525,[TRIPLE] English_Without_Tears  releaseDate  1944-07-28 [/TRIPLE] [TRIPLE] English_Without_Tears  producer  Anatole_de_Grunwald [/TRIPLE] [TRIPLE] English_Without_Tears  writer  Anatole_de_Grunwald [/TRIPLE] [TRIPLE] English_Without_Tears  cinematography  Bernard_Knowles [/TRIPLE] [TRIPLE] English_Without_Tears  writer  Terence_Rattigan [/TRIPLE] [TRIPLE] English_Without_Tears  runtime  89.0 [/TRIPLE],6,1,5,5,producer | writer | cinematography | writer | runtime,English_Without_Tears producer Anatole_de_Grunwald || English_Without_Tears writer Anatole_de_Grunwald || English_Without_Tears cinematography Bernard_Knowles || English_Without_Tears writer Terence_Rattigan || English_Without_Tears runtime 89.0,525,director creator creator filmtography releaseDate,ordering
ordering_test,results/ordering/ordering_test.json,527,"[TRIPLE] Adams_County,_Pennsylvania  hasToItsWest  Franklin_County,_Pennsylvania [/TRIPLE] [TRIPLE] 11th_Mississippi_Infantry_Monument  established  2000 [/TRIPLE] [TRIPLE] 11th_Mississippi_Infantry_Monument  location  Adams_County,_Pennsylvania [/TRIPLE] [TRIPLE] Adams_County,_Pennsylvania  hasToItsSoutheast  Carroll_County,_Maryland [/TRIPLE] [TRIPLE] 11th_Mississippi_Infantry_Monument  category  Contributing_property [/TRIPLE] [TRIPLE] Adams_County,_Pennsylvania  hasToItsNorth  Cumberland_County,_Pennsylvania [/TRIPLE] [TRIPLE] 11th_Mississippi_Infantry_Monument  country  ""United States"" [/TRIPLE]",7,6,1,7,hasToItsWest,"Adams_County,_Pennsylvania hasToItsWest Franklin_County,_Pennsylvania",527,established location country category hasToItsNorth hasToItsSoutheast hasToItsNorth,ordering
ordering_test,results/ordering/ordering_test.json,528,"[TRIPLE] Acharya_Institute_of_Technology  campus  ""In Soldevanahalli, Acharya Dr. Sarvapalli Radhakrishnan Road, Hessarghatta Main Road, Bangalore – 560090."" [/TRIPLE] [TRIPLE] All_India_Council_for_Technical_Education  location  Mumbai [/TRIPLE] [TRIPLE] Acharya_Institute_of_Technology  director  ""Dr. G. P. Prabhukumar"" [/TRIPLE] [TRIPLE] Bangalore  founder  Kempe_Gowda_I [/TRIPLE] [TRIPLE] Acharya_Institute_of_Technology  affiliation  Visvesvaraya_Technological_University [/TRIPLE] [TRIPLE] Acharya_Institute_of_Technology  city  Bangalore [/TRIPLE] [TRIPLE] Acharya_Institute_of_Technology  wasGivenTheTechnicalCampusStatusBy  All_India_Council_for_Technical_Education [/TRIPLE]",7,6,1,6,city,Acharya_Institute_of_Technology city Bangalore,528,campus wasGivenTheTechnicalCampusStatusBy location director affiliation founder,ordering
ordering_test,results/ordering/ordering_test.json,529,"[TRIPLE] Estádio_Municipal_Coaracy_da_Mata_Fonseca  location  Arapiraca [/TRIPLE] [TRIPLE] Agremiação_Sportiva_Arapiraquense  league  Campeonato_Brasileiro_Série_C [/TRIPLE] [TRIPLE] Campeonato_Brasileiro_Série_C  champions  Vila_Nova_Futebol_Clube [/TRIPLE] [TRIPLE] Agremiação_Sportiva_Arapiraquense  nickname  ""Asa Gigante ''"" [/TRIPLE] [TRIPLE] Campeonato_Brasileiro_Série_C  country  Brazil [/TRIPLE] [TRIPLE] Agremiação_Sportiva_Arapiraquense  numberOfMembers  17000 [/TRIPLE] [TRIPLE] Agremiação_Sportiva_Arapiraquense  ground  Estádio_Municipal_Coaracy_da_Mata_Fonseca [/TRIPLE]",7,6,1,6,location,Estádio_Municipal_Coaracy_da_Mata_Fonseca location Arapiraca,529,nickname ground numberOfMembers league country champions,ordering
ordering_test,results/ordering/ordering_test.json,536,[TRIPLE] Mermaid_(Train_song)  followedBy  Imagine_(John_Lennon_song) [/TRIPLE] [TRIPLE] Mermaid_(Train_song)  producer  Espionage_(production_team) [/TRIPLE] [TRIPLE] Mermaid_(Train_song)  album  California_37_(Train_album) [/TRIPLE] [TRIPLE] Mermaid_(Train_song)  writer  Pat_Monahan [/TRIPLE] [TRIPLE] Mermaid_(Train_song)  format  Music_download [/TRIPLE],5,1,4,4,producer | album | writer | format,Mermaid_(Train_song) producer Espionage_(production_team) || Mermaid_(Train_song) album California_37_(Train_album) || Mermaid_(Train_song) writer Pat_Monahan || Mermaid_(Train_song) format Music_download,536,followedBy author genre followedBy,ordering
ordering_test,results/ordering/ordering_test.json,542,[TRIPLE] Bedford_Aerodrome  operatingOrganisation  MotorSport_Vision [/TRIPLE] [TRIPLE] Bedford_Aerodrome  location  Thurleigh [/TRIPLE] [TRIPLE] Bedford_Aerodrome  icaoLocationIdentifier  EGBF [/TRIPLE],3,2,1,3,icaoLocationIdentifier,Bedford_Aerodrome icaoLocationIdentifier EGBF,542,location operatingOrganisation ICAOLocationIdentifier,ordering
ordering_test,results/ordering/ordering_test.json,543,"[TRIPLE] Olga_Bondareva  birthPlace  Leningrad,_USSR [/TRIPLE] [TRIPLE] Olga_Bondareva  birthName  ""Olga Nikolaevna Bondareva"" [/TRIPLE] [TRIPLE] Olga_Bondareva  deathDate  1991-12-09 [/TRIPLE] [TRIPLE] Olga_Bondareva  professionalField  Economics [/TRIPLE] [TRIPLE] Olga_Bondareva  professionalField  Mathematics [/TRIPLE]",5,3,2,3,professionalField | professionalField,Olga_Bondareva professionalField Economics || Olga_Bondareva professionalField Mathematics,543,birthPlace birthName deathDate,ordering
ordering_test,results/ordering/ordering_test.json,544,[TRIPLE] It's_Great_to_Be_Young_(1956_film)  starring  John_Mills [/TRIPLE] [TRIPLE] It's_Great_to_Be_Young_(1956_film)  runtime  94.0 [/TRIPLE] [TRIPLE] It's_Great_to_Be_Young_(1956_film)  gross  282838.0 [/TRIPLE] [TRIPLE] It's_Great_to_Be_Young_(1956_film)  director  Cyril_Frankel [/TRIPLE],4,3,1,5,gross,It's_Great_to_Be_Young_(1956_film) gross 282838.0,544,director starring starring runtime grosse,ordering
ordering_test,results/ordering/ordering_test.json,549,[TRIPLE] It's_Great_to_Be_Young_(1956_film)  editing  Max_Benedict [/TRIPLE] [TRIPLE] Max_Benedict  activeYearsStartYear  1947-01-01 [/TRIPLE] [TRIPLE] It's_Great_to_Be_Young_(1956_film)  runtime  94.0 [/TRIPLE] [TRIPLE] It's_Great_to_Be_Young_(1956_film)  director  Cyril_Frankel [/TRIPLE],4,3,1,4,editing,It's_Great_to_Be_Young_(1956_film) editing Max_Benedict,549,director director activeYearsStartYear runtime,ordering
ordering_test,results/ordering/ordering_test.json,550,[TRIPLE] 1147_Stavropolis  apoapsis  418476000000.0 [/TRIPLE] [TRIPLE] 1147_Stavropolis  discovered  1929-06-11 [/TRIPLE] [TRIPLE] 1147_Stavropolis  rotationPeriod  20378.5 [/TRIPLE] [TRIPLE] 1147_Stavropolis  periapsis  260855000000.0 [/TRIPLE] [TRIPLE] 1147_Stavropolis  epoch  31 July 2016 (JD2457600.5) [/TRIPLE] [TRIPLE] 1147_Stavropolis  orbitalPeriod  1249.6 [/TRIPLE],6,5,1,6,rotationPeriod,1147_Stavropolis rotationPeriod 20378.5,550,epoch apoapsis periapsis discovered orbitalPeriod planetaryPeriod,ordering
ordering_test,results/ordering/ordering_test.json,553,[TRIPLE] 1147_Stavropolis  orbitalPeriod  1249.6 [/TRIPLE] [TRIPLE] 1147_Stavropolis  absoluteMagnitude  11.5 [/TRIPLE] [TRIPLE] 1147_Stavropolis  discovered  1929-06-11 [/TRIPLE] [TRIPLE] 1147_Stavropolis  periapsis  260855000000.0 [/TRIPLE] [TRIPLE] 1147_Stavropolis  epoch  31 July 2016 (JD2457600.5) [/TRIPLE],5,4,1,5,absoluteMagnitude,1147_Stavropolis absoluteMagnitude 11.5,553,periapsis epoch discovered orbitalPeriod periapsis,ordering
ordering_test,results/ordering/ordering_test.json,558,"[TRIPLE] Abraham_A._Ribicoff  spouse  ""Ruth Ribicoff"" [/TRIPLE] [TRIPLE] Abraham_A._Ribicoff  birthPlace  United_States [/TRIPLE] [TRIPLE] United_States  ethnicGroup  African_Americans [/TRIPLE] [TRIPLE] Abraham_A._Ribicoff  deathPlace  New_York [/TRIPLE]",4,3,1,3,spouse,"Abraham_A._Ribicoff spouse ""Ruth Ribicoff""",558,birthPlace deathPlace ethnicGroup,ordering
ordering_test,results/ordering/ordering_test.json,559,[TRIPLE] University_of_Burgundy  numberOfUndergraduateStudents  16800 [/TRIPLE] [TRIPLE] University_of_Burgundy  staff  2900 [/TRIPLE] [TRIPLE] University_of_Burgundy  numberOfStudents  27400 [/TRIPLE] [TRIPLE] University_of_Burgundy  numberOfDoctoralStudents  1299 [/TRIPLE],4,1,3,3,numberOfUndergraduateStudents | staff | numberOfDoctoralStudents,University_of_Burgundy numberOfUndergraduateStudents 16800 || University_of_Burgundy staff 2900 || University_of_Burgundy numberOfDoctoralStudents 1299,559,numberOfStudents numberOfStudents numberOfstaff,ordering
ordering_test,results/ordering/ordering_test.json,561,[TRIPLE] McVeagh_of_the_South_Seas  imdbId  0004319 [/TRIPLE] [TRIPLE] McVeagh_of_the_South_Seas  starring  Harry_Carey_(actor_born_1878) [/TRIPLE] [TRIPLE] McVeagh_of_the_South_Seas  writer  Harry_Carey_(actor_born_1878) [/TRIPLE] [TRIPLE] McVeagh_of_the_South_Seas  producer  The_Progressive_Motion_Picture_Company [/TRIPLE] [TRIPLE] McVeagh_of_the_South_Seas  distributor  Alliance_Films_Corporation [/TRIPLE],5,3,2,5,writer | producer,McVeagh_of_the_South_Seas writer Harry_Carey_(actor_born_1878) || McVeagh_of_the_South_Seas producer The_Progressive_Motion_Picture_Company,561,distributor starring author starring imdbId,ordering
ordering_test,results/ordering/ordering_test.json,567,[TRIPLE] Turn_Me_On_(album)  producer  Wharton_Tiers [/TRIPLE] [TRIPLE] Take_It_Off!  followedBy  'Til_Death_Do_Us_Part_(EP) [/TRIPLE] [TRIPLE] Turn_Me_On_(album)  followedBy  Take_It_Off! [/TRIPLE] [TRIPLE] Take_It_Off!  producer  The_Honeymoon_Killers_(American_band) [/TRIPLE],4,3,1,3,producer,Take_It_Off! producer The_Honeymoon_Killers_(American_band),567,followedBy followedBy producer,ordering
ordering_test,results/ordering/ordering_test.json,571,[TRIPLE] Chinabank  foundationPlace  Manila [/TRIPLE] [TRIPLE] Manila  type  Capital_city [/TRIPLE] [TRIPLE] Chinabank  type  Public_company [/TRIPLE] [TRIPLE] Chinabank  foundationPlace  Insular_Government_of_the_Philippine_Islands [/TRIPLE],4,3,1,3,type,Chinabank type Public_company,571,foundationPlace foundationPlace type,ordering
ordering_test,results/ordering/ordering_test.json,574,[TRIPLE] Brandon_Carter  professionalField  General_relativity [/TRIPLE] [TRIPLE] Brandon_Carter  knownFor  Carter_constant [/TRIPLE] [TRIPLE] Brandon_Carter  knownFor  No-hair_theorem [/TRIPLE] [TRIPLE] Brandon_Carter  doctoralAdvisor  Dennis_William_Sciama [/TRIPLE] [TRIPLE] Brandon_Carter  birthPlace  England [/TRIPLE] [TRIPLE] Brandon_Carter  almaMater  University_of_Cambridge [/TRIPLE],6,5,1,5,professionalField,Brandon_Carter professionalField General_relativity,574,birthPlace almaMater doctoralAdvisor knownFor knownFor,ordering
ordering_test,results/ordering/ordering_test.json,576,[TRIPLE] It's_Great_to_Be_Young_(1956_film)  starring  John_Mills [/TRIPLE] [TRIPLE] It's_Great_to_Be_Young_(1956_film)  cinematography  Gilbert_Taylor [/TRIPLE] [TRIPLE] It's_Great_to_Be_Young_(1956_film)  runtime  94.0 [/TRIPLE] [TRIPLE] It's_Great_to_Be_Young_(1956_film)  gross  282838.0 [/TRIPLE] [TRIPLE] It's_Great_to_Be_Young_(1956_film)  director  Cyril_Frankel [/TRIPLE] [TRIPLE] It's_Great_to_Be_Young_(1956_film)  musicComposer  Louis_Levy [/TRIPLE] [TRIPLE] It's_Great_to_Be_Young_(1956_film)  writer  Ted_Willis [/TRIPLE],7,3,4,7,cinematography | runtime | gross | writer,It's_Great_to_Be_Young_(1956_film) cinematography Gilbert_Taylor || It's_Great_to_Be_Young_(1956_film) runtime 94.0 || It's_Great_to_Be_Young_(1956_film) gross 282838.0 || It's_Great_to_Be_Young_(1956_film) writer Ted_Willis,576,director director film starring starring costuming musicComposer,ordering
ordering_test,results/ordering/ordering_test.json,581,[TRIPLE] Bootleg_Series_Volume_1:_The_Quine_Tapes  precededBy  Squeeze_(The_Velvet_Underground_album) [/TRIPLE] [TRIPLE] Bootleg_Series_Volume_1:_The_Quine_Tapes  recordedIn  San_Francisco [/TRIPLE],2,1,1,1,recordedIn,Bootleg_Series_Volume_1:_The_Quine_Tapes recordedIn San_Francisco,581,precededBy,ordering
ordering_test,results/ordering/ordering_test.json,583,[TRIPLE] Darinka_Dentcheva  influencedBy  Andrzej_Piotr_Ruszczyński [/TRIPLE] [TRIPLE] Darinka_Dentcheva  citizenship  United_States [/TRIPLE] [TRIPLE] Darinka_Dentcheva  knownFor  Stochastic_programming [/TRIPLE],3,2,1,3,citizenship,Darinka_Dentcheva citizenship United_States,583,influencedBy nationality knownFor,ordering
ordering_test,results/ordering/ordering_test.json,586,[TRIPLE] Nie_Haisheng  birthPlace  Zaoyang [/TRIPLE] [TRIPLE] Nie_Haisheng  birthPlace  Hubei [/TRIPLE] [TRIPLE] Nie_Haisheng  mission  Shenzhou_10 [/TRIPLE] [TRIPLE] Nie_Haisheng  mission  Shenzhou_6 [/TRIPLE] [TRIPLE] Nie_Haisheng  nationality  People's_Republic_of_China [/TRIPLE],5,4,1,4,mission,Nie_Haisheng mission Shenzhou_6,586,nationality birthPlace birthPlace mission,ordering
ordering_test,results/ordering/ordering_test.json,588,[TRIPLE] Nie_Haisheng  mission  Shenzhou_10 [/TRIPLE] [TRIPLE] Nie_Haisheng  mission  Shenzhou_6 [/TRIPLE] [TRIPLE] Nie_Haisheng  birthPlace  Zaoyang [/TRIPLE] [TRIPLE] Zaoyang  isPartOf  Hubei [/TRIPLE] [TRIPLE] Zaoyang  isPartOf  Xiangyang [/TRIPLE],5,4,1,4,mission,Nie_Haisheng mission Shenzhou_6,588,birthPlace isPartOf isPartOf mission,ordering
ordering_test,results/ordering/ordering_test.json,590,[TRIPLE] Expect_a_Miracle  artist  Brian_Kelly_(composer_&_pianist) [/TRIPLE] [TRIPLE] Expect_a_Miracle  type  Compilation_Album [/TRIPLE] [TRIPLE] Expect_a_Miracle  runtime  54.56 [/TRIPLE] [TRIPLE] Expect_a_Miracle  precededBy  Pools_of_Light_(Brian_Kelly_album) [/TRIPLE],4,3,1,4,artist,Expect_a_Miracle artist Brian_Kelly_(composer_&_pianist),590,precededBy author type runtime,ordering
ordering_test,results/ordering/ordering_test.json,593,[TRIPLE] Lady_Anne_Monson  birthPlace  Darlington [/TRIPLE] [TRIPLE] Kingdom_of_England  dissolutionYear  1707 [/TRIPLE] [TRIPLE] Darlington  gridReference  NZ289147 [/TRIPLE] [TRIPLE] Lady_Anne_Monson  birthPlace  Kingdom_of_England [/TRIPLE] [TRIPLE] Lady_Anne_Monson  nationality  Kingdom_of_England [/TRIPLE],5,4,1,4,dissolutionYear,Kingdom_of_England dissolutionYear 1707,593,nationality birthPlace birthPlace gridReference,ordering
ordering_test,results/ordering/ordering_test.json,594,[TRIPLE] Brandon_Carter  professionalField  General_relativity [/TRIPLE] [TRIPLE] Brandon_Carter  knownFor  Carter_constant [/TRIPLE] [TRIPLE] Brandon_Carter  knownFor  No-hair_theorem [/TRIPLE] [TRIPLE] Brandon_Carter  doctoralAdvisor  Dennis_William_Sciama [/TRIPLE] [TRIPLE] Brandon_Carter  birthDate  1942-01-01 [/TRIPLE],5,4,1,4,professionalField,Brandon_Carter professionalField General_relativity,594,birthDate doctoralAdvisor knownFor knownFor,ordering
ordering_test,results/ordering/ordering_test.json,599,[TRIPLE] Ciudad_Ayala  type  City [/TRIPLE] [TRIPLE] Ciudad_Ayala  leaderTitle  Governator [/TRIPLE] [TRIPLE] Ciudad_Ayala  isPartOf  Morelos [/TRIPLE] [TRIPLE] Ciudad_Ayala  country  Mexico [/TRIPLE] [TRIPLE] Ciudad_Ayala  elevationAboveTheSeaLevel  1147.0 [/TRIPLE] [TRIPLE] Ciudad_Ayala  timeZone  Pacific_Daylight_Time [/TRIPLE] [TRIPLE] Ciudad_Ayala  populationDensity  1604.0 [/TRIPLE],7,6,1,7,type,Ciudad_Ayala type City,599,leaderTitle isPartOf country city elevationAboveTheSeaLevel timeZone populationDensity,ordering
ordering_test,results/ordering/ordering_test.json,600,[TRIPLE] It's_Great_to_Be_Young_(1956_film)  runtime  94.0 [/TRIPLE] [TRIPLE] It's_Great_to_Be_Young_(1956_film)  director  Cyril_Frankel [/TRIPLE] [TRIPLE] It's_Great_to_Be_Young_(1956_film)  musicComposer  Louis_Levy [/TRIPLE] [TRIPLE] It's_Great_to_Be_Young_(1956_film)  writer  Ted_Willis [/TRIPLE],4,2,2,3,runtime | writer,It's_Great_to_Be_Young_(1956_film) runtime 94.0 || It's_Great_to_Be_Young_(1956_film) writer Ted_Willis,600,director director musicComposer,ordering
ordering_test,results/ordering/ordering_test.json,601,[TRIPLE] Super_Capers  editing  Stacy_Katzman [/TRIPLE] [TRIPLE] Super_Capers  starring  Michael_Rooker [/TRIPLE] [TRIPLE] Super_Capers  starring  Tom_Sizemore [/TRIPLE] [TRIPLE] Super_Capers  language  English_language [/TRIPLE] [TRIPLE] Super_Capers  runtime  98.0 [/TRIPLE] [TRIPLE] Super_Capers  distributor  Roadside_Attractions [/TRIPLE],6,5,1,6,editing,Super_Capers editing Stacy_Katzman,601,distributor starring starring language editor runtime,ordering
ordering_test,results/ordering/ordering_test.json,604,[TRIPLE] Bootleg_Series_Volume_1:_The_Quine_Tapes  artist  The_Velvet_Underground [/TRIPLE] [TRIPLE] Bootleg_Series_Volume_1:_The_Quine_Tapes  producer  The_Velvet_Underground [/TRIPLE] [TRIPLE] Bootleg_Series_Volume_1:_The_Quine_Tapes  runtime  230.05 [/TRIPLE] [TRIPLE] Bootleg_Series_Volume_1:_The_Quine_Tapes  genre  Rock_music [/TRIPLE] [TRIPLE] Bootleg_Series_Volume_1:_The_Quine_Tapes  precededBy  Squeeze_(The_Velvet_Underground_album) [/TRIPLE] [TRIPLE] Bootleg_Series_Volume_1:_The_Quine_Tapes  recordLabel  Polydor_Records [/TRIPLE],6,3,3,4,artist | producer | runtime,Bootleg_Series_Volume_1:_The_Quine_Tapes artist The_Velvet_Underground || Bootleg_Series_Volume_1:_The_Quine_Tapes producer The_Velvet_Underground || Bootleg_Series_Volume_1:_The_Quine_Tapes runtime 230.05,604,precededBy genre recordLabel creator,ordering
ordering_test,results/ordering/ordering_test.json,606,"[TRIPLE] Olga_Bondareva  almaMater  Leningrad_State_University [/TRIPLE] [TRIPLE] Olga_Bondareva  birthPlace  Leningrad,_USSR [/TRIPLE] [TRIPLE] Olga_Bondareva  professionalField  Economics [/TRIPLE] [TRIPLE] Olga_Bondareva  professionalField  Mathematics [/TRIPLE]",4,2,2,3,professionalField | professionalField,Olga_Bondareva professionalField Economics || Olga_Bondareva professionalField Mathematics,606,birthPlace almaMater academicField,ordering
ordering_test,results/ordering/ordering_test.json,607,[TRIPLE] University_of_Burgundy  numberOfUndergraduateStudents  16800 [/TRIPLE] [TRIPLE] University_of_Burgundy  staff  2900 [/TRIPLE] [TRIPLE] University_of_Burgundy  numberOfStudents  27400 [/TRIPLE] [TRIPLE] University_of_Burgundy  numberOfDoctoralStudents  1299 [/TRIPLE] [TRIPLE] University_of_Burgundy  campus  Dijon [/TRIPLE] [TRIPLE] University_of_Burgundy  city  Dijon [/TRIPLE],6,5,1,5,staff,University_of_Burgundy staff 2900,607,numberOfUndergraduateStudents numberOfStudents numberOfDoctoralStudents campus city,ordering
ordering_test,results/ordering/ordering_test.json,609,[TRIPLE] Mermaid_(Train_song)  genre  Reggae [/TRIPLE] [TRIPLE] Mermaid_(Train_song)  followedBy  Imagine_(John_Lennon_song) [/TRIPLE] [TRIPLE] Mermaid_(Train_song)  producer  Espionage_(production_team) [/TRIPLE] [TRIPLE] Mermaid_(Train_song)  album  California_37_(Train_album) [/TRIPLE] [TRIPLE] Mermaid_(Train_song)  format  Music_download [/TRIPLE],5,3,2,4,producer | format,Mermaid_(Train_song) producer Espionage_(production_team) || Mermaid_(Train_song) format Music_download,609,genre followedBy followedBy album,ordering
ordering_test,results/ordering/ordering_test.json,610,[TRIPLE] Aaron_Turner  genre  Post-metal [/TRIPLE] [TRIPLE] Aaron_Turner  origin  United_States [/TRIPLE] [TRIPLE] Aaron_Turner  associatedBand/associatedMusicalArtist  Twilight_(band) [/TRIPLE] [TRIPLE] Aaron_Turner  activeYearsStartYear  1995 [/TRIPLE],4,3,1,5,origin,Aaron_Turner origin United_States,610,genre birth country associatedBand/associatedMusicalArtist activeYearsStartYear,ordering
ordering_test,results/ordering/ordering_test.json,614,"[TRIPLE] 11th_Mississippi_Infantry_Monument  established  2000 [/TRIPLE] [TRIPLE] 11th_Mississippi_Infantry_Monument  location  Adams_County,_Pennsylvania [/TRIPLE] [TRIPLE] Adams_County,_Pennsylvania  hasToItsSouthwest  Frederick_County,_Maryland [/TRIPLE] [TRIPLE] Adams_County,_Pennsylvania  hasToItsSoutheast  Carroll_County,_Maryland [/TRIPLE] [TRIPLE] 11th_Mississippi_Infantry_Monument  category  Contributing_property [/TRIPLE] [TRIPLE] Adams_County,_Pennsylvania  hasToItsNorth  Cumberland_County,_Pennsylvania [/TRIPLE] [TRIPLE] 11th_Mississippi_Infantry_Monument  country  ""United States"" [/TRIPLE]",7,6,1,7,hasToItsSouthwest,"Adams_County,_Pennsylvania hasToItsSouthwest Frederick_County,_Maryland",614,established location country category hasToItsNorth hasToItsSoutheast hasToItsSoutheast,ordering
ordering_test,results/ordering/ordering_test.json,623,[TRIPLE] Bedford_Aerodrome  runwayLength  1095.0 [/TRIPLE] [TRIPLE] Bedford_Aerodrome  location  Thurleigh [/TRIPLE] [TRIPLE] Bedford_Aerodrome  icaoLocationIdentifier  EGBF [/TRIPLE] [TRIPLE] Bedford_Aerodrome  elevationAboveTheSeaLevel  83.2104 [/TRIPLE],4,3,1,4,icaoLocationIdentifier,Bedford_Aerodrome icaoLocationIdentifier EGBF,623,location elevationAboveTheSeaLevel runwayLength ICAOLocationIdentifier,ordering
ordering_test,results/ordering/ordering_test.json,628,[TRIPLE] Bedford_Aerodrome  location  Thurleigh [/TRIPLE] [TRIPLE] Bedford_Aerodrome  icaoLocationIdentifier  EGBF [/TRIPLE],2,1,1,2,icaoLocationIdentifier,Bedford_Aerodrome icaoLocationIdentifier EGBF,628,location ICAOLocationIdentifier,ordering
ordering_test,results/ordering/ordering_test.json,637,"[TRIPLE] Bedford_Aerodrome  icaoLocationIdentifier  EGBF [/TRIPLE] [TRIPLE] Bedford_Aerodrome  elevationAboveTheSeaLevel  83.2104 [/TRIPLE] [TRIPLE] Bedford_Aerodrome  runwayName  ""08/26"" [/TRIPLE]",3,2,1,3,icaoLocationIdentifier,Bedford_Aerodrome icaoLocationIdentifier EGBF,637,elevationAboveTheSeaLevel runwayName ICAOLocationIdentifier,ordering
ordering_test,results/ordering/ordering_test.json,638,[TRIPLE] Ciudad_Ayala  timeZone  Pacific_Daylight_Time [/TRIPLE] [TRIPLE] Ciudad_Ayala  populationDensity  1604.0 [/TRIPLE] [TRIPLE] Ciudad_Ayala  timeZone  Pacific_Standard_Time_Zone [/TRIPLE],3,2,1,3,timeZone,Ciudad_Ayala timeZone Pacific_Standard_Time_Zone,638,timeZone timeStandard_Time_Zone populationDensity,ordering
ordering_test,results/ordering/ordering_test.json,643,[TRIPLE] Nord_(Year_of_No_Light_album)  genre  Sludge_metal [/TRIPLE] [TRIPLE] Nord_(Year_of_No_Light_album)  artist  Year_of_No_Light [/TRIPLE] [TRIPLE] Nord_(Year_of_No_Light_album)  genre  Post-metal [/TRIPLE] [TRIPLE] Nord_(Year_of_No_Light_album)  releaseDate  2006-09-06 [/TRIPLE] [TRIPLE] Nord_(Year_of_No_Light_album)  runtime  58.41 [/TRIPLE] [TRIPLE] Nord_(Year_of_No_Light_album)  precededBy  Demo_2004_(Year_of_No_Light_album) [/TRIPLE],6,5,1,5,genre,Nord_(Year_of_No_Light_album) genre Post-metal,643,precededBy genre artist releaseDate runtime,ordering
ordering_test,results/ordering/ordering_test.json,644,[TRIPLE] Nord_(Year_of_No_Light_album)  releaseDate  2006-09-06 [/TRIPLE] [TRIPLE] Nord_(Year_of_No_Light_album)  followedBy  Live_at_Roadburn_2008_(Year_of_No_Light_album) [/TRIPLE] [TRIPLE] Nord_(Year_of_No_Light_album)  producer  Year_of_No_Light [/TRIPLE] [TRIPLE] Nord_(Year_of_No_Light_album)  artist  Year_of_No_Light [/TRIPLE] [TRIPLE] Nord_(Year_of_No_Light_album)  recordLabel  Crucial_Blast [/TRIPLE],5,3,2,5,producer | recordLabel,Nord_(Year_of_No_Light_album) producer Year_of_No_Light || Nord_(Year_of_No_Light_album) recordLabel Crucial_Blast,644,followedBy publisher artist releaseDate followedBy,ordering
ordering_test,results/ordering/ordering_test.json,646,[TRIPLE] Liselotte_Grschebina  birthPlace  Karlsruhe [/TRIPLE] [TRIPLE] Liselotte_Grschebina  birthDate  1908-05-02 [/TRIPLE] [TRIPLE] Liselotte_Grschebina  deathDate  1994-06-14 [/TRIPLE] [TRIPLE] Liselotte_Grschebina  deathPlace  Israel [/TRIPLE] [TRIPLE] Liselotte_Grschebina  nationality  Israel [/TRIPLE] [TRIPLE] Liselotte_Grschebina  birthPlace  German_Empire [/TRIPLE] [TRIPLE] Liselotte_Grschebina  deathPlace  Petah_Tikva [/TRIPLE],7,6,1,6,deathPlace,Liselotte_Grschebina deathPlace Petah_Tikva,646,birthPlace birthDate nationality birthPlace deathPlace deathDate,ordering
ordering_test,results/ordering/ordering_test.json,650,[TRIPLE] It's_Great_to_Be_Young_(1956_film)  editing  Max_Benedict [/TRIPLE] [TRIPLE] Max_Benedict  deathYear  1986 [/TRIPLE] [TRIPLE] It's_Great_to_Be_Young_(1956_film)  director  Cyril_Frankel [/TRIPLE] [TRIPLE] It's_Great_to_Be_Young_(1956_film)  musicComposer  Louis_Levy [/TRIPLE],4,3,1,4,editing,It's_Great_to_Be_Young_(1956_film) editing Max_Benedict,650,deathYear director director musicComposer,ordering
ordering_test,results/ordering/ordering_test.json,652,"[TRIPLE] Alan_Shepard  birthDate  ""1923-11-18"" [/TRIPLE] [TRIPLE] Alan_Shepard  nationality  United_States [/TRIPLE] [TRIPLE] Alan_Shepard  servedAsChiefOfTheAstronautOfficeIn  1963 [/TRIPLE] [TRIPLE] Alan_Shepard  deathPlace  California [/TRIPLE] [TRIPLE] Alan_Shepard  birthPlace  New_Hampshire [/TRIPLE] [TRIPLE] Alan_Shepard  status  ""Deceased"" [/TRIPLE] [TRIPLE] Alan_Shepard  award  Distinguished_Service_Medal_(United_States_Navy) [/TRIPLE]",7,6,1,6,status,"Alan_Shepard status ""Deceased""",652,nationality birthPlace birthDate servedAsChiefOfTheAstronautOfficeIn award deathPlace,ordering
ordering_test,results/ordering/ordering_test.json,655,[TRIPLE] Turn_Me_On_(album)  runtime  35.1 [/TRIPLE] [TRIPLE] Turn_Me_On_(album)  precededBy  Let_It_Breed [/TRIPLE] [TRIPLE] Let_It_Breed  precededBy  Love_American_Style_(album) [/TRIPLE],3,2,1,2,runtime,Turn_Me_On_(album) runtime 35.1,655,precededBy precededBy,ordering
ordering_test,results/ordering/ordering_test.json,656,[TRIPLE] Nurhan_Atasoy  residence  Istanbul [/TRIPLE] [TRIPLE] Nurhan_Atasoy  citizenship  Turkey [/TRIPLE] [TRIPLE] Nurhan_Atasoy  nationality  Turkish_people [/TRIPLE] [TRIPLE] Nurhan_Atasoy  residence  Turkey [/TRIPLE] [TRIPLE] Nurhan_Atasoy  award  State_Award_for_Superior_Achievement [/TRIPLE],5,4,1,4,citizenship,Nurhan_Atasoy citizenship Turkey,656,nationality residence residence award,ordering
ordering_test,results/ordering/ordering_test.json,657,[TRIPLE] It's_Great_to_Be_Young_(1956_film)  starring  John_Mills [/TRIPLE] [TRIPLE] It's_Great_to_Be_Young_(1956_film)  runtime  94.0 [/TRIPLE] [TRIPLE] It's_Great_to_Be_Young_(1956_film)  musicComposer  Louis_Levy [/TRIPLE] [TRIPLE] It's_Great_to_Be_Young_(1956_film)  starring  Cecil_Parker [/TRIPLE] [TRIPLE] It's_Great_to_Be_Young_(1956_film)  writer  Ted_Willis [/TRIPLE] [TRIPLE] It's_Great_to_Be_Young_(1956_film)  editing  Max_Benedict [/TRIPLE],6,4,2,6,writer | editing,It's_Great_to_Be_Young_(1956_film) writer Ted_Willis || It's_Great_to_Be_Young_(1956_film) editing Max_Benedict,657,starring starring starring editor runtime musicComposer,ordering
ordering_test,results/ordering/ordering_test.json,658,[TRIPLE] Bedford_Aerodrome  operatingOrganisation  MotorSport_Vision [/TRIPLE] [TRIPLE] Bedford_Aerodrome  runwayLength  1095.0 [/TRIPLE] [TRIPLE] Bedford_Aerodrome  cityServed  Bedford_Autodrome [/TRIPLE] [TRIPLE] Bedford_Aerodrome  location  Thurleigh [/TRIPLE] [TRIPLE] Bedford_Aerodrome  icaoLocationIdentifier  EGBF [/TRIPLE] [TRIPLE] Bedford_Aerodrome  runwaySurfaceType  Concrete [/TRIPLE],6,5,1,6,icaoLocationIdentifier,Bedford_Aerodrome icaoLocationIdentifier EGBF,658,operatingOrganisation location cityServed runwayLength ICAOLocationIdentifier runwaySurfaceType,ordering
ordering_test,results/ordering/ordering_test.json,665,[TRIPLE] McVeagh_of_the_South_Seas  director  Cyril_Bruce [/TRIPLE] [TRIPLE] McVeagh_of_the_South_Seas  writer  Harry_Carey_(actor_born_1878) [/TRIPLE],2,1,1,2,writer,McVeagh_of_the_South_Seas writer Harry_Carey_(actor_born_1878),665,director author,ordering
ordering_test,results/ordering/ordering_test.json,674,[TRIPLE] Ciudad_Ayala  populationMetro  1777539 [/TRIPLE] [TRIPLE] Ciudad_Ayala  governmentType  Council-manager_government [/TRIPLE] [TRIPLE] Ciudad_Ayala  utcOffset  −6 [/TRIPLE] [TRIPLE] Ciudad_Ayala  isPartOf  Morelos [/TRIPLE] [TRIPLE] Ciudad_Ayala  country  Mexico [/TRIPLE],5,4,1,4,populationMetro,Ciudad_Ayala populationMetro 1777539,674,country isPartOf utcOffset governmentType,ordering
ordering_test,results/ordering/ordering_test.json,680,[TRIPLE] Liselotte_Grschebina  nationality  Israel [/TRIPLE] [TRIPLE] German_Empire  foundingDate  1871-01-01 [/TRIPLE] [TRIPLE] Liselotte_Grschebina  birthPlace  German_Empire [/TRIPLE] [TRIPLE] Liselotte_Grschebina  professionalField  Photographer [/TRIPLE],4,3,1,3,professionalField,Liselotte_Grschebina professionalField Photographer,680,nationality birthPlace foundingDate,ordering
ordering_test,results/ordering/ordering_test.json,685,"[TRIPLE] Hypermarcas  location  São_Paulo [/TRIPLE] [TRIPLE] Brazil  leaderTitle  ""President of the Supreme Federal Court"" [/TRIPLE] [TRIPLE] Hypermarcas  location  Brazil [/TRIPLE] [TRIPLE] Hypermarcas  product  Drugs [/TRIPLE] [TRIPLE] Hypermarcas  product  Healthcare [/TRIPLE]",5,4,1,4,product,Hypermarcas product Healthcare,685,location leaderTitle location product,ordering
ordering_test,results/ordering/ordering_test.json,689,"[TRIPLE] Bootleg_Series_Volume_1:_The_Quine_Tapes  recordedIn  United_States [/TRIPLE] [TRIPLE] Bootleg_Series_Volume_1:_The_Quine_Tapes  recordedIn  St._Louis,_Missouri [/TRIPLE] [TRIPLE] Bootleg_Series_Volume_1:_The_Quine_Tapes  precededBy  Squeeze_(The_Velvet_Underground_album) [/TRIPLE] [TRIPLE] Bootleg_Series_Volume_1:_The_Quine_Tapes  releaseDate  2001-10-16 [/TRIPLE] [TRIPLE] Bootleg_Series_Volume_1:_The_Quine_Tapes  runtime  230.05 [/TRIPLE]",5,4,1,5,recordedIn,"Bootleg_Series_Volume_1:_The_Quine_Tapes recordedIn St._Louis,_Missouri",689,precededBy recordedIn country releaseDate runtime,ordering
ordering_test,results/ordering/ordering_test.json,691,"[TRIPLE] Acharya_Institute_of_Technology  campus  ""In Soldevanahalli, Acharya Dr. Sarvapalli Radhakrishnan Road, Hessarghatta Main Road, Bangalore – 560090."" [/TRIPLE] [TRIPLE] All_India_Council_for_Technical_Education  location  Mumbai [/TRIPLE] [TRIPLE] Acharya_Institute_of_Technology  director  ""Dr. G. P. Prabhukumar"" [/TRIPLE] [TRIPLE] Acharya_Institute_of_Technology  affiliation  Visvesvaraya_Technological_University [/TRIPLE] [TRIPLE] Visvesvaraya_Technological_University  city  Belgaum [/TRIPLE] [TRIPLE] Acharya_Institute_of_Technology  wasGivenTheTechnicalCampusStatusBy  All_India_Council_for_Technical_Education [/TRIPLE]",6,5,1,5,location,All_India_Council_for_Technical_Education location Mumbai,691,campus wasGivenTheTechnicalCampusStatusBy affiliation city director,ordering
ordering_test,results/ordering/ordering_test.json,692,[TRIPLE] Mermaid_(Train_song)  releaseDate  2012-12-27 [/TRIPLE] [TRIPLE] Mermaid_(Train_song)  precededBy  This'll_Be_My_Year [/TRIPLE] [TRIPLE] Mermaid_(Train_song)  writer  Espen_Lind [/TRIPLE] [TRIPLE] Mermaid_(Train_song)  runtime  3.16 [/TRIPLE],4,3,1,4,writer,Mermaid_(Train_song) writer Espen_Lind,692,precededBy author releaseDate runtime,ordering
ordering_test,results/ordering/ordering_test.json,698,[TRIPLE] Expect_a_Miracle  runtime  54.56 [/TRIPLE] [TRIPLE] Expect_a_Miracle  type  Compilation_Album [/TRIPLE] [TRIPLE] Expect_a_Miracle  precededBy  Pools_of_Light_(Brian_Kelly_album) [/TRIPLE] [TRIPLE] Expect_a_Miracle  genre  Instrumental_music [/TRIPLE],4,3,1,3,type,Expect_a_Miracle type Compilation_Album,698,precededBy genre runtime,ordering
ordering_test,results/ordering/ordering_test.json,701,"[TRIPLE] Bootleg_Series_Volume_1:_The_Quine_Tapes  recordedIn  United_States [/TRIPLE] [TRIPLE] Bootleg_Series_Volume_1:_The_Quine_Tapes  recordedIn  St._Louis,_Missouri [/TRIPLE] [TRIPLE] Bootleg_Series_Volume_1:_The_Quine_Tapes  genre  Rock_music [/TRIPLE] [TRIPLE] Bootleg_Series_Volume_1:_The_Quine_Tapes  precededBy  Squeeze_(The_Velvet_Underground_album) [/TRIPLE] [TRIPLE] Bootleg_Series_Volume_1:_The_Quine_Tapes  releaseDate  2001-10-16 [/TRIPLE] [TRIPLE] Bootleg_Series_Volume_1:_The_Quine_Tapes  runtime  230.05 [/TRIPLE]",6,3,3,5,recordedIn | releaseDate | runtime,"Bootleg_Series_Volume_1:_The_Quine_Tapes recordedIn St._Louis,_Missouri || Bootleg_Series_Volume_1:_The_Quine_Tapes releaseDate 2001-10-16 || Bootleg_Series_Volume_1:_The_Quine_Tapes runtime 230.05",701,"precededBy genre reissueDate recordedIn St.Louis,_Missouri",ordering
ordering_test,results/ordering/ordering_test.json,702,[TRIPLE] Nurhan_Atasoy  citizenship  Turkey [/TRIPLE],1,0,1,1,citizenship,Nurhan_Atasoy citizenship Turkey,702,nationality,ordering
ordering_test,results/ordering/ordering_test.json,705,[TRIPLE] Nurhan_Atasoy  citizenship  Turkey [/TRIPLE] [TRIPLE] Turkey  capital  Ankara [/TRIPLE] [TRIPLE] Nurhan_Atasoy  birthDate  1934-01-01 [/TRIPLE] [TRIPLE] Nurhan_Atasoy  award  State_Award_for_Superior_Achievement [/TRIPLE] [TRIPLE] Turkey  officialLanguage  Turkish_language [/TRIPLE],5,4,1,4,citizenship,Nurhan_Atasoy citizenship Turkey,705,birthDate officialLanguage capital award,ordering
ordering_test,results/ordering/ordering_test.json,706,[TRIPLE] Darinka_Dentcheva  influencedBy  Andrzej_Piotr_Ruszczyński [/TRIPLE] [TRIPLE] Darinka_Dentcheva  citizenship  United_States [/TRIPLE] [TRIPLE] Darinka_Dentcheva  birthDate  1958-01-01 [/TRIPLE] [TRIPLE] Darinka_Dentcheva  professionalField  Mathematical_optimization [/TRIPLE] [TRIPLE] Darinka_Dentcheva  knownFor  Stochastic_programming [/TRIPLE] [TRIPLE] Darinka_Dentcheva  residence  New_Jersey [/TRIPLE],6,3,3,6,citizenship | professionalField | residence,Darinka_Dentcheva citizenship United_States || Darinka_Dentcheva professionalField Mathematical_optimization || Darinka_Dentcheva residence New_Jersey,706,birthDate birthPlace influencedBy nationality occupation knownFor,ordering
ordering_test,results/ordering/ordering_test.json,708,[TRIPLE] Lady_Anne_Monson  birthPlace  Darlington [/TRIPLE] [TRIPLE] Lady_Anne_Monson  birthDate  1726-01-01 [/TRIPLE] [TRIPLE] Lady_Anne_Monson  deathDate  1776-02-18 [/TRIPLE] [TRIPLE] Lady_Anne_Monson  birthPlace  Kingdom_of_England [/TRIPLE] [TRIPLE] Lady_Anne_Monson  nationality  Kingdom_of_England [/TRIPLE] [TRIPLE] Lady_Anne_Monson  residence  India [/TRIPLE] [TRIPLE] Lady_Anne_Monson  spouse  George_Monson [/TRIPLE],7,5,2,5,residence | spouse,Lady_Anne_Monson residence India || Lady_Anne_Monson spouse George_Monson,708,birthPlace birthDate nationality birthPlace deathDate,ordering
ordering_test,results/ordering/ordering_test.json,709,[TRIPLE] Liselotte_Grschebina  birthPlace  Karlsruhe [/TRIPLE] [TRIPLE] Liselotte_Grschebina  birthDate  1908-05-02 [/TRIPLE] [TRIPLE] Liselotte_Grschebina  deathDate  1994-06-14 [/TRIPLE] [TRIPLE] Liselotte_Grschebina  deathPlace  Israel [/TRIPLE] [TRIPLE] Liselotte_Grschebina  training  School_of_Applied_Arts_in_Stuttgart [/TRIPLE],5,4,1,4,training,Liselotte_Grschebina training School_of_Applied_Arts_in_Stuttgart,709,birthPlace birthDate deathPlace deathDate,ordering
ordering_test,results/ordering/ordering_test.json,714,[TRIPLE] Ciudad_Ayala  governmentType  Council-manager_government [/TRIPLE] [TRIPLE] Ciudad_Ayala  populationDensity  1604.0 [/TRIPLE] [TRIPLE] Ciudad_Ayala  utcOffset  −6 [/TRIPLE],3,2,1,2,populationDensity,Ciudad_Ayala populationDensity 1604.0,714,utcOffset governmentType,ordering
ordering_test,results/ordering/ordering_test.json,718,[TRIPLE] McVeagh_of_the_South_Seas  imdbId  0004319 [/TRIPLE] [TRIPLE] McVeagh_of_the_South_Seas  writer  Harry_Carey_(actor_born_1878) [/TRIPLE],2,1,1,2,writer,McVeagh_of_the_South_Seas writer Harry_Carey_(actor_born_1878),718,author imdbId,ordering
ordering_test,results/ordering/ordering_test.json,725,[TRIPLE] Super_Capers  budget  2000000.0 [/TRIPLE] [TRIPLE] Super_Capers  runtime  98.0 [/TRIPLE] [TRIPLE] Super_Capers  gross  30955.0 [/TRIPLE],3,2,1,4,gross,Super_Capers gross 30955.0,725,operating time budget runtime,ordering
ordering_test,results/ordering/ordering_test.json,730,[TRIPLE] English_Without_Tears  musicComposer  Nicholas_Brodszky [/TRIPLE] [TRIPLE] English_Without_Tears  director  Harold_French [/TRIPLE] [TRIPLE] English_Without_Tears  cinematography  Bernard_Knowles [/TRIPLE] [TRIPLE] English_Without_Tears  producer  Anatole_de_Grunwald [/TRIPLE],4,3,1,4,producer,English_Without_Tears producer Anatole_de_Grunwald,730,director director musicComposer cinematography,ordering
ordering_test,results/ordering/ordering_test.json,731,[TRIPLE] Lady_Anne_Monson  birthPlace  Darlington [/TRIPLE] [TRIPLE] Lady_Anne_Monson  birthDate  1726-01-01 [/TRIPLE] [TRIPLE] Lady_Anne_Monson  deathDate  1776-02-18 [/TRIPLE] [TRIPLE] Lady_Anne_Monson  birthPlace  Kingdom_of_England [/TRIPLE] [TRIPLE] Lady_Anne_Monson  nationality  Kingdom_of_England [/TRIPLE] [TRIPLE] Lady_Anne_Monson  residence  India [/TRIPLE],6,5,1,5,residence,Lady_Anne_Monson residence India,731,birthPlace birthDate nationality birthPlace deathDate,ordering
ordering_test,results/ordering/ordering_test.json,732,[TRIPLE] Turn_Me_On_(album)  runtime  35.1 [/TRIPLE] [TRIPLE] Turn_Me_On_(album)  artist  The_Honeymoon_Killers_(American_band) [/TRIPLE] [TRIPLE] Turn_Me_On_(album)  producer  The_Honeymoon_Killers_(American_band) [/TRIPLE] [TRIPLE] Turn_Me_On_(album)  precededBy  Let_It_Breed [/TRIPLE] [TRIPLE] Turn_Me_On_(album)  producer  Wharton_Tiers [/TRIPLE],5,3,2,4,artist | producer,Turn_Me_On_(album) artist The_Honeymoon_Killers_(American_band) || Turn_Me_On_(album) producer Wharton_Tiers,732,precededBy creator producer runtime,ordering
ordering_test,results/ordering/ordering_test.json,733,[TRIPLE] Pontiac_Rageous  productionStartYear  1997 [/TRIPLE] [TRIPLE] Pontiac_Rageous  assembly  Michigan [/TRIPLE] [TRIPLE] Pontiac_Rageous  assembly  Detroit [/TRIPLE] [TRIPLE] Pontiac_Rageous  productionEndYear  1997 [/TRIPLE] [TRIPLE] Pontiac_Rageous  bodyStyle  Coupe [/TRIPLE] [TRIPLE] Pontiac_Rageous  manufacturer  Pontiac [/TRIPLE],6,5,1,5,manufacturer,Pontiac_Rageous manufacturer Pontiac,733,bodyStyle productionStartYear productionEndYear assembly assembly,ordering
ordering_test,results/ordering/ordering_test.json,736,[TRIPLE] Nurhan_Atasoy  residence  Istanbul [/TRIPLE] [TRIPLE] Istanbul  utcOffset  +2 [/TRIPLE] [TRIPLE] Nurhan_Atasoy  citizenship  Turkey [/TRIPLE] [TRIPLE] Turkey  demonym  Turk [/TRIPLE],4,3,1,3,citizenship,Nurhan_Atasoy citizenship Turkey,736,residence demonym utcOffset,ordering
ordering_test,results/ordering/ordering_test.json,738,[TRIPLE] Turn_Me_On_(album)  producer  The_Honeymoon_Killers_(American_band) [/TRIPLE] [TRIPLE] Wharton_Tiers  birthDate  1953-01-01 [/TRIPLE] [TRIPLE] Turn_Me_On_(album)  producer  Wharton_Tiers [/TRIPLE],3,2,1,2,producer,Turn_Me_On_(album) producer Wharton_Tiers,738,birthDate producer,ordering
ordering_test,results/ordering/ordering_test.json,740,[TRIPLE] Expect_a_Miracle  artist  Brian_Kelly_(composer_&_pianist) [/TRIPLE] [TRIPLE] Expect_a_Miracle  genre  Instrumental_music [/TRIPLE] [TRIPLE] Expect_a_Miracle  genre  Easy_listening [/TRIPLE],3,2,1,3,artist,Expect_a_Miracle artist Brian_Kelly_(composer_&_pianist),740,genre genre author,ordering
ordering_test,results/ordering/ordering_test.json,741,[TRIPLE] Super_Capers  editing  Stacy_Katzman [/TRIPLE] [TRIPLE] Super_Capers  language  English_language [/TRIPLE] [TRIPLE] Super_Capers  runtime  98.0 [/TRIPLE] [TRIPLE] Super_Capers  distributor  Roadside_Attractions [/TRIPLE] [TRIPLE] Super_Capers  distributor  Lionsgate [/TRIPLE] [TRIPLE] Super_Capers  budget  2000000.0 [/TRIPLE] [TRIPLE] Super_Capers  writer  Ray_Griggs_(director) [/TRIPLE],7,4,3,5,editing | runtime | writer,Super_Capers editing Stacy_Katzman || Super_Capers runtime 98.0 || Super_Capers writer Ray_Griggs_(director),741,editor language distributor distributor budget,ordering
ordering_test,results/ordering/ordering_test.json,742,[TRIPLE] Lady_Anne_Monson  residence  India [/TRIPLE] [TRIPLE] India  demonym  Indian [/TRIPLE] [TRIPLE] India  populationTotal  1293057000 [/TRIPLE] [TRIPLE] Lady_Anne_Monson  birthDate  1726-01-01 [/TRIPLE] [TRIPLE] Lady_Anne_Monson  professionalField  Botany [/TRIPLE],5,3,2,5,populationTotal | professionalField,India populationTotal 1293057000 || Lady_Anne_Monson professionalField Botany,742,birthDate residence demonym occupation numberTotal,ordering
ordering_test,results/ordering/ordering_test.json,745,"[TRIPLE] Alan_Shepard  birthDate  ""1923-11-18"" [/TRIPLE] [TRIPLE] Alan_Shepard  nationality  United_States [/TRIPLE] [TRIPLE] Alan_Shepard  servedAsChiefOfTheAstronautOfficeIn  1963 [/TRIPLE] [TRIPLE] Alan_Shepard  deathPlace  California [/TRIPLE] [TRIPLE] Alan_Shepard  selectedByNasa  1959 [/TRIPLE] [TRIPLE] Alan_Shepard  birthPlace  New_Hampshire [/TRIPLE] [TRIPLE] Alan_Shepard  almaMater  ""NWC, M.A. 1957"" [/TRIPLE]",7,6,1,6,selectedByNasa,Alan_Shepard selectedByNasa 1959,745,nationality birthPlace birthDate almaMater servedAsChiefOfTheAstronautOfficeIn deathPlace,ordering
ordering_test,results/ordering/ordering_test.json,747,"[TRIPLE] Alan_Shepard  birthDate  ""1923-11-18"" [/TRIPLE] [TRIPLE] Alan_Shepard  nationality  United_States [/TRIPLE] [TRIPLE] Alan_Shepard  servedAsChiefOfTheAstronautOfficeIn  1963 [/TRIPLE] [TRIPLE] Alan_Shepard  deathPlace  California [/TRIPLE] [TRIPLE] Alan_Shepard  birthPlace  New_Hampshire [/TRIPLE] [TRIPLE] Alan_Shepard  mission  Apollo_14 [/TRIPLE] [TRIPLE] Alan_Shepard  award  Distinguished_Service_Medal_(United_States_Navy) [/TRIPLE]",7,6,1,6,mission,Alan_Shepard mission Apollo_14,747,nationality birthPlace birthDate servedAsChiefOfTheAstronautOfficeIn award deathPlace,ordering
ordering_test,results/ordering/ordering_test.json,750,[TRIPLE] It's_Great_to_Be_Young_(1956_film)  starring  John_Mills [/TRIPLE] [TRIPLE] It's_Great_to_Be_Young_(1956_film)  cinematography  Gilbert_Taylor [/TRIPLE] [TRIPLE] It's_Great_to_Be_Young_(1956_film)  gross  282838.0 [/TRIPLE],3,2,1,3,gross,It's_Great_to_Be_Young_(1956_film) gross 282838.0,750,starring starring cinematography,ordering
ordering_test,results/ordering/ordering_test.json,753,"[TRIPLE] Bootleg_Series_Volume_1:_The_Quine_Tapes  artist  The_Velvet_Underground [/TRIPLE] [TRIPLE] Bootleg_Series_Volume_1:_The_Quine_Tapes  producer  The_Velvet_Underground [/TRIPLE] [TRIPLE] Bootleg_Series_Volume_1:_The_Quine_Tapes  runtime  230.05 [/TRIPLE] [TRIPLE] Bootleg_Series_Volume_1:_The_Quine_Tapes  recordedIn  United_States [/TRIPLE] [TRIPLE] Bootleg_Series_Volume_1:_The_Quine_Tapes  recordedIn  St._Louis,_Missouri [/TRIPLE] [TRIPLE] Bootleg_Series_Volume_1:_The_Quine_Tapes  genre  Rock_music [/TRIPLE] [TRIPLE] Bootleg_Series_Volume_1:_The_Quine_Tapes  precededBy  Squeeze_(The_Velvet_Underground_album) [/TRIPLE]",7,4,3,6,artist | runtime | recordedIn,"Bootleg_Series_Volume_1:_The_Quine_Tapes artist The_Velvet_Underground || Bootleg_Series_Volume_1:_The_Quine_Tapes runtime 230.05 || Bootleg_Series_Volume_1:_The_Quine_Tapes recordedIn St._Louis,_Missouri",753,precededBy genre creator producer recordedIn United_States,ordering
ordering_test,results/ordering/ordering_test.json,755,[TRIPLE] Brandon_Carter  professionalField  General_relativity [/TRIPLE] [TRIPLE] Brandon_Carter  doctoralAdvisor  Dennis_William_Sciama [/TRIPLE] [TRIPLE] Brandon_Carter  birthPlace  England [/TRIPLE] [TRIPLE] Brandon_Carter  birthDate  1942-01-01 [/TRIPLE],4,3,1,3,professionalField,Brandon_Carter professionalField General_relativity,755,birthPlace birthDate doctoralAdvisor,ordering
ordering_test,results/ordering/ordering_test.json,757,[TRIPLE] Bedford_Aerodrome  icaoLocationIdentifier  EGBF [/TRIPLE] [TRIPLE] Bedford_Aerodrome  elevationAboveTheSeaLevel  83.2104 [/TRIPLE] [TRIPLE] Bedford_Aerodrome  runwaySurfaceType  Concrete [/TRIPLE],3,2,1,3,icaoLocationIdentifier,Bedford_Aerodrome icaoLocationIdentifier EGBF,757,elevationAboveTheSeaLevel runwaySurfaceType ICAOLocationIdentifier,ordering
ordering_test,results/ordering/ordering_test.json,759,"[TRIPLE] Abraham_A._Ribicoff  spouse  ""Ruth Ribicoff"" [/TRIPLE] [TRIPLE] Abraham_A._Ribicoff  party  Democratic_Party_(United_States) [/TRIPLE] [TRIPLE] Abraham_A._Ribicoff  birthPlace  United_States [/TRIPLE] [TRIPLE] United_States  ethnicGroup  African_Americans [/TRIPLE]",4,3,1,4,spouse,"Abraham_A._Ribicoff spouse ""Ruth Ribicoff""",759,birthPlace ethnicGroup leader party,ordering
ordering_test,results/ordering/ordering_test.json,763,[TRIPLE] Liselotte_Grschebina  nationality  Israel [/TRIPLE] [TRIPLE] Israel  areaTotal  20769100000.0 [/TRIPLE] [TRIPLE] Israel  officialLanguage  Modern_Standard_Arabic [/TRIPLE] [TRIPLE] Liselotte_Grschebina  birthPlace  German_Empire [/TRIPLE] [TRIPLE] Liselotte_Grschebina  training  School_of_Applied_Arts_in_Stuttgart [/TRIPLE],5,3,2,4,areaTotal | training,Israel areaTotal 20769100000.0 || Liselotte_Grschebina training School_of_Applied_Arts_in_Stuttgart,763,birthPlace nationality officialLanguage regionTotal,ordering
ordering_test,results/ordering/ordering_test.json,766,[TRIPLE] Mermaid_(Train_song)  runtime  3.16 [/TRIPLE] [TRIPLE] Mermaid_(Train_song)  genre  Reggae [/TRIPLE] [TRIPLE] Mermaid_(Train_song)  writer  Amund_Bjørklund [/TRIPLE] [TRIPLE] Mermaid_(Train_song)  writer  Stargate_(production_team) [/TRIPLE] [TRIPLE] Mermaid_(Train_song)  followedBy  Imagine_(John_Lennon_song) [/TRIPLE],5,2,3,4,runtime | writer | writer,Mermaid_(Train_song) runtime 3.16 || Mermaid_(Train_song) writer Amund_Bjørklund || Mermaid_(Train_song) writer Stargate_(production_team),766,followedBy genre author followedBy,ordering
ordering_test,results/ordering/ordering_test.json,767,"[TRIPLE] Acharya_Institute_of_Technology  campus  ""In Soldevanahalli, Acharya Dr. Sarvapalli Radhakrishnan Road, Hessarghatta Main Road, Bangalore – 560090."" [/TRIPLE] [TRIPLE] All_India_Council_for_Technical_Education  location  Mumbai [/TRIPLE] [TRIPLE] Acharya_Institute_of_Technology  director  ""Dr. G. P. Prabhukumar"" [/TRIPLE] [TRIPLE] Acharya_Institute_of_Technology  affiliation  Visvesvaraya_Technological_University [/TRIPLE] [TRIPLE] Acharya_Institute_of_Technology  wasGivenTheTechnicalCampusStatusBy  All_India_Council_for_Technical_Education [/TRIPLE] [TRIPLE] Acharya_Institute_of_Technology  state  Karnataka [/TRIPLE]",6,5,1,5,state,Acharya_Institute_of_Technology state Karnataka,767,campus affiliation wasGivenTheTechnicalCampusStatusBy location director,ordering
ordering_test,results/ordering/ordering_test.json,769,"[TRIPLE] Acharya_Institute_of_Technology  campus  ""In Soldevanahalli, Acharya Dr. Sarvapalli Radhakrishnan Road, Hessarghatta Main Road, Bangalore – 560090."" [/TRIPLE] [TRIPLE] All_India_Council_for_Technical_Education  location  Mumbai [/TRIPLE] [TRIPLE] Acharya_Institute_of_Technology  director  ""Dr. G. P. Prabhukumar"" [/TRIPLE] [TRIPLE] Acharya_Institute_of_Technology  affiliation  Visvesvaraya_Technological_University [/TRIPLE] [TRIPLE] Acharya_Institute_of_Technology  wasGivenTheTechnicalCampusStatusBy  All_India_Council_for_Technical_Education [/TRIPLE] [TRIPLE] Acharya_Institute_of_Technology  numberOfPostgraduateStudents  700 [/TRIPLE]",6,5,1,5,location,All_India_Council_for_Technical_Education location Mumbai,769,campus affiliation wasGivenTheTechnicalCampusStatusBy director numberOfPostgraduateStudents,ordering
ordering_test,results/ordering/ordering_test.json,771,[TRIPLE] Mermaid_(Train_song)  writer  Espen_Lind [/TRIPLE] [TRIPLE] Mermaid_(Train_song)  writer  Amund_Bjørklund [/TRIPLE] [TRIPLE] Mermaid_(Train_song)  followedBy  Imagine_(John_Lennon_song) [/TRIPLE] [TRIPLE] Mermaid_(Train_song)  producer  Espionage_(production_team) [/TRIPLE] [TRIPLE] Mermaid_(Train_song)  album  California_37_(Train_album) [/TRIPLE] [TRIPLE] Mermaid_(Train_song)  format  Music_download [/TRIPLE],6,2,4,5,writer | writer | album | format,Mermaid_(Train_song) writer Espen_Lind || Mermaid_(Train_song) writer Amund_Bjørklund || Mermaid_(Train_song) album California_37_(Train_album) || Mermaid_(Train_song) format Music_download,771,followedBy genre author followedBy producer,ordering
ordering_test,results/ordering/ordering_test.json,776,[TRIPLE] Anatole_de_Grunwald  birthDate  1910-12-25 [/TRIPLE] [TRIPLE] English_Without_Tears  writer  Anatole_de_Grunwald [/TRIPLE] [TRIPLE] English_Without_Tears  writer  Terence_Rattigan [/TRIPLE],3,1,2,2,writer | writer,English_Without_Tears writer Anatole_de_Grunwald || English_Without_Tears writer Terence_Rattigan,776,birthDate author,ordering
ordering_test,results/ordering/ordering_test.json,782,[TRIPLE] Nord_(Year_of_No_Light_album)  genre  Sludge_metal [/TRIPLE] [TRIPLE] Post-metal  instrument  Synthesizer [/TRIPLE] [TRIPLE] Nord_(Year_of_No_Light_album)  genre  Post-metal [/TRIPLE] [TRIPLE] Sludge_metal  instrument  Singing [/TRIPLE],4,3,1,4,instrument,Sludge_metal instrument Singing,782,genre genre instrument Synthesizer,ordering
ordering_test,results/ordering/ordering_test.json,787,[TRIPLE] Super_Capers  writer  Ray_Griggs_(director) [/TRIPLE],1,0,1,1,writer,Super_Capers writer Ray_Griggs_(director),787,author,ordering
ordering_test,results/ordering/ordering_test.json,789,[TRIPLE] Expect_a_Miracle  producer  Brian_Kelly_(composer_&_pianist) [/TRIPLE] [TRIPLE] Expect_a_Miracle  runtime  54.56 [/TRIPLE] [TRIPLE] Expect_a_Miracle  artist  Brian_Kelly_(composer_&_pianist) [/TRIPLE] [TRIPLE] Expect_a_Miracle  genre  Instrumental_music [/TRIPLE],4,2,2,4,producer | artist,Expect_a_Miracle producer Brian_Kelly_(composer_&_pianist) || Expect_a_Miracle artist Brian_Kelly_(composer_&_pianist),789,genre creator director runtime,ordering
ordering_test,results/ordering/ordering_test.json,799,[TRIPLE] Aaron_Turner  genre  Post-metal [/TRIPLE] [TRIPLE] Aaron_Turner  instrument  Singing [/TRIPLE] [TRIPLE] Aaron_Turner  origin  Massachusetts [/TRIPLE] [TRIPLE] Aaron_Turner  associatedBand/associatedMusicalArtist  Twilight_(band) [/TRIPLE],4,3,1,3,origin,Aaron_Turner origin Massachusetts,799,genre instrument associatedBand/associatedMusicalArtist,ordering
ordering_test,results/ordering/ordering_test.json,811,[TRIPLE] Expect_a_Miracle  producer  Brian_Kelly_(composer_&_pianist) [/TRIPLE] [TRIPLE] Expect_a_Miracle  runtime  54.56 [/TRIPLE] [TRIPLE] Expect_a_Miracle  artist  Brian_Kelly_(composer_&_pianist) [/TRIPLE] [TRIPLE] Expect_a_Miracle  type  Compilation_Album [/TRIPLE] [TRIPLE] Expect_a_Miracle  precededBy  Pools_of_Light_(Brian_Kelly_album) [/TRIPLE],5,3,2,4,artist | type,Expect_a_Miracle artist Brian_Kelly_(composer_&_pianist) || Expect_a_Miracle type Compilation_Album,811,precededBy producer creator runtime,ordering
ordering_test,results/ordering/ordering_test.json,825,[TRIPLE] Bedford_Aerodrome  icaoLocationIdentifier  EGBF [/TRIPLE] [TRIPLE] Bedford_Aerodrome  runwaySurfaceType  Concrete [/TRIPLE],2,1,1,2,icaoLocationIdentifier,Bedford_Aerodrome icaoLocationIdentifier EGBF,825,runwaySurfaceType ICAOLocationIdentifier,ordering
ordering_test,results/ordering/ordering_test.json,826,[TRIPLE] Death_on_a_Factory_Farm  director  Tom_Simon [/TRIPLE] [TRIPLE] Death_on_a_Factory_Farm  producer  Tom_Simon [/TRIPLE] [TRIPLE] Death_on_a_Factory_Farm  broadcastedBy  HBO [/TRIPLE] [TRIPLE] Death_on_a_Factory_Farm  editor  Geof_Bartz [/TRIPLE] [TRIPLE] Death_on_a_Factory_Farm  producer  Sarah_Teale [/TRIPLE],5,4,1,4,producer,Death_on_a_Factory_Farm producer Sarah_Teale,826,broadcastedBy editor director producer,ordering
ordering_test,results/ordering/ordering_test.json,827,[TRIPLE] McVeagh_of_the_South_Seas  director  Cyril_Bruce [/TRIPLE] [TRIPLE] McVeagh_of_the_South_Seas  director  Harry_Carey_(actor_born_1878) [/TRIPLE] [TRIPLE] McVeagh_of_the_South_Seas  writer  Harry_Carey_(actor_born_1878) [/TRIPLE],3,2,1,2,writer,McVeagh_of_the_South_Seas writer Harry_Carey_(actor_born_1878),827,director director,ordering
ordering_test,results/ordering/ordering_test.json,829,"[TRIPLE] Israel  longName  ""State of Israel"" [/TRIPLE]",1,0,1,1,longName,"Israel longName ""State of Israel""",829,country,ordering
ordering_test,results/ordering/ordering_test.json,833,"[TRIPLE] Adams_County,_Pennsylvania  hasToItsWest  Franklin_County,_Pennsylvania [/TRIPLE] [TRIPLE] 11th_Mississippi_Infantry_Monument  established  2000 [/TRIPLE] [TRIPLE] 11th_Mississippi_Infantry_Monument  location  Adams_County,_Pennsylvania [/TRIPLE] [TRIPLE] 11th_Mississippi_Infantry_Monument  state  ""Pennsylvania"" [/TRIPLE] [TRIPLE] Adams_County,_Pennsylvania  hasToItsSoutheast  Carroll_County,_Maryland [/TRIPLE] [TRIPLE] 11th_Mississippi_Infantry_Monument  category  Contributing_property [/TRIPLE] [TRIPLE] Adams_County,_Pennsylvania  hasToItsNorth  Cumberland_County,_Pennsylvania [/TRIPLE]",7,6,1,7,hasToItsWest,"Adams_County,_Pennsylvania hasToItsWest Franklin_County,_Pennsylvania",833,established location state category hasToItsNorth hasToItsSoutheast hasToItsNorth,ordering
ordering_test,results/ordering/ordering_test.json,835,"[TRIPLE] Ciudad_Ayala  populationMetro  1777539 [/TRIPLE] [TRIPLE] Ciudad_Ayala  leaderTitle  ""City Manager"" [/TRIPLE] [TRIPLE] Ciudad_Ayala  type  City [/TRIPLE] [TRIPLE] Ciudad_Ayala  populationDensity  1604.0 [/TRIPLE] [TRIPLE] Ciudad_Ayala  governmentType  Council-manager_government [/TRIPLE] [TRIPLE] Ciudad_Ayala  isPartOf  Morelos [/TRIPLE]",6,4,2,5,populationMetro | type,Ciudad_Ayala populationMetro 1777539 || Ciudad_Ayala type City,835,city isPartOf leaderTitle governmentType populationDensity,ordering
ordering_test,results/ordering/ordering_test.json,836,[TRIPLE] Brandon_Carter  professionalField  General_relativity [/TRIPLE] [TRIPLE] Brandon_Carter  knownFor  Carter_constant [/TRIPLE] [TRIPLE] Brandon_Carter  knownFor  No-hair_theorem [/TRIPLE] [TRIPLE] Brandon_Carter  doctoralAdvisor  Dennis_William_Sciama [/TRIPLE] [TRIPLE] Brandon_Carter  birthPlace  England [/TRIPLE] [TRIPLE] Brandon_Carter  birthDate  1942-01-01 [/TRIPLE] [TRIPLE] Brandon_Carter  almaMater  University_of_Cambridge [/TRIPLE],7,6,1,6,professionalField,Brandon_Carter professionalField General_relativity,836,birthPlace birthDate almaMater doctoralAdvisor knownFor knownFor,ordering
ordering_test,results/ordering/ordering_test.json,842,[TRIPLE] Liselotte_Grschebina  birthPlace  German_Empire [/TRIPLE] [TRIPLE] Liselotte_Grschebina  training  School_of_Applied_Arts_in_Stuttgart [/TRIPLE] [TRIPLE] Liselotte_Grschebina  professionalField  Photographer [/TRIPLE],3,2,1,3,professionalField,Liselotte_Grschebina professionalField Photographer,842,birthPlace occupation training,ordering
ordering_test,results/ordering/ordering_test.json,846,[TRIPLE] Mermaid_(Train_song)  writer  Espen_Lind [/TRIPLE] [TRIPLE] Stargate_(production_team)  associatedBand/associatedMusicalArtist  Benny_Blanco [/TRIPLE] [TRIPLE] Mermaid_(Train_song)  writer  Stargate_(production_team) [/TRIPLE] [TRIPLE] Stargate_(production_team)  associatedBand/associatedMusicalArtist  Michael_Jackson [/TRIPLE],4,2,2,3,writer | writer,Mermaid_(Train_song) writer Espen_Lind || Mermaid_(Train_song) writer Stargate_(production_team),846,author associatedBand/associatedMusicalArtist associatedBand/associatedMusicalArtist,ordering
ordering_test,results/ordering/ordering_test.json,848,[TRIPLE] It's_Great_to_Be_Young_(1956_film)  starring  John_Mills [/TRIPLE] [TRIPLE] It's_Great_to_Be_Young_(1956_film)  cinematography  Gilbert_Taylor [/TRIPLE] [TRIPLE] It's_Great_to_Be_Young_(1956_film)  runtime  94.0 [/TRIPLE] [TRIPLE] It's_Great_to_Be_Young_(1956_film)  gross  282838.0 [/TRIPLE] [TRIPLE] It's_Great_to_Be_Young_(1956_film)  director  Cyril_Frankel [/TRIPLE],5,3,2,5,cinematography | gross,It's_Great_to_Be_Young_(1956_film) cinematography Gilbert_Taylor || It's_Great_to_Be_Young_(1956_film) gross 282838.0,848,director starring starring runtime cost,ordering
ordering_test,results/ordering/ordering_test.json,849,"[TRIPLE] Acharya_Institute_of_Technology  campus  ""In Soldevanahalli, Acharya Dr. Sarvapalli Radhakrishnan Road, Hessarghatta Main Road, Bangalore – 560090."" [/TRIPLE] [TRIPLE] All_India_Council_for_Technical_Education  location  Mumbai [/TRIPLE] [TRIPLE] Acharya_Institute_of_Technology  director  ""Dr. G. P. Prabhukumar"" [/TRIPLE] [TRIPLE] Acharya_Institute_of_Technology  academicStaffSize  ""~500"" [/TRIPLE] [TRIPLE] Acharya_Institute_of_Technology  affiliation  Visvesvaraya_Technological_University [/TRIPLE] [TRIPLE] Acharya_Institute_of_Technology  motto  ""Nurturing Excellence"" [/TRIPLE] [TRIPLE] Acharya_Institute_of_Technology  wasGivenTheTechnicalCampusStatusBy  All_India_Council_for_Technical_Education [/TRIPLE]",7,6,1,6,location,All_India_Council_for_Technical_Education location Mumbai,849,campus affiliation wasGivenTheTechnicalCampusStatusBy director academicStaffSize motto,ordering
ordering_test,results/ordering/ordering_test.json,851,[TRIPLE] Expect_a_Miracle  producer  Brian_Kelly_(composer_&_pianist) [/TRIPLE] [TRIPLE] Expect_a_Miracle  runtime  54.56 [/TRIPLE] [TRIPLE] Expect_a_Miracle  artist  Brian_Kelly_(composer_&_pianist) [/TRIPLE] [TRIPLE] Expect_a_Miracle  type  Compilation_Album [/TRIPLE] [TRIPLE] Expect_a_Miracle  precededBy  Pools_of_Light_(Brian_Kelly_album) [/TRIPLE] [TRIPLE] Expect_a_Miracle  genre  Instrumental_music [/TRIPLE] [TRIPLE] Expect_a_Miracle  followedBy  Afterplay_(Brian_Kelly_album) [/TRIPLE],7,4,3,6,producer | artist | type,Expect_a_Miracle producer Brian_Kelly_(composer_&_pianist) || Expect_a_Miracle artist Brian_Kelly_(composer_&_pianist) || Expect_a_Miracle type Compilation_Album,851,genre precededBy followedBy creator manager runtime,ordering
ordering_test,results/ordering/ordering_test.json,854,[TRIPLE] Pontiac_Rageous  productionStartYear  1997 [/TRIPLE] [TRIPLE] Pontiac_Rageous  assembly  Michigan [/TRIPLE] [TRIPLE] Pontiac_Rageous  assembly  Detroit [/TRIPLE] [TRIPLE] Pontiac_Rageous  productionEndYear  1997 [/TRIPLE] [TRIPLE] Pontiac_Rageous  manufacturer  Pontiac [/TRIPLE],5,4,1,4,manufacturer,Pontiac_Rageous manufacturer Pontiac,854,productionStartYear productionEndYear assembly assembly,ordering
ordering_test,results/ordering/ordering_test.json,856,[TRIPLE] Nie_Haisheng  birthPlace  Zaoyang [/TRIPLE] [TRIPLE] Nie_Haisheng  birthPlace  Hubei [/TRIPLE] [TRIPLE] Nie_Haisheng  mission  Shenzhou_10 [/TRIPLE] [TRIPLE] Nie_Haisheng  mission  Shenzhou_6 [/TRIPLE],4,3,1,3,mission,Nie_Haisheng mission Shenzhou_6,856,birthPlace birthPlace mission,ordering
ordering_test,results/ordering/ordering_test.json,858,[TRIPLE] Pontiac_Rageous  productionStartYear  1997 [/TRIPLE] [TRIPLE] Pontiac_Rageous  productionEndYear  1997 [/TRIPLE] [TRIPLE] Pontiac_Rageous  bodyStyle  Coupe [/TRIPLE] [TRIPLE] Pontiac_Rageous  manufacturer  Pontiac [/TRIPLE],4,3,1,3,manufacturer,Pontiac_Rageous manufacturer Pontiac,858,productionStartYear productionEndYear bodyStyle,ordering
ordering_test,results/ordering/ordering_test.json,863,[TRIPLE] Lady_Anne_Monson  nationality  Kingdom_of_England [/TRIPLE] [TRIPLE] Lady_Anne_Monson  residence  India [/TRIPLE] [TRIPLE] Lady_Anne_Monson  spouse  George_Monson [/TRIPLE] [TRIPLE] Lady_Anne_Monson  professionalField  Botany [/TRIPLE],4,3,1,3,professionalField,Lady_Anne_Monson professionalField Botany,863,nationality residence spouse,ordering
ordering_test,results/ordering/ordering_test.json,864,[TRIPLE] Akeem_Ayers  debutTeam  Tennessee_Titans [/TRIPLE] [TRIPLE] Akeem_Ayers  activeYearsStartYear  2011 [/TRIPLE],2,1,1,1,activeYearsStartYear,Akeem_Ayers activeYearsStartYear 2011,864,debutTeam,ordering
ordering_test,results/ordering/ordering_test.json,872,"[TRIPLE] Olga_Bondareva  birthPlace  Leningrad,_USSR [/TRIPLE] [TRIPLE] Olga_Bondareva  deathPlace  Saint_Petersburg [/TRIPLE] [TRIPLE] Olga_Bondareva  deathDate  1991-12-09 [/TRIPLE] [TRIPLE] Olga_Bondareva  professionalField  Economics [/TRIPLE] [TRIPLE] Olga_Bondareva  professionalField  Mathematics [/TRIPLE]",5,3,2,3,professionalField | professionalField,Olga_Bondareva professionalField Economics || Olga_Bondareva professionalField Mathematics,872,birthPlace deathPlace deathDate,ordering
ordering_test,results/ordering/ordering_test.json,875,"[TRIPLE] Abraham_A._Ribicoff  spouse  ""Ruth Ribicoff"" [/TRIPLE] [TRIPLE] Abraham_A._Ribicoff  inOfficeWhilePresident  John_F._Kennedy [/TRIPLE] [TRIPLE] Abraham_A._Ribicoff  nationality  American [/TRIPLE] [TRIPLE] Abraham_A._Ribicoff  party  Democratic_Party_(United_States) [/TRIPLE] [TRIPLE] Abraham_A._Ribicoff  birthPlace  United_States [/TRIPLE]",5,2,3,4,spouse | inOfficeWhilePresident | party,"Abraham_A._Ribicoff spouse ""Ruth Ribicoff"" || Abraham_A._Ribicoff inOfficeWhilePresident John_F._Kennedy || Abraham_A._Ribicoff party Democratic_Party_(United_States)",875,nationality birthPlace wasParty leader,ordering
ordering_test,results/ordering/ordering_test.json,883,[TRIPLE] Ciudad_Ayala  populationDensity  1604.0 [/TRIPLE] [TRIPLE] Ciudad_Ayala  leaderTitle  Governator [/TRIPLE] [TRIPLE] Ciudad_Ayala  elevationAboveTheSeaLevel  1147.0 [/TRIPLE] [TRIPLE] Ciudad_Ayala  timeZone  Pacific_Daylight_Time [/TRIPLE] [TRIPLE] Ciudad_Ayala  timeZone  Pacific_Standard_Time_Zone [/TRIPLE],5,4,1,4,populationDensity,Ciudad_Ayala populationDensity 1604.0,883,leaderTitle elevationAboveTheSeaLevel timeZone timeZone,ordering
ordering_test,results/ordering/ordering_test.json,884,"[TRIPLE] Bedford_Aerodrome  runwayLength  1095.0 [/TRIPLE] [TRIPLE] Bedford_Aerodrome  icaoLocationIdentifier  EGBF [/TRIPLE] [TRIPLE] Bedford_Aerodrome  elevationAboveTheSeaLevel  83.2104 [/TRIPLE] [TRIPLE] Bedford_Aerodrome  runwayName  ""08/26"" [/TRIPLE] [TRIPLE] Bedford_Aerodrome  runwaySurfaceType  Concrete [/TRIPLE]",5,3,2,4,runwayLength | icaoLocationIdentifier,Bedford_Aerodrome runwayLength 1095.0 || Bedford_Aerodrome icaoLocationIdentifier EGBF,884,ICAOLocationIdentifier elevationAboveTheSeaLevel runwayName runwaySurfaceType,ordering
ordering_test,results/ordering/ordering_test.json,889,"[TRIPLE] Alan_B._Miller_Hall  architect  Robert_A._M._Stern [/TRIPLE] [TRIPLE] Alan_B._Miller_Hall  address  ""101 Ukrop Way"" [/TRIPLE] [TRIPLE] Alan_B._Miller_Hall  buildingStartDate  ""30 March 2007"" [/TRIPLE] [TRIPLE] Alan_B._Miller_Hall  currentTenants  Mason_School_of_Business [/TRIPLE] [TRIPLE] Alan_B._Miller_Hall  location  Virginia [/TRIPLE] [TRIPLE] Mason_School_of_Business  country  United_States [/TRIPLE] [TRIPLE] Alan_B._Miller_Hall  owner  College_of_William_&_Mary [/TRIPLE]",7,6,1,6,address,"Alan_B._Miller_Hall address ""101 Ukrop Way""",889,location owner architect buildingStartDate currentTenants country,ordering
ordering_test,results/ordering/ordering_test.json,891,[TRIPLE] Liselotte_Grschebina  birthDate  1908-05-02 [/TRIPLE] [TRIPLE] Liselotte_Grschebina  professionalField  Photographer [/TRIPLE] [TRIPLE] Liselotte_Grschebina  deathPlace  Petah_Tikva [/TRIPLE],3,2,1,2,professionalField,Liselotte_Grschebina professionalField Photographer,891,birthDate deathPlace,ordering
ordering_test,results/ordering/ordering_test.json,892,[TRIPLE] McVeagh_of_the_South_Seas  imdbId  0004319 [/TRIPLE] [TRIPLE] McVeagh_of_the_South_Seas  director  Cyril_Bruce [/TRIPLE] [TRIPLE] McVeagh_of_the_South_Seas  director  Harry_Carey_(actor_born_1878) [/TRIPLE] [TRIPLE] McVeagh_of_the_South_Seas  starring  Harry_Carey_(actor_born_1878) [/TRIPLE] [TRIPLE] McVeagh_of_the_South_Seas  writer  Harry_Carey_(actor_born_1878) [/TRIPLE],5,3,2,4,imdbId | writer,McVeagh_of_the_South_Seas imdbId 0004319 || McVeagh_of_the_South_Seas writer Harry_Carey_(actor_born_1878),892,director director starring starring,ordering
ordering_test,results/ordering/ordering_test.json,893,[TRIPLE] Olga_Bondareva  birthDate  1937-04-27 [/TRIPLE] [TRIPLE] Olga_Bondareva  almaMater  Leningrad_State_University [/TRIPLE] [TRIPLE] Olga_Bondareva  professionalField  Economics [/TRIPLE],3,2,1,3,professionalField,Olga_Bondareva professionalField Economics,893,birthDate almaMater academicField,ordering
ordering_test,results/ordering/ordering_test.json,895,[TRIPLE] McVeagh_of_the_South_Seas  writer  Harry_Carey_(actor_born_1878) [/TRIPLE],1,0,1,1,writer,McVeagh_of_the_South_Seas writer Harry_Carey_(actor_born_1878),895,author,ordering
ordering_test,results/ordering/ordering_test.json,897,"[TRIPLE] Alan_B._Miller_Hall  architect  Robert_A._M._Stern [/TRIPLE] [TRIPLE] Alan_B._Miller_Hall  address  ""101 Ukrop Way"" [/TRIPLE] [TRIPLE] Alan_B._Miller_Hall  buildingStartDate  ""30 March 2007"" [/TRIPLE] [TRIPLE] Alan_B._Miller_Hall  currentTenants  Mason_School_of_Business [/TRIPLE] [TRIPLE] Alan_B._Miller_Hall  completionDate  2009-06-01 [/TRIPLE] [TRIPLE] Alan_B._Miller_Hall  location  Virginia [/TRIPLE] [TRIPLE] Alan_B._Miller_Hall  owner  College_of_William_&_Mary [/TRIPLE]",7,6,1,6,address,"Alan_B._Miller_Hall address ""101 Ukrop Way""",897,location owner architect buildingStartDate completionDate currentTenants,ordering
ordering_test,results/ordering/ordering_test.json,900,[TRIPLE] University_of_Burgundy  numberOfUndergraduateStudents  16800 [/TRIPLE] [TRIPLE] University_of_Burgundy  staff  2900 [/TRIPLE] [TRIPLE] University_of_Burgundy  numberOfStudents  27400 [/TRIPLE] [TRIPLE] University_of_Burgundy  numberOfDoctoralStudents  1299 [/TRIPLE] [TRIPLE] University_of_Burgundy  campus  Dijon [/TRIPLE],5,4,1,4,staff,University_of_Burgundy staff 2900,900,campus numberOfUndergraduateStudents numberOfStudents numberOfDoctoralStudents,ordering
ordering_test,results/ordering/ordering_test.json,902,"[TRIPLE] Super_Capers  writer  Ray_Griggs_(director) [/TRIPLE] [TRIPLE] Super_Capers  runtime  98.0 [/TRIPLE] [TRIPLE] Super_Capers  starring  Tom_Lister,_Jr. [/TRIPLE] [TRIPLE] Super_Capers  gross  30955.0 [/TRIPLE]",4,2,2,4,writer | gross,Super_Capers writer Ray_Griggs_(director) || Super_Capers gross 30955.0,902,starring starring author runtime,ordering
ordering_test,results/ordering/ordering_test.json,907,[TRIPLE] It's_Great_to_Be_Young_(1956_film)  starring  Cecil_Parker [/TRIPLE] [TRIPLE] It's_Great_to_Be_Young_(1956_film)  writer  Ted_Willis [/TRIPLE] [TRIPLE] It's_Great_to_Be_Young_(1956_film)  starring  John_Mills [/TRIPLE] [TRIPLE] It's_Great_to_Be_Young_(1956_film)  director  Cyril_Frankel [/TRIPLE] [TRIPLE] John_Mills  deathYear  2005 [/TRIPLE],5,4,1,5,writer,It's_Great_to_Be_Young_(1956_film) writer Ted_Willis,907,director starring starring starring deathYear,ordering
ordering_test,results/ordering/ordering_test.json,912,[TRIPLE] Death_on_a_Factory_Farm  director  Tom_Simon [/TRIPLE] [TRIPLE] Death_on_a_Factory_Farm  producer  Tom_Simon [/TRIPLE] [TRIPLE] Death_on_a_Factory_Farm  broadcastedBy  HBO [/TRIPLE] [TRIPLE] Death_on_a_Factory_Farm  editor  Geof_Bartz [/TRIPLE] [TRIPLE] Death_on_a_Factory_Farm  musicComposer  Jamie_Lawrence [/TRIPLE] [TRIPLE] Death_on_a_Factory_Farm  runtime  83.0 [/TRIPLE],6,5,1,6,producer,Death_on_a_Factory_Farm producer Tom_Simon,912,broadcastedBy editor director broadcastedBy runtime musicComposer,ordering
ordering_test,results/ordering/ordering_test.json,916,[TRIPLE] Hypermarcas  location  Brazil [/TRIPLE] [TRIPLE] Hypermarcas  product  Drugs [/TRIPLE] [TRIPLE] Hypermarcas  product  Healthcare [/TRIPLE],3,2,1,2,product,Hypermarcas product Healthcare,916,location product,ordering
ordering_test,results/ordering/ordering_test.json,918,[TRIPLE] Super_Capers  distributor  Roadside_Attractions [/TRIPLE] [TRIPLE] Lionsgate  type  Public_company [/TRIPLE] [TRIPLE] Super_Capers  distributor  Lionsgate [/TRIPLE] [TRIPLE] Super_Capers  language  English_language [/TRIPLE] [TRIPLE] English_language  iso6391Code  en [/TRIPLE],5,4,1,4,type,Lionsgate type Public_company,918,distributor distributor iso6391Code language,ordering
ordering_test,results/ordering/ordering_test.json,922,"[TRIPLE] Ciudad_Ayala  populationMetro  1777539 [/TRIPLE] [TRIPLE] Ciudad_Ayala  leaderTitle  ""City Manager"" [/TRIPLE] [TRIPLE] Ciudad_Ayala  type  City [/TRIPLE] [TRIPLE] Ciudad_Ayala  populationDensity  1604.0 [/TRIPLE]",4,1,3,3,populationMetro | type | populationDensity,Ciudad_Ayala populationMetro 1777539 || Ciudad_Ayala type City || Ciudad_Ayala populationDensity 1604.0,922,leaderTitle city numberDensity,ordering
ordering_test,results/ordering/ordering_test.json,926,[TRIPLE] Super_Capers  editing  Stacy_Katzman [/TRIPLE] [TRIPLE] Super_Capers  starring  Michael_Rooker [/TRIPLE] [TRIPLE] Super_Capers  starring  Tom_Sizemore [/TRIPLE] [TRIPLE] Super_Capers  language  English_language [/TRIPLE] [TRIPLE] Super_Capers  runtime  98.0 [/TRIPLE] [TRIPLE] Super_Capers  distributor  Roadside_Attractions [/TRIPLE] [TRIPLE] Super_Capers  distributor  Lionsgate [/TRIPLE],7,6,1,6,editing,Super_Capers editing Stacy_Katzman,926,distributor distributor starring starring language runtime,ordering
ordering_test,results/ordering/ordering_test.json,929,[TRIPLE] Darinka_Dentcheva  influencedBy  Andrzej_Piotr_Ruszczyński [/TRIPLE] [TRIPLE] Darinka_Dentcheva  citizenship  United_States [/TRIPLE] [TRIPLE] Darinka_Dentcheva  birthDate  1958-01-01 [/TRIPLE] [TRIPLE] Darinka_Dentcheva  professionalField  Mathematical_optimization [/TRIPLE] [TRIPLE] Darinka_Dentcheva  almaMater  Humboldt_University [/TRIPLE],5,3,2,5,citizenship | professionalField,Darinka_Dentcheva citizenship United_States || Darinka_Dentcheva professionalField Mathematical_optimization,929,birthDate almaMater influencedBy nationality academicField,ordering
ordering_test,results/ordering/ordering_test.json,932,[TRIPLE] Nurhan_Atasoy  residence  Istanbul [/TRIPLE] [TRIPLE] Turkey  governmentType  Unitary_state [/TRIPLE] [TRIPLE] Nurhan_Atasoy  residence  Turkey [/TRIPLE] [TRIPLE] Turkey  percentageOfAreaWater  1.3 [/TRIPLE] [TRIPLE] Nurhan_Atasoy  birthPlace  Turkey [/TRIPLE],5,4,1,4,residence,Nurhan_Atasoy residence Turkey,932,birthPlace residence governmentType percentageOfAreaWater,ordering
ordering_test,results/ordering/ordering_test.json,933,[TRIPLE] Super_Capers  writer  Ray_Griggs_(director) [/TRIPLE] [TRIPLE] Ray_Griggs_(director)  birthYear  1974 [/TRIPLE] [TRIPLE] Super_Capers  starring  Michael_Rooker [/TRIPLE],3,2,1,3,writer,Super_Capers writer Ray_Griggs_(director),933,birthYear author starring,ordering
ordering_test,results/ordering/ordering_test.json,938,[TRIPLE] It's_Great_to_Be_Young_(1956_film)  runtime  94.0 [/TRIPLE] [TRIPLE] It's_Great_to_Be_Young_(1956_film)  director  Cyril_Frankel [/TRIPLE] [TRIPLE] It's_Great_to_Be_Young_(1956_film)  musicComposer  Louis_Levy [/TRIPLE],3,2,1,3,musicComposer,It's_Great_to_Be_Young_(1956_film) musicComposer Louis_Levy,938,director director runtime,ordering
ordering_test,results/ordering/ordering_test.json,946,[TRIPLE] Hypermarcas  industry  Pharmaceuticals [/TRIPLE] [TRIPLE] Hypermarcas  type  S.A._(corporation) [/TRIPLE] [TRIPLE] Hypermarcas  subsidiary  Mantecorp [/TRIPLE] [TRIPLE] Hypermarcas  netIncome  108600000 [/TRIPLE] [TRIPLE] Hypermarcas  numberOfEmployees  10252 [/TRIPLE] [TRIPLE] Hypermarcas  product  Healthcare [/TRIPLE],6,4,2,6,industry | type,Hypermarcas industry Pharmaceuticals || Hypermarcas type S.A._(corporation),946,product product category numberOfEmployees netIncome subsidiary,ordering
ordering_test,results/ordering/ordering_test.json,947,[TRIPLE] English_Without_Tears  musicComposer  Nicholas_Brodszky [/TRIPLE] [TRIPLE] English_Without_Tears  editing  Alan_Jaggs [/TRIPLE] [TRIPLE] English_Without_Tears  runtime  89.0 [/TRIPLE] [TRIPLE] English_Without_Tears  cinematography  Bernard_Knowles [/TRIPLE],4,3,1,4,musicComposer,English_Without_Tears musicComposer Nicholas_Brodszky,947,editing soundtrackComposer runtime cinematography,ordering
ordering_test,results/ordering/ordering_test.json,948,[TRIPLE] Brandon_Carter  professionalField  General_relativity [/TRIPLE] [TRIPLE] Brandon_Carter  almaMater  University_of_Cambridge [/TRIPLE] [TRIPLE] Brandon_Carter  birthDate  1942-01-01 [/TRIPLE],3,2,1,3,professionalField,Brandon_Carter professionalField General_relativity,948,birthDate almaMater academicField,ordering
ordering_test,results/ordering/ordering_test.json,950,[TRIPLE] Nie_Haisheng  mission  Shenzhou_10 [/TRIPLE] [TRIPLE] Nie_Haisheng  mission  Shenzhou_6 [/TRIPLE] [TRIPLE] Nie_Haisheng  birthDate  1964-10-13 [/TRIPLE] [TRIPLE] Nie_Haisheng  birthPlace  Zaoyang [/TRIPLE] [TRIPLE] Nie_Haisheng  birthPlace  Hubei [/TRIPLE],5,3,2,4,mission | birthPlace,Nie_Haisheng mission Shenzhou_6 || Nie_Haisheng birthPlace Hubei,950,birthPlace birthDate birthDate mission,ordering
ordering_test,results/ordering/ordering_test.json,956,"[TRIPLE] Mexico  currency  Mexican_peso [/TRIPLE] [TRIPLE] Mexico  demonym  Mexicans [/TRIPLE] [TRIPLE] Bionico  course  Dessert [/TRIPLE] [TRIPLE] Mexico  leader  Silvano_Aureoles_Conejo [/TRIPLE] [TRIPLE] Bionico  mainIngredient  ""Chopped Fruits, Sour Cream, Condensed Milk, Granola, Shredded Coconut, Raisins"" [/TRIPLE] [TRIPLE] Bionico  country  Mexico [/TRIPLE]",6,4,2,5,currency | mainIngredient,"Mexico currency Mexican_peso || Bionico mainIngredient ""Chopped Fruits, Sour Cream, Condensed Milk, Granola, Shredded Coconut, Raisins""",956,course country leader demonym mainIngredients,ordering
ordering_test,results/ordering/ordering_test.json,962,[TRIPLE] Mermaid_(Train_song)  followedBy  Imagine_(John_Lennon_song) [/TRIPLE] [TRIPLE] Mermaid_(Train_song)  producer  Espionage_(production_team) [/TRIPLE] [TRIPLE] Mermaid_(Train_song)  format  Music_download [/TRIPLE],3,2,1,3,producer,Mermaid_(Train_song) producer Espionage_(production_team),962,followedBy format creator,ordering
ordering_test,results/ordering/ordering_test.json,963,"[TRIPLE] Acharya_Institute_of_Technology  campus  ""In Soldevanahalli, Acharya Dr. Sarvapalli Radhakrishnan Road, Hessarghatta Main Road, Bangalore – 560090."" [/TRIPLE] [TRIPLE] All_India_Council_for_Technical_Education  location  Mumbai [/TRIPLE] [TRIPLE] Acharya_Institute_of_Technology  director  ""Dr. G. P. Prabhukumar"" [/TRIPLE] [TRIPLE] Acharya_Institute_of_Technology  academicStaffSize  ""~500"" [/TRIPLE] [TRIPLE] Acharya_Institute_of_Technology  affiliation  Visvesvaraya_Technological_University [/TRIPLE] [TRIPLE] Visvesvaraya_Technological_University  city  Belgaum [/TRIPLE] [TRIPLE] Acharya_Institute_of_Technology  wasGivenTheTechnicalCampusStatusBy  All_India_Council_for_Technical_Education [/TRIPLE]",7,6,1,6,location,All_India_Council_for_Technical_Education location Mumbai,963,campus affiliation city wasGivenTheTechnicalCampusStatusBy director academicStaffSize,ordering
ordering_test,results/ordering/ordering_test.json,965,"[TRIPLE] Turkey  longName  ""Republic of Turkey"" [/TRIPLE] [TRIPLE] Nurhan_Atasoy  nationality  Turkish_people [/TRIPLE] [TRIPLE] Nurhan_Atasoy  citizenship  Turkey [/TRIPLE] [TRIPLE] Turkey  language  Turkish_language [/TRIPLE]",4,2,2,3,longName | citizenship,"Turkey longName ""Republic of Turkey"" || Nurhan_Atasoy citizenship Turkey",965,nationality language country,ordering
ordering_test,results/ordering/ordering_test.json,968,[TRIPLE] McVeagh_of_the_South_Seas  imdbId  0004319 [/TRIPLE] [TRIPLE] McVeagh_of_the_South_Seas  director  Cyril_Bruce [/TRIPLE] [TRIPLE] McVeagh_of_the_South_Seas  director  Harry_Carey_(actor_born_1878) [/TRIPLE] [TRIPLE] McVeagh_of_the_South_Seas  starring  Harry_Carey_(actor_born_1878) [/TRIPLE] [TRIPLE] McVeagh_of_the_South_Seas  writer  Harry_Carey_(actor_born_1878) [/TRIPLE] [TRIPLE] McVeagh_of_the_South_Seas  producer  The_Progressive_Motion_Picture_Company [/TRIPLE] [TRIPLE] McVeagh_of_the_South_Seas  distributor  Alliance_Films_Corporation [/TRIPLE],7,5,2,7,writer | producer,McVeagh_of_the_South_Seas writer Harry_Carey_(actor_born_1878) || McVeagh_of_the_South_Seas producer The_Progressive_Motion_Picture_Company,968,distributor distributor starring director director starring imdbId,ordering
ordering_test,results/ordering/ordering_test.json,971,"[TRIPLE] Bedford_Aerodrome  cityServed  Bedford_Autodrome [/TRIPLE] [TRIPLE] Bedford_Aerodrome  icaoLocationIdentifier  EGBF [/TRIPLE] [TRIPLE] Bedford_Aerodrome  elevationAboveTheSeaLevel  83.2104 [/TRIPLE] [TRIPLE] Bedford_Aerodrome  runwayName  ""08/26"" [/TRIPLE] [TRIPLE] Bedford_Aerodrome  runwaySurfaceType  Concrete [/TRIPLE]",5,4,1,5,icaoLocationIdentifier,Bedford_Aerodrome icaoLocationIdentifier EGBF,971,cityServed elevationAboveTheSeaLevel ICAOLocationIdentifier runwayName runwaySurfaceType,ordering
ordering_test,results/ordering/ordering_test.json,972,[TRIPLE] English_Without_Tears  writer  Anatole_de_Grunwald [/TRIPLE] [TRIPLE] English_Without_Tears  cinematography  Bernard_Knowles [/TRIPLE],2,1,1,2,writer,English_Without_Tears writer Anatole_de_Grunwald,972,author cinematography,ordering
ordering_test,results/ordering/ordering_test.json,973,"[TRIPLE] Abraham_A._Ribicoff  spouse  ""Ruth Ribicoff"" [/TRIPLE] [TRIPLE] Abraham_A._Ribicoff  deathPlace  United_States [/TRIPLE] [TRIPLE] Abraham_A._Ribicoff  birthPlace  United_States [/TRIPLE] [TRIPLE] United_States  ethnicGroup  African_Americans [/TRIPLE]",4,3,1,3,spouse,"Abraham_A._Ribicoff spouse ""Ruth Ribicoff""",973,birthPlace deathPlace ethnicGroup,ordering
ordering_test,results/ordering/ordering_test.json,977,[TRIPLE] Ciudad_Ayala  type  City [/TRIPLE] [TRIPLE] Ciudad_Ayala  populationDensity  1604.0 [/TRIPLE] [TRIPLE] Ciudad_Ayala  utcOffset  −6 [/TRIPLE] [TRIPLE] Ciudad_Ayala  leaderTitle  Governator [/TRIPLE] [TRIPLE] Ciudad_Ayala  country  Mexico [/TRIPLE],5,3,2,5,type | populationDensity,Ciudad_Ayala type City || Ciudad_Ayala populationDensity 1604.0,977,country leaderTitle utcOffset city numberDensity,ordering
ordering_test,results/ordering/ordering_test.json,981,[TRIPLE] 1147_Stavropolis  absoluteMagnitude  11.5 [/TRIPLE] [TRIPLE] 1147_Stavropolis  discovered  1929-06-11 [/TRIPLE],2,1,1,2,discovered,1147_Stavropolis discovered 1929-06-11,981,location absoluteMagnitude,ordering
ordering_test,results/ordering/ordering_test.json,985,[TRIPLE] Darinka_Dentcheva  birthDate  1958-01-01 [/TRIPLE] [TRIPLE] Darinka_Dentcheva  professionalField  Mathematical_optimization [/TRIPLE] [TRIPLE] Darinka_Dentcheva  knownFor  Stochastic_programming [/TRIPLE],3,2,1,3,professionalField,Darinka_Dentcheva professionalField Mathematical_optimization,985,birthDate knownFor academicField,ordering
ordering_test,results/ordering/ordering_test.json,993,[TRIPLE] Expect_a_Miracle  producer  Brian_Kelly_(composer_&_pianist) [/TRIPLE] [TRIPLE] Expect_a_Miracle  type  Compilation_Album [/TRIPLE] [TRIPLE] Expect_a_Miracle  runtime  54.56 [/TRIPLE] [TRIPLE] Expect_a_Miracle  precededBy  Pools_of_Light_(Brian_Kelly_album) [/TRIPLE],4,3,1,3,type,Expect_a_Miracle type Compilation_Album,993,precededBy producer runtime,ordering
ordering_test,results/ordering/ordering_test.json,997,[TRIPLE] 1147_Stavropolis  apoapsis  418476000000.0 [/TRIPLE] [TRIPLE] 1147_Stavropolis  absoluteMagnitude  11.5 [/TRIPLE] [TRIPLE] 1147_Stavropolis  epoch  31 July 2016 (JD2457600.5) [/TRIPLE] [TRIPLE] 1147_Stavropolis  periapsis  260855000000.0 [/TRIPLE] [TRIPLE] 1147_Stavropolis  orbitalPeriod  1249.6 [/TRIPLE],5,4,1,5,absoluteMagnitude,1147_Stavropolis absoluteMagnitude 11.5,997,epoch periapsis apoapsis periapsis orbitalPeriod,ordering
ordering_test,results/ordering/ordering_test.json,1004,"[TRIPLE] Alan_Shepard  birthDate  ""1923-11-18"" [/TRIPLE] [TRIPLE] Alan_Shepard  servedAsChiefOfTheAstronautOfficeIn  1963 [/TRIPLE] [TRIPLE] Alan_Shepard  deathPlace  California [/TRIPLE] [TRIPLE] Alan_Shepard  birthPlace  New_Hampshire [/TRIPLE] [TRIPLE] Alan_Shepard  mission  Apollo_14 [/TRIPLE]",5,4,1,4,mission,Alan_Shepard mission Apollo_14,1004,birthPlace birthDate servedAsChiefOfTheAstronautOfficeIn deathPlace,ordering
ordering_test,results/ordering/ordering_test.json,1012,[TRIPLE] Liselotte_Grschebina  birthPlace  Karlsruhe [/TRIPLE] [TRIPLE] Liselotte_Grschebina  birthDate  1908-05-02 [/TRIPLE] [TRIPLE] Liselotte_Grschebina  deathDate  1994-06-14 [/TRIPLE] [TRIPLE] Liselotte_Grschebina  birthPlace  German_Empire [/TRIPLE],4,3,1,3,birthPlace,Liselotte_Grschebina birthPlace German_Empire,1012,birthPlace birthDate deathDate,ordering
ordering_test,results/ordering/ordering_test.json,1013,[TRIPLE] Bedford_Aerodrome  operatingOrganisation  MotorSport_Vision [/TRIPLE] [TRIPLE] Bedford_Aerodrome  runwayLength  1095.0 [/TRIPLE] [TRIPLE] Bedford_Aerodrome  cityServed  Bedford_Autodrome [/TRIPLE] [TRIPLE] Bedford_Aerodrome  icaoLocationIdentifier  EGBF [/TRIPLE],4,3,1,4,icaoLocationIdentifier,Bedford_Aerodrome icaoLocationIdentifier EGBF,1013,cityServed operatingOrganisation runwayLength ICAOLocationIdentifier,ordering
ordering_test,results/ordering/ordering_test.json,1017,[TRIPLE] Train_(band)  formerBandMember  Johnny_Colt [/TRIPLE] [TRIPLE] Train_(band)  formerBandMember  Charlie_Colin [/TRIPLE] [TRIPLE] Mermaid_(Train_song)  musicalBand  Train_(band) [/TRIPLE],3,2,1,2,musicalBand,Mermaid_(Train_song) musicalBand Train_(band),1017,formerBandMember formerBandMember,ordering
ordering_test,results/ordering/ordering_test.json,1020,[TRIPLE] Olga_Bondareva  knownFor  Bondareva–Shapley_theorem [/TRIPLE] [TRIPLE] Olga_Bondareva  almaMater  Leningrad_State_University [/TRIPLE] [TRIPLE] Olga_Bondareva  professionalField  Economics [/TRIPLE],3,2,1,3,professionalField,Olga_Bondareva professionalField Economics,1020,almaMater knownFor academicField,ordering
ordering_test,results/ordering/ordering_test.json,1023,[TRIPLE] Ciudad_Ayala  governmentType  Council-manager_government [/TRIPLE] [TRIPLE] Ciudad_Ayala  populationDensity  1604.0 [/TRIPLE] [TRIPLE] Ciudad_Ayala  timeZone  Pacific_Daylight_Time [/TRIPLE] [TRIPLE] Ciudad_Ayala  timeZone  Pacific_Standard_Time_Zone [/TRIPLE] [TRIPLE] Ciudad_Ayala  leader  Juan_Nolasco [/TRIPLE],5,3,2,4,populationDensity | timeZone,Ciudad_Ayala populationDensity 1604.0 || Ciudad_Ayala timeZone Pacific_Standard_Time_Zone,1023,leader governmentType timeZone timeStandard_Time_Zone,ordering
ordering_test,results/ordering/ordering_test.json,1029,[TRIPLE] McVeagh_of_the_South_Seas  imdbId  0004319 [/TRIPLE] [TRIPLE] McVeagh_of_the_South_Seas  starring  Harry_Carey_(actor_born_1878) [/TRIPLE] [TRIPLE] McVeagh_of_the_South_Seas  writer  Harry_Carey_(actor_born_1878) [/TRIPLE],3,2,1,3,writer,McVeagh_of_the_South_Seas writer Harry_Carey_(actor_born_1878),1029,starring author imdbId,ordering
ordering_test,results/ordering/ordering_test.json,1031,[TRIPLE] McVeagh_of_the_South_Seas  imdbId  0004319 [/TRIPLE] [TRIPLE] McVeagh_of_the_South_Seas  starring  Harry_Carey_(actor_born_1878) [/TRIPLE] [TRIPLE] McVeagh_of_the_South_Seas  producer  The_Progressive_Motion_Picture_Company [/TRIPLE],3,1,2,3,imdbId | producer,McVeagh_of_the_South_Seas imdbId 0004319 || McVeagh_of_the_South_Seas producer The_Progressive_Motion_Picture_Company,1031,starring director idbId,ordering
ordering_test,results/ordering/ordering_test.json,1032,[TRIPLE] University_of_Burgundy  numberOfUndergraduateStudents  16800 [/TRIPLE] [TRIPLE] University_of_Burgundy  numberOfStudents  27400 [/TRIPLE] [TRIPLE] University_of_Burgundy  numberOfDoctoralStudents  1299 [/TRIPLE],3,2,1,2,numberOfStudents,University_of_Burgundy numberOfStudents 27400,1032,numberOfUndergraduateStudents numberOfDoctoralStudents,ordering
ordering_test,results/ordering/ordering_test.json,1039,[TRIPLE] Aaron_Turner  genre  Post-metal [/TRIPLE] [TRIPLE] Aaron_Turner  origin  Massachusetts [/TRIPLE] [TRIPLE] Aaron_Turner  associatedBand/associatedMusicalArtist  Twilight_(band) [/TRIPLE] [TRIPLE] Aaron_Turner  activeYearsStartYear  1995 [/TRIPLE],4,2,2,4,origin | activeYearsStartYear,Aaron_Turner origin Massachusetts || Aaron_Turner activeYearsStartYear 1995,1039,genre birth birth associatedBand/associatedMusicalArtist,ordering
ordering_test,results/ordering/ordering_test.json,1044,[TRIPLE] English_Without_Tears  writer  Terence_Rattigan [/TRIPLE],1,0,1,1,writer,English_Without_Tears writer Terence_Rattigan,1044,author,ordering
ordering_test,results/ordering/ordering_test.json,1045,"[TRIPLE] Alan_Shepard  birthDate  ""1923-11-18"" [/TRIPLE] [TRIPLE] Alan_Shepard  nationality  United_States [/TRIPLE] [TRIPLE] Alan_Shepard  deathPlace  California [/TRIPLE] [TRIPLE] Alan_Shepard  birthPlace  New_Hampshire [/TRIPLE] [TRIPLE] Alan_Shepard  mission  Apollo_14 [/TRIPLE]",5,4,1,4,mission,Alan_Shepard mission Apollo_14,1045,nationality birthPlace birthDate deathPlace,ordering
ordering_test,results/ordering/ordering_test.json,1048,"[TRIPLE] Trane  foundationPlace  La_Crosse,_Wisconsin [/TRIPLE] [TRIPLE] La_Crosse,_Wisconsin  elevationAboveTheSeaLevel  204.0 [/TRIPLE] [TRIPLE] Trane  revenue  10264000000 [/TRIPLE] [TRIPLE] Trane  foundingDate  1913-01-01 [/TRIPLE]",4,3,1,4,foundingDate,Trane foundingDate 1913-01-01,1048,foundationPlace foundationDate elevationAboveTheSeaLevel revenue,ordering
ordering_test,results/ordering/ordering_test.json,1050,[TRIPLE] Bedford_Aerodrome  operatingOrganisation  MotorSport_Vision [/TRIPLE] [TRIPLE] Bedford_Aerodrome  runwayLength  1095.0 [/TRIPLE] [TRIPLE] Bedford_Aerodrome  cityServed  Bedford_Autodrome [/TRIPLE] [TRIPLE] Bedford_Aerodrome  location  Thurleigh [/TRIPLE] [TRIPLE] Bedford_Aerodrome  icaoLocationIdentifier  EGBF [/TRIPLE] [TRIPLE] Bedford_Aerodrome  elevationAboveTheSeaLevel  83.2104 [/TRIPLE],6,5,1,6,icaoLocationIdentifier,Bedford_Aerodrome icaoLocationIdentifier EGBF,1050,location cityServed operatingOrganisation ICAOLocationIdentifier runwayLength elevationAboveTheSeaLevel,ordering
ordering_test,results/ordering/ordering_test.json,1051,[TRIPLE] Super_Capers  starring  Danielle_Harris [/TRIPLE] [TRIPLE] Super_Capers  writer  Ray_Griggs_(director) [/TRIPLE] [TRIPLE] Super_Capers  director  Ray_Griggs_(director) [/TRIPLE],3,2,1,3,writer,Super_Capers writer Ray_Griggs_(director),1051,starring director director,ordering
ordering_test,results/ordering/ordering_test.json,1053,[TRIPLE] Super_Capers  starring  Michael_Rooker [/TRIPLE] [TRIPLE] Super_Capers  distributor  Roadside_Attractions [/TRIPLE] [TRIPLE] Super_Capers  distributor  Lionsgate [/TRIPLE] [TRIPLE] Super_Capers  budget  2000000.0 [/TRIPLE],4,3,1,3,budget,Super_Capers budget 2000000.0,1053,starring distributor distributor,ordering
ordering_test,results/ordering/ordering_test.json,1054,[TRIPLE] It's_Great_to_Be_Young_(1956_film)  starring  John_Mills [/TRIPLE] [TRIPLE] It's_Great_to_Be_Young_(1956_film)  runtime  94.0 [/TRIPLE] [TRIPLE] It's_Great_to_Be_Young_(1956_film)  gross  282838.0 [/TRIPLE],3,2,1,3,gross,It's_Great_to_Be_Young_(1956_film) gross 282838.0,1054,starring runtime grosse,ordering
ordering_test,results/ordering/ordering_test.json,1057,[TRIPLE] English_Without_Tears  releaseDate  1944-07-28 [/TRIPLE] [TRIPLE] English_Without_Tears  producer  Anatole_de_Grunwald [/TRIPLE] [TRIPLE] English_Without_Tears  musicComposer  Nicholas_Brodszky [/TRIPLE] [TRIPLE] Nicholas_Brodszky  background  non_performing_personnel [/TRIPLE],4,3,1,4,releaseDate,English_Without_Tears releaseDate 1944-07-28,1057,producer birthDate musicComposer background,ordering
ordering_test,results/ordering/ordering_test.json,1067,[TRIPLE] Death_on_a_Factory_Farm  director  Tom_Simon [/TRIPLE] [TRIPLE] Death_on_a_Factory_Farm  producer  Tom_Simon [/TRIPLE] [TRIPLE] Death_on_a_Factory_Farm  broadcastedBy  HBO [/TRIPLE] [TRIPLE] Death_on_a_Factory_Farm  editor  Geof_Bartz [/TRIPLE] [TRIPLE] Death_on_a_Factory_Farm  musicComposer  Jamie_Lawrence [/TRIPLE] [TRIPLE] Death_on_a_Factory_Farm  producer  Sarah_Teale [/TRIPLE],6,5,1,5,producer,Death_on_a_Factory_Farm producer Sarah_Teale,1067,broadcastedBy editor director producer musicComposer,ordering
ordering_test,results/ordering/ordering_test.json,1069,[TRIPLE] Super_Capers  starring  Adam_West [/TRIPLE] [TRIPLE] Super_Capers  writer  Ray_Griggs_(director) [/TRIPLE] [TRIPLE] Super_Capers  director  Ray_Griggs_(director) [/TRIPLE] [TRIPLE] Super_Capers  gross  30955.0 [/TRIPLE],4,2,2,4,writer | gross,Super_Capers writer Ray_Griggs_(director) || Super_Capers gross 30955.0,1069,starring director director grosse,ordering
ordering_test,results/ordering/ordering_test.json,1071,"[TRIPLE] Bedford_Aerodrome  icaoLocationIdentifier  EGBF [/TRIPLE] [TRIPLE] Bedford_Aerodrome  runwayName  ""08/26"" [/TRIPLE]",2,1,1,2,icaoLocationIdentifier,Bedford_Aerodrome icaoLocationIdentifier EGBF,1071,runwayName ICAOLocationIdentifier,ordering
ordering_test,results/ordering/ordering_test.json,1072,[TRIPLE] Super_Capers  editing  Stacy_Katzman [/TRIPLE] [TRIPLE] Super_Capers  starring  Michael_Rooker [/TRIPLE] [TRIPLE] Super_Capers  starring  Tom_Sizemore [/TRIPLE] [TRIPLE] Super_Capers  language  English_language [/TRIPLE] [TRIPLE] Super_Capers  runtime  98.0 [/TRIPLE],5,4,1,5,editing,Super_Capers editing Stacy_Katzman,1072,starring starring language editor runtime,ordering
ordering_test,results/ordering/ordering_test.json,1074,[TRIPLE] Bootleg_Series_Volume_1:_The_Quine_Tapes  artist  The_Velvet_Underground [/TRIPLE] [TRIPLE] Bootleg_Series_Volume_1:_The_Quine_Tapes  genre  Rock_music [/TRIPLE] [TRIPLE] Bootleg_Series_Volume_1:_The_Quine_Tapes  precededBy  Squeeze_(The_Velvet_Underground_album) [/TRIPLE] [TRIPLE] Bootleg_Series_Volume_1:_The_Quine_Tapes  recordLabel  Polydor_Records [/TRIPLE] [TRIPLE] Bootleg_Series_Volume_1:_The_Quine_Tapes  recordLabel  Universal_Music_Group [/TRIPLE] [TRIPLE] Bootleg_Series_Volume_1:_The_Quine_Tapes  releaseDate  2001-10-16 [/TRIPLE],6,5,1,6,artist,Bootleg_Series_Volume_1:_The_Quine_Tapes artist The_Velvet_Underground,1074,precededBy author genre releaseDate recordLabel recordLabel,ordering
ordering_test,results/ordering/ordering_test.json,1075,[TRIPLE] Darinka_Dentcheva  citizenship  United_States [/TRIPLE] [TRIPLE] United_States  longName  United States of America [/TRIPLE] [TRIPLE] Darinka_Dentcheva  knownFor  Stochastic_programming [/TRIPLE] [TRIPLE] Darinka_Dentcheva  almaMater  Humboldt_University [/TRIPLE],4,2,2,3,citizenship | longName,Darinka_Dentcheva citizenship United_States || United_States longName United States of America,1075,nationality almaMater knownFor,ordering
ordering_test,results/ordering/ordering_test.json,1083,"[TRIPLE] Bootleg_Series_Volume_1:_The_Quine_Tapes  recordedIn  St._Louis,_Missouri [/TRIPLE] [TRIPLE] San_Francisco  timeZone  Pacific_Time_Zone [/TRIPLE] [TRIPLE] Bootleg_Series_Volume_1:_The_Quine_Tapes  recordedIn  San_Francisco [/TRIPLE]",3,2,1,3,recordedIn,Bootleg_Series_Volume_1:_The_Quine_Tapes recordedIn San_Francisco,1083,timeZone timeZone recordedIn,ordering
ordering_test,results/ordering/ordering_test.json,1084,[TRIPLE] It's_Great_to_Be_Young_(1956_film)  runtime  94.0 [/TRIPLE] [TRIPLE] It's_Great_to_Be_Young_(1956_film)  gross  282838.0 [/TRIPLE] [TRIPLE] It's_Great_to_Be_Young_(1956_film)  director  Cyril_Frankel [/TRIPLE] [TRIPLE] It's_Great_to_Be_Young_(1956_film)  musicComposer  Louis_Levy [/TRIPLE],4,3,1,4,gross,It's_Great_to_Be_Young_(1956_film) gross 282838.0,1084,director musicComposer runtime grosse,ordering
ordering_test,results/ordering/ordering_test.json,1085,[TRIPLE] Liselotte_Grschebina  training  School_of_Applied_Arts_in_Stuttgart [/TRIPLE] [TRIPLE] Liselotte_Grschebina  deathDate  1994-06-14 [/TRIPLE] [TRIPLE] Liselotte_Grschebina  birthDate  1908-05-02 [/TRIPLE] [TRIPLE] Liselotte_Grschebina  deathPlace  Petah_Tikva [/TRIPLE],4,3,1,3,training,Liselotte_Grschebina training School_of_Applied_Arts_in_Stuttgart,1085,birthDate deathPlace deathDate,ordering
ordering_test,results/ordering/ordering_test.json,1086,"[TRIPLE] Estádio_Municipal_Coaracy_da_Mata_Fonseca  location  Arapiraca [/TRIPLE] [TRIPLE] Agremiação_Sportiva_Arapiraquense  league  Campeonato_Brasileiro_Série_C [/TRIPLE] [TRIPLE] Campeonato_Brasileiro_Série_C  champions  Vila_Nova_Futebol_Clube [/TRIPLE] [TRIPLE] Agremiação_Sportiva_Arapiraquense  numberOfMembers  17000 [/TRIPLE] [TRIPLE] Agremiação_Sportiva_Arapiraquense  ground  Estádio_Municipal_Coaracy_da_Mata_Fonseca [/TRIPLE] [TRIPLE] Agremiação_Sportiva_Arapiraquense  fullName  ""Agremiação Sportiva Arapiraquense"" [/TRIPLE]",6,5,1,5,location,Estádio_Municipal_Coaracy_da_Mata_Fonseca location Arapiraca,1086,fullName ground numberOfMembers league champions,ordering
ordering_test,results/ordering/ordering_test.json,1089,"[TRIPLE] Alan_Shepard  birthDate  ""1923-11-18"" [/TRIPLE] [TRIPLE] Alan_Shepard  nationality  United_States [/TRIPLE] [TRIPLE] Alan_Shepard  servedAsChiefOfTheAstronautOfficeIn  1963 [/TRIPLE] [TRIPLE] Alan_Shepard  deathPlace  California [/TRIPLE] [TRIPLE] Distinguished_Service_Medal_(United_States_Navy)  higher  Department_of_Commerce_Gold_Medal [/TRIPLE] [TRIPLE] Alan_Shepard  birthPlace  New_Hampshire [/TRIPLE] [TRIPLE] Alan_Shepard  award  Distinguished_Service_Medal_(United_States_Navy) [/TRIPLE]",7,6,1,7,award,Alan_Shepard award Distinguished_Service_Medal_(United_States_Navy),1089,nationality birthPlace birthDate servedAsChiefOfTheAstronautOfficeIn awards higher deathPlace,ordering
ordering_test,results/ordering/ordering_test.json,1095,[TRIPLE] Liselotte_Grschebina  birthPlace  Karlsruhe [/TRIPLE] [TRIPLE] Liselotte_Grschebina  professionalField  Photographer [/TRIPLE] [TRIPLE] Karlsruhe  postalCode  76131–76229 [/TRIPLE],3,2,1,2,professionalField,Liselotte_Grschebina professionalField Photographer,1095,birthPlace postalCode,ordering
ordering_test,results/ordering/ordering_test.json,1109,[TRIPLE] Nie_Haisheng  mission  Shenzhou_10 [/TRIPLE] [TRIPLE] Nie_Haisheng  mission  Shenzhou_6 [/TRIPLE] [TRIPLE] Nie_Haisheng  nationality  People's_Republic_of_China [/TRIPLE],3,2,1,2,mission,Nie_Haisheng mission Shenzhou_6,1109,nationality mission,ordering
ordering_test,results/ordering/ordering_test.json,1110,"[TRIPLE] Bootleg_Series_Volume_1:_The_Quine_Tapes  artist  The_Velvet_Underground [/TRIPLE] [TRIPLE] Bootleg_Series_Volume_1:_The_Quine_Tapes  producer  The_Velvet_Underground [/TRIPLE] [TRIPLE] Bootleg_Series_Volume_1:_The_Quine_Tapes  runtime  230.05 [/TRIPLE] [TRIPLE] Bootleg_Series_Volume_1:_The_Quine_Tapes  recordedIn  United_States [/TRIPLE] [TRIPLE] Bootleg_Series_Volume_1:_The_Quine_Tapes  recordedIn  St._Louis,_Missouri [/TRIPLE]",5,3,2,5,artist | recordedIn,"Bootleg_Series_Volume_1:_The_Quine_Tapes artist The_Velvet_Underground || Bootleg_Series_Volume_1:_The_Quine_Tapes recordedIn St._Louis,_Missouri",1110,runtime producer creator recordedIn United_States,ordering
ordering_test,results/ordering/ordering_test.json,1111,"[TRIPLE] Abraham_A._Ribicoff  spouse  ""Ruth Ribicoff"" [/TRIPLE] [TRIPLE] Abraham_A._Ribicoff  inOfficeWhilePresident  John_F._Kennedy [/TRIPLE] [TRIPLE] Abraham_A._Ribicoff  nationality  American [/TRIPLE] [TRIPLE] Abraham_A._Ribicoff  successor  John_N._Dempsey [/TRIPLE] [TRIPLE] Abraham_A._Ribicoff  birthPlace  United_States [/TRIPLE]",5,4,1,5,inOfficeWhilePresident,Abraham_A._Ribicoff inOfficeWhilePresident John_F._Kennedy,1111,nationality birthPlace spouse wasInOfficeWhilePresident successor,ordering
ordering_test,results/ordering/ordering_test.json,1114,"[TRIPLE] Ciudad_Ayala  populationMetro  1777539 [/TRIPLE] [TRIPLE] Ciudad_Ayala  leaderTitle  ""City Manager"" [/TRIPLE] [TRIPLE] Ciudad_Ayala  type  City [/TRIPLE] [TRIPLE] Ciudad_Ayala  governmentType  Council-manager_government [/TRIPLE]",4,2,2,4,populationMetro | type,Ciudad_Ayala populationMetro 1777539 || Ciudad_Ayala type City,1114,leaderTitle governmentType city numberMetro,ordering
ordering_test,results/ordering/ordering_test.json,1116,[TRIPLE] Nie_Haisheng  mission  Shenzhou_10 [/TRIPLE] [TRIPLE] Nie_Haisheng  mission  Shenzhou_6 [/TRIPLE] [TRIPLE] Nie_Haisheng  nationality  People's_Republic_of_China [/TRIPLE] [TRIPLE] Nie_Haisheng  birthDate  1964-10-13 [/TRIPLE],4,3,1,3,mission,Nie_Haisheng mission Shenzhou_6,1116,nationality birthDate mission,ordering
ordering_test,results/ordering/ordering_test.json,1124,[TRIPLE] It's_Great_to_Be_Young_(1956_film)  starring  John_Mills [/TRIPLE] [TRIPLE] It's_Great_to_Be_Young_(1956_film)  cinematography  Gilbert_Taylor [/TRIPLE] [TRIPLE] It's_Great_to_Be_Young_(1956_film)  runtime  94.0 [/TRIPLE] [TRIPLE] It's_Great_to_Be_Young_(1956_film)  gross  282838.0 [/TRIPLE] [TRIPLE] It's_Great_to_Be_Young_(1956_film)  musicComposer  Louis_Levy [/TRIPLE],5,3,2,6,cinematography | gross,It's_Great_to_Be_Young_(1956_film) cinematography Gilbert_Taylor || It's_Great_to_Be_Young_(1956_film) gross 282838.0,1124,starring starring costuming film musicComposer runtime,ordering
ordering_test,results/ordering/ordering_test.json,1130,[TRIPLE] It's_Great_to_Be_Young_(1956_film)  starring  Cecil_Parker [/TRIPLE] [TRIPLE] It's_Great_to_Be_Young_(1956_film)  writer  Ted_Willis [/TRIPLE] [TRIPLE] It's_Great_to_Be_Young_(1956_film)  editing  Max_Benedict [/TRIPLE],3,1,2,3,writer | editing,It's_Great_to_Be_Young_(1956_film) writer Ted_Willis || It's_Great_to_Be_Young_(1956_film) editing Max_Benedict,1130,starring starring editor,ordering
ordering_test,results/ordering/ordering_test.json,1133,[TRIPLE] Nurhan_Atasoy  birthDate  1934-01-01 [/TRIPLE] [TRIPLE] Nurhan_Atasoy  residence  Istanbul [/TRIPLE] [TRIPLE] Nurhan_Atasoy  citizenship  Turkey [/TRIPLE] [TRIPLE] Nurhan_Atasoy  nationality  Turkish_people [/TRIPLE],4,3,1,3,citizenship,Nurhan_Atasoy citizenship Turkey,1133,nationality birthDate residence,ordering
ordering_test,results/ordering/ordering_test.json,1136,[TRIPLE] English_Without_Tears  writer  Terence_Rattigan [/TRIPLE] [TRIPLE] Terence_Rattigan  birthDate  1911-01-01 [/TRIPLE],2,1,1,2,writer,English_Without_Tears writer Terence_Rattigan,1136,birthDate author,ordering
ordering_test,results/ordering/ordering_test.json,1142,[TRIPLE] Nord_(Year_of_No_Light_album)  followedBy  Live_at_Roadburn_2008_(Year_of_No_Light_album) [/TRIPLE] [TRIPLE] Nord_(Year_of_No_Light_album)  producer  Year_of_No_Light [/TRIPLE] [TRIPLE] Live_at_Roadburn_2008_(Year_of_No_Light_album)  followedBy  Karysun_/_Year_of_No_Light [/TRIPLE] [TRIPLE] Live_at_Roadburn_2008_(Year_of_No_Light_album)  producer  Roadburn_Festival [/TRIPLE],4,3,1,4,producer,Live_at_Roadburn_2008_(Year_of_No_Light_album) producer Roadburn_Festival,1142,followedBy followedBy producer followedBy,ordering
ordering_test,results/ordering/ordering_test.json,1143,[TRIPLE] Nurhan_Atasoy  residence  Istanbul [/TRIPLE] [TRIPLE] Turkey  leader  Recep_Tayyip_Erdoğan [/TRIPLE] [TRIPLE] Turkey  leader  Binali_Yıldırım [/TRIPLE] [TRIPLE] Nurhan_Atasoy  residence  Turkey [/TRIPLE],4,3,1,3,residence,Nurhan_Atasoy residence Turkey,1143,leader leader residence,ordering
ordering_test,results/ordering/ordering_test.json,1145,"[TRIPLE] Bedford_Aerodrome  operatingOrganisation  MotorSport_Vision [/TRIPLE] [TRIPLE] Bedford_Aerodrome  runwayLength  1095.0 [/TRIPLE] [TRIPLE] Bedford_Aerodrome  cityServed  Bedford_Autodrome [/TRIPLE] [TRIPLE] Bedford_Aerodrome  location  Thurleigh [/TRIPLE] [TRIPLE] Bedford_Aerodrome  icaoLocationIdentifier  EGBF [/TRIPLE] [TRIPLE] Bedford_Aerodrome  runwayName  ""08/26"" [/TRIPLE]",6,5,1,6,icaoLocationIdentifier,Bedford_Aerodrome icaoLocationIdentifier EGBF,1145,operatingOrganisation location cityServed runwayName runwayLength ICAOLocationIdentifier,ordering
ordering_test,results/ordering/ordering_test.json,1147,[TRIPLE] Mermaid_(Train_song)  writer  Amund_Bjørklund [/TRIPLE],1,0,1,1,writer,Mermaid_(Train_song) writer Amund_Bjørklund,1147,author,ordering
ordering_test,results/ordering/ordering_test.json,1150,"[TRIPLE] Acharya_Institute_of_Technology  campus  ""In Soldevanahalli, Acharya Dr. Sarvapalli Radhakrishnan Road, Hessarghatta Main Road, Bangalore – 560090."" [/TRIPLE] [TRIPLE] Acharya_Institute_of_Technology  affiliation  Visvesvaraya_Technological_University [/TRIPLE] [TRIPLE] Acharya_Institute_of_Technology  city  Bangalore [/TRIPLE] [TRIPLE] Acharya_Institute_of_Technology  president  ""B.M. Reddy"" [/TRIPLE]",4,3,1,3,city,Acharya_Institute_of_Technology city Bangalore,1150,campus president affiliation,ordering
ordering_test,results/ordering/ordering_test.json,1153,[TRIPLE] McVeagh_of_the_South_Seas  imdbId  0004319 [/TRIPLE] [TRIPLE] McVeagh_of_the_South_Seas  starring  Harry_Carey_(actor_born_1878) [/TRIPLE] [TRIPLE] McVeagh_of_the_South_Seas  writer  Harry_Carey_(actor_born_1878) [/TRIPLE] [TRIPLE] McVeagh_of_the_South_Seas  producer  The_Progressive_Motion_Picture_Company [/TRIPLE],4,2,2,5,writer | producer,McVeagh_of_the_South_Seas writer Harry_Carey_(actor_born_1878) || McVeagh_of_the_South_Seas producer The_Progressive_Motion_Picture_Company,1153,starring starring author creator imdbId,ordering
ordering_test,results/ordering/ordering_test.json,1154,[TRIPLE] Black_metal  musicFusionGenre  Death_metal [/TRIPLE] [TRIPLE] Aaron_Turner  genre  Black_metal [/TRIPLE] [TRIPLE] Aaron_Turner  associatedBand/associatedMusicalArtist  Old_Man_Gloom [/TRIPLE],3,2,1,2,musicFusionGenre,Black_metal musicFusionGenre Death_metal,1154,genre associatedBand/associatedMusicalArtist,ordering
ordering_test,results/ordering/ordering_test.json,1158,[TRIPLE] FC_Terek_Grozny  ground  Grozny [/TRIPLE] [TRIPLE] Aleksandr_Prudnikov  currentclub  FC_Amkar_Perm [/TRIPLE] [TRIPLE] Aleksandr_Prudnikov  club  FC_Terek_Grozny [/TRIPLE] [TRIPLE] Aleksandr_Prudnikov  height  185.0 (centimetres) [/TRIPLE] [TRIPLE] Aleksandr_Prudnikov  youthclub  FC_Spartak_Moscow [/TRIPLE],5,4,1,4,club,Aleksandr_Prudnikov club FC_Terek_Grozny,1158,ground currentclub youthclub height,ordering
ordering_test,results/ordering/ordering_test.json,1160,[TRIPLE] Olga_Bondareva  professionalField  Economics [/TRIPLE] [TRIPLE] Olga_Bondareva  professionalField  Mathematics [/TRIPLE],2,0,2,2,professionalField | professionalField,Olga_Bondareva professionalField Economics || Olga_Bondareva professionalField Mathematics,1160,academicField mathematics,ordering
ordering_test,results/ordering/ordering_test.json,1161,[TRIPLE] It's_Great_to_Be_Young_(1956_film)  starring  John_Mills [/TRIPLE] [TRIPLE] It's_Great_to_Be_Young_(1956_film)  cinematography  Gilbert_Taylor [/TRIPLE] [TRIPLE] It's_Great_to_Be_Young_(1956_film)  runtime  94.0 [/TRIPLE] [TRIPLE] It's_Great_to_Be_Young_(1956_film)  gross  282838.0 [/TRIPLE] [TRIPLE] It's_Great_to_Be_Young_(1956_film)  director  Cyril_Frankel [/TRIPLE] [TRIPLE] It's_Great_to_Be_Young_(1956_film)  musicComposer  Louis_Levy [/TRIPLE],6,2,4,6,cinematography | runtime | gross | musicComposer,It's_Great_to_Be_Young_(1956_film) cinematography Gilbert_Taylor || It's_Great_to_Be_Young_(1956_film) runtime 94.0 || It's_Great_to_Be_Young_(1956_film) gross 282838.0 || It's_Great_to_Be_Young_(1956_film) musicComposer Louis_Levy,1161,director director starring starring costuming film,ordering
ordering_test,results/ordering/ordering_test.json,1165,[TRIPLE] Bedford_Aerodrome  icaoLocationIdentifier  EGBF [/TRIPLE],1,0,1,1,icaoLocationIdentifier,Bedford_Aerodrome icaoLocationIdentifier EGBF,1165,ICAOLocationIdentifier,ordering
ordering_test,results/ordering/ordering_test.json,1168,"[TRIPLE] Alan_Shepard  birthDate  ""1923-11-18"" [/TRIPLE] [TRIPLE] Alan_Shepard  deathPlace  California [/TRIPLE] [TRIPLE] Alan_Shepard  selectedByNasa  1959 [/TRIPLE] [TRIPLE] Alan_Shepard  birthPlace  New_Hampshire [/TRIPLE]",4,3,1,4,selectedByNasa,Alan_Shepard selectedByNasa 1959,1168,birthPlace birthDate deathPlace selectedByNASA,ordering
ordering_test,results/ordering/ordering_test.json,1172,[TRIPLE] Liselotte_Grschebina  training  School_of_Applied_Arts_in_Stuttgart [/TRIPLE] [TRIPLE] Liselotte_Grschebina  deathDate  1994-06-14 [/TRIPLE] [TRIPLE] Liselotte_Grschebina  birthDate  1908-05-02 [/TRIPLE],3,2,1,2,training,Liselotte_Grschebina training School_of_Applied_Arts_in_Stuttgart,1172,birthDate deathDate,ordering
ordering_test,results/ordering/ordering_test.json,1174,[TRIPLE] Nurhan_Atasoy  birthDate  1934-01-01 [/TRIPLE] [TRIPLE] Nurhan_Atasoy  citizenship  Turkey [/TRIPLE] [TRIPLE] Nurhan_Atasoy  birthPlace  Turkey [/TRIPLE] [TRIPLE] Nurhan_Atasoy  nationality  Turkish_people [/TRIPLE] [TRIPLE] Nurhan_Atasoy  residence  Turkey [/TRIPLE] [TRIPLE] Nurhan_Atasoy  award  State_Award_for_Superior_Achievement [/TRIPLE] [TRIPLE] Nurhan_Atasoy  residence  Teşvikiye [/TRIPLE],7,5,2,5,citizenship | residence,Nurhan_Atasoy citizenship Turkey || Nurhan_Atasoy residence Teşvikiye,1174,nationality birthPlace birthDate residence award,ordering
ordering_test,results/ordering/ordering_test.json,1185,[TRIPLE] Mermaid_(Train_song)  musicalBand  Train_(band) [/TRIPLE] [TRIPLE] Mermaid_(Train_song)  writer  Espen_Lind [/TRIPLE] [TRIPLE] Mermaid_(Train_song)  runtime  3.16 [/TRIPLE] [TRIPLE] Mermaid_(Train_song)  genre  Reggae [/TRIPLE] [TRIPLE] Mermaid_(Train_song)  writer  Amund_Bjørklund [/TRIPLE] [TRIPLE] Mermaid_(Train_song)  followedBy  Imagine_(John_Lennon_song) [/TRIPLE] [TRIPLE] Mermaid_(Train_song)  producer  Espionage_(production_team) [/TRIPLE],7,5,2,7,writer | writer,Mermaid_(Train_song) writer Espen_Lind || Mermaid_(Train_song) writer Amund_Bjørklund,1185,genre musicalBand followedBy producer author followedBy runtime,ordering
ordering_test,results/ordering/ordering_test.json,1187,"[TRIPLE] University_of_Burgundy  country  France [/TRIPLE] [TRIPLE] France  longName  ""French Republic"" [/TRIPLE] [TRIPLE] University_of_Burgundy  city  Dijon [/TRIPLE] [TRIPLE] France  leader  Claude_Bartolone [/TRIPLE]",4,3,1,3,longName,"France longName ""French Republic""",1187,city country leader,ordering
ordering_test,results/ordering/ordering_test.json,1195,[TRIPLE] Olga_Bondareva  deathDate  1991-12-09 [/TRIPLE] [TRIPLE] Olga_Bondareva  professionalField  Economics [/TRIPLE] [TRIPLE] Olga_Bondareva  professionalField  Mathematics [/TRIPLE],3,1,2,1,professionalField | professionalField,Olga_Bondareva professionalField Economics || Olga_Bondareva professionalField Mathematics,1195,deathDate,ordering
ordering_test,results/ordering/ordering_test.json,1200,"[TRIPLE] Acharya_Institute_of_Technology  campus  ""In Soldevanahalli, Acharya Dr. Sarvapalli Radhakrishnan Road, Hessarghatta Main Road, Bangalore – 560090."" [/TRIPLE] [TRIPLE] All_India_Council_for_Technical_Education  location  Mumbai [/TRIPLE] [TRIPLE] Acharya_Institute_of_Technology  director  ""Dr. G. P. Prabhukumar"" [/TRIPLE] [TRIPLE] Bangalore  founder  Kempe_Gowda_I [/TRIPLE] [TRIPLE] Acharya_Institute_of_Technology  city  Bangalore [/TRIPLE] [TRIPLE] Acharya_Institute_of_Technology  country  ""India"" [/TRIPLE] [TRIPLE] Acharya_Institute_of_Technology  wasGivenTheTechnicalCampusStatusBy  All_India_Council_for_Technical_Education [/TRIPLE]",7,6,1,6,city,Acharya_Institute_of_Technology city Bangalore,1200,campus country wasGivenTheTechnicalCampusStatusBy location director founder,ordering
ordering_test,results/ordering/ordering_test.json,1205,[TRIPLE] Lady_Anne_Monson  birthPlace  Darlington [/TRIPLE] [TRIPLE] Lady_Anne_Monson  professionalField  Botany [/TRIPLE] [TRIPLE] Lady_Anne_Monson  birthPlace  Kingdom_of_England [/TRIPLE] [TRIPLE] Lady_Anne_Monson  birthDate  1726-01-01 [/TRIPLE] [TRIPLE] Lady_Anne_Monson  deathDate  1776-02-18 [/TRIPLE],5,3,2,3,professionalField | birthPlace,Lady_Anne_Monson professionalField Botany || Lady_Anne_Monson birthPlace Kingdom_of_England,1205,birthPlace birthDate deathDate,ordering
ordering_test,results/ordering/ordering_test.json,1209,"[TRIPLE] Piotr_Hallmann  birthPlace  Gdynia,_Poland [/TRIPLE] [TRIPLE] Gdynia,_Poland  timeZone  Central_European_Time [/TRIPLE] [TRIPLE] Gdynia,_Poland  timeZone  Central_European_Summer_Time [/TRIPLE] [TRIPLE] Piotr_Hallmann  height  175.26 [/TRIPLE]",4,3,1,3,timeZone,"Gdynia,_Poland timeZone Central_European_Summer_Time",1209,birthPlace height timeZone,ordering
ordering_test,results/ordering/ordering_test.json,1222,[TRIPLE] Brandon_Carter  professionalField  General_relativity [/TRIPLE] [TRIPLE] Brandon_Carter  doctoralAdvisor  Dennis_William_Sciama [/TRIPLE] [TRIPLE] Brandon_Carter  birthPlace  England [/TRIPLE] [TRIPLE] Brandon_Carter  almaMater  University_of_Cambridge [/TRIPLE],4,3,1,3,professionalField,Brandon_Carter professionalField General_relativity,1222,birthPlace almaMater doctoralAdvisor,ordering
ordering_test,results/ordering/ordering_test.json,1224,[TRIPLE] English_Without_Tears  writer  Anatole_de_Grunwald [/TRIPLE] [TRIPLE] English_Without_Tears  runtime  89.0 [/TRIPLE],2,1,1,2,writer,English_Without_Tears writer Anatole_de_Grunwald,1224,author runtime,ordering
ordering_test,results/ordering/ordering_test.json,1226,[TRIPLE] Bootleg_Series_Volume_1:_The_Quine_Tapes  precededBy  Squeeze_(The_Velvet_Underground_album) [/TRIPLE] [TRIPLE] Bootleg_Series_Volume_1:_The_Quine_Tapes  releaseDate  2001-10-16 [/TRIPLE] [TRIPLE] Squeeze_(The_Velvet_Underground_album)  precededBy  Andy_Warhol's_Velvet_Underground_Featuring_Nico [/TRIPLE],3,2,1,2,releaseDate,Bootleg_Series_Volume_1:_The_Quine_Tapes releaseDate 2001-10-16,1226,precededBy precededBy,ordering
ordering_test,results/ordering/ordering_test.json,1230,"[TRIPLE] Olga_Bondareva  deathPlace  Saint_Petersburg [/TRIPLE] [TRIPLE] Olga_Bondareva  birthDate  1937-04-27 [/TRIPLE] [TRIPLE] Olga_Bondareva  knownFor  Bondareva–Shapley_theorem [/TRIPLE] [TRIPLE] Olga_Bondareva  birthName  ""Olga Nikolaevna Bondareva"" [/TRIPLE] [TRIPLE] Olga_Bondareva  almaMater  Leningrad_State_University [/TRIPLE] [TRIPLE] Olga_Bondareva  deathDate  1991-12-09 [/TRIPLE]",6,5,1,5,knownFor,Olga_Bondareva knownFor Bondareva–Shapley_theorem,1230,birthDate birthName almaMater deathDate deathPlace,ordering
ordering_test,results/ordering/ordering_test.json,1231,"[TRIPLE] Acharya_Institute_of_Technology  campus  ""In Soldevanahalli, Acharya Dr. Sarvapalli Radhakrishnan Road, Hessarghatta Main Road, Bangalore – 560090."" [/TRIPLE] [TRIPLE] All_India_Council_for_Technical_Education  location  Mumbai [/TRIPLE] [TRIPLE] Acharya_Institute_of_Technology  director  ""Dr. G. P. Prabhukumar"" [/TRIPLE] [TRIPLE] Bangalore  founder  Kempe_Gowda_I [/TRIPLE] [TRIPLE] Acharya_Institute_of_Technology  sportsOffered  Tennis [/TRIPLE] [TRIPLE] Acharya_Institute_of_Technology  city  Bangalore [/TRIPLE] [TRIPLE] Acharya_Institute_of_Technology  wasGivenTheTechnicalCampusStatusBy  All_India_Council_for_Technical_Education [/TRIPLE]",7,6,1,6,city,Acharya_Institute_of_Technology city Bangalore,1231,campus wasGivenTheTechnicalCampusStatusBy location director sportsOffered founder,ordering
ordering_test,results/ordering/ordering_test.json,1241,[TRIPLE] Darinka_Dentcheva  citizenship  United_States [/TRIPLE] [TRIPLE] Darinka_Dentcheva  birthDate  1958-01-01 [/TRIPLE] [TRIPLE] Darinka_Dentcheva  professionalField  Mathematical_optimization [/TRIPLE],3,2,1,3,citizenship,Darinka_Dentcheva citizenship United_States,1241,birthDate nationality professionalField,ordering
ordering_test,results/ordering/ordering_test.json,1244,[TRIPLE] Mermaid_(Train_song)  releaseDate  2012-12-27 [/TRIPLE] [TRIPLE] Mermaid_(Train_song)  precededBy  This'll_Be_My_Year [/TRIPLE] [TRIPLE] Mermaid_(Train_song)  writer  Espen_Lind [/TRIPLE] [TRIPLE] Mermaid_(Train_song)  runtime  3.16 [/TRIPLE] [TRIPLE] Mermaid_(Train_song)  writer  Amund_Bjørklund [/TRIPLE] [TRIPLE] Mermaid_(Train_song)  followedBy  Imagine_(John_Lennon_song) [/TRIPLE],6,3,3,5,writer | runtime | writer,Mermaid_(Train_song) writer Espen_Lind || Mermaid_(Train_song) runtime 3.16 || Mermaid_(Train_song) writer Amund_Bjørklund,1244,precededBy author followedBy author releaseDate,ordering
ordering_test,results/ordering/ordering_test.json,1251,"[TRIPLE] Abraham_A._Ribicoff  spouse  ""Ruth Ribicoff"" [/TRIPLE] [TRIPLE] Abraham_A._Ribicoff  birthPlace  United_States [/TRIPLE] [TRIPLE] Abraham_A._Ribicoff  office  ""United States Secretary of Health, Education, and Welfare"" [/TRIPLE] [TRIPLE] United_States  ethnicGroup  African_Americans [/TRIPLE]",4,2,2,3,spouse | office,"Abraham_A._Ribicoff spouse ""Ruth Ribicoff"" || Abraham_A._Ribicoff office ""United States Secretary of Health, Education, and Welfare""",1251,birthPlace ethnicGroup occupation,ordering
ordering_test,results/ordering/ordering_test.json,1253,"[TRIPLE] Estádio_Municipal_Coaracy_da_Mata_Fonseca  location  Arapiraca [/TRIPLE] [TRIPLE] Agremiação_Sportiva_Arapiraquense  league  Campeonato_Brasileiro_Série_C [/TRIPLE] [TRIPLE] Campeonato_Brasileiro_Série_C  champions  Vila_Nova_Futebol_Clube [/TRIPLE] [TRIPLE] Campeonato_Brasileiro_Série_C  country  Brazil [/TRIPLE] [TRIPLE] Agremiação_Sportiva_Arapiraquense  numberOfMembers  17000 [/TRIPLE] [TRIPLE] Agremiação_Sportiva_Arapiraquense  ground  Estádio_Municipal_Coaracy_da_Mata_Fonseca [/TRIPLE] [TRIPLE] Agremiação_Sportiva_Arapiraquense  chairmanTitle  ""President"" [/TRIPLE]",7,5,2,6,location | chairmanTitle,"Estádio_Municipal_Coaracy_da_Mata_Fonseca location Arapiraca || Agremiação_Sportiva_Arapiraquense chairmanTitle ""President""",1253,ground leaderTitle numberOfMembers league country champions,ordering
ordering_test,results/ordering/ordering_test.json,1256,[TRIPLE] Liselotte_Grschebina  birthPlace  German_Empire [/TRIPLE] [TRIPLE] Liselotte_Grschebina  training  School_of_Applied_Arts_in_Stuttgart [/TRIPLE] [TRIPLE] Liselotte_Grschebina  deathPlace  Petah_Tikva [/TRIPLE],3,2,1,2,training,Liselotte_Grschebina training School_of_Applied_Arts_in_Stuttgart,1256,birthPlace deathPlace,ordering
ordering_test,results/ordering/ordering_test.json,1259,"[TRIPLE] Bootleg_Series_Volume_1:_The_Quine_Tapes  recordedIn  St._Louis,_Missouri [/TRIPLE] [TRIPLE] San_Francisco  areaCode  628 [/TRIPLE] [TRIPLE] Bootleg_Series_Volume_1:_The_Quine_Tapes  recordedIn  San_Francisco [/TRIPLE]",3,1,2,2,areaCode | recordedIn,San_Francisco areaCode 628 || Bootleg_Series_Volume_1:_The_Quine_Tapes recordedIn San_Francisco,1259,locationCode recordedIn,ordering
ordering_test,results/ordering/ordering_test.json,1260,[TRIPLE] Hypermarcas  location  Brazil [/TRIPLE] [TRIPLE] Hypermarcas  product  Drugs [/TRIPLE] [TRIPLE] Hypermarcas  industry  Pharmaceuticals [/TRIPLE] [TRIPLE] Hypermarcas  keyPerson  CEO [/TRIPLE] [TRIPLE] Hypermarcas  type  S.A._(corporation) [/TRIPLE],5,4,1,5,type,Hypermarcas type S.A._(corporation),1260,location keyPerson keyPerson industry product,ordering
ordering_test,results/ordering/ordering_test.json,1261,"[TRIPLE] Turkey  longName  ""Republic of Turkey"" [/TRIPLE]",1,0,1,1,longName,"Turkey longName ""Republic of Turkey""",1261,country,ordering
ordering_test,results/ordering/ordering_test.json,1265,[TRIPLE] Chinabank  numberOfLocations  295 [/TRIPLE] [TRIPLE] Chinabank  type  Public_company [/TRIPLE] [TRIPLE] Chinabank  location  Philippines [/TRIPLE],3,2,1,3,type,Chinabank type Public_company,1265,location numberOfLocations Type,ordering
ordering_test,results/ordering/ordering_test.json,1272,"[TRIPLE] France  longName  ""French Republic"" [/TRIPLE]",1,0,1,1,longName,"France longName ""French Republic""",1272,country,ordering
ordering_test,results/ordering/ordering_test.json,1276,[TRIPLE] Darinka_Dentcheva  influencedBy  Andrzej_Piotr_Ruszczyński [/TRIPLE] [TRIPLE] Darinka_Dentcheva  citizenship  United_States [/TRIPLE] [TRIPLE] Darinka_Dentcheva  birthDate  1958-01-01 [/TRIPLE] [TRIPLE] Darinka_Dentcheva  professionalField  Mathematical_optimization [/TRIPLE],4,3,1,4,citizenship,Darinka_Dentcheva citizenship United_States,1276,birthDate nationality influencedBy professionalField,ordering
ordering_test,results/ordering/ordering_test.json,1277,[TRIPLE] Mermaid_(Train_song)  writer  Pat_Monahan [/TRIPLE],1,0,1,1,writer,Mermaid_(Train_song) writer Pat_Monahan,1277,author,ordering
ordering_test,results/ordering/ordering_test.json,1279,[TRIPLE] FC_Terek_Grozny  ground  Grozny [/TRIPLE] [TRIPLE] Aleksandr_Prudnikov  currentclub  FC_Amkar_Perm [/TRIPLE] [TRIPLE] FC_Amkar_Perm  manager  Gadzhi_Gadzhiyev [/TRIPLE] [TRIPLE] Aleksandr_Prudnikov  club  FC_Terek_Grozny [/TRIPLE] [TRIPLE] Aleksandr_Prudnikov  youthclub  FC_Spartak_Moscow [/TRIPLE],5,4,1,4,currentclub,Aleksandr_Prudnikov currentclub FC_Amkar_Perm,1279,manager club youthclub ground,ordering
ordering_test,results/ordering/ordering_test.json,1285,[TRIPLE] McVeagh_of_the_South_Seas  director  Cyril_Bruce [/TRIPLE] [TRIPLE] McVeagh_of_the_South_Seas  director  Harry_Carey_(actor_born_1878) [/TRIPLE] [TRIPLE] McVeagh_of_the_South_Seas  starring  Harry_Carey_(actor_born_1878) [/TRIPLE],3,2,1,2,director,McVeagh_of_the_South_Seas director Harry_Carey_(actor_born_1878),1285,director starring,ordering
ordering_test,results/ordering/ordering_test.json,1287,[TRIPLE] GMA_New_Media  foundingDate  2000-01-01 [/TRIPLE] [TRIPLE] GMA_New_Media  product  Mobile_Applications [/TRIPLE] [TRIPLE] GMA_New_Media  industry  Mass_Media [/TRIPLE] [TRIPLE] GMA_New_Media  keyPerson  Felipe_Gozon [/TRIPLE] [TRIPLE] GMA_New_Media  location  GMA_Network_Center [/TRIPLE] [TRIPLE] GMA_New_Media  location  Philippines [/TRIPLE] [TRIPLE] GMA_New_Media  industry  Entertainment [/TRIPLE],7,6,1,6,industry,GMA_New_Media industry Entertainment,1287,keyPerson foundingDate location location industry product,ordering
ordering_test,results/ordering/ordering_test.json,1293,[TRIPLE] Olga_Bondareva  birthDate  1937-04-27 [/TRIPLE] [TRIPLE] Olga_Bondareva  professionalField  Mathematics [/TRIPLE] [TRIPLE] Olga_Bondareva  professionalField  Economics [/TRIPLE],3,1,2,2,professionalField | professionalField,Olga_Bondareva professionalField Mathematics || Olga_Bondareva professionalField Economics,1293,birthDate academicField,ordering
ordering_test,results/ordering/ordering_test.json,1296,[TRIPLE] Ciudad_Ayala  type  City [/TRIPLE] [TRIPLE] Ciudad_Ayala  governmentType  Council-manager_government [/TRIPLE] [TRIPLE] Ciudad_Ayala  utcOffset  −6 [/TRIPLE] [TRIPLE] Ciudad_Ayala  leaderTitle  Governator [/TRIPLE] [TRIPLE] Ciudad_Ayala  isPartOf  Morelos [/TRIPLE],5,4,1,5,type,Ciudad_Ayala type City,1296,isPartOf city governmentType leaderTitle utcOffset,ordering
ordering_test,results/ordering/ordering_test.json,1297,[TRIPLE] Ciudad_Ayala  type  City [/TRIPLE] [TRIPLE] Ciudad_Ayala  populationDensity  1604.0 [/TRIPLE] [TRIPLE] Ciudad_Ayala  utcOffset  −6 [/TRIPLE] [TRIPLE] Ciudad_Ayala  leaderTitle  Governator [/TRIPLE],4,2,2,4,type | populationDensity,Ciudad_Ayala type City || Ciudad_Ayala populationDensity 1604.0,1297,leaderTitle utcOffset city numberDensity,ordering
ordering_test,results/ordering/ordering_test.json,1301,[TRIPLE] Nurhan_Atasoy  residence  Istanbul [/TRIPLE] [TRIPLE] Turkey  capital  Ankara [/TRIPLE] [TRIPLE] Nurhan_Atasoy  residence  Turkey [/TRIPLE] [TRIPLE] Nurhan_Atasoy  nationality  Turkish_people [/TRIPLE] [TRIPLE] Turkish_people  religion  Irreligion [/TRIPLE],5,4,1,4,residence,Nurhan_Atasoy residence Turkey,1301,nationality residence capital religion,ordering
ordering_test,results/ordering/ordering_test.json,1302,[TRIPLE] Aaron_Turner  instrument  Singing [/TRIPLE] [TRIPLE] Twilight_(band)  genre  Black_metal [/TRIPLE] [TRIPLE] Aaron_Turner  associatedBand/associatedMusicalArtist  Twilight_(band) [/TRIPLE],3,2,1,2,instrument,Aaron_Turner instrument Singing,1302,genre associatedBand/associatedMusicalArtist,ordering
ordering_test,results/ordering/ordering_test.json,1305,"[TRIPLE] Alan_B._Miller_Hall  architect  Robert_A._M._Stern [/TRIPLE] [TRIPLE] Alan_B._Miller_Hall  address  ""101 Ukrop Way"" [/TRIPLE] [TRIPLE] Alan_B._Miller_Hall  buildingStartDate  ""30 March 2007"" [/TRIPLE] [TRIPLE] Alan_B._Miller_Hall  currentTenants  Mason_School_of_Business [/TRIPLE] [TRIPLE] Alan_B._Miller_Hall  location  Virginia [/TRIPLE] [TRIPLE] Alan_B._Miller_Hall  tenant  Mason_School_of_Business [/TRIPLE] [TRIPLE] Alan_B._Miller_Hall  owner  College_of_William_&_Mary [/TRIPLE]",7,6,1,6,address,"Alan_B._Miller_Hall address ""101 Ukrop Way""",1305,owner location architect buildingStartDate currentTenants tenant,ordering
ordering_test,results/ordering/ordering_test.json,1312,[TRIPLE] GMA_New_Media  industry  Mass_Media [/TRIPLE] [TRIPLE] GMA_New_Media  keyPerson  Felipe_Gozon [/TRIPLE] [TRIPLE] GMA_New_Media  industry  Entertainment [/TRIPLE] [TRIPLE] GMA_New_Media  type  Media_company [/TRIPLE],4,2,2,3,industry | type,GMA_New_Media industry Entertainment || GMA_New_Media type Media_company,1312,keyPerson keyPerson industry,ordering
ordering_test,results/ordering/ordering_test.json,1317,"[TRIPLE] Mexico  currency  Mexican_peso [/TRIPLE] [TRIPLE] Mexico  demonym  Mexicans [/TRIPLE] [TRIPLE] Bionico  course  Dessert [/TRIPLE] [TRIPLE] Bionico  mainIngredient  ""Chopped Fruits, Sour Cream, Condensed Milk, Granola, Shredded Coconut, Raisins"" [/TRIPLE] [TRIPLE] Dessert  dishVariation  Sandesh_(confectionery) [/TRIPLE] [TRIPLE] Bionico  country  Mexico [/TRIPLE]",6,4,2,5,currency | mainIngredient,"Mexico currency Mexican_peso || Bionico mainIngredient ""Chopped Fruits, Sour Cream, Condensed Milk, Granola, Shredded Coconut, Raisins""",1317,course country demonym mainIngredients dishVariation,ordering
ordering_test,results/ordering/ordering_test.json,1323,"[TRIPLE] Alan_B._Miller_Hall  architect  Robert_A._M._Stern [/TRIPLE] [TRIPLE] Alan_B._Miller_Hall  address  ""101 Ukrop Way"" [/TRIPLE] [TRIPLE] Alan_B._Miller_Hall  buildingStartDate  ""30 March 2007"" [/TRIPLE] [TRIPLE] Alan_B._Miller_Hall  currentTenants  Mason_School_of_Business [/TRIPLE] [TRIPLE] Virginia  country  United_States [/TRIPLE] [TRIPLE] Alan_B._Miller_Hall  location  Virginia [/TRIPLE] [TRIPLE] Alan_B._Miller_Hall  owner  College_of_William_&_Mary [/TRIPLE]",7,6,1,6,location,Alan_B._Miller_Hall location Virginia,1323,owner buildingStartDate address country currentTenants architect,ordering
ordering_test,results/ordering/ordering_test.json,1325,[TRIPLE] English_Without_Tears  runtime  89.0 [/TRIPLE] [TRIPLE] English_Without_Tears  editing  Alan_Jaggs [/TRIPLE] [TRIPLE] English_Without_Tears  producer  Anatole_de_Grunwald [/TRIPLE] [TRIPLE] English_Without_Tears  writer  Anatole_de_Grunwald [/TRIPLE] [TRIPLE] English_Without_Tears  cinematography  Bernard_Knowles [/TRIPLE],5,1,4,4,editing | producer | writer | cinematography,English_Without_Tears editing Alan_Jaggs || English_Without_Tears producer Anatole_de_Grunwald || English_Without_Tears writer Anatole_de_Grunwald || English_Without_Tears cinematography Bernard_Knowles,1325,editor director editor runtime,ordering
ordering_test,results/ordering/ordering_test.json,1327,"[TRIPLE] Acharya_Institute_of_Technology  campus  ""In Soldevanahalli, Acharya Dr. Sarvapalli Radhakrishnan Road, Hessarghatta Main Road, Bangalore – 560090."" [/TRIPLE] [TRIPLE] Acharya_Institute_of_Technology  affiliation  Visvesvaraya_Technological_University [/TRIPLE] [TRIPLE] Acharya_Institute_of_Technology  city  Bangalore [/TRIPLE] [TRIPLE] Acharya_Institute_of_Technology  established  2000 [/TRIPLE]",4,3,1,3,city,Acharya_Institute_of_Technology city Bangalore,1327,campus established affiliation,ordering
ordering_test,results/ordering/ordering_test.json,1328,[TRIPLE] Expect_a_Miracle  producer  Brian_Kelly_(composer_&_pianist) [/TRIPLE] [TRIPLE] Expect_a_Miracle  genre  Easy_listening [/TRIPLE] [TRIPLE] Expect_a_Miracle  artist  Brian_Kelly_(composer_&_pianist) [/TRIPLE],3,1,2,2,producer | artist,Expect_a_Miracle producer Brian_Kelly_(composer_&_pianist) || Expect_a_Miracle artist Brian_Kelly_(composer_&_pianist),1328,genre creator,ordering
ordering_test,results/ordering/ordering_test.json,1332,[TRIPLE] Ciudad_Ayala  type  City [/TRIPLE] [TRIPLE] Ciudad_Ayala  populationDensity  1604.0 [/TRIPLE] [TRIPLE] Ciudad_Ayala  governmentType  Council-manager_government [/TRIPLE],3,1,2,3,type | populationDensity,Ciudad_Ayala type City || Ciudad_Ayala populationDensity 1604.0,1332,city governmentType numberDensity,ordering
ordering_test,results/ordering/ordering_test.json,1334,[TRIPLE] Expect_a_Miracle  producer  Brian_Kelly_(composer_&_pianist) [/TRIPLE] [TRIPLE] Expect_a_Miracle  runtime  54.56 [/TRIPLE] [TRIPLE] Expect_a_Miracle  artist  Brian_Kelly_(composer_&_pianist) [/TRIPLE] [TRIPLE] Expect_a_Miracle  precededBy  Pools_of_Light_(Brian_Kelly_album) [/TRIPLE],4,1,3,3,producer | runtime | artist,Expect_a_Miracle producer Brian_Kelly_(composer_&_pianist) || Expect_a_Miracle runtime 54.56 || Expect_a_Miracle artist Brian_Kelly_(composer_&_pianist),1334,precededBy creator composer,ordering
ordering_test,results/ordering/ordering_test.json,1335,[TRIPLE] English_Without_Tears  producer  Anatole_de_Grunwald [/TRIPLE] [TRIPLE] English_Without_Tears  writer  Anatole_de_Grunwald [/TRIPLE] [TRIPLE] English_Without_Tears  cinematography  Bernard_Knowles [/TRIPLE],3,2,1,3,writer,English_Without_Tears writer Anatole_de_Grunwald,1335,director producer cinematography,ordering
ordering_test,results/ordering/ordering_test.json,1339,"[TRIPLE] Liselotte_Grschebina  deathPlace  Israel [/TRIPLE] [TRIPLE] Liselotte_Grschebina  deathPlace  Petah_Tikva [/TRIPLE] [TRIPLE] Israel  populationDensity  387.63 [/TRIPLE] [TRIPLE] Israel  longName  ""State of Israel"" [/TRIPLE] [TRIPLE] Liselotte_Grschebina  nationality  Israel [/TRIPLE]",5,4,1,5,longName,"Israel longName ""State of Israel""",1339,deathPlace nationality deathPlace country populationDensity,ordering
ordering_test,results/ordering/ordering_test.json,1344,"[TRIPLE] Acharya_Institute_of_Technology  campus  ""In Soldevanahalli, Acharya Dr. Sarvapalli Radhakrishnan Road, Hessarghatta Main Road, Bangalore – 560090."" [/TRIPLE] [TRIPLE] All_India_Council_for_Technical_Education  location  Mumbai [/TRIPLE] [TRIPLE] Acharya_Institute_of_Technology  director  ""Dr. G. P. Prabhukumar"" [/TRIPLE] [TRIPLE] Acharya_Institute_of_Technology  city  Bangalore [/TRIPLE] [TRIPLE] Acharya_Institute_of_Technology  wasGivenTheTechnicalCampusStatusBy  All_India_Council_for_Technical_Education [/TRIPLE]",5,4,1,4,city,Acharya_Institute_of_Technology city Bangalore,1344,campus wasGivenTheTechnicalCampusStatusBy location director,ordering
ordering_test,results/ordering/ordering_test.json,1345,[TRIPLE] Nurhan_Atasoy  birthDate  1934-01-01 [/TRIPLE] [TRIPLE] Nurhan_Atasoy  residence  Istanbul [/TRIPLE] [TRIPLE] Nurhan_Atasoy  citizenship  Turkey [/TRIPLE],3,2,1,3,citizenship,Nurhan_Atasoy citizenship Turkey,1345,birthDate residence nationality,ordering
ordering_test,results/ordering/ordering_test.json,1349,[TRIPLE] Brandon_Carter  professionalField  General_relativity [/TRIPLE] [TRIPLE] Brandon_Carter  knownFor  Carter_constant [/TRIPLE] [TRIPLE] Brandon_Carter  knownFor  No-hair_theorem [/TRIPLE] [TRIPLE] Brandon_Carter  doctoralAdvisor  Dennis_William_Sciama [/TRIPLE] [TRIPLE] Brandon_Carter  birthPlace  England [/TRIPLE],5,4,1,5,professionalField,Brandon_Carter professionalField General_relativity,1349,birthPlace doctoralAdvisor doctoralField knownFor knownFor,ordering
ordering_test,results/ordering/ordering_test.json,1352,[TRIPLE] Nurhan_Atasoy  birthDate  1934-01-01 [/TRIPLE] [TRIPLE] Nurhan_Atasoy  residence  Istanbul [/TRIPLE] [TRIPLE] Nurhan_Atasoy  citizenship  Turkey [/TRIPLE] [TRIPLE] Nurhan_Atasoy  birthPlace  Turkey [/TRIPLE],4,3,1,3,citizenship,Nurhan_Atasoy citizenship Turkey,1352,birthPlace birthDate residence,ordering
ordering_test,results/ordering/ordering_test.json,1359,[TRIPLE] Super_Capers  distributor  Roadside_Attractions [/TRIPLE] [TRIPLE] Lionsgate  service  Digital_distribution [/TRIPLE] [TRIPLE] Super_Capers  distributor  Lionsgate [/TRIPLE] [TRIPLE] Lionsgate  service  Broadcast_programming [/TRIPLE],4,3,1,3,service,Lionsgate service Broadcast_programming,1359,distributor distributor service,ordering
ordering_test,results/ordering/ordering_test.json,1361,[TRIPLE] Darinka_Dentcheva  birthDate  1958-01-01 [/TRIPLE] [TRIPLE] Darinka_Dentcheva  professionalField  Mathematical_optimization [/TRIPLE] [TRIPLE] Darinka_Dentcheva  knownFor  Stochastic_programming [/TRIPLE] [TRIPLE] Darinka_Dentcheva  almaMater  Humboldt_University [/TRIPLE],4,3,1,4,professionalField,Darinka_Dentcheva professionalField Mathematical_optimization,1361,birthDate almaMater knownFor academicField,ordering
ordering_test,results/ordering/ordering_test.json,1364,[TRIPLE] English_Without_Tears  runtime  89.0 [/TRIPLE] [TRIPLE] English_Without_Tears  musicComposer  Nicholas_Brodszky [/TRIPLE] [TRIPLE] English_Without_Tears  releaseDate  1944-07-28 [/TRIPLE] [TRIPLE] English_Without_Tears  director  Harold_French [/TRIPLE] [TRIPLE] English_Without_Tears  editing  Alan_Jaggs [/TRIPLE] [TRIPLE] English_Without_Tears  producer  Anatole_de_Grunwald [/TRIPLE] [TRIPLE] English_Without_Tears  writer  Anatole_de_Grunwald [/TRIPLE],7,2,5,5,musicComposer | releaseDate | editing | producer | writer,English_Without_Tears musicComposer Nicholas_Brodszky || English_Without_Tears releaseDate 1944-07-28 || English_Without_Tears editing Alan_Jaggs || English_Without_Tears producer Anatole_de_Grunwald || English_Without_Tears writer Anatole_de_Grunwald,1364,director director editor editor runtime,ordering
ordering_test,results/ordering/ordering_test.json,1372,"[TRIPLE] Trane  foundingDate  1913-01-01 [/TRIPLE] [TRIPLE] Trane  location  Ireland [/TRIPLE] [TRIPLE] Trane  foundationPlace  La_Crosse,_Wisconsin [/TRIPLE] [TRIPLE] Trane  industry  Building_materials [/TRIPLE]",4,3,1,4,foundingDate,Trane foundingDate 1913-01-01,1372,foundationPlace foundationDate location industry,ordering
ordering_test,results/ordering/ordering_test.json,1376,[TRIPLE] Ciudad_Ayala  populationMetro  1777539 [/TRIPLE] [TRIPLE] Ciudad_Ayala  isPartOf  Morelos [/TRIPLE] [TRIPLE] Ciudad_Ayala  country  Mexico [/TRIPLE] [TRIPLE] Ciudad_Ayala  elevationAboveTheSeaLevel  1147.0 [/TRIPLE] [TRIPLE] Ciudad_Ayala  timeZone  Pacific_Daylight_Time [/TRIPLE] [TRIPLE] Ciudad_Ayala  populationDensity  1604.0 [/TRIPLE],6,5,1,5,populationMetro,Ciudad_Ayala populationMetro 1777539,1376,elevationAboveTheSeaLevel isPartOf country populationDensity timeZone,ordering
ordering_test,results/ordering/ordering_test.json,1377,[TRIPLE] English_Without_Tears  runtime  89.0 [/TRIPLE] [TRIPLE] English_Without_Tears  musicComposer  Nicholas_Brodszky [/TRIPLE] [TRIPLE] English_Without_Tears  releaseDate  1944-07-28 [/TRIPLE] [TRIPLE] English_Without_Tears  director  Harold_French [/TRIPLE] [TRIPLE] English_Without_Tears  editing  Alan_Jaggs [/TRIPLE] [TRIPLE] English_Without_Tears  producer  Anatole_de_Grunwald [/TRIPLE],6,3,3,6,musicComposer | editing | producer,English_Without_Tears musicComposer Nicholas_Brodszky || English_Without_Tears editing Alan_Jaggs || English_Without_Tears producer Anatole_de_Grunwald,1377,director director editor mediaComposer runtime releaseDate,ordering
ordering_test,results/ordering/ordering_test.json,1378,[TRIPLE] English_Without_Tears  musicComposer  Nicholas_Brodszky [/TRIPLE] [TRIPLE] English_Without_Tears  editing  Alan_Jaggs [/TRIPLE] [TRIPLE] English_Without_Tears  producer  Anatole_de_Grunwald [/TRIPLE] [TRIPLE] English_Without_Tears  writer  Anatole_de_Grunwald [/TRIPLE] [TRIPLE] English_Without_Tears  cinematography  Bernard_Knowles [/TRIPLE],5,2,3,5,editing | producer | writer,English_Without_Tears editing Alan_Jaggs || English_Without_Tears producer Anatole_de_Grunwald || English_Without_Tears writer Anatole_de_Grunwald,1378,director editor musicComposer editor cinematography,ordering
ordering_test,results/ordering/ordering_test.json,1382,[TRIPLE] University_of_Burgundy  numberOfUndergraduateStudents  16800 [/TRIPLE] [TRIPLE] University_of_Burgundy  staff  2900 [/TRIPLE] [TRIPLE] University_of_Burgundy  numberOfStudents  27400 [/TRIPLE] [TRIPLE] University_of_Burgundy  numberOfDoctoralStudents  1299 [/TRIPLE] [TRIPLE] University_of_Burgundy  numberOfPostgraduateStudents  9400 [/TRIPLE],5,4,1,4,numberOfDoctoralStudents,University_of_Burgundy numberOfDoctoralStudents 1299,1382,numberOfPostgraduateStudents numberOfUndergraduateStudents numberOfStudents staff,ordering
ordering_test,results/ordering/ordering_test.json,1394,[TRIPLE] Darinka_Dentcheva  citizenship  United_States [/TRIPLE] [TRIPLE] United_States  areaTotal  9833520000000.0 [/TRIPLE] [TRIPLE] Darinka_Dentcheva  influencedBy  Andrzej_Piotr_Ruszczyński [/TRIPLE] [TRIPLE] Darinka_Dentcheva  birthDate  1958-01-01 [/TRIPLE],4,3,1,4,citizenship,Darinka_Dentcheva citizenship United_States,1394,birthDate influencedBy country areaTotal,ordering
ordering_test,results/ordering/ordering_test.json,1399,"[TRIPLE] Acharya_Institute_of_Technology  campus  ""In Soldevanahalli, Acharya Dr. Sarvapalli Radhakrishnan Road, Hessarghatta Main Road, Bangalore – 560090."" [/TRIPLE] [TRIPLE] All_India_Council_for_Technical_Education  location  Mumbai [/TRIPLE] [TRIPLE] Acharya_Institute_of_Technology  director  ""Dr. G. P. Prabhukumar"" [/TRIPLE] [TRIPLE] Bangalore  founder  Kempe_Gowda_I [/TRIPLE] [TRIPLE] Acharya_Institute_of_Technology  city  Bangalore [/TRIPLE] [TRIPLE] Acharya_Institute_of_Technology  wasGivenTheTechnicalCampusStatusBy  All_India_Council_for_Technical_Education [/TRIPLE] [TRIPLE] Acharya_Institute_of_Technology  state  Karnataka [/TRIPLE]",7,6,1,6,state,Acharya_Institute_of_Technology state Karnataka,1399,campus wasGivenTheTechnicalCampusStatusBy location city founder director,ordering
ordering_test,results/ordering/ordering_test.json,1400,"[TRIPLE] Alan_Shepard  birthDate  ""1923-11-18"" [/TRIPLE] [TRIPLE] Alan_Shepard  nationality  United_States [/TRIPLE] [TRIPLE] Alan_Shepard  servedAsChiefOfTheAstronautOfficeIn  1963 [/TRIPLE] [TRIPLE] Alan_Shepard  deathPlace  California [/TRIPLE] [TRIPLE] Alan_Shepard  birthPlace  New_Hampshire [/TRIPLE] [TRIPLE] Alan_Shepard  almaMater  ""NWC, M.A. 1957"" [/TRIPLE] [TRIPLE] Alan_Shepard  status  ""Deceased"" [/TRIPLE]",7,6,1,6,status,"Alan_Shepard status ""Deceased""",1400,nationality birthPlace birthDate almaMater servedAsChiefOfTheAstronautOfficeIn deathPlace,ordering
ordering_test,results/ordering/ordering_test.json,1401,[TRIPLE] Bootleg_Series_Volume_1:_The_Quine_Tapes  artist  The_Velvet_Underground [/TRIPLE] [TRIPLE] Bootleg_Series_Volume_1:_The_Quine_Tapes  producer  The_Velvet_Underground [/TRIPLE] [TRIPLE] Bootleg_Series_Volume_1:_The_Quine_Tapes  runtime  230.05 [/TRIPLE] [TRIPLE] Bootleg_Series_Volume_1:_The_Quine_Tapes  genre  Rock_music [/TRIPLE] [TRIPLE] Bootleg_Series_Volume_1:_The_Quine_Tapes  precededBy  Squeeze_(The_Velvet_Underground_album) [/TRIPLE] [TRIPLE] Bootleg_Series_Volume_1:_The_Quine_Tapes  recordLabel  Polydor_Records [/TRIPLE] [TRIPLE] Bootleg_Series_Volume_1:_The_Quine_Tapes  recordLabel  Universal_Music_Group [/TRIPLE],7,4,3,5,artist | producer | runtime,Bootleg_Series_Volume_1:_The_Quine_Tapes artist The_Velvet_Underground || Bootleg_Series_Volume_1:_The_Quine_Tapes producer The_Velvet_Underground || Bootleg_Series_Volume_1:_The_Quine_Tapes runtime 230.05,1401,precededBy genre creator recordLabel recordLabel,ordering
ordering_test,results/ordering/ordering_test.json,1407,[TRIPLE] Bedford_Aerodrome  cityServed  Bedford_Autodrome [/TRIPLE] [TRIPLE] Bedford_Aerodrome  location  Thurleigh [/TRIPLE] [TRIPLE] Bedford_Aerodrome  icaoLocationIdentifier  EGBF [/TRIPLE] [TRIPLE] Bedford_Aerodrome  elevationAboveTheSeaLevel  83.2104 [/TRIPLE],4,3,1,4,icaoLocationIdentifier,Bedford_Aerodrome icaoLocationIdentifier EGBF,1407,location cityServed elevationAboveTheSeaLevel ICAOLocationIdentifier,ordering
ordering_test,results/ordering/ordering_test.json,1423,[TRIPLE] Ciudad_Ayala  populationMetro  1777539 [/TRIPLE] [TRIPLE] Ciudad_Ayala  populationDensity  1604.0 [/TRIPLE] [TRIPLE] Ciudad_Ayala  governmentType  Council-manager_government [/TRIPLE] [TRIPLE] Ciudad_Ayala  utcOffset  −6 [/TRIPLE],4,3,1,3,populationMetro,Ciudad_Ayala populationMetro 1777539,1423,governmentType utcOffset populationDensity,ordering
ordering_test,results/ordering/ordering_test.json,1426,[TRIPLE] Super_Capers  editing  Stacy_Katzman [/TRIPLE] [TRIPLE] Super_Capers  budget  2000000.0 [/TRIPLE] [TRIPLE] Super_Capers  writer  Ray_Griggs_(director) [/TRIPLE] [TRIPLE] Super_Capers  director  Ray_Griggs_(director) [/TRIPLE] [TRIPLE] Super_Capers  runtime  98.0 [/TRIPLE] [TRIPLE] Super_Capers  gross  30955.0 [/TRIPLE],6,3,3,5,editing | writer | gross,Super_Capers editing Stacy_Katzman || Super_Capers writer Ray_Griggs_(director) || Super_Capers gross 30955.0,1426,editor director director budget runtime,ordering
ordering_test,results/ordering/ordering_test.json,1429,"[TRIPLE] Alan_Shepard  birthDate  ""1923-11-18"" [/TRIPLE] [TRIPLE] Alan_Shepard  nationality  United_States [/TRIPLE] [TRIPLE] Alan_Shepard  servedAsChiefOfTheAstronautOfficeIn  1963 [/TRIPLE] [TRIPLE] Alan_Shepard  deathPlace  California [/TRIPLE] [TRIPLE] Alan_Shepard  selectedByNasa  1959 [/TRIPLE] [TRIPLE] Alan_Shepard  birthPlace  New_Hampshire [/TRIPLE] [TRIPLE] Alan_Shepard  award  Distinguished_Service_Medal_(United_States_Navy) [/TRIPLE]",7,5,2,7,selectedByNasa | award,Alan_Shepard selectedByNasa 1959 || Alan_Shepard award Distinguished_Service_Medal_(United_States_Navy),1429,nationality birthPlace birthDate servedAsChiefOfTheAstronautOfficeIn awards selectedBy deathPlace,ordering
ordering_test,results/ordering/ordering_test.json,1432,[TRIPLE] Bootleg_Series_Volume_1:_The_Quine_Tapes  recordLabel  Universal_Music_Group [/TRIPLE] [TRIPLE] Universal_Music_Group  parentCompany  Vivendi [/TRIPLE] [TRIPLE] Bootleg_Series_Volume_1:_The_Quine_Tapes  artist  The_Velvet_Underground [/TRIPLE] [TRIPLE] The_Velvet_Underground  formerBandMember  Lou_Reed [/TRIPLE],4,3,1,4,artist,Bootleg_Series_Volume_1:_The_Quine_Tapes artist The_Velvet_Underground,1432,formerBandMember formerLabel recordLabel parentCompany,ordering
ordering_test,results/ordering/ordering_test.json,1434,[TRIPLE] Nurhan_Atasoy  birthDate  1934-01-01 [/TRIPLE] [TRIPLE] Nurhan_Atasoy  residence  Istanbul [/TRIPLE] [TRIPLE] Nurhan_Atasoy  citizenship  Turkey [/TRIPLE] [TRIPLE] Nurhan_Atasoy  birthPlace  Turkey [/TRIPLE] [TRIPLE] Nurhan_Atasoy  nationality  Turkish_people [/TRIPLE] [TRIPLE] Nurhan_Atasoy  residence  Turkey [/TRIPLE],6,4,2,4,citizenship | residence,Nurhan_Atasoy citizenship Turkey || Nurhan_Atasoy residence Turkey,1434,nationality birthPlace birthDate residence,ordering
ordering_test,results/ordering/ordering_test.json,1437,[TRIPLE] McVeagh_of_the_South_Seas  director  Cyril_Bruce [/TRIPLE] [TRIPLE] McVeagh_of_the_South_Seas  director  Harry_Carey_(actor_born_1878) [/TRIPLE] [TRIPLE] McVeagh_of_the_South_Seas  writer  Harry_Carey_(actor_born_1878) [/TRIPLE] [TRIPLE] McVeagh_of_the_South_Seas  producer  The_Progressive_Motion_Picture_Company [/TRIPLE] [TRIPLE] McVeagh_of_the_South_Seas  distributor  Alliance_Films_Corporation [/TRIPLE],5,4,1,4,writer,McVeagh_of_the_South_Seas writer Harry_Carey_(actor_born_1878),1437,distributor director director producer,ordering
ordering_test,results/ordering/ordering_test.json,1447,[TRIPLE] Super_Capers  starring  Justin_Whalin [/TRIPLE] [TRIPLE] Super_Capers  writer  Ray_Griggs_(director) [/TRIPLE],2,1,1,2,writer,Super_Capers writer Ray_Griggs_(director),1447,starring author,ordering
ordering_test,results/ordering/ordering_test.json,1450,"[TRIPLE] Acharya_Institute_of_Technology  campus  ""In Soldevanahalli, Acharya Dr. Sarvapalli Radhakrishnan Road, Hessarghatta Main Road, Bangalore – 560090."" [/TRIPLE] [TRIPLE] All_India_Council_for_Technical_Education  location  Mumbai [/TRIPLE] [TRIPLE] Acharya_Institute_of_Technology  director  ""Dr. G. P. Prabhukumar"" [/TRIPLE] [TRIPLE] Acharya_Institute_of_Technology  city  Bangalore [/TRIPLE] [TRIPLE] Acharya_Institute_of_Technology  established  2000 [/TRIPLE] [TRIPLE] Acharya_Institute_of_Technology  wasGivenTheTechnicalCampusStatusBy  All_India_Council_for_Technical_Education [/TRIPLE]",6,5,1,5,city,Acharya_Institute_of_Technology city Bangalore,1450,campus established wasGivenTheTechnicalCampusStatusBy location director,ordering
ordering_test,results/ordering/ordering_test.json,1451,[TRIPLE] It's_Great_to_Be_Young_(1956_film)  starring  John_Mills [/TRIPLE] [TRIPLE] It's_Great_to_Be_Young_(1956_film)  cinematography  Gilbert_Taylor [/TRIPLE] [TRIPLE] It's_Great_to_Be_Young_(1956_film)  runtime  94.0 [/TRIPLE] [TRIPLE] It's_Great_to_Be_Young_(1956_film)  gross  282838.0 [/TRIPLE] [TRIPLE] It's_Great_to_Be_Young_(1956_film)  director  Cyril_Frankel [/TRIPLE] [TRIPLE] It's_Great_to_Be_Young_(1956_film)  starring  Cecil_Parker [/TRIPLE],6,4,2,6,cinematography | gross,It's_Great_to_Be_Young_(1956_film) cinematography Gilbert_Taylor || It's_Great_to_Be_Young_(1956_film) gross 282838.0,1451,director director starring starring runtime grosse,ordering
ordering_test,results/ordering/ordering_test.json,1454,[TRIPLE] The_Fellowship_of_the_Ring  followedBy  The_Two_Towers [/TRIPLE] [TRIPLE] The_Hobbit  literaryGenre  Juvenile_fantasy [/TRIPLE] [TRIPLE] The_Hobbit  literaryGenre  High_fantasy [/TRIPLE] [TRIPLE] The_Fellowship_of_the_Ring  author  J._R._R._Tolkien [/TRIPLE] [TRIPLE] The_Fellowship_of_the_Ring  precededBy  The_Hobbit [/TRIPLE],5,4,1,4,literaryGenre,The_Hobbit literaryGenre High_fantasy,1454,author precededBy followedBy literaryGenre,ordering
ordering_test,results/ordering/ordering_test.json,1455,[TRIPLE] Expect_a_Miracle  producer  Brian_Kelly_(composer_&_pianist) [/TRIPLE] [TRIPLE] Expect_a_Miracle  runtime  54.56 [/TRIPLE] [TRIPLE] Expect_a_Miracle  artist  Brian_Kelly_(composer_&_pianist) [/TRIPLE] [TRIPLE] Expect_a_Miracle  type  Compilation_Album [/TRIPLE] [TRIPLE] Expect_a_Miracle  precededBy  Pools_of_Light_(Brian_Kelly_album) [/TRIPLE] [TRIPLE] Expect_a_Miracle  followedBy  Afterplay_(Brian_Kelly_album) [/TRIPLE],6,3,3,5,producer | artist | type,Expect_a_Miracle producer Brian_Kelly_(composer_&_pianist) || Expect_a_Miracle artist Brian_Kelly_(composer_&_pianist) || Expect_a_Miracle type Compilation_Album,1455,precededBy followedBy creator creator runtime,ordering
ordering_test,results/ordering/ordering_test.json,1460,[TRIPLE] English_Without_Tears  runtime  89.0 [/TRIPLE] [TRIPLE] English_Without_Tears  musicComposer  Nicholas_Brodszky [/TRIPLE] [TRIPLE] English_Without_Tears  releaseDate  1944-07-28 [/TRIPLE] [TRIPLE] English_Without_Tears  editing  Alan_Jaggs [/TRIPLE],4,2,2,4,musicComposer | editing,English_Without_Tears musicComposer Nicholas_Brodszky || English_Without_Tears editing Alan_Jaggs,1460,mediaComposer editor releaseDate runtime,ordering
ordering_test,results/ordering/ordering_test.json,1462,"[TRIPLE] Abraham_A._Ribicoff  spouse  ""Ruth Ribicoff"" [/TRIPLE] [TRIPLE] Abraham_A._Ribicoff  inOfficeWhilePresident  John_F._Kennedy [/TRIPLE] [TRIPLE] Abraham_A._Ribicoff  nationality  American [/TRIPLE] [TRIPLE] Abraham_A._Ribicoff  successor  John_N._Dempsey [/TRIPLE] [TRIPLE] Abraham_A._Ribicoff  office  ""United States Secretary of Health, Education, and Welfare"" [/TRIPLE]",5,3,2,4,spouse | office,"Abraham_A._Ribicoff spouse ""Ruth Ribicoff"" || Abraham_A._Ribicoff office ""United States Secretary of Health, Education, and Welfare""",1462,nationality occupation inOfficeWhilePresident successor,ordering
ordering_test,results/ordering/ordering_test.json,1464,"[TRIPLE] Mexico  currency  Mexican_peso [/TRIPLE] [TRIPLE] Mexico  demonym  Mexicans [/TRIPLE] [TRIPLE] Bionico  course  Dessert [/TRIPLE] [TRIPLE] Bionico  region  Guadalajara [/TRIPLE] [TRIPLE] Bionico  mainIngredient  ""Chopped Fruits, Sour Cream, Condensed Milk, Granola, Shredded Coconut, Raisins"" [/TRIPLE] [TRIPLE] Dessert  dishVariation  Sandesh_(confectionery) [/TRIPLE] [TRIPLE] Bionico  country  Mexico [/TRIPLE]",7,5,2,6,currency | mainIngredient,"Mexico currency Mexican_peso || Bionico mainIngredient ""Chopped Fruits, Sour Cream, Condensed Milk, Granola, Shredded Coconut, Raisins""",1464,course region country demonym mainIngredients dishVariation,ordering
ordering_test,results/ordering/ordering_test.json,1465,"[TRIPLE] Olga_Bondareva  deathPlace  Saint_Petersburg [/TRIPLE] [TRIPLE] Olga_Bondareva  birthName  ""Olga Nikolaevna Bondareva"" [/TRIPLE] [TRIPLE] Olga_Bondareva  almaMater  Leningrad_State_University [/TRIPLE] [TRIPLE] Olga_Bondareva  deathDate  1991-12-09 [/TRIPLE] [TRIPLE] Olga_Bondareva  professionalField  Economics [/TRIPLE]",5,4,1,4,professionalField,Olga_Bondareva professionalField Economics,1465,birthName almaMater deathPlace deathDate,ordering
ordering_test,results/ordering/ordering_test.json,1468,[TRIPLE] Ciudad_Ayala  utcOffset  −6 [/TRIPLE] [TRIPLE] Ciudad_Ayala  timeZone  Pacific_Daylight_Time [/TRIPLE] [TRIPLE] Ciudad_Ayala  timeZone  Pacific_Standard_Time_Zone [/TRIPLE],3,2,1,3,timeZone,Ciudad_Ayala timeZone Pacific_Standard_Time_Zone,1468,utcOffset timeZone timeStandard_Time_Zone,ordering
ordering_test,results/ordering/ordering_test.json,1471,[TRIPLE] English_Without_Tears  editing  Alan_Jaggs [/TRIPLE] [TRIPLE] English_Without_Tears  producer  Anatole_de_Grunwald [/TRIPLE] [TRIPLE] English_Without_Tears  cinematography  Bernard_Knowles [/TRIPLE],3,1,2,3,editing | producer,English_Without_Tears editing Alan_Jaggs || English_Without_Tears producer Anatole_de_Grunwald,1471,editor director cinematography,ordering
ordering_test,results/ordering/ordering_test.json,1474,[TRIPLE] Darinka_Dentcheva  influencedBy  Andrzej_Piotr_Ruszczyński [/TRIPLE] [TRIPLE] Darinka_Dentcheva  professionalField  Mathematical_optimization [/TRIPLE],2,1,1,2,professionalField,Darinka_Dentcheva professionalField Mathematical_optimization,1474,influencedBy academicField,ordering
ordering_test,results/ordering/ordering_test.json,1478,"[TRIPLE] Alan_Shepard  birthDate  ""1923-11-18"" [/TRIPLE] [TRIPLE] Alan_Shepard  nationality  United_States [/TRIPLE] [TRIPLE] Alan_Shepard  deathPlace  California [/TRIPLE] [TRIPLE] New_Hampshire  bird  Purple_finch [/TRIPLE] [TRIPLE] Alan_Shepard  birthPlace  New_Hampshire [/TRIPLE] [TRIPLE] Alan_Shepard  award  Distinguished_Service_Medal_(United_States_Navy) [/TRIPLE]",6,5,1,5,bird,New_Hampshire bird Purple_finch,1478,nationality birthPlace birthDate award deathPlace,ordering
ordering_test,results/ordering/ordering_test.json,1482,[TRIPLE] Bedford_Aerodrome  operatingOrganisation  MotorSport_Vision [/TRIPLE] [TRIPLE] Bedford_Aerodrome  runwayLength  1095.0 [/TRIPLE] [TRIPLE] Bedford_Aerodrome  icaoLocationIdentifier  EGBF [/TRIPLE],3,2,1,3,icaoLocationIdentifier,Bedford_Aerodrome icaoLocationIdentifier EGBF,1482,operatingOrganisation runwayLength ICAOLocationIdentifier,ordering
ordering_test,results/ordering/ordering_test.json,1483,"[TRIPLE] India  longName  ""Republic of India"" [/TRIPLE]",1,0,1,1,longName,"India longName ""Republic of India""",1483,country,ordering
ordering_test,results/ordering/ordering_test.json,1486,[TRIPLE] Darinka_Dentcheva  influencedBy  Andrzej_Piotr_Ruszczyński [/TRIPLE] [TRIPLE] Darinka_Dentcheva  knownFor  Stochastic_programming [/TRIPLE] [TRIPLE] Darinka_Dentcheva  almaMater  Humboldt_University [/TRIPLE] [TRIPLE] Darinka_Dentcheva  residence  New_Jersey [/TRIPLE] [TRIPLE] Darinka_Dentcheva  residence  United_States [/TRIPLE],5,4,1,5,knownFor,Darinka_Dentcheva knownFor Stochastic_programming,1486,residence almaMater influencedBy residence influencedBy,ordering
ordering_test,results/ordering/ordering_test.json,1491,[TRIPLE] Darinka_Dentcheva  professionalField  Mathematical_optimization [/TRIPLE] [TRIPLE] Darinka_Dentcheva  knownFor  Stochastic_programming [/TRIPLE],2,1,1,2,professionalField,Darinka_Dentcheva professionalField Mathematical_optimization,1491,knownFor academicField,ordering
ordering_test,results/ordering/ordering_test.json,1492,"[TRIPLE] Acharya_Institute_of_Technology  campus  ""In Soldevanahalli, Acharya Dr. Sarvapalli Radhakrishnan Road, Hessarghatta Main Road, Bangalore – 560090."" [/TRIPLE] [TRIPLE] All_India_Council_for_Technical_Education  location  Mumbai [/TRIPLE] [TRIPLE] Acharya_Institute_of_Technology  director  ""Dr. G. P. Prabhukumar"" [/TRIPLE] [TRIPLE] Bangalore  founder  Kempe_Gowda_I [/TRIPLE] [TRIPLE] Acharya_Institute_of_Technology  city  Bangalore [/TRIPLE] [TRIPLE] Acharya_Institute_of_Technology  wasGivenTheTechnicalCampusStatusBy  All_India_Council_for_Technical_Education [/TRIPLE] [TRIPLE] Acharya_Institute_of_Technology  numberOfPostgraduateStudents  700 [/TRIPLE]",7,5,2,5,founder | city,Bangalore founder Kempe_Gowda_I || Acharya_Institute_of_Technology city Bangalore,1492,campus wasGivenTheTechnicalCampusStatusBy location director numberOfPostgraduateStudents,ordering
ordering_test,results/ordering/ordering_test.json,1503,[TRIPLE] University_of_Burgundy  numberOfUndergraduateStudents  16800 [/TRIPLE] [TRIPLE] University_of_Burgundy  staff  2900 [/TRIPLE] [TRIPLE] University_of_Burgundy  numberOfStudents  27400 [/TRIPLE] [TRIPLE] University_of_Burgundy  numberOfDoctoralStudents  1299 [/TRIPLE] [TRIPLE] University_of_Burgundy  campus  Dijon [/TRIPLE] [TRIPLE] University_of_Burgundy  numberOfPostgraduateStudents  9400 [/TRIPLE] [TRIPLE] University_of_Burgundy  country  France [/TRIPLE],7,6,1,6,numberOfDoctoralStudents,University_of_Burgundy numberOfDoctoralStudents 1299,1503,country numberOfPostgraduateStudents numberOfUndergraduateStudents numberOfStudents campus staff,ordering
ordering_test,results/ordering/ordering_test.json,1506,[TRIPLE] Darinka_Dentcheva  citizenship  United_States [/TRIPLE] [TRIPLE] Darinka_Dentcheva  birthDate  1958-01-01 [/TRIPLE],2,1,1,2,citizenship,Darinka_Dentcheva citizenship United_States,1506,birthDate nationality,ordering
ordering_test,results/ordering/ordering_test.json,1507,[TRIPLE] Nord_(Year_of_No_Light_album)  artist  Year_of_No_Light [/TRIPLE] [TRIPLE] Nord_(Year_of_No_Light_album)  genre  Post-metal [/TRIPLE] [TRIPLE] Nord_(Year_of_No_Light_album)  recordLabel  Crucial_Blast [/TRIPLE],3,2,1,2,artist,Nord_(Year_of_No_Light_album) artist Year_of_No_Light,1507,genre recordLabel,ordering
ordering_test,results/ordering/ordering_test.json,1513,[TRIPLE] Aaron_Turner  genre  Post-metal [/TRIPLE] [TRIPLE] Aaron_Turner  associatedBand/associatedMusicalArtist  Lotus_Eaters_(band) [/TRIPLE] [TRIPLE] Aaron_Turner  origin  United_States [/TRIPLE] [TRIPLE] Aaron_Turner  instrument  Electric_guitar [/TRIPLE] [TRIPLE] Aaron_Turner  activeYearsStartYear  1995 [/TRIPLE],5,4,1,5,origin,Aaron_Turner origin United_States,1513,country genre activeYearsStartYear instrument associatedBand/associatedMusicalArtist,ordering
ordering_test,results/ordering/ordering_test.json,1514,[TRIPLE] Hypermarcas  location  Brazil [/TRIPLE] [TRIPLE] Hypermarcas  type  S.A._(corporation) [/TRIPLE] [TRIPLE] Hypermarcas  subsidiary  Mantecorp [/TRIPLE] [TRIPLE] Hypermarcas  netIncome  108600000 [/TRIPLE] [TRIPLE] Hypermarcas  numberOfEmployees  10252 [/TRIPLE] [TRIPLE] Hypermarcas  location  São_Paulo [/TRIPLE],6,4,2,5,subsidiary | netIncome,Hypermarcas subsidiary Mantecorp || Hypermarcas netIncome 108600000,1514,location location numberOfEmployees type capital,ordering
ordering_test,results/ordering/ordering_test.json,1519,[TRIPLE] Brandon_Carter  professionalField  General_relativity [/TRIPLE] [TRIPLE] Brandon_Carter  doctoralAdvisor  Dennis_William_Sciama [/TRIPLE] [TRIPLE] Brandon_Carter  birthDate  1942-01-01 [/TRIPLE],3,2,1,2,professionalField,Brandon_Carter professionalField General_relativity,1519,birthDate doctoralAdvisor,ordering
ordering_test,results/ordering/ordering_test.json,1520,[TRIPLE] Expect_a_Miracle  producer  Brian_Kelly_(composer_&_pianist) [/TRIPLE] [TRIPLE] Expect_a_Miracle  runtime  54.56 [/TRIPLE] [TRIPLE] Expect_a_Miracle  type  Compilation_Album [/TRIPLE],3,2,1,3,producer,Expect_a_Miracle producer Brian_Kelly_(composer_&_pianist),1520,runtime type creator,ordering
ordering_test,results/ordering/ordering_test.json,1521,[TRIPLE] It's_Great_to_Be_Young_(1956_film)  cinematography  Gilbert_Taylor [/TRIPLE] [TRIPLE] It's_Great_to_Be_Young_(1956_film)  runtime  94.0 [/TRIPLE] [TRIPLE] It's_Great_to_Be_Young_(1956_film)  director  Cyril_Frankel [/TRIPLE] [TRIPLE] It's_Great_to_Be_Young_(1956_film)  musicComposer  Louis_Levy [/TRIPLE] [TRIPLE] It's_Great_to_Be_Young_(1956_film)  starring  Cecil_Parker [/TRIPLE],5,4,1,6,musicComposer,It's_Great_to_Be_Young_(1956_film) musicComposer Louis_Levy,1521,director director starring starring cinematography runtime,ordering
ordering_test,results/ordering/ordering_test.json,1522,[TRIPLE] It's_Great_to_Be_Young_(1956_film)  musicComposer  Louis_Levy [/TRIPLE] [TRIPLE] It's_Great_to_Be_Young_(1956_film)  editing  Max_Benedict [/TRIPLE] [TRIPLE] It's_Great_to_Be_Young_(1956_film)  cinematography  Gilbert_Taylor [/TRIPLE],3,2,1,3,cinematography,It's_Great_to_Be_Young_(1956_film) cinematography Gilbert_Taylor,1522,film editing musicComposer,ordering
ordering_test,results/ordering/ordering_test.json,1526,"[TRIPLE] Bedford_Aerodrome  operatingOrganisation  MotorSport_Vision [/TRIPLE] [TRIPLE] Bedford_Aerodrome  icaoLocationIdentifier  EGBF [/TRIPLE] [TRIPLE] Bedford_Aerodrome  elevationAboveTheSeaLevel  83.2104 [/TRIPLE] [TRIPLE] Bedford_Aerodrome  runwayName  ""08/26"" [/TRIPLE] [TRIPLE] Bedford_Aerodrome  runwaySurfaceType  Concrete [/TRIPLE]",5,4,1,5,icaoLocationIdentifier,Bedford_Aerodrome icaoLocationIdentifier EGBF,1526,operatingOrganisation elevationAboveTheSeaLevel ICAOLocationIdentifier runwayName runwaySurfaceType,ordering
ordering_test,results/ordering/ordering_test.json,1530,"[TRIPLE] Ciudad_Ayala  populationDensity  1604.0 [/TRIPLE] [TRIPLE] Mexico  leaderTitle  ""President of the Chamber of Deputies"" [/TRIPLE] [TRIPLE] Ciudad_Ayala  utcOffset  −6 [/TRIPLE] [TRIPLE] Ciudad_Ayala  country  Mexico [/TRIPLE]",4,3,1,3,populationDensity,Ciudad_Ayala populationDensity 1604.0,1530,country leaderTitle utcOffset,ordering
ordering_test,results/ordering/ordering_test.json,1532,[TRIPLE] Trane  operatingIncome  875400000 [/TRIPLE] [TRIPLE] Trane  industry  Building_materials [/TRIPLE] [TRIPLE] Trane  revenue  10264000000 [/TRIPLE],3,2,1,3,industry,Trane industry Building_materials,1532,operatingIncome operatingIncome revenue,ordering
ordering_test,results/ordering/ordering_test.json,1537,[TRIPLE] Super_Capers  editing  Stacy_Katzman [/TRIPLE] [TRIPLE] Super_Capers  language  English_language [/TRIPLE] [TRIPLE] Super_Capers  runtime  98.0 [/TRIPLE] [TRIPLE] Super_Capers  distributor  Roadside_Attractions [/TRIPLE] [TRIPLE] Super_Capers  distributor  Lionsgate [/TRIPLE],5,4,1,5,editing,Super_Capers editing Stacy_Katzman,1537,editor distributor distributor language runtime,ordering
ordering_test,results/ordering/ordering_test.json,1540,[TRIPLE] Nie_Haisheng  mission  Shenzhou_10 [/TRIPLE] [TRIPLE] Nie_Haisheng  mission  Shenzhou_6 [/TRIPLE] [TRIPLE] Nie_Haisheng  birthDate  1964-10-13 [/TRIPLE] [TRIPLE] Nie_Haisheng  birthPlace  Zaoyang [/TRIPLE],4,3,1,3,mission,Nie_Haisheng mission Shenzhou_6,1540,birthPlace birthDate mission,ordering
ordering_test,results/ordering/ordering_test.json,1542,[TRIPLE] Darinka_Dentcheva  influencedBy  Andrzej_Piotr_Ruszczyński [/TRIPLE] [TRIPLE] Darinka_Dentcheva  citizenship  United_States [/TRIPLE] [TRIPLE] Darinka_Dentcheva  birthDate  1958-01-01 [/TRIPLE] [TRIPLE] Darinka_Dentcheva  professionalField  Mathematical_optimization [/TRIPLE] [TRIPLE] Darinka_Dentcheva  knownFor  Stochastic_programming [/TRIPLE] [TRIPLE] Darinka_Dentcheva  almaMater  Humboldt_University [/TRIPLE],6,4,2,6,citizenship | professionalField,Darinka_Dentcheva citizenship United_States || Darinka_Dentcheva professionalField Mathematical_optimization,1542,birthDate almaMater influencedBy nationality academicField knownFor,ordering
ordering_test,results/ordering/ordering_test.json,1544,[TRIPLE] Brandon_Carter  professionalField  General_relativity [/TRIPLE] [TRIPLE] Brandon_Carter  knownFor  Carter_constant [/TRIPLE] [TRIPLE] Brandon_Carter  knownFor  No-hair_theorem [/TRIPLE] [TRIPLE] Brandon_Carter  doctoralAdvisor  Dennis_William_Sciama [/TRIPLE] [TRIPLE] Brandon_Carter  birthPlace  England [/TRIPLE] [TRIPLE] Brandon_Carter  birthDate  1942-01-01 [/TRIPLE],6,5,1,5,professionalField,Brandon_Carter professionalField General_relativity,1544,birthPlace birthDate doctoralAdvisor knownFor knownFor,ordering
ordering_test,results/ordering/ordering_test.json,1549,[TRIPLE] Bedford_Aerodrome  location  Thurleigh [/TRIPLE] [TRIPLE] Bedford_Aerodrome  icaoLocationIdentifier  EGBF [/TRIPLE] [TRIPLE] Thurleigh  postalCode  MK44 [/TRIPLE],3,2,1,3,icaoLocationIdentifier,Bedford_Aerodrome icaoLocationIdentifier EGBF,1549,postalCode location ICAOLocationIdentifier,ordering
ordering_test,results/ordering/ordering_test.json,1550,[TRIPLE] Bedford_Aerodrome  runwayLength  1095.0 [/TRIPLE] [TRIPLE] Bedford_Aerodrome  icaoLocationIdentifier  EGBF [/TRIPLE],2,1,1,2,icaoLocationIdentifier,Bedford_Aerodrome icaoLocationIdentifier EGBF,1550,runwayLength ICAOLocationIdentifier,ordering
ordering_test,results/ordering/ordering_test.json,1553,[TRIPLE] Death_on_a_Factory_Farm  director  Tom_Simon [/TRIPLE] [TRIPLE] Death_on_a_Factory_Farm  producer  Tom_Simon [/TRIPLE] [TRIPLE] Death_on_a_Factory_Farm  broadcastedBy  HBO [/TRIPLE] [TRIPLE] Death_on_a_Factory_Farm  editor  Geof_Bartz [/TRIPLE],4,3,1,3,producer,Death_on_a_Factory_Farm producer Tom_Simon,1553,broadcastedBy editor director,ordering
ordering_test,results/ordering/ordering_test.json,1554,"[TRIPLE] ALCO_RS-3  buildDate  ""May 1950 - August 1956"" [/TRIPLE] [TRIPLE] ALCO_RS-3  engine  Four-stroke_engine [/TRIPLE] [TRIPLE] ALCO_RS-3  powerType  Diesel-electric_transmission [/TRIPLE] [TRIPLE] ALCO_RS-3  length  17068.8 (millimetres) [/TRIPLE]",4,3,1,4,powerType,ALCO_RS-3 powerType Diesel-electric_transmission,1554,buildDate length engine engine,ordering
ordering_test,results/ordering/ordering_test.json,1555,[TRIPLE] Nord_(Year_of_No_Light_album)  releaseDate  2006-09-06 [/TRIPLE] [TRIPLE] Nord_(Year_of_No_Light_album)  followedBy  Live_at_Roadburn_2008_(Year_of_No_Light_album) [/TRIPLE] [TRIPLE] Nord_(Year_of_No_Light_album)  genre  Sludge_metal [/TRIPLE] [TRIPLE] Nord_(Year_of_No_Light_album)  producer  Year_of_No_Light [/TRIPLE] [TRIPLE] Nord_(Year_of_No_Light_album)  artist  Year_of_No_Light [/TRIPLE] [TRIPLE] Nord_(Year_of_No_Light_album)  recordLabel  Crucial_Blast [/TRIPLE],6,5,1,6,producer,Nord_(Year_of_No_Light_album) producer Year_of_No_Light,1555,followedBy artist genre releaseDate followedBy recordLabel,ordering
ordering_test,results/ordering/ordering_test.json,1556,[TRIPLE] Aaron_Turner  genre  Post-metal [/TRIPLE] [TRIPLE] Aaron_Turner  associatedBand/associatedMusicalArtist  Lotus_Eaters_(band) [/TRIPLE] [TRIPLE] Aaron_Turner  instrument  Singing [/TRIPLE] [TRIPLE] Aaron_Turner  origin  United_States [/TRIPLE] [TRIPLE] Aaron_Turner  activeYearsStartYear  1995 [/TRIPLE],5,3,2,5,instrument | origin,Aaron_Turner instrument Singing || Aaron_Turner origin United_States,1556,birth country genre associatedBand/associatedMusicalArtist activeYearsStartYear,ordering
ordering_test,results/ordering/ordering_test.json,1558,[TRIPLE] Death_on_a_Factory_Farm  director  Tom_Simon [/TRIPLE] [TRIPLE] Death_on_a_Factory_Farm  producer  Tom_Simon [/TRIPLE] [TRIPLE] Death_on_a_Factory_Farm  broadcastedBy  HBO [/TRIPLE] [TRIPLE] Death_on_a_Factory_Farm  editor  Geof_Bartz [/TRIPLE] [TRIPLE] Death_on_a_Factory_Farm  runtime  83.0 [/TRIPLE],5,4,1,5,producer,Death_on_a_Factory_Farm producer Tom_Simon,1558,editor director broadcastedBy editor runtime,ordering
ordering_test,results/ordering/ordering_test.json,1559,[TRIPLE] Liselotte_Grschebina  deathDate  1994-06-14 [/TRIPLE] [TRIPLE] Liselotte_Grschebina  nationality  Israel [/TRIPLE] [TRIPLE] Liselotte_Grschebina  training  School_of_Applied_Arts_in_Stuttgart [/TRIPLE] [TRIPLE] Liselotte_Grschebina  birthDate  1908-05-02 [/TRIPLE] [TRIPLE] Liselotte_Grschebina  professionalField  Photographer [/TRIPLE],5,3,2,4,training | professionalField,Liselotte_Grschebina training School_of_Applied_Arts_in_Stuttgart || Liselotte_Grschebina professionalField Photographer,1559,nationality birthDate birthPlace deathDate,ordering
ordering_test,results/ordering/ordering_test.json,1562,[TRIPLE] Nurhan_Atasoy  birthDate  1934-01-01 [/TRIPLE] [TRIPLE] Nurhan_Atasoy  residence  Istanbul [/TRIPLE] [TRIPLE] Nurhan_Atasoy  citizenship  Turkey [/TRIPLE] [TRIPLE] Nurhan_Atasoy  birthPlace  Turkey [/TRIPLE] [TRIPLE] Nurhan_Atasoy  nationality  Turkish_people [/TRIPLE],5,4,1,4,citizenship,Nurhan_Atasoy citizenship Turkey,1562,nationality birthPlace birthDate residence,ordering
ordering_test,results/ordering/ordering_test.json,1565,[TRIPLE] Mermaid_(Train_song)  recordLabel  Sony_Music_Entertainment [/TRIPLE] [TRIPLE] Mermaid_(Train_song)  writer  Espen_Lind [/TRIPLE],2,1,1,2,writer,Mermaid_(Train_song) writer Espen_Lind,1565,author recordLabel,ordering
ordering_test,results/ordering/ordering_test.json,1571,[TRIPLE] Ciudad_Ayala  governmentType  Council-manager_government [/TRIPLE] [TRIPLE] Ciudad_Ayala  populationDensity  1604.0 [/TRIPLE] [TRIPLE] Ciudad_Ayala  leaderTitle  Governator [/TRIPLE] [TRIPLE] Ciudad_Ayala  timeZone  Pacific_Daylight_Time [/TRIPLE] [TRIPLE] Ciudad_Ayala  timeZone  Pacific_Standard_Time_Zone [/TRIPLE] [TRIPLE] Ciudad_Ayala  leader  Juan_Nolasco [/TRIPLE],6,3,3,4,governmentType | populationDensity | timeZone,Ciudad_Ayala governmentType Council-manager_government || Ciudad_Ayala populationDensity 1604.0 || Ciudad_Ayala timeZone Pacific_Standard_Time_Zone,1571,leaderTitle leader timeZone timeStandard_Time_Zone,ordering
ordering_test,results/ordering/ordering_test.json,1582,[TRIPLE] Lady_Anne_Monson  deathDate  1776-02-18 [/TRIPLE] [TRIPLE] Lady_Anne_Monson  birthPlace  Kingdom_of_England [/TRIPLE] [TRIPLE] Lady_Anne_Monson  spouse  George_Monson [/TRIPLE] [TRIPLE] Lady_Anne_Monson  professionalField  Botany [/TRIPLE],4,2,2,3,spouse | professionalField,Lady_Anne_Monson spouse George_Monson || Lady_Anne_Monson professionalField Botany,1582,birthPlace occupation deathDate,ordering
ordering_test,results/ordering/ordering_test.json,1583,"[TRIPLE] Bootleg_Series_Volume_1:_The_Quine_Tapes  runtime  230.05 [/TRIPLE] [TRIPLE] Bootleg_Series_Volume_1:_The_Quine_Tapes  recordedIn  United_States [/TRIPLE] [TRIPLE] Bootleg_Series_Volume_1:_The_Quine_Tapes  recordedIn  St._Louis,_Missouri [/TRIPLE] [TRIPLE] Bootleg_Series_Volume_1:_The_Quine_Tapes  precededBy  Squeeze_(The_Velvet_Underground_album) [/TRIPLE]",4,3,1,3,recordedIn,"Bootleg_Series_Volume_1:_The_Quine_Tapes recordedIn St._Louis,_Missouri",1583,precededBy runtime recordedIn,ordering
ordering_test,results/ordering/ordering_test.json,1589,[TRIPLE] Death_on_a_Factory_Farm  director  Tom_Simon [/TRIPLE] [TRIPLE] Death_on_a_Factory_Farm  producer  Tom_Simon [/TRIPLE] [TRIPLE] Death_on_a_Factory_Farm  musicComposer  Jamie_Lawrence [/TRIPLE],3,2,1,3,producer,Death_on_a_Factory_Farm producer Tom_Simon,1589,director director musicComposer,ordering
ordering_test,results/ordering/ordering_test.json,1592,"[TRIPLE] Abraham_A._Ribicoff  spouse  ""Ruth Ribicoff"" [/TRIPLE] [TRIPLE] Abraham_A._Ribicoff  inOfficeWhilePresident  John_F._Kennedy [/TRIPLE] [TRIPLE] Abraham_A._Ribicoff  nationality  American [/TRIPLE] [TRIPLE] Abraham_A._Ribicoff  deathPlace  United_States [/TRIPLE] [TRIPLE] Abraham_A._Ribicoff  office  ""United States Secretary of Health, Education, and Welfare"" [/TRIPLE]",5,3,2,4,spouse | office,"Abraham_A._Ribicoff spouse ""Ruth Ribicoff"" || Abraham_A._Ribicoff office ""United States Secretary of Health, Education, and Welfare""",1592,nationality occupation deathPlace inOfficeWhilePresident,ordering
ordering_test,results/ordering/ordering_test.json,1596,[TRIPLE] Mermaid_(Train_song)  followedBy  Imagine_(John_Lennon_song) [/TRIPLE] [TRIPLE] Mermaid_(Train_song)  album  California_37_(Train_album) [/TRIPLE] [TRIPLE] Imagine_(John_Lennon_song)  album  Imagine_(John_Lennon_album) [/TRIPLE],3,2,1,2,album,Imagine_(John_Lennon_song) album Imagine_(John_Lennon_album),1596,followedBy album,ordering
ordering_test,results/ordering/ordering_test.json,1605,[TRIPLE] University_of_Burgundy  numberOfUndergraduateStudents  16800 [/TRIPLE] [TRIPLE] University_of_Burgundy  staff  2900 [/TRIPLE] [TRIPLE] University_of_Burgundy  numberOfStudents  27400 [/TRIPLE] [TRIPLE] University_of_Burgundy  numberOfDoctoralStudents  1299 [/TRIPLE] [TRIPLE] University_of_Burgundy  city  Dijon [/TRIPLE],5,4,1,4,staff,University_of_Burgundy staff 2900,1605,city numberOfUndergraduateStudents numberOfStudents numberOfDoctoralStudents,ordering
ordering_test,results/ordering/ordering_test.json,1606,[TRIPLE] Bootleg_Series_Volume_1:_The_Quine_Tapes  artist  The_Velvet_Underground [/TRIPLE] [TRIPLE] Bootleg_Series_Volume_1:_The_Quine_Tapes  genre  Rock_music [/TRIPLE] [TRIPLE] Bootleg_Series_Volume_1:_The_Quine_Tapes  precededBy  Squeeze_(The_Velvet_Underground_album) [/TRIPLE] [TRIPLE] Bootleg_Series_Volume_1:_The_Quine_Tapes  recordLabel  Polydor_Records [/TRIPLE] [TRIPLE] Bootleg_Series_Volume_1:_The_Quine_Tapes  recordLabel  Universal_Music_Group [/TRIPLE],5,4,1,5,artist,Bootleg_Series_Volume_1:_The_Quine_Tapes artist The_Velvet_Underground,1606,precededBy genre author recordLabel recordLabel,ordering
ordering_test,results/ordering/ordering_test.json,1607,"[TRIPLE] Piotr_Hallmann  birthPlace  Gdynia,_Poland [/TRIPLE] [TRIPLE] Piotr_Hallmann  weight  70.308 [/TRIPLE] [TRIPLE] Gdynia,_Poland  timeZone  Central_European_Time [/TRIPLE] [TRIPLE] Gdynia,_Poland  timeZone  Central_European_Summer_Time [/TRIPLE]",4,3,1,3,timeZone,"Gdynia,_Poland timeZone Central_European_Summer_Time",1607,birthPlace weight timeZone,ordering
ordering_test,results/ordering/ordering_test.json,1610,[TRIPLE] Mermaid_(Train_song)  writer  Amund_Bjørklund [/TRIPLE] [TRIPLE] Mermaid_(Train_song)  writer  Stargate_(production_team) [/TRIPLE] [TRIPLE] Mermaid_(Train_song)  producer  Espionage_(production_team) [/TRIPLE] [TRIPLE] Mermaid_(Train_song)  album  California_37_(Train_album) [/TRIPLE] [TRIPLE] Mermaid_(Train_song)  format  Music_download [/TRIPLE],5,3,2,5,writer | writer,Mermaid_(Train_song) writer Amund_Bjørklund || Mermaid_(Train_song) writer Stargate_(production_team),1610,author author album format producer,ordering
ordering_test,results/ordering/ordering_test.json,1612,[TRIPLE] Nurhan_Atasoy  birthDate  1934-01-01 [/TRIPLE] [TRIPLE] Nurhan_Atasoy  citizenship  Turkey [/TRIPLE] [TRIPLE] Nurhan_Atasoy  birthPlace  Turkey [/TRIPLE] [TRIPLE] Nurhan_Atasoy  nationality  Turkish_people [/TRIPLE],4,3,1,3,citizenship,Nurhan_Atasoy citizenship Turkey,1612,nationality birthPlace birthDate,ordering
ordering_test,results/ordering/ordering_test.json,1621,[TRIPLE] Nord_(Year_of_No_Light_album)  releaseDate  2006-09-06 [/TRIPLE] [TRIPLE] Nord_(Year_of_No_Light_album)  followedBy  Live_at_Roadburn_2008_(Year_of_No_Light_album) [/TRIPLE] [TRIPLE] Nord_(Year_of_No_Light_album)  genre  Sludge_metal [/TRIPLE] [TRIPLE] Nord_(Year_of_No_Light_album)  producer  Year_of_No_Light [/TRIPLE] [TRIPLE] Nord_(Year_of_No_Light_album)  artist  Year_of_No_Light [/TRIPLE] [TRIPLE] Nord_(Year_of_No_Light_album)  genre  Post-metal [/TRIPLE],6,3,3,5,releaseDate | producer | artist,Nord_(Year_of_No_Light_album) releaseDate 2006-09-06 || Nord_(Year_of_No_Light_album) producer Year_of_No_Light || Nord_(Year_of_No_Light_album) artist Year_of_No_Light,1621,followedBy author genre genre followedBy,ordering
ordering_test,results/ordering/ordering_test.json,1629,[TRIPLE] Expect_a_Miracle  artist  Brian_Kelly_(composer_&_pianist) [/TRIPLE] [TRIPLE] Expect_a_Miracle  producer  Brian_Kelly_(composer_&_pianist) [/TRIPLE],2,1,1,1,artist,Expect_a_Miracle artist Brian_Kelly_(composer_&_pianist),1629,producer,ordering
ordering_test,results/ordering/ordering_test.json,1630,"[TRIPLE] It's_Great_to_Be_Young_(1956_film)  starring  John_Mills [/TRIPLE] [TRIPLE] It's_Great_to_Be_Young_(1956_film)  starring  Cecil_Parker [/TRIPLE] [TRIPLE] John_Mills  deathPlace  Denham,_Buckinghamshire [/TRIPLE]",3,2,1,2,starring,It's_Great_to_Be_Young_(1956_film) starring Cecil_Parker,1630,starring deathPlace,ordering
ordering_test,results/ordering/ordering_test.json,1634,"[TRIPLE] Estádio_Municipal_Coaracy_da_Mata_Fonseca  location  Arapiraca [/TRIPLE] [TRIPLE] Agremiação_Sportiva_Arapiraquense  league  Campeonato_Brasileiro_Série_C [/TRIPLE] [TRIPLE] Agremiação_Sportiva_Arapiraquense  season  2015 [/TRIPLE] [TRIPLE] Campeonato_Brasileiro_Série_C  champions  Vila_Nova_Futebol_Clube [/TRIPLE] [TRIPLE] Agremiação_Sportiva_Arapiraquense  numberOfMembers  17000 [/TRIPLE] [TRIPLE] Agremiação_Sportiva_Arapiraquense  ground  Estádio_Municipal_Coaracy_da_Mata_Fonseca [/TRIPLE] [TRIPLE] Agremiação_Sportiva_Arapiraquense  fullName  ""Agremiação Sportiva Arapiraquense"" [/TRIPLE]",7,6,1,6,location,Estádio_Municipal_Coaracy_da_Mata_Fonseca location Arapiraca,1634,fullName ground numberOfMembers league champions season,ordering
ordering_test,results/ordering/ordering_test.json,1639,[TRIPLE] Lady_Anne_Monson  birthPlace  Darlington [/TRIPLE] [TRIPLE] Lady_Anne_Monson  birthDate  1726-01-01 [/TRIPLE] [TRIPLE] Lady_Anne_Monson  deathDate  1776-02-18 [/TRIPLE] [TRIPLE] Lady_Anne_Monson  birthPlace  Kingdom_of_England [/TRIPLE],4,3,1,3,birthPlace,Lady_Anne_Monson birthPlace Kingdom_of_England,1639,birthPlace birthDate deathDate,ordering
ordering_test,results/ordering/ordering_test.json,1640,"[TRIPLE] Darinka_Dentcheva  citizenship  United_States [/TRIPLE] [TRIPLE] United_States  leaderTitle  ""Vice President"" [/TRIPLE]",2,1,1,1,citizenship,Darinka_Dentcheva citizenship United_States,1640,leaderTitle,ordering
ordering_test,results/ordering/ordering_test.json,1641,[TRIPLE] McVeagh_of_the_South_Seas  imdbId  0004319 [/TRIPLE] [TRIPLE] McVeagh_of_the_South_Seas  director  Cyril_Bruce [/TRIPLE] [TRIPLE] McVeagh_of_the_South_Seas  director  Harry_Carey_(actor_born_1878) [/TRIPLE] [TRIPLE] McVeagh_of_the_South_Seas  writer  Harry_Carey_(actor_born_1878) [/TRIPLE],4,2,2,3,imdbId | writer,McVeagh_of_the_South_Seas imdbId 0004319 || McVeagh_of_the_South_Seas writer Harry_Carey_(actor_born_1878),1641,director director author,ordering
ordering_test,results/ordering/ordering_test.json,1645,[TRIPLE] Mermaid_(Train_song)  followedBy  Imagine_(John_Lennon_song) [/TRIPLE] [TRIPLE] Mermaid_(Train_song)  producer  Espionage_(production_team) [/TRIPLE] [TRIPLE] Mermaid_(Train_song)  writer  Pat_Monahan [/TRIPLE],3,1,2,2,producer | writer,Mermaid_(Train_song) producer Espionage_(production_team) || Mermaid_(Train_song) writer Pat_Monahan,1645,followedBy creator,ordering
ordering_test,results/ordering/ordering_test.json,1646,[TRIPLE] Aaron_Turner  genre  Post-metal [/TRIPLE] [TRIPLE] Aaron_Turner  associatedBand/associatedMusicalArtist  Lotus_Eaters_(band) [/TRIPLE] [TRIPLE] Aaron_Turner  instrument  Singing [/TRIPLE] [TRIPLE] Aaron_Turner  activeYearsStartYear  1995 [/TRIPLE],4,3,1,3,instrument,Aaron_Turner instrument Singing,1646,genre associatedBand/associatedMusicalArtist activeYearsStartYear,ordering
ordering_test,results/ordering/ordering_test.json,1653,[TRIPLE] Brandon_Carter  doctoralAdvisor  Dennis_William_Sciama [/TRIPLE] [TRIPLE] Brandon_Carter  birthPlace  England [/TRIPLE] [TRIPLE] Brandon_Carter  knownFor  Anthropic_principle [/TRIPLE] [TRIPLE] Brandon_Carter  birthDate  1942-01-01 [/TRIPLE] [TRIPLE] Brandon_Carter  almaMater  University_of_Cambridge [/TRIPLE] [TRIPLE] Brandon_Carter  knownFor  Doomsday_argument [/TRIPLE],6,5,1,5,knownFor,Brandon_Carter knownFor Doomsday_argument,1653,birthPlace birthDate almaMater doctoralAdvisor knownFor,ordering
ordering_test,results/ordering/ordering_test.json,1657,[TRIPLE] Nurhan_Atasoy  residence  Istanbul [/TRIPLE] [TRIPLE] Nurhan_Atasoy  birthPlace  Turkey [/TRIPLE] [TRIPLE] Nurhan_Atasoy  nationality  Turkish_people [/TRIPLE] [TRIPLE] Nurhan_Atasoy  residence  Turkey [/TRIPLE],4,3,1,3,residence,Nurhan_Atasoy residence Turkey,1657,nationality birthPlace residence,ordering
ordering_test,results/ordering/ordering_test.json,1659,"[TRIPLE] Acharya_Institute_of_Technology  campus  ""In Soldevanahalli, Acharya Dr. Sarvapalli Radhakrishnan Road, Hessarghatta Main Road, Bangalore – 560090."" [/TRIPLE] [TRIPLE] All_India_Council_for_Technical_Education  location  Mumbai [/TRIPLE] [TRIPLE] Acharya_Institute_of_Technology  affiliation  Visvesvaraya_Technological_University [/TRIPLE] [TRIPLE] Acharya_Institute_of_Technology  city  Bangalore [/TRIPLE] [TRIPLE] Acharya_Institute_of_Technology  wasGivenTheTechnicalCampusStatusBy  All_India_Council_for_Technical_Education [/TRIPLE]",5,4,1,4,city,Acharya_Institute_of_Technology city Bangalore,1659,campus wasGivenTheTechnicalCampusStatusBy location affiliation,ordering
ordering_test,results/ordering/ordering_test.json,1660,[TRIPLE] Nie_Haisheng  birthPlace  Hubei [/TRIPLE] [TRIPLE] Nie_Haisheng  mission  Shenzhou_6 [/TRIPLE] [TRIPLE] Nie_Haisheng  mission  Shenzhou_10 [/TRIPLE] [TRIPLE] Nie_Haisheng  occupation  Fighter_pilot [/TRIPLE],4,3,1,3,mission,Nie_Haisheng mission Shenzhou_10,1660,birthPlace occupation mission,ordering
ordering_test,results/ordering/ordering_test.json,1661,"[TRIPLE] Alan_Shepard  birthDate  ""1923-11-18"" [/TRIPLE] [TRIPLE] Alan_Shepard  nationality  United_States [/TRIPLE] [TRIPLE] Alan_Shepard  deathPlace  California [/TRIPLE] [TRIPLE] Alan_Shepard  birthPlace  New_Hampshire [/TRIPLE] [TRIPLE] Alan_Shepard  status  ""Deceased"" [/TRIPLE]",5,4,1,4,status,"Alan_Shepard status ""Deceased""",1661,nationality birthPlace birthDate deathPlace,ordering
ordering_test,results/ordering/ordering_test.json,1667,[TRIPLE] Nurhan_Atasoy  residence  Istanbul [/TRIPLE] [TRIPLE] Turkey  language  Turkish_language [/TRIPLE] [TRIPLE] Nurhan_Atasoy  residence  Turkey [/TRIPLE],3,2,1,2,residence,Nurhan_Atasoy residence Turkey,1667,residence language,ordering
ordering_test,results/ordering/ordering_test.json,1668,[TRIPLE] Pontiac_Rageous  manufacturer  Pontiac [/TRIPLE] [TRIPLE] Pontiac  foundationPlace  United_States [/TRIPLE] [TRIPLE] Pontiac_Rageous  productionStartYear  1997 [/TRIPLE] [TRIPLE] Pontiac  successor  Buick [/TRIPLE],4,2,2,3,manufacturer | productionStartYear,Pontiac_Rageous manufacturer Pontiac || Pontiac_Rageous productionStartYear 1997,1668,foundationPlace productStartYear successor,ordering
ordering_test,results/ordering/ordering_test.json,1669,"[TRIPLE] It's_Great_to_Be_Young_(1956_film)  starring  Cecil_Parker [/TRIPLE] [TRIPLE] Cecil_Parker  birthName  Cecil Schwabe [/TRIPLE] [TRIPLE] It's_Great_to_Be_Young_(1956_film)  starring  John_Mills [/TRIPLE] [TRIPLE] John_Mills  deathPlace  Denham,_Buckinghamshire [/TRIPLE]",4,3,1,3,starring,It's_Great_to_Be_Young_(1956_film) starring John_Mills,1669,birthName starring deathPlace,ordering
ordering_test,results/ordering/ordering_test.json,1680,"[TRIPLE] Ciudad_Ayala  leaderTitle  ""City Manager"" [/TRIPLE] [TRIPLE] Ciudad_Ayala  type  City [/TRIPLE] [TRIPLE] Ciudad_Ayala  governmentType  Council-manager_government [/TRIPLE] [TRIPLE] Ciudad_Ayala  utcOffset  −6 [/TRIPLE]",4,3,1,4,type,Ciudad_Ayala type City,1680,leaderTitle governmentType city utcOffset,ordering
ordering_test,results/ordering/ordering_test.json,1686,[TRIPLE] Mermaid_(Train_song)  precededBy  This'll_Be_My_Year [/TRIPLE] [TRIPLE] Mermaid_(Train_song)  followedBy  Imagine_(John_Lennon_song) [/TRIPLE] [TRIPLE] Imagine_(John_Lennon_song)  followedBy  Happy_Xmas_(War_Is_Over) [/TRIPLE] [TRIPLE] Imagine_(John_Lennon_song)  precededBy  Power_to_the_People_(song) [/TRIPLE] [TRIPLE] Mermaid_(Train_song)  genre  Pop_rock [/TRIPLE],5,4,1,5,precededBy,Imagine_(John_Lennon_song) precededBy Power_to_the_People_(song),1686,genre precededBy followedBy followedBy followedBy,ordering
ordering_test,results/ordering/ordering_test.json,1691,[TRIPLE] Ciudad_Ayala  type  City [/TRIPLE] [TRIPLE] Ciudad_Ayala  elevationAboveTheSeaLevel  1147.0 [/TRIPLE] [TRIPLE] Ciudad_Ayala  leader  Juan_Nolasco [/TRIPLE],3,2,1,3,type,Ciudad_Ayala type City,1691,leader elevationAboveTheSeaLevel city,ordering
ordering_test,results/ordering/ordering_test.json,1701,[TRIPLE] English_Without_Tears  editing  Alan_Jaggs [/TRIPLE] [TRIPLE] Harold_French  activeYearsStartYear  1920-01-01 [/TRIPLE] [TRIPLE] English_Without_Tears  director  Harold_French [/TRIPLE] [TRIPLE] English_Without_Tears  producer  Anatole_de_Grunwald [/TRIPLE],4,3,1,4,editing,English_Without_Tears editing Alan_Jaggs,1701,director director activeYearsStartYear producer,ordering
ordering_test,results/ordering/ordering_test.json,1704,[TRIPLE] Hypermarcas  industry  Pharmaceuticals [/TRIPLE] [TRIPLE] Hypermarcas  foundingDate  2001-01-01 [/TRIPLE] [TRIPLE] Hypermarcas  type  S.A._(corporation) [/TRIPLE] [TRIPLE] Hypermarcas  subsidiary  Mantecorp [/TRIPLE] [TRIPLE] Hypermarcas  netIncome  108600000 [/TRIPLE],5,3,2,5,industry | type,Hypermarcas industry Pharmaceuticals || Hypermarcas type S.A._(corporation),1704,foundingDate operatingDate category subsidiary netIncome,ordering
ordering_test,results/ordering/ordering_test.json,1711,[TRIPLE] Mermaid_(Train_song)  genre  Pop_rock [/TRIPLE] [TRIPLE] Mermaid_(Train_song)  releaseDate  2012-12-27 [/TRIPLE] [TRIPLE] Mermaid_(Train_song)  precededBy  This'll_Be_My_Year [/TRIPLE] [TRIPLE] Mermaid_(Train_song)  runtime  3.16 [/TRIPLE] [TRIPLE] Mermaid_(Train_song)  genre  Reggae [/TRIPLE] [TRIPLE] Mermaid_(Train_song)  followedBy  Imagine_(John_Lennon_song) [/TRIPLE] [TRIPLE] Mermaid_(Train_song)  producer  Espionage_(production_team) [/TRIPLE],7,6,1,6,runtime,Mermaid_(Train_song) runtime 3.16,1711,precededBy genre genre followedBy producer releaseDate,ordering
ordering_test,results/ordering/ordering_test.json,1716,"[TRIPLE] Alan_Shepard  birthDate  ""1923-11-18"" [/TRIPLE] [TRIPLE] Alan_Shepard  nationality  United_States [/TRIPLE] [TRIPLE] Alan_Shepard  servedAsChiefOfTheAstronautOfficeIn  1963 [/TRIPLE] [TRIPLE] Alan_Shepard  deathPlace  California [/TRIPLE] [TRIPLE] Alan_Shepard  birthPlace  New_Hampshire [/TRIPLE] [TRIPLE] Alan_Shepard  occupation  Test_pilot [/TRIPLE] [TRIPLE] Alan_Shepard  award  Distinguished_Service_Medal_(United_States_Navy) [/TRIPLE]",7,6,1,6,occupation,Alan_Shepard occupation Test_pilot,1716,nationality birthPlace birthDate servedAsChiefOfTheAstronautOfficeIn award deathPlace,ordering
ordering_test,results/ordering/ordering_test.json,1721,"[TRIPLE] Abraham_A._Ribicoff  spouse  ""Ruth Ribicoff"" [/TRIPLE] [TRIPLE] Abraham_A._Ribicoff  nationality  American [/TRIPLE] [TRIPLE] Abraham_A._Ribicoff  birthPlace  United_States [/TRIPLE] [TRIPLE] Abraham_A._Ribicoff  office  ""United States Secretary of Health, Education, and Welfare"" [/TRIPLE]",4,2,2,3,spouse | office,"Abraham_A._Ribicoff spouse ""Ruth Ribicoff"" || Abraham_A._Ribicoff office ""United States Secretary of Health, Education, and Welfare""",1721,nationality birthPlace occupation,ordering
ordering_test,results/ordering/ordering_test.json,1723,[TRIPLE] Nurhan_Atasoy  birthPlace  Reşadiye [/TRIPLE] [TRIPLE] Istanbul  populationMetroDensity  2691.0 [/TRIPLE] [TRIPLE] Nurhan_Atasoy  residence  Istanbul [/TRIPLE] [TRIPLE] Nurhan_Atasoy  award  State_Award_for_Superior_Achievement [/TRIPLE] [TRIPLE] Nurhan_Atasoy  residence  Turkey [/TRIPLE],5,3,2,4,populationMetroDensity | residence,Istanbul populationMetroDensity 2691.0 || Nurhan_Atasoy residence Turkey,1723,birthPlace residence award state_Award_for_Superior_Achievement,ordering
ordering_test,results/ordering/ordering_test.json,1725,[TRIPLE] Mermaid_(Train_song)  genre  Pop_rock [/TRIPLE] [TRIPLE] Mermaid_(Train_song)  runtime  3.16 [/TRIPLE] [TRIPLE] Mermaid_(Train_song)  releaseDate  2012-12-27 [/TRIPLE] [TRIPLE] Mermaid_(Train_song)  precededBy  This'll_Be_My_Year [/TRIPLE] [TRIPLE] Mermaid_(Train_song)  writer  Espen_Lind [/TRIPLE],5,4,1,5,writer,Mermaid_(Train_song) writer Espen_Lind,1725,author genre precededBy releaseDate runtime,ordering
ordering_test,results/ordering/ordering_test.json,1732,[TRIPLE] Super_Capers  editing  Stacy_Katzman [/TRIPLE] [TRIPLE] Super_Capers  starring  Michael_Rooker [/TRIPLE] [TRIPLE] Super_Capers  starring  Tom_Sizemore [/TRIPLE] [TRIPLE] Super_Capers  language  English_language [/TRIPLE] [TRIPLE] Super_Capers  runtime  98.0 [/TRIPLE] [TRIPLE] Super_Capers  budget  2000000.0 [/TRIPLE] [TRIPLE] Super_Capers  writer  Ray_Griggs_(director) [/TRIPLE],7,5,2,7,editing | writer,Super_Capers editing Stacy_Katzman || Super_Capers writer Ray_Griggs_(director),1732,editor starring starring language runtime budget starring,ordering
ordering_test,results/ordering/ordering_test.json,1736,[TRIPLE] Death_on_a_Factory_Farm  producer  Tom_Simon [/TRIPLE] [TRIPLE] Death_on_a_Factory_Farm  musicComposer  Jamie_Lawrence [/TRIPLE] [TRIPLE] Death_on_a_Factory_Farm  runtime  83.0 [/TRIPLE] [TRIPLE] Death_on_a_Factory_Farm  producer  Sarah_Teale [/TRIPLE] [TRIPLE] Death_on_a_Factory_Farm  director  Sarah_Teale [/TRIPLE],5,4,1,4,musicComposer,Death_on_a_Factory_Farm musicComposer Jamie_Lawrence,1736,director producer producer runtime,ordering
ordering_test,results/ordering/ordering_test.json,1743,[TRIPLE] Bootleg_Series_Volume_1:_The_Quine_Tapes  artist  The_Velvet_Underground [/TRIPLE] [TRIPLE] Bootleg_Series_Volume_1:_The_Quine_Tapes  producer  The_Velvet_Underground [/TRIPLE] [TRIPLE] Bootleg_Series_Volume_1:_The_Quine_Tapes  runtime  230.05 [/TRIPLE],3,1,2,2,artist | producer,Bootleg_Series_Volume_1:_The_Quine_Tapes artist The_Velvet_Underground || Bootleg_Series_Volume_1:_The_Quine_Tapes producer The_Velvet_Underground,1743,runtime creator,ordering
ordering_test,results/ordering/ordering_test.json,1748,[TRIPLE] English_Without_Tears  producer  Anatole_de_Grunwald [/TRIPLE] [TRIPLE] English_Without_Tears  writer  Anatole_de_Grunwald [/TRIPLE],2,0,2,1,producer | writer,English_Without_Tears producer Anatole_de_Grunwald || English_Without_Tears writer Anatole_de_Grunwald,1748,author,ordering
ordering_test,results/ordering/ordering_test.json,1758,[TRIPLE] It's_Great_to_Be_Young_(1956_film)  runtime  94.0 [/TRIPLE] [TRIPLE] It's_Great_to_Be_Young_(1956_film)  director  Cyril_Frankel [/TRIPLE] [TRIPLE] It's_Great_to_Be_Young_(1956_film)  musicComposer  Louis_Levy [/TRIPLE] [TRIPLE] It's_Great_to_Be_Young_(1956_film)  starring  Cecil_Parker [/TRIPLE] [TRIPLE] It's_Great_to_Be_Young_(1956_film)  writer  Ted_Willis [/TRIPLE],5,3,2,5,runtime | writer,It's_Great_to_Be_Young_(1956_film) runtime 94.0 || It's_Great_to_Be_Young_(1956_film) writer Ted_Willis,1758,director director starring starring musicComposer,ordering
ordering_test,results/ordering/ordering_test.json,1761,[TRIPLE] Turn_Me_On_(album)  genre  Punk_blues [/TRIPLE] [TRIPLE] Turn_Me_On_(album)  producer  The_Honeymoon_Killers_(American_band) [/TRIPLE] [TRIPLE] Turn_Me_On_(album)  genre  Noise_rock [/TRIPLE] [TRIPLE] Turn_Me_On_(album)  precededBy  Let_It_Breed [/TRIPLE] [TRIPLE] Turn_Me_On_(album)  runtime  35.1 [/TRIPLE],5,4,1,5,producer,Turn_Me_On_(album) producer The_Honeymoon_Killers_(American_band),1761,precededBy genre genre creator runtime,ordering
ordering_test,results/ordering/ordering_test.json,1762,[TRIPLE] Anatole_de_Grunwald  birthPlace  Saint_Petersburg [/TRIPLE] [TRIPLE] English_Without_Tears  writer  Anatole_de_Grunwald [/TRIPLE] [TRIPLE] English_Without_Tears  writer  Terence_Rattigan [/TRIPLE],3,1,2,2,writer | writer,English_Without_Tears writer Anatole_de_Grunwald || English_Without_Tears writer Terence_Rattigan,1762,birthPlace author,ordering
ordering_test,results/ordering/ordering_test.json,1764,[TRIPLE] Super_Capers  editing  Stacy_Katzman [/TRIPLE] [TRIPLE] Super_Capers  starring  Michael_Rooker [/TRIPLE] [TRIPLE] Super_Capers  starring  Tom_Sizemore [/TRIPLE] [TRIPLE] Super_Capers  language  English_language [/TRIPLE] [TRIPLE] Super_Capers  distributor  Roadside_Attractions [/TRIPLE],5,4,1,5,editing,Super_Capers editing Stacy_Katzman,1764,distributor language starring starring editor,ordering
ordering_test,results/ordering/ordering_test.json,1767,"[TRIPLE] Bedford_Aerodrome  operatingOrganisation  MotorSport_Vision [/TRIPLE] [TRIPLE] Bedford_Aerodrome  runwayLength  1095.0 [/TRIPLE] [TRIPLE] Bedford_Aerodrome  cityServed  Bedford_Autodrome [/TRIPLE] [TRIPLE] Bedford_Aerodrome  location  Thurleigh [/TRIPLE] [TRIPLE] Bedford_Aerodrome  icaoLocationIdentifier  EGBF [/TRIPLE] [TRIPLE] Bedford_Aerodrome  elevationAboveTheSeaLevel  83.2104 [/TRIPLE] [TRIPLE] Bedford_Aerodrome  runwayName  ""08/26"" [/TRIPLE]",7,6,1,7,icaoLocationIdentifier,Bedford_Aerodrome icaoLocationIdentifier EGBF,1767,operatingOrganisation location cityServed elevationAboveTheSeaLevel runwayName runwayLength ICAOLocationIdentifier,ordering
ordering_test,results/ordering/ordering_test.json,1768,[TRIPLE] Darinka_Dentcheva  influencedBy  Andrzej_Piotr_Ruszczyński [/TRIPLE] [TRIPLE] Darinka_Dentcheva  citizenship  United_States [/TRIPLE] [TRIPLE] Darinka_Dentcheva  birthDate  1958-01-01 [/TRIPLE] [TRIPLE] Darinka_Dentcheva  professionalField  Mathematical_optimization [/TRIPLE] [TRIPLE] Darinka_Dentcheva  knownFor  Stochastic_programming [/TRIPLE] [TRIPLE] Darinka_Dentcheva  almaMater  Humboldt_University [/TRIPLE] [TRIPLE] Darinka_Dentcheva  residence  New_Jersey [/TRIPLE],7,3,4,7,citizenship | professionalField | knownFor | residence,Darinka_Dentcheva citizenship United_States || Darinka_Dentcheva professionalField Mathematical_optimization || Darinka_Dentcheva knownFor Stochastic_programming || Darinka_Dentcheva residence New_Jersey,1768,birthDate almaMater influencedBy nationality birthPlace occupation influencedFor,ordering
ordering_test,results/ordering/ordering_test.json,1772,[TRIPLE] Darinka_Dentcheva  citizenship  United_States [/TRIPLE] [TRIPLE] Darinka_Dentcheva  professionalField  Mathematical_optimization [/TRIPLE],2,1,1,2,citizenship,Darinka_Dentcheva citizenship United_States,1772,nationality professionalField,ordering
ordering_test,results/ordering/ordering_test.json,1774,[TRIPLE] English_Without_Tears  writer  Anatole_de_Grunwald [/TRIPLE],1,0,1,1,writer,English_Without_Tears writer Anatole_de_Grunwald,1774,author,ordering
ordering_test,results/ordering/ordering_test.json,1778,[TRIPLE] Ciudad_Ayala  country  Mexico [/TRIPLE] [TRIPLE] Ciudad_Ayala  timeZone  Pacific_Daylight_Time [/TRIPLE] [TRIPLE] Ciudad_Ayala  timeZone  Pacific_Standard_Time_Zone [/TRIPLE],3,2,1,3,timeZone,Ciudad_Ayala timeZone Pacific_Standard_Time_Zone,1778,country timeZone timeStandard_Time_Zone,ordering
simon,results/ordering/simon_ordering.json,1,"[TRIPLE] Adolfo_Suárez_Madrid–Barajas_Airport elevationAboveTheSeaLevel_(in_metres) 610.0 [/TRIPLE], [TRIPLE] Adolfo_Suárez_Madrid–Barajas_Airport location ""Madrid,_Paracuellos_de_Jarama,_San_Sebastián_de_los_Reyes_and_Alcobendas"" [/TRIPLE]",2,1,1,2,elevationAboveTheSeaLevel_(in_metres),Adolfo_Suárez_Madrid–Barajas_Airport elevationAboveTheSeaLevel_(in_metres) 610.0,1,elevationAboveTheSeaLevel_(in_metres) location,ordering
simon,results/ordering/simon_ordering.json,11,"[TRIPLE] Amsterdam_Airport_Schiphol 1st_runway_LengthMetre 3800 [/TRIPLE], [TRIPLE] Amsterdam_Airport_Schiphol elevationAboveTheSeaLevel_(in_metres) -3.3528 [/TRIPLE]",2,1,1,2,elevationAboveTheSeaLevel_(in_metres),Amsterdam_Airport_Schiphol elevationAboveTheSeaLevel_(in_metres) -3.3528,11,elevationAboveTheSeaLevel_(in_metres) 1st_runway_LengthMetre,ordering
simon,results/ordering/simon_ordering.json,12,"[TRIPLE] Amsterdam_Airport_Schiphol 1st_runway_SurfaceType Asphalt [/TRIPLE], [TRIPLE] Amsterdam_Airport_Schiphol elevationAboveTheSeaLevel_(in_metres) -3.3528 [/TRIPLE]",2,1,1,2,elevationAboveTheSeaLevel_(in_metres),Amsterdam_Airport_Schiphol elevationAboveTheSeaLevel_(in_metres) -3.3528,12,elevationAboveTheSeaLevel_(in_metres) 1st_runway_SurfaceType,ordering
simon,results/ordering/simon_ordering.json,18,"[TRIPLE] Ashgabat_International_Airport 1st_runway_LengthFeet 12467 [/TRIPLE], [TRIPLE] Ashgabat_International_Airport elevationAboveTheSeaLevel_(in_metres) 211 [/TRIPLE]",2,1,1,2,elevationAboveTheSeaLevel_(in_metres),Ashgabat_International_Airport elevationAboveTheSeaLevel_(in_metres) 211,18,elevationAboveTheSeaLevel_(in_metres) 1st_runway_LengthFeet,ordering
simon,results/ordering/simon_ordering.json,260,"[TRIPLE] Abdulsalami_Abubakar office_(workedAt,_workedAs) Chief_of_the_Defence_Staff_(Nigeria) [/TRIPLE], [TRIPLE] Abdulsalami_Abubakar birthPlace Niger_State [/TRIPLE]",2,1,1,2,"office_(workedAt,_workedAs)","Abdulsalami_Abubakar office_(workedAt,_workedAs) Chief_of_the_Defence_Staff_(Nigeria)",260,"birthPlace office_(workedAt,_workedAs)",ordering
simon,results/ordering/simon_ordering.json,261,"[TRIPLE] Abdulsalami_Abubakar office_(workedAt,_workedAs) Chief_of_the_Defence_Staff_(Nigeria) [/TRIPLE], [TRIPLE] Abdulsalami_Abubakar successor Al-Amin_Daggash [/TRIPLE]",2,1,1,2,"office_(workedAt,_workedAs)","Abdulsalami_Abubakar office_(workedAt,_workedAs) Chief_of_the_Defence_Staff_(Nigeria)",261,"office_(workedAt,_workedAs) successor",ordering
simon,results/ordering/simon_ordering.json,269,"[TRIPLE] Adonis_Georgiadis birthPlace Athens [/TRIPLE], [TRIPLE] Adonis_Georgiadis office_(workedAt,_workedAs) ""Deputy_Parliamentary_Spokesman_of_Popular_Orthodox_Rally"" [/TRIPLE]",2,1,1,2,"office_(workedAt,_workedAs)","Adonis_Georgiadis office_(workedAt,_workedAs) ""Deputy_Parliamentary_Spokesman_of_Popular_Orthodox_Rally""",269,"birthPlace office_(workedAt,_workedAs)",ordering
simon,results/ordering/simon_ordering.json,271,"[TRIPLE] Adonis_Georgiadis birthPlace Greece [/TRIPLE], [TRIPLE] Adonis_Georgiadis office_(workedAt,_workedAs) ""Deputy_Parliamentary_Spokesman_of_Popular_Orthodox_Rally"" [/TRIPLE]",2,1,1,2,"office_(workedAt,_workedAs)","Adonis_Georgiadis office_(workedAt,_workedAs) ""Deputy_Parliamentary_Spokesman_of_Popular_Orthodox_Rally""",271,"birthPlace office_(workedAt,_workedAs)",ordering
simon,results/ordering/simon_ordering.json,272,"[TRIPLE] Agnes_Kant birthPlace Hessisch_Oldendorf [/TRIPLE], [TRIPLE] Agnes_Kant office_(workedAt,_workedAs) Parliamentary_group_leader [/TRIPLE]",2,1,1,2,"office_(workedAt,_workedAs)","Agnes_Kant office_(workedAt,_workedAs) Parliamentary_group_leader",272,"birthPlace office_(workedAt,_workedAs)",ordering
simon,results/ordering/simon_ordering.json,284,"[TRIPLE] Alberto_Teisaire office_(workedAt,_workedAs) ""Provisional_President_of_the_Argentine_Senate"" [/TRIPLE], [TRIPLE] Alberto_Teisaire successor Isaac_Rojas [/TRIPLE]",2,1,1,2,"office_(workedAt,_workedAs)","Alberto_Teisaire office_(workedAt,_workedAs) ""Provisional_President_of_the_Argentine_Senate""",284,"office_(workedAt,_workedAs) successor",ordering
simon,results/ordering/simon_ordering.json,287,"[TRIPLE] Alfred_Moore_Scales office_(workedAt,_workedAs) ""Governor_of_North_Carolina"" [/TRIPLE], [TRIPLE] Alfred_Moore_Scales successor James_W._Reid_(politician) [/TRIPLE]",2,1,1,2,"office_(workedAt,_workedAs)","Alfred_Moore_Scales office_(workedAt,_workedAs) ""Governor_of_North_Carolina""",287,"office_(workedAt,_workedAs) successor",ordering
simon,results/ordering/simon_ordering.json,289,"[TRIPLE] Alfred_N._Phillips birthPlace Connecticut [/TRIPLE], [TRIPLE] Alfred_N._Phillips office_(workedAt,_workedAs) United_States_House_of_Representatives [/TRIPLE]",2,1,1,2,"office_(workedAt,_workedAs)","Alfred_N._Phillips office_(workedAt,_workedAs) United_States_House_of_Representatives",289,"birthPlace office_(workedAt,_workedAs)",ordering
simon,results/ordering/simon_ordering.json,292,"[TRIPLE] Allan_Shivers birthPlace Lufkin,_Texas [/TRIPLE], [TRIPLE] Allan_Shivers office_(workedAt,_workedAs) ""Member_of_the_Texas_State_Senate_from_District_4_(Port_Arthur)"" [/TRIPLE]",2,1,1,2,"office_(workedAt,_workedAs)","Allan_Shivers office_(workedAt,_workedAs) ""Member_of_the_Texas_State_Senate_from_District_4_(Port_Arthur)""",292,"birthPlace office_(workedAt,_workedAs)",ordering
simon,results/ordering/simon_ordering.json,293,"[TRIPLE] Allan_Shivers office_(workedAt,_workedAs) ""Member_of_the_Texas_State_Senate_from_District_4_(Port_Arthur)"" [/TRIPLE], [TRIPLE] Allan_Shivers successor Ben_Ramsey [/TRIPLE]",2,1,1,2,"office_(workedAt,_workedAs)","Allan_Shivers office_(workedAt,_workedAs) ""Member_of_the_Texas_State_Senate_from_District_4_(Port_Arthur)""",293,"office_(workedAt,_workedAs) successor",ordering
simon,results/ordering/simon_ordering.json,294,"[TRIPLE] Alvah_Sabin birthDate 1793-10-23 [/TRIPLE], [TRIPLE] Alvah_Sabin office_(workedAt,_workedAs) Secretary_of_State_of_Vermont [/TRIPLE]",2,1,1,2,"office_(workedAt,_workedAs)","Alvah_Sabin office_(workedAt,_workedAs) Secretary_of_State_of_Vermont",294,"birthDate office_(workedAt,_workedAs)",ordering
simon,results/ordering/simon_ordering.json,359,"[TRIPLE] Alpena_County_Regional_Airport elevationAboveTheSeaLevel_(in_metres) 210 [/TRIPLE], [TRIPLE] Alpena_County_Regional_Airport location Maple_Ridge_Township,_Alpena_County,_Michigan [/TRIPLE], [TRIPLE] Maple_Ridge_Township,_Alpena_County,_Michigan country United_States [/TRIPLE]",3,2,1,3,elevationAboveTheSeaLevel_(in_metres),Alpena_County_Regional_Airport elevationAboveTheSeaLevel_(in_metres) 210,359,elevationAboveTheSeaLevel_(in_metres) location country,ordering
simon,results/ordering/simon_ordering.json,360,"[TRIPLE] Andrews_County_Airport location Texas [/TRIPLE], [TRIPLE] Andrews_County_Airport runwayLength 1773.0 [/TRIPLE], [TRIPLE] Andrews_County_Airport elevationAboveTheSeaLevel_(in_metres) 973.0 [/TRIPLE]",3,2,1,3,elevationAboveTheSeaLevel_(in_metres),Andrews_County_Airport elevationAboveTheSeaLevel_(in_metres) 973.0,360,location elevationAboveTheSeaLevel_(in_metres) runwayLength,ordering
simon,results/ordering/simon_ordering.json,361,"[TRIPLE] Andrews_County_Airport location Texas [/TRIPLE], [TRIPLE] Andrews_County_Airport runwayLength 896.0 [/TRIPLE], [TRIPLE] Andrews_County_Airport elevationAboveTheSeaLevel_(in_metres) 973.0 [/TRIPLE]",3,2,1,3,elevationAboveTheSeaLevel_(in_metres),Andrews_County_Airport elevationAboveTheSeaLevel_(in_metres) 973.0,361,location elevationAboveTheSeaLevel_(in_metres) runwayLength,ordering
simon,results/ordering/simon_ordering.json,548,"[TRIPLE] Arem-arem ingredient Banana_leaf [/TRIPLE], [TRIPLE] Arem-arem region Javanese_cuisine [/TRIPLE], [TRIPLE] Arem-arem mainIngredients ""compressed_rice_cooked_in_banana_leaf_with_vegetables_or_minced_meat_fillings"" [/TRIPLE]",3,2,1,2,ingredient,Arem-arem ingredient Banana_leaf,548,region mainIngredients,ordering
simon,results/ordering/simon_ordering.json,565,"[TRIPLE] Bakso region Indonesia [/TRIPLE], [TRIPLE] Bakso country Indonesia [/TRIPLE], [TRIPLE] Bakso ingredient Beef [/TRIPLE]",3,2,1,2,country,Bakso country Indonesia,565,ingredient region,ordering
simon,results/ordering/simon_ordering.json,569,"[TRIPLE] Batchoy country Philippines [/TRIPLE], [TRIPLE] Batchoy mainIngredients ""noodles,_pork_organs,_vegetables,_chicken,_shrimp,_beef"" [/TRIPLE], [TRIPLE] Batchoy ingredient Noodle [/TRIPLE]",3,2,1,2,ingredient,Batchoy ingredient Noodle,569,country mainIngredients,ordering
simon,results/ordering/simon_ordering.json,570,"[TRIPLE] Batchoy country Philippines [/TRIPLE], [TRIPLE] Batchoy mainIngredients ""noodles,_pork_organs,_vegetables,_chicken,_shrimp,_beef"" [/TRIPLE], [TRIPLE] Batchoy ingredient Vegetable [/TRIPLE]",3,2,1,2,ingredient,Batchoy ingredient Vegetable,570,country mainIngredients,ordering
simon,results/ordering/simon_ordering.json,635,"[TRIPLE] Abdulsalami_Abubakar birthPlace Niger_State [/TRIPLE], [TRIPLE] Abdulsalami_Abubakar almaMater Technical_Institute,_Kaduna [/TRIPLE], [TRIPLE] Abdulsalami_Abubakar office_(workedAt,_workedAs) Chief_of_the_Defence_Staff_(Nigeria) [/TRIPLE]",3,2,1,3,"office_(workedAt,_workedAs)","Abdulsalami_Abubakar office_(workedAt,_workedAs) Chief_of_the_Defence_Staff_(Nigeria)",635,"birthPlace almaMater office_(workedAt,_workedAs)",ordering
simon,results/ordering/simon_ordering.json,638,"[TRIPLE] Abel_Caballero birthPlace Ponteareas [/TRIPLE], [TRIPLE] Abel_Caballero office_(workedAt,_workedAs) ""Member_of_the_Congress_of_Deputies"" [/TRIPLE], [TRIPLE] Abel_Caballero birthPlace Galicia_(Spain) [/TRIPLE]",3,2,1,3,"office_(workedAt,_workedAs)","Abel_Caballero office_(workedAt,_workedAs) ""Member_of_the_Congress_of_Deputies""",638,"birthPlace birthPlace office_(workedAt,_workedAs)",ordering
simon,results/ordering/simon_ordering.json,641,"[TRIPLE] Abner_W._Sibal office_(workedAt,_workedAs) ""Member_of_the_Connecticut_Senate_from_the_26th_District"" [/TRIPLE], [TRIPLE] Abner_W._Sibal party Republican_Party_(United_States) [/TRIPLE], [TRIPLE] Abner_W._Sibal birthPlace Ridgewood,_Queens [/TRIPLE]",3,2,1,3,"office_(workedAt,_workedAs)","Abner_W._Sibal office_(workedAt,_workedAs) ""Member_of_the_Connecticut_Senate_from_the_26th_District""",641,"birthPlace party office_(workedAt,_workedAs)",ordering
simon,results/ordering/simon_ordering.json,646,"[TRIPLE] Adonis_Georgiadis birthPlace Greece [/TRIPLE], [TRIPLE] Adonis_Georgiadis office_(workedAt,_workedAs) ""Deputy_Parliamentary_Spokesman_of_Popular_Orthodox_Rally"" [/TRIPLE], [TRIPLE] Adonis_Georgiadis birthPlace Athens [/TRIPLE]",3,2,1,3,"office_(workedAt,_workedAs)","Adonis_Georgiadis office_(workedAt,_workedAs) ""Deputy_Parliamentary_Spokesman_of_Popular_Orthodox_Rally""",646,"birthPlace birthPlace office_(workedAt,_workedAs)",ordering
simon,results/ordering/simon_ordering.json,647,"[TRIPLE] Adonis_Georgiadis birthPlace Greece [/TRIPLE], [TRIPLE] Adonis_Georgiadis office_(workedAt,_workedAs) ""Minister_for_Health"" [/TRIPLE], [TRIPLE] Adonis_Georgiadis birthPlace Athens [/TRIPLE]",3,2,1,3,"office_(workedAt,_workedAs)","Adonis_Georgiadis office_(workedAt,_workedAs) ""Minister_for_Health""",647,"birthPlace birthPlace office_(workedAt,_workedAs)",ordering
simon,results/ordering/simon_ordering.json,649,"[TRIPLE] Agnes_Kant nationality Netherlands [/TRIPLE], [TRIPLE] Netherlands leaderName Mark_Rutte [/TRIPLE], [TRIPLE] Agnes_Kant office_(workedAt,_workedAs) House_of_Representatives_(Netherlands) [/TRIPLE]",3,2,1,3,"office_(workedAt,_workedAs)","Agnes_Kant office_(workedAt,_workedAs) House_of_Representatives_(Netherlands)",649,"nationality office_(workedAt,_workedAs) leaderName",ordering
simon,results/ordering/simon_ordering.json,651,"[TRIPLE] Agnes_Kant office_(workedAt,_workedAs) ""Member_of_the_House_of_Representatives"" [/TRIPLE], [TRIPLE] Agnes_Kant birthPlace West_Germany [/TRIPLE], [TRIPLE] Agnes_Kant almaMater Radboud_University_Nijmegen [/TRIPLE]",3,2,1,3,"office_(workedAt,_workedAs)","Agnes_Kant office_(workedAt,_workedAs) ""Member_of_the_House_of_Representatives""",651,"birthPlace almaMater office_(workedAt,_workedAs)",ordering
simon,results/ordering/simon_ordering.json,662,"[TRIPLE] Alfred_N._Phillips successor Albert_E._Austin [/TRIPLE], [TRIPLE] Alfred_N._Phillips birthPlace Connecticut [/TRIPLE], [TRIPLE] Alfred_N._Phillips office_(workedAt,_workedAs) ""Member_of_the_U.S._House_of_Representatives_from_Connecticuts_4th_district"" [/TRIPLE]",3,2,1,3,"office_(workedAt,_workedAs)","Alfred_N._Phillips office_(workedAt,_workedAs) ""Member_of_the_U.S._House_of_Representatives_from_Connecticuts_4th_district""",662,"birthPlace office_(workedAt,_workedAs) successor",ordering
simon,results/ordering/simon_ordering.json,663,"[TRIPLE] Alfred_N._Phillips successor Albert_E._Austin [/TRIPLE], [TRIPLE] Alfred_N._Phillips birthPlace Darien,_Connecticut [/TRIPLE], [TRIPLE] Alfred_N._Phillips office_(workedAt,_workedAs) ""Member_of_the_U.S._House_of_Representatives_from_Connecticuts_4th_district"" [/TRIPLE]",3,2,1,3,"office_(workedAt,_workedAs)","Alfred_N._Phillips office_(workedAt,_workedAs) ""Member_of_the_U.S._House_of_Representatives_from_Connecticuts_4th_district""",663,"birthPlace office_(workedAt,_workedAs) successor",ordering
simon,results/ordering/simon_ordering.json,664,"[TRIPLE] Allan_Shivers office_(workedAt,_workedAs) ""Member_of_the_Texas_State_Senate_from_District_4_(Port_Arthur)"" [/TRIPLE], [TRIPLE] Allan_Shivers party Democratic_Party_(United_States) [/TRIPLE], [TRIPLE] Allan_Shivers successor Wilfred_R._Cousins,_Jr. [/TRIPLE]",3,2,1,3,"office_(workedAt,_workedAs)","Allan_Shivers office_(workedAt,_workedAs) ""Member_of_the_Texas_State_Senate_from_District_4_(Port_Arthur)""",664,"party office_(workedAt,_workedAs) successor",ordering
simon,results/ordering/simon_ordering.json,707,"[TRIPLE] AIDS_(journal) academicDiscipline HIV [/TRIPLE], [TRIPLE] AIDS_(journal) academicDiscipline HIV/AIDS [/TRIPLE], [TRIPLE] AIDS_(journal) ISSN_number ""0269-9370"" [/TRIPLE]",3,2,1,2,academicDiscipline,AIDS_(journal) academicDiscipline HIV/AIDS,707,academicDiscipline ISSN_number,ordering
simon,results/ordering/simon_ordering.json,708,"[TRIPLE] AIDS_(journal) academicDiscipline HIV [/TRIPLE], [TRIPLE] AIDS_(journal) academicDiscipline HIV/AIDS [/TRIPLE], [TRIPLE] AIDS_(journal) ISSN_number ""1473-5571"" [/TRIPLE]",3,2,1,2,academicDiscipline,AIDS_(journal) academicDiscipline HIV/AIDS,708,academicDiscipline ISSN_number,ordering
simon,results/ordering/simon_ordering.json,735,"[TRIPLE] Abilene_Regional_Airport cityServed Abilene,_Texas [/TRIPLE], [TRIPLE] Abilene_Regional_Airport runwayLength 2194.0 [/TRIPLE], [TRIPLE] Abilene_Regional_Airport elevationAboveTheSeaLevel_(in_metres) 546 [/TRIPLE], [TRIPLE] Abilene_Regional_Airport runwayName ""17L/35R"" [/TRIPLE]",4,3,1,4,elevationAboveTheSeaLevel_(in_metres),Abilene_Regional_Airport elevationAboveTheSeaLevel_(in_metres) 546,735,cityServed elevationAboveTheSeaLevel_(in_metres) runwayName runwayLength,ordering
simon,results/ordering/simon_ordering.json,736,"[TRIPLE] Adirondack_Regional_Airport cityServed Lake_Placid,_New_York [/TRIPLE], [TRIPLE] Adirondack_Regional_Airport runwayLength 2003.0 [/TRIPLE], [TRIPLE] Adirondack_Regional_Airport elevationAboveTheSeaLevel_(in_metres) 507 [/TRIPLE], [TRIPLE] Adirondack_Regional_Airport cityServed Saranac_Lake,_New_York [/TRIPLE]",4,3,1,4,elevationAboveTheSeaLevel_(in_metres),Adirondack_Regional_Airport elevationAboveTheSeaLevel_(in_metres) 507,736,cityServed cityServed elevationAboveTheSeaLevel_(in_metres) runwayLength,ordering
simon,results/ordering/simon_ordering.json,743,"[TRIPLE] Amsterdam_Airport_Schiphol cityServed Amsterdam [/TRIPLE], [TRIPLE] Amsterdam_Airport_Schiphol runwayName ""09/27_Buitenveldertbaan"" [/TRIPLE], [TRIPLE] Amsterdam_Airport_Schiphol runwayLength 2014.0 [/TRIPLE], [TRIPLE] Amsterdam_Airport_Schiphol elevationAboveTheSeaLevel_(in_metres) -3.3528 [/TRIPLE]",4,3,1,4,elevationAboveTheSeaLevel_(in_metres),Amsterdam_Airport_Schiphol elevationAboveTheSeaLevel_(in_metres) -3.3528,743,cityServed elevationAboveTheSeaLevel_(in_metres) runwayName runwayLength,ordering
simon,results/ordering/simon_ordering.json,744,"[TRIPLE] Amsterdam_Airport_Schiphol cityServed Amsterdam [/TRIPLE], [TRIPLE] Amsterdam_Airport_Schiphol runwayName ""18L/36R_Aalsmeerbaan"" [/TRIPLE], [TRIPLE] Amsterdam_Airport_Schiphol runwayLength 2014.0 [/TRIPLE], [TRIPLE] Amsterdam_Airport_Schiphol elevationAboveTheSeaLevel_(in_metres) -3.3528 [/TRIPLE]",4,3,1,4,elevationAboveTheSeaLevel_(in_metres),Amsterdam_Airport_Schiphol elevationAboveTheSeaLevel_(in_metres) -3.3528,744,cityServed elevationAboveTheSeaLevel_(in_metres) runwayName runwayLength,ordering
simon,results/ordering/simon_ordering.json,745,"[TRIPLE] Andrews_County_Airport location Texas [/TRIPLE], [TRIPLE] Andrews_County_Airport runwayLength 929.0 [/TRIPLE], [TRIPLE] Andrews_County_Airport cityServed Andrews,_Texas [/TRIPLE], [TRIPLE] Andrews_County_Airport elevationAboveTheSeaLevel_(in_metres) 973.0 [/TRIPLE]",4,3,1,4,elevationAboveTheSeaLevel_(in_metres),Andrews_County_Airport elevationAboveTheSeaLevel_(in_metres) 973.0,745,cityServed location elevationAboveTheSeaLevel_(in_metres) runwayLength,ordering
simon,results/ordering/simon_ordering.json,749,"[TRIPLE] Antwerp_International_Airport operatingOrganisation Flemish_Government [/TRIPLE], [TRIPLE] Antwerp_International_Airport owner Flemish_Region [/TRIPLE], [TRIPLE] Antwerp_International_Airport elevationAboveTheSeaLevel_(in_metres) 12.0 [/TRIPLE], [TRIPLE] Antwerp_International_Airport runwayLength 600.0 [/TRIPLE]",4,3,1,4,elevationAboveTheSeaLevel_(in_metres),Antwerp_International_Airport elevationAboveTheSeaLevel_(in_metres) 12.0,749,operatingOrganisation owner elevationAboveTheSeaLevel_(in_metres) runwayLength,ordering
simon,results/ordering/simon_ordering.json,751,"[TRIPLE] Athens_International_Airport cityServed Athens [/TRIPLE], [TRIPLE] Athens_International_Airport location Spata [/TRIPLE], [TRIPLE] Athens_International_Airport elevationAboveTheSeaLevel_(in_metres) 94 [/TRIPLE], [TRIPLE] Athens_International_Airport runwayLength 3800.0 [/TRIPLE]",4,3,1,4,elevationAboveTheSeaLevel_(in_metres),Athens_International_Airport elevationAboveTheSeaLevel_(in_metres) 94,751,location cityServed elevationAboveTheSeaLevel_(in_metres) runwayLength,ordering
simon,results/ordering/simon_ordering.json,818,"[TRIPLE] Adam_McQuaid draftTeam Columbus_Blue_Jackets [/TRIPLE], [TRIPLE] Boston_Bruins generalManager Don_Sweeney [/TRIPLE], [TRIPLE] Columbus_Blue_Jackets city Columbus,_Ohio [/TRIPLE], [TRIPLE] Adam_McQuaid club Boston_Bruins [/TRIPLE]",4,3,1,3,generalManager,Boston_Bruins generalManager Don_Sweeney,818,draftTeam city club,ordering
simon,results/ordering/simon_ordering.json,877,"[TRIPLE] 107_Camilla discoverer N._R._Pogson [/TRIPLE], [TRIPLE] N._R._Pogson deathPlace Chennai [/TRIPLE], [TRIPLE] N._R._Pogson birthPlace Nottingham [/TRIPLE], [TRIPLE] 107_Camilla discovered 2001-03-01 [/TRIPLE]",4,3,1,3,deathPlace,N._R._Pogson deathPlace Chennai,877,birthPlace discoverer discovered,ordering
simon,results/ordering/simon_ordering.json,918,"[TRIPLE] Amatriciana_sauce region Lazio [/TRIPLE], [TRIPLE] Amatriciana_sauce country Italy [/TRIPLE], [TRIPLE] Amatriciana_sauce ingredient Tomato [/TRIPLE], [TRIPLE] Amatriciana_sauce mainIngredients ""Tomatoes,_guanciale,_cheese,_olive_oil"" [/TRIPLE]",4,3,1,3,ingredient,Amatriciana_sauce ingredient Tomato,918,region country mainIngredients,ordering
simon,results/ordering/simon_ordering.json,920,"[TRIPLE] Arròs_negre country Spain [/TRIPLE], [TRIPLE] Arròs_negre mainIngredients ""White_rice,_cuttlefish_or_squid,_cephalopod_ink,_cubanelle_peppers"" [/TRIPLE], [TRIPLE] Arròs_negre region Catalonia [/TRIPLE], [TRIPLE] Arròs_negre ingredient Cuttlefish [/TRIPLE]",4,3,1,3,ingredient,Arròs_negre ingredient Cuttlefish,920,region country mainIngredients,ordering
simon,results/ordering/simon_ordering.json,921,"[TRIPLE] Arròs_negre country Spain [/TRIPLE], [TRIPLE] Arròs_negre mainIngredients ""White_rice,_cuttlefish_or_squid,_cephalopod_ink,_cubanelle_peppers"" [/TRIPLE], [TRIPLE] Arròs_negre region Catalonia [/TRIPLE], [TRIPLE] Arròs_negre ingredient White_rice [/TRIPLE]",4,3,1,3,ingredient,Arròs_negre ingredient White_rice,921,region country mainIngredients,ordering
simon,results/ordering/simon_ordering.json,928,"[TRIPLE] Bacon_sandwich mainIngredients ""Bread_and_bacon,_with_a_condiment,_often_ketchup_or_brown_sauce"" [/TRIPLE], [TRIPLE] Bacon_sandwich country United_Kingdom [/TRIPLE], [TRIPLE] Bacon_sandwich alternativeName ""Bacon_butty,_bacon_sarnie,_rasher_sandwich,_bacon_sanger,_piece_n_bacon,_bacon_cob,_bacon_barm,_bacon_muffin"" [/TRIPLE], [TRIPLE] Bacon_sandwich ingredient Condiment [/TRIPLE]",4,3,1,3,ingredient,Bacon_sandwich ingredient Condiment,928,country mainIngredients alternativeName,ordering
simon,results/ordering/simon_ordering.json,930,"[TRIPLE] Baked_Alaska mainIngredients ""Meringue,_ice_cream,_sponge_cake_or_Christmas_pudding"" [/TRIPLE], [TRIPLE] Baked_Alaska region ""Paris,_New_York_or_Hong_Kong"" [/TRIPLE], [TRIPLE] Baked_Alaska country United_States [/TRIPLE], [TRIPLE] Baked_Alaska ingredient Sponge_cake [/TRIPLE]",4,3,1,3,ingredient,Baked_Alaska ingredient Sponge_cake,930,region country mainIngredients,ordering
simon,results/ordering/simon_ordering.json,931,"[TRIPLE] Baked_Alaska region Hong_Kong [/TRIPLE], [TRIPLE] Baked_Alaska mainIngredients ""Meringue,_ice_cream,_sponge_cake_or_Christmas_pudding"" [/TRIPLE], [TRIPLE] Baked_Alaska country ""France,_United_States_or_China"" [/TRIPLE], [TRIPLE] Baked_Alaska ingredient Meringue [/TRIPLE]",4,3,1,3,ingredient,Baked_Alaska ingredient Meringue,931,region country mainIngredients,ordering
simon,results/ordering/simon_ordering.json,932,"[TRIPLE] Baked_Alaska region Hong_Kong [/TRIPLE], [TRIPLE] Baked_Alaska mainIngredients ""Meringue,_ice_cream,_sponge_cake_or_Christmas_pudding"" [/TRIPLE], [TRIPLE] Baked_Alaska country United_States [/TRIPLE], [TRIPLE] Baked_Alaska ingredient Ice_cream [/TRIPLE]",4,3,1,3,ingredient,Baked_Alaska ingredient Ice_cream,932,region country mainIngredients,ordering
simon,results/ordering/simon_ordering.json,934,"[TRIPLE] Bakso ingredient Tapioca [/TRIPLE], [TRIPLE] Bakso country Indonesia [/TRIPLE], [TRIPLE] Bakso mainIngredients ""Ground_beef,_tapioca,_noodle,_rice_vermicelli,_beef_broth,_kailan,_celery,_salted_vegetables,_fried_shallots"" [/TRIPLE], [TRIPLE] Bakso region ""Nationwide_in_Indonesia,_also_popular_in_neighboring_Southeast_Asian_countries"" [/TRIPLE]",4,3,1,3,ingredient,Bakso ingredient Tapioca,934,country region mainIngredients,ordering
simon,results/ordering/simon_ordering.json,935,"[TRIPLE] Bakso region Indonesia [/TRIPLE], [TRIPLE] Bakso ingredient Noodle [/TRIPLE], [TRIPLE] Bakso country Indonesia [/TRIPLE], [TRIPLE] Bakso mainIngredients ""Ground_beef,_tapioca,_noodle,_rice_vermicelli,_beef_broth,_kailan,_celery,_salted_vegetables,_fried_shallots"" [/TRIPLE]",4,2,2,2,ingredient | country,Bakso ingredient Noodle || Bakso country Indonesia,935,region mainIngredients,ordering
simon,results/ordering/simon_ordering.json,936,"[TRIPLE] Bandeja_paisa ingredient Kidney_bean [/TRIPLE], [TRIPLE] Bandeja_paisa mainIngredients ""red_beans,_pork_belly,_white_rice,_ground_meat,_chicharon,_fried_egg,_plantain_(patacones),_chorizo,_arepa,_hogao_sauce,_black_pudding_(morcilla),_avocado_and_lemon"" [/TRIPLE], [TRIPLE] Bandeja_paisa region Paisa_Region [/TRIPLE], [TRIPLE] Bandeja_paisa country Colombian_cuisine [/TRIPLE]",4,3,1,3,ingredient,Bandeja_paisa ingredient Kidney_bean,936,region country mainIngredients,ordering
simon,results/ordering/simon_ordering.json,937,"[TRIPLE] Bandeja_paisa mainIngredients ""red_beans,_pork_belly,_white_rice,_ground_meat,_chicharon,_fried_egg,_plantain_(patacones),_chorizo,_arepa,_hogao_sauce,_black_pudding_(morcilla),_avocado_and_lemon"" [/TRIPLE], [TRIPLE] Bandeja_paisa region Paisa_Region [/TRIPLE], [TRIPLE] Bandeja_paisa country Colombian_cuisine [/TRIPLE], [TRIPLE] Bandeja_paisa ingredient Hogao [/TRIPLE]",4,3,1,3,ingredient,Bandeja_paisa ingredient Hogao,937,region country mainIngredients,ordering
simon,results/ordering/simon_ordering.json,940,"[TRIPLE] Batchoy country Philippines [/TRIPLE], [TRIPLE] Batchoy mainIngredients ""noodles,_pork_organs,_vegetables,_chicken,_shrimp,_beef"" [/TRIPLE], [TRIPLE] Batchoy ingredient Pork [/TRIPLE], [TRIPLE] Batchoy region La_Paz,_Iloilo_City [/TRIPLE]",4,3,1,3,ingredient,Batchoy ingredient Pork,940,region country mainIngredients,ordering
simon,results/ordering/simon_ordering.json,941,"[TRIPLE] Batchoy ingredient Chicken [/TRIPLE], [TRIPLE] Batchoy country Philippines [/TRIPLE], [TRIPLE] Batchoy course Soup [/TRIPLE], [TRIPLE] Batchoy mainIngredients ""noodles,_pork_organs,_vegetables,_chicken,_shrimp,_beef"" [/TRIPLE]",4,3,1,3,ingredient,Batchoy ingredient Chicken,941,course country mainIngredients,ordering
simon,results/ordering/simon_ordering.json,944,"[TRIPLE] Beef_kway_teow region Singapore [/TRIPLE], [TRIPLE] Beef_kway_teow mainIngredients ""Kway_teow,_beef_tender_loin,_gula_Melaka,_sliced,_dried_black_beans,_garlic,_dark_soy_sauce,_lengkuas,_oyster_sauce,_soya_sauce,_chilli_and_sesame_oil"" [/TRIPLE], [TRIPLE] Beef_kway_teow country Indonesia [/TRIPLE], [TRIPLE] Beef_kway_teow ingredient Sesame_oil [/TRIPLE]",4,3,1,3,ingredient,Beef_kway_teow ingredient Sesame_oil,944,region country mainIngredients,ordering
simon,results/ordering/simon_ordering.json,946,"[TRIPLE] Bhajji region Karnataka [/TRIPLE], [TRIPLE] Bhajji mainIngredients ""Gram_flour,_vegetables"" [/TRIPLE], [TRIPLE] Bhajji alternativeName ""Bhaji,_bajji"" [/TRIPLE], [TRIPLE] Bhajji ingredient Vegetable [/TRIPLE]",4,3,1,3,ingredient,Bhajji ingredient Vegetable,946,alternativeName region mainIngredients,ordering
simon,results/ordering/simon_ordering.json,950,"[TRIPLE] Bionico country Mexico [/TRIPLE], [TRIPLE] Bionico mainIngredients ""Chopped_Fruits,_Sour_Cream,_Condensed_Milk,_Granola,_Shredded_Coconut,_Raisins"" [/TRIPLE], [TRIPLE] Bionico region Guadalajara [/TRIPLE], [TRIPLE] Bionico ingredient Sour_cream [/TRIPLE]",4,3,1,3,ingredient,Bionico ingredient Sour_cream,950,region country mainIngredients,ordering
simon,results/ordering/simon_ordering.json,984,"[TRIPLE] Aston_Martin_V8 assembly United_Kingdom [/TRIPLE], [TRIPLE] United_Kingdom capital London [/TRIPLE], [TRIPLE] Aston_Martin_V8 successor Aston_Martin_Virage [/TRIPLE], [TRIPLE] Aston_Martin_Virage manufacturer Aston_Martin [/TRIPLE]",4,3,1,3,manufacturer,Aston_Martin_Virage manufacturer Aston_Martin,984,assembly capital successor,ordering
simon,results/ordering/simon_ordering.json,1008,"[TRIPLE] Ab_Klink almaMater Erasmus_University_Rotterdam [/TRIPLE], [TRIPLE] Erasmus_University_Rotterdam affiliation Association_of_MBAs [/TRIPLE], [TRIPLE] Ab_Klink office_(workedAt,_workedAs) Ministry_of_Health,_Welfare_and_Sport_(Netherlands) [/TRIPLE], [TRIPLE] Ab_Klink birthPlace Netherlands [/TRIPLE]",4,3,1,4,"office_(workedAt,_workedAs)","Ab_Klink office_(workedAt,_workedAs) Ministry_of_Health,_Welfare_and_Sport_(Netherlands)",1008,"birthPlace almaMater affiliation office_(workedAt,_workedAs)",ordering
simon,results/ordering/simon_ordering.json,1016,"[TRIPLE] Abel_Caballero office_(workedAt,_workedAs) ""Minister_of_Transport"" [/TRIPLE], [TRIPLE] Abel_Caballero birthPlace Galicia_(Spain) [/TRIPLE], [TRIPLE] Abel_Caballero birthPlace Spain [/TRIPLE], [TRIPLE] Abel_Caballero party Spanish_Socialist_Workers_Party [/TRIPLE]",4,3,1,4,"office_(workedAt,_workedAs)","Abel_Caballero office_(workedAt,_workedAs) ""Minister_of_Transport""",1016,"birthPlace birthPlace party office_(workedAt,_workedAs)",ordering
simon,results/ordering/simon_ordering.json,1021,"[TRIPLE] Adonis_Georgiadis birthPlace Athens [/TRIPLE], [TRIPLE] Adonis_Georgiadis birthPlace Greece [/TRIPLE], [TRIPLE] Adonis_Georgiadis office_(workedAt,_workedAs) ""Vice-President_of_New_Democracy"" [/TRIPLE], [TRIPLE] Adonis_Georgiadis successor Makis_Voridis [/TRIPLE]",4,3,1,4,"office_(workedAt,_workedAs)","Adonis_Georgiadis office_(workedAt,_workedAs) ""Vice-President_of_New_Democracy""",1021,"birthPlace birthPlace office_(workedAt,_workedAs) successor",ordering
simon,results/ordering/simon_ordering.json,1022,"[TRIPLE] Adonis_Georgiadis birthPlace Athens [/TRIPLE], [TRIPLE] Adonis_Georgiadis birthPlace Greece [/TRIPLE], [TRIPLE] Adonis_Georgiadis office_(workedAt,_workedAs) Ministry_of_Economy,_Development_and_Tourism_(Greece) [/TRIPLE], [TRIPLE] Adonis_Georgiadis successor Makis_Voridis [/TRIPLE]",4,3,1,4,"office_(workedAt,_workedAs)","Adonis_Georgiadis office_(workedAt,_workedAs) Ministry_of_Economy,_Development_and_Tourism_(Greece)",1022,"birthPlace birthPlace office_(workedAt,_workedAs) successor",ordering
simon,results/ordering/simon_ordering.json,1023,"[TRIPLE] Adonis_Georgiadis office_(workedAt,_workedAs) Member_of_the_Hellenic_Parliament [/TRIPLE], [TRIPLE] Adonis_Georgiadis birthPlace Athens [/TRIPLE], [TRIPLE] Adonis_Georgiadis birthPlace Greece [/TRIPLE], [TRIPLE] Adonis_Georgiadis successor Makis_Voridis [/TRIPLE]",4,3,1,4,"office_(workedAt,_workedAs)","Adonis_Georgiadis office_(workedAt,_workedAs) Member_of_the_Hellenic_Parliament",1023,"birthPlace birthPlace office_(workedAt,_workedAs) successor",ordering
simon,results/ordering/simon_ordering.json,1025,"[TRIPLE] Agnes_Kant nationality Netherlands [/TRIPLE], [TRIPLE] Netherlands leaderName Mark_Rutte [/TRIPLE], [TRIPLE] Agnes_Kant office_(workedAt,_workedAs) House_of_Representatives_(Netherlands) [/TRIPLE], [TRIPLE] Agnes_Kant party Socialist_Party_(Netherlands) [/TRIPLE]",4,3,1,4,"office_(workedAt,_workedAs)","Agnes_Kant office_(workedAt,_workedAs) House_of_Representatives_(Netherlands)",1025,"nationality leaderName office_(workedAt,_workedAs) party",ordering
simon,results/ordering/simon_ordering.json,1026,"[TRIPLE] Agnes_Kant nationality Netherlands [/TRIPLE], [TRIPLE] Netherlands leaderName Mark_Rutte [/TRIPLE], [TRIPLE] Emile_Roemer party Socialist_Party_(Netherlands) [/TRIPLE], [TRIPLE] Socialist_Party_(Netherlands) leaderName Emile_Roemer [/TRIPLE]",4,3,1,3,leaderName,Socialist_Party_(Netherlands) leaderName Emile_Roemer,1026,nationality leaderName party,ordering
simon,results/ordering/simon_ordering.json,1037,"[TRIPLE] Alberto_Teisaire office_(workedAt,_workedAs) ""Provisional_President_of_the_Argentine_Senate"" [/TRIPLE], [TRIPLE] Alberto_Teisaire profession Rear_admiral [/TRIPLE], [TRIPLE] Alberto_Teisaire successor Isaac_Rojas [/TRIPLE], [TRIPLE] Alberto_Teisaire birthPlace Mendoza,_Argentina [/TRIPLE]",4,3,1,4,"office_(workedAt,_workedAs)","Alberto_Teisaire office_(workedAt,_workedAs) ""Provisional_President_of_the_Argentine_Senate""",1037,"birthPlace profession office_(workedAt,_workedAs) successor",ordering
simon,results/ordering/simon_ordering.json,1038,"[TRIPLE] Alfred_Moore_Scales successor Daniel_Gould_Fowle [/TRIPLE], [TRIPLE] Alfred_Moore_Scales office_(workedAt,_workedAs) ""Governor_of_North_Carolina"" [/TRIPLE], [TRIPLE] Alfred_Moore_Scales party Democratic_Party_(United_States) [/TRIPLE], [TRIPLE] Alfred_Moore_Scales birthPlace Reidsville,_North_Carolina [/TRIPLE]",4,3,1,4,"office_(workedAt,_workedAs)","Alfred_Moore_Scales office_(workedAt,_workedAs) ""Governor_of_North_Carolina""",1038,"birthPlace party office_(workedAt,_workedAs) successor",ordering
simon,results/ordering/simon_ordering.json,1039,"[TRIPLE] Alfred_N._Phillips militaryBranch United_States_Army [/TRIPLE], [TRIPLE] United_States_Army battles Whiskey_Rebellion [/TRIPLE], [TRIPLE] Alfred_N._Phillips birthPlace Connecticut [/TRIPLE], [TRIPLE] Alfred_N._Phillips office_(workedAt,_workedAs) ""Member_of_the_U.S._House_of_Representatives_from_Connecticuts_4th_district"" [/TRIPLE]",4,3,1,4,"office_(workedAt,_workedAs)","Alfred_N._Phillips office_(workedAt,_workedAs) ""Member_of_the_U.S._House_of_Representatives_from_Connecticuts_4th_district""",1039,"birthPlace office_(workedAt,_workedAs) militaryBranch battles",ordering
simon,results/ordering/simon_ordering.json,1040,"[TRIPLE] Alfred_N._Phillips party Democratic_Party_(United_States) [/TRIPLE], [TRIPLE] Alfred_N._Phillips successor Albert_E._Austin [/TRIPLE], [TRIPLE] Alfred_N._Phillips birthPlace Connecticut [/TRIPLE], [TRIPLE] Alfred_N._Phillips office_(workedAt,_workedAs) ""Member_of_the_U.S._House_of_Representatives_from_Connecticuts_4th_district"" [/TRIPLE]",4,3,1,4,"office_(workedAt,_workedAs)","Alfred_N._Phillips office_(workedAt,_workedAs) ""Member_of_the_U.S._House_of_Representatives_from_Connecticuts_4th_district""",1040,"birthPlace party office_(workedAt,_workedAs) successor",ordering
simon,results/ordering/simon_ordering.json,1041,"[TRIPLE] Alfred_N._Phillips party Democratic_Party_(United_States) [/TRIPLE], [TRIPLE] Alfred_N._Phillips successor Albert_E._Austin [/TRIPLE], [TRIPLE] Alfred_N._Phillips birthPlace Darien,_Connecticut [/TRIPLE], [TRIPLE] Alfred_N._Phillips office_(workedAt,_workedAs) Mayor_of_Stamford,_Connecticut [/TRIPLE]",4,3,1,4,"office_(workedAt,_workedAs)","Alfred_N._Phillips office_(workedAt,_workedAs) Mayor_of_Stamford,_Connecticut",1041,"birthPlace party office_(workedAt,_workedAs) successor",ordering
simon,results/ordering/simon_ordering.json,1042,"[TRIPLE] Allan_Shivers party Democratic_Party_(United_States) [/TRIPLE], [TRIPLE] Allan_Shivers successor Price_Daniel [/TRIPLE], [TRIPLE] Allan_Shivers birthPlace Lufkin,_Texas [/TRIPLE], [TRIPLE] Allan_Shivers office_(workedAt,_workedAs) ""Governor_of_Texas"" [/TRIPLE]",4,3,1,4,"office_(workedAt,_workedAs)","Allan_Shivers office_(workedAt,_workedAs) ""Governor_of_Texas""",1042,"birthPlace party office_(workedAt,_workedAs) successor",ordering
simon,results/ordering/simon_ordering.json,1043,"[TRIPLE] Allan_Shivers party Democratic_Party_(United_States) [/TRIPLE], [TRIPLE] Allan_Shivers successor Wilfred_R._Cousins,_Jr. [/TRIPLE], [TRIPLE] Allan_Shivers birthPlace Lufkin,_Texas [/TRIPLE], [TRIPLE] Allan_Shivers office_(workedAt,_workedAs) ""Governor_of_Texas"" [/TRIPLE]",4,3,1,4,"office_(workedAt,_workedAs)","Allan_Shivers office_(workedAt,_workedAs) ""Governor_of_Texas""",1043,"birthPlace party office_(workedAt,_workedAs) successor",ordering
simon,results/ordering/simon_ordering.json,1044,"[TRIPLE] Alvah_Sabin office_(workedAt,_workedAs) Secretary_of_State_of_Vermont [/TRIPLE], [TRIPLE] Alvah_Sabin region Vermonts_3rd_congressional_district [/TRIPLE], [TRIPLE] Vermont largestCity Burlington,_Vermont [/TRIPLE], [TRIPLE] Alvah_Sabin state Vermont [/TRIPLE]",4,3,1,4,"office_(workedAt,_workedAs)","Alvah_Sabin office_(workedAt,_workedAs) Secretary_of_State_of_Vermont",1044,"state office_(workedAt,_workedAs) region largestCity",ordering
simon,results/ordering/simon_ordering.json,1099,"[TRIPLE] Adolfo_Suárez_Madrid–Barajas_Airport runwayLength 4100.0 [/TRIPLE], [TRIPLE] Adolfo_Suárez_Madrid–Barajas_Airport location ""Madrid,_Paracuellos_de_Jarama,_San_Sebastián_de_los_Reyes_and_Alcobendas"" [/TRIPLE], [TRIPLE] Adolfo_Suárez_Madrid–Barajas_Airport elevationAboveTheSeaLevel_(in_metres) 610.0 [/TRIPLE], [TRIPLE] Adolfo_Suárez_Madrid–Barajas_Airport operatingOrganisation ENAIRE [/TRIPLE], [TRIPLE] Adolfo_Suárez_Madrid–Barajas_Airport runwayName ""14L/32R"" [/TRIPLE]",5,4,1,5,elevationAboveTheSeaLevel_(in_metres),Adolfo_Suárez_Madrid–Barajas_Airport elevationAboveTheSeaLevel_(in_metres) 610.0,1099,location operatingOrganisation elevationAboveTheSeaLevel_(in_metres) runwayName runwayLength,ordering
simon,results/ordering/simon_ordering.json,1100,"[TRIPLE] Agra_Airport location India [/TRIPLE], [TRIPLE] Agra_Airport runwayLength 1818.0 [/TRIPLE], [TRIPLE] Agra_Airport operatingOrganisation Indian_Air_Force [/TRIPLE], [TRIPLE] Agra_Airport elevationAboveTheSeaLevel_(in_metres) 167.94 [/TRIPLE], [TRIPLE] Agra_Airport ICAO_Location_Identifier ""VIAG"" [/TRIPLE]",5,4,1,5,elevationAboveTheSeaLevel_(in_metres),Agra_Airport elevationAboveTheSeaLevel_(in_metres) 167.94,1100,location operatingOrganisation elevationAboveTheSeaLevel_(in_metres) runwayLength ICAO_Location_Identifier,ordering
simon,results/ordering/simon_ordering.json,1105,"[TRIPLE] Alderney_Airport 1st_runway_SurfaceType Poaceae [/TRIPLE], [TRIPLE] Alderney_Airport runwayLength 733.0 [/TRIPLE], [TRIPLE] Alderney_Airport cityServed Alderney [/TRIPLE], [TRIPLE] Alderney_Airport elevationAboveTheSeaLevel_(in_metres) 88.0 [/TRIPLE], [TRIPLE] Alderney_Airport runwayName ""08/26"" [/TRIPLE]",5,4,1,5,elevationAboveTheSeaLevel_(in_metres),Alderney_Airport elevationAboveTheSeaLevel_(in_metres) 88.0,1105,cityServed elevationAboveTheSeaLevel_(in_metres) 1st_runway_SurfaceType runwayLength runwayName,ordering
simon,results/ordering/simon_ordering.json,1108,"[TRIPLE] Alpena_County_Regional_Airport elevationAboveTheSeaLevel_(in_metres) 210 [/TRIPLE], [TRIPLE] Alpena_County_Regional_Airport runwayLength 1533.0 [/TRIPLE], [TRIPLE] Alpena_County_Regional_Airport location Maple_Ridge_Township,_Alpena_County,_Michigan [/TRIPLE], [TRIPLE] Maple_Ridge_Township,_Alpena_County,_Michigan country United_States [/TRIPLE], [TRIPLE] Alpena_County_Regional_Airport cityServed Alpena,_Michigan [/TRIPLE]",5,4,1,5,elevationAboveTheSeaLevel_(in_metres),Alpena_County_Regional_Airport elevationAboveTheSeaLevel_(in_metres) 210,1108,cityServed location country elevationAboveTheSeaLevel_(in_metres) runwayLength,ordering
simon,results/ordering/simon_ordering.json,1109,"[TRIPLE] Alpena_County_Regional_Airport location Maple_Ridge_Township,_Alpena_County,_Michigan [/TRIPLE], [TRIPLE] Alpena_County_Regional_Airport runwayLength 1533.0 [/TRIPLE], [TRIPLE] Alpena_County_Regional_Airport cityServed Alpena,_Michigan [/TRIPLE], [TRIPLE] Alpena_County_Regional_Airport elevationAboveTheSeaLevel_(in_metres) 210 [/TRIPLE], [TRIPLE] Alpena_County_Regional_Airport runwayName ""7/25"" [/TRIPLE]",5,4,1,5,elevationAboveTheSeaLevel_(in_metres),Alpena_County_Regional_Airport elevationAboveTheSeaLevel_(in_metres) 210,1109,location cityServed elevationAboveTheSeaLevel_(in_metres) runwayName runwayLength,ordering
simon,results/ordering/simon_ordering.json,1110,"[TRIPLE] Alpena_County_Regional_Airport location Wilson_Township,_Alpena_County,_Michigan [/TRIPLE], [TRIPLE] Alpena_County_Regional_Airport runwayLength 2744.0 [/TRIPLE], [TRIPLE] Alpena_County_Regional_Airport cityServed Alpena,_Michigan [/TRIPLE], [TRIPLE] Alpena_County_Regional_Airport elevationAboveTheSeaLevel_(in_metres) 210 [/TRIPLE], [TRIPLE] Alpena_County_Regional_Airport runwayName ""1/19"" [/TRIPLE]",5,4,1,5,elevationAboveTheSeaLevel_(in_metres),Alpena_County_Regional_Airport elevationAboveTheSeaLevel_(in_metres) 210,1110,cityServed location elevationAboveTheSeaLevel_(in_metres) runwayName runwayLength,ordering
simon,results/ordering/simon_ordering.json,1111,"[TRIPLE] Alpena_County_Regional_Airport location Wilson_Township,_Alpena_County,_Michigan [/TRIPLE], [TRIPLE] Wilson_Township,_Alpena_County,_Michigan country United_States [/TRIPLE], [TRIPLE] Alpena_County_Regional_Airport elevationAboveTheSeaLevel_(in_metres) 210 [/TRIPLE], [TRIPLE] Alpena_County_Regional_Airport runwayLength 1533.0 [/TRIPLE], [TRIPLE] Alpena_County_Regional_Airport cityServed Alpena,_Michigan [/TRIPLE]",5,4,1,5,elevationAboveTheSeaLevel_(in_metres),Alpena_County_Regional_Airport elevationAboveTheSeaLevel_(in_metres) 210,1111,location country cityServed elevationAboveTheSeaLevel_(in_metres) runwayLength,ordering
simon,results/ordering/simon_ordering.json,1112,"[TRIPLE] Angola_International_Airport location Ícolo_e_Bengo [/TRIPLE], [TRIPLE] Angola_International_Airport cityServed Luanda [/TRIPLE], [TRIPLE] Angola_International_Airport elevationAboveTheSeaLevel_(in_metres) 159 [/TRIPLE], [TRIPLE] Angola_International_Airport runwayName ""05L/23R"" [/TRIPLE], [TRIPLE] Angola_International_Airport runwayLength 3800.0 [/TRIPLE]",5,4,1,5,elevationAboveTheSeaLevel_(in_metres),Angola_International_Airport elevationAboveTheSeaLevel_(in_metres) 159,1112,location cityServed elevationAboveTheSeaLevel_(in_metres) runwayName runwayLength,ordering
simon,results/ordering/simon_ordering.json,1149,"[TRIPLE] Andrew_Rayel associatedBand/associatedMusicalArtist Armin_van_Buuren [/TRIPLE], [TRIPLE] Andrew_Rayel associatedBand/associatedMusicalArtist Bobina [/TRIPLE], [TRIPLE] Andrew_Rayel associatedBand/associatedMusicalArtist ""Armin_Van_Buuren,_Bobina,_Mark_Sixma,_Jonathan_Mendelsohn,_Christian_Burns,_Jwaydan,_Alexander_Popov,_Jano,_Alexandre_Bergheau,_Jonny_Rose,_Sylvia_Tosun,_Lira_Yin,_Alexandra_Badoi"" [/TRIPLE], [TRIPLE] Andrew_Rayel genre Trance_music [/TRIPLE], [TRIPLE] Trance_music stylisticOrigin Pop_music [/TRIPLE]",5,4,1,4,associatedBand/associatedMusicalArtist,"Andrew_Rayel associatedBand/associatedMusicalArtist ""Armin_Van_Buuren,_Bobina,_Mark_Sixma,_Jonathan_Mendelsohn,_Christian_Burns,_Jwaydan,_Alexander_Popov,_Jano,_Alexandre_Bergheau,_Jonny_Rose,_Sylvia_Tosun,_Lira_Yin,_Alexandra_Badoi""",1149,genre stylisticOrigin associatedBand/associatedMusicalArtist associatedBand/associatedMusicalArtist,ordering
simon,results/ordering/simon_ordering.json,1177,"[TRIPLE] Aleksandre_Guruli club FC_Karpaty_Lviv [/TRIPLE], [TRIPLE] FC_Karpaty_Lviv manager Oleh_Luzhny [/TRIPLE], [TRIPLE] Olympique_Lyonnais chairman Jean-Michel_Aulas [/TRIPLE], [TRIPLE] Aleksandre_Guruli club Olympique_Lyonnais [/TRIPLE], [TRIPLE] Olympique_Lyonnais ground Parc_Olympique_Lyonnais [/TRIPLE]",5,4,1,4,chairman,Olympique_Lyonnais chairman Jean-Michel_Aulas,1177,club manager club ground,ordering
simon,results/ordering/simon_ordering.json,1178,"[TRIPLE] Alessio_Romagnoli club A.C._Milan [/TRIPLE], [TRIPLE] A.C._Milan league Serie_A [/TRIPLE], [TRIPLE] A.C._Milan manager Siniša_Mihajlović [/TRIPLE], [TRIPLE] Alessio_Romagnoli position Defender_(football) [/TRIPLE], [TRIPLE] Alessio_Romagnoli club U.C._Sampdoria [/TRIPLE]",5,4,1,4,position,Alessio_Romagnoli position Defender_(football),1178,club club manager league,ordering
simon,results/ordering/simon_ordering.json,1182,"[TRIPLE] FC_Spartak_Moscow chairman Sergey_Rodionov [/TRIPLE], [TRIPLE] FC_Terek_Grozny ground Grozny [/TRIPLE], [TRIPLE] Aleksandr_Prudnikov club FC_Spartak_Moscow [/TRIPLE], [TRIPLE] Aleksandr_Prudnikov club FC_Terek_Grozny [/TRIPLE], [TRIPLE] FC_Terek_Grozny manager Rashid_Rakhimov [/TRIPLE]",5,4,1,4,chairman,FC_Spartak_Moscow chairman Sergey_Rodionov,1182,club club manager ground,ordering
simon,results/ordering/simon_ordering.json,1198,"[TRIPLE] Amdavad_ni_Gufa location Ahmedabad [/TRIPLE], [TRIPLE] Ahmedabad country India [/TRIPLE], [TRIPLE] Amdavad_ni_Gufa location Gujarat [/TRIPLE], [TRIPLE] India leaderName Sumitra_Mahajan [/TRIPLE], [TRIPLE] Gujarat leaderTitle Gujarat_Legislative_Assembly [/TRIPLE]",5,4,1,4,location,Amdavad_ni_Gufa location Gujarat,1198,leaderName country location leaderTitle,ordering
simon,results/ordering/simon_ordering.json,1227,"[TRIPLE] Antioch,_California isPartOf Contra_Costa_County,_California [/TRIPLE], [TRIPLE] Antioch,_California isPartOf California [/TRIPLE], [TRIPLE] California language English_language [/TRIPLE], [TRIPLE] Contra_Costa_County,_California isPartOf San_Francisco_Bay_Area [/TRIPLE], [TRIPLE] Antioch,_California leaderTitle Californias_11th_State_Assembly_district [/TRIPLE]",5,4,1,4,isPartOf,"Contra_Costa_County,_California isPartOf San_Francisco_Bay_Area",1227,isPartOf isPartOf language leaderTitle,ordering
simon,results/ordering/simon_ordering.json,1255,"[TRIPLE] Bacon_Explosion country United_States [/TRIPLE], [TRIPLE] Bacon_Explosion mainIngredients ""Bacon,sausage"" [/TRIPLE], [TRIPLE] Bacon_Explosion ingredient Bacon [/TRIPLE], [TRIPLE] Bacon_Explosion region Kansas_City_metropolitan_area [/TRIPLE], [TRIPLE] Bacon_Explosion mainIngredients Sausage [/TRIPLE]",5,3,2,3,ingredient | mainIngredients,Bacon_Explosion ingredient Bacon || Bacon_Explosion mainIngredients Sausage,1255,region country mainIngredients,ordering
simon,results/ordering/simon_ordering.json,1257,"[TRIPLE] Bacon_sandwich dishVariation BLT [/TRIPLE], [TRIPLE] Bacon_sandwich mainIngredients ""Bread_and_bacon,_with_a_condiment,_often_ketchup_or_brown_sauce"" [/TRIPLE], [TRIPLE] Bacon_sandwich country United_Kingdom [/TRIPLE], [TRIPLE] Bacon_sandwich ingredient Ketchup [/TRIPLE], [TRIPLE] Bacon_sandwich alternativeName ""Bacon_butty,_bacon_sarnie,_rasher_sandwich,_bacon_sanger,_piece_n_bacon,_bacon_cob,_bacon_barm,_bacon_muffin"" [/TRIPLE]",5,4,1,4,ingredient,Bacon_sandwich ingredient Ketchup,1257,country dishVariation mainIngredients alternativeName,ordering
simon,results/ordering/simon_ordering.json,1264,"[TRIPLE] Bhajji country India [/TRIPLE], [TRIPLE] Bhajji region Karnataka [/TRIPLE], [TRIPLE] Bhajji mainIngredients ""Gram_flour,_vegetables"" [/TRIPLE], [TRIPLE] Bhajji alternativeName ""Bhaji,_bajji"" [/TRIPLE], [TRIPLE] Bhajji ingredient Gram_flour [/TRIPLE]",5,4,1,4,ingredient,Bhajji ingredient Gram_flour,1264,alternativeName region country mainIngredients,ordering
simon,results/ordering/simon_ordering.json,1267,"[TRIPLE] Bionico country Mexico [/TRIPLE], [TRIPLE] Bionico course Dessert [/TRIPLE], [TRIPLE] Bionico mainIngredients ""Chopped_Fruits,_Sour_Cream,_Condensed_Milk,_Granola,_Shredded_Coconut,_Raisins"" [/TRIPLE], [TRIPLE] Bionico region Guadalajara [/TRIPLE], [TRIPLE] Bionico ingredient Sour_cream [/TRIPLE]",5,4,1,4,ingredient,Bionico ingredient Sour_cream,1267,course region country mainIngredients,ordering
simon,results/ordering/simon_ordering.json,1274,"[TRIPLE] Java ethnicGroup Javanese_people [/TRIPLE], [TRIPLE] Ayam_penyet ingredient Fried_chicken [/TRIPLE], [TRIPLE] Fried_chicken mainIngredients Chicken [/TRIPLE], [TRIPLE] Ayam_penyet region ""Nationwide,_also_can_be_found_in_Malaysia_and_Singapore"" [/TRIPLE], [TRIPLE] Ayam_penyet country Java [/TRIPLE]",5,4,1,4,mainIngredients,Fried_chicken mainIngredients Chicken,1274,ethnicGroup country ingredient region,ordering
simon,results/ordering/simon_ordering.json,1288,"[TRIPLE] Antares_(rocket) launchSite Mid-Atlantic_Regional_Spaceport [/TRIPLE], [TRIPLE] Antares_(rocket) comparable Delta_II [/TRIPLE], [TRIPLE] Delta_II countryOrigin United_States [/TRIPLE], [TRIPLE] Antares_(rocket) launchSite Mid-Atlantic_Regional_Spaceport_Launch_Pad_0 [/TRIPLE], [TRIPLE] Mid-Atlantic_Regional_Spaceport_Launch_Pad_0 associatedRocket Minotaur_IV [/TRIPLE]",5,4,1,4,launchSite,Antares_(rocket) launchSite Mid-Atlantic_Regional_Spaceport_Launch_Pad_0,1288,associatedRocket launchSite comparable countryOrigin,ordering
simon,results/ordering/simon_ordering.json,1315,"[TRIPLE] Abraham_A._Ribicoff deathPlace United_States [/TRIPLE], [TRIPLE] Abraham_A._Ribicoff party Democratic_Party_(United_States) [/TRIPLE], [TRIPLE] Abraham_A._Ribicoff birthPlace Connecticut [/TRIPLE], [TRIPLE] Abraham_A._Ribicoff nationality United_States [/TRIPLE], [TRIPLE] Abraham_A._Ribicoff office_(workedAt,_workedAs) ""Governor_of_Connecticut"" [/TRIPLE]",5,4,1,5,"office_(workedAt,_workedAs)","Abraham_A._Ribicoff office_(workedAt,_workedAs) ""Governor_of_Connecticut""",1315,"birthPlace nationality party office_(workedAt,_workedAs) deathPlace",ordering
simon,results/ordering/simon_ordering.json,1316,"[TRIPLE] Abraham_A._Ribicoff office_(workedAt,_workedAs) ""United_States_Secretary_of_Health,_Education,_and_Welfare"" [/TRIPLE], [TRIPLE] Abraham_A._Ribicoff party Democratic_Party_(United_States) [/TRIPLE], [TRIPLE] Abraham_A._Ribicoff deathPlace New_York_City [/TRIPLE], [TRIPLE] Abraham_A._Ribicoff birthPlace Connecticut [/TRIPLE], [TRIPLE] Abraham_A._Ribicoff nationality United_States [/TRIPLE]",5,4,1,5,"office_(workedAt,_workedAs)","Abraham_A._Ribicoff office_(workedAt,_workedAs) ""United_States_Secretary_of_Health,_Education,_and_Welfare""",1316,"birthPlace nationality office_(workedAt,_workedAs) party deathPlace",ordering
simon,results/ordering/simon_ordering.json,1318,"[TRIPLE] Adam_Holloway birthPlace Kent [/TRIPLE], [TRIPLE] Adam_Holloway office_(workedAt,_workedAs) Member_of_Parliament_for_Gravesham [/TRIPLE], [TRIPLE] Adam_Holloway activeYearsStartDate 2005-05-05 [/TRIPLE], [TRIPLE] Adam_Holloway militaryBranch Grenadier_Guards [/TRIPLE], [TRIPLE] Adam_Holloway almaMater Magdalene_College,_Cambridge [/TRIPLE]",5,4,1,5,"office_(workedAt,_workedAs)","Adam_Holloway office_(workedAt,_workedAs) Member_of_Parliament_for_Gravesham",1318,"birthPlace almaMater militaryBranch activeYearsStartDate office_(workedAt,_workedAs)",ordering
simon,results/ordering/simon_ordering.json,1321,"[TRIPLE] Agnes_Kant nationality Netherlands [/TRIPLE], [TRIPLE] Netherlands leaderName Mark_Rutte [/TRIPLE], [TRIPLE] Agnes_Kant office_(workedAt,_workedAs) House_of_Representatives_(Netherlands) [/TRIPLE], [TRIPLE] Emile_Roemer party Socialist_Party_(Netherlands) [/TRIPLE], [TRIPLE] Socialist_Party_(Netherlands) leaderName Emile_Roemer [/TRIPLE]",5,3,2,4,"office_(workedAt,_workedAs) | leaderName","Agnes_Kant office_(workedAt,_workedAs) House_of_Representatives_(Netherlands) || Socialist_Party_(Netherlands) leaderName Emile_Roemer",1321,"nationality office_(workedAt,_workedAs) leaderName party",ordering
simon,results/ordering/simon_ordering.json,1322,"[TRIPLE] Agnes_Kant nationality Netherlands [/TRIPLE], [TRIPLE] Netherlands leaderName Mark_Rutte [/TRIPLE], [TRIPLE] Agnes_Kant office_(workedAt,_workedAs) House_of_Representatives_(Netherlands) [/TRIPLE], [TRIPLE] House_of_Representatives_(Netherlands) leaderName Khadija_Arib [/TRIPLE], [TRIPLE] Agnes_Kant residence Doesburg [/TRIPLE]",5,4,1,5,"office_(workedAt,_workedAs)","Agnes_Kant office_(workedAt,_workedAs) House_of_Representatives_(Netherlands)",1322,"nationality residence office_(workedAt,_workedAs) leaderName leaderName",ordering
simon,results/ordering/simon_ordering.json,1323,"[TRIPLE] Agnes_Kant nationality Netherlands [/TRIPLE], [TRIPLE] Netherlands leaderName Mark_Rutte [/TRIPLE], [TRIPLE] Agnes_Kant residence Doesburg [/TRIPLE], [TRIPLE] Emile_Roemer party Socialist_Party_(Netherlands) [/TRIPLE], [TRIPLE] Socialist_Party_(Netherlands) leaderName Emile_Roemer [/TRIPLE]",5,4,1,4,leaderName,Socialist_Party_(Netherlands) leaderName Emile_Roemer,1323,residence nationality leaderName party,ordering
simon,results/ordering/simon_ordering.json,1324,"[TRIPLE] Albert_B._White birthYear 1856 [/TRIPLE], [TRIPLE] Albert_B._White deathYear 1941 [/TRIPLE], [TRIPLE] Albert_B._White birthDate 1856-09-22 [/TRIPLE], [TRIPLE] Albert_B._White deathPlace Parkersburg,_West_Virginia [/TRIPLE], [TRIPLE] Albert_B._White dateOfDeath 1941-07-03 [/TRIPLE]",5,4,1,4,dateOfDeath,Albert_B._White dateOfDeath 1941-07-03,1324,birthDate birthYear deathYear deathPlace,ordering
simon,results/ordering/simon_ordering.json,1326,"[TRIPLE] Albert_B._White spouse Agnes_Ward_White [/TRIPLE], [TRIPLE] Albert_B._White successor William_M._O._Dawson [/TRIPLE], [TRIPLE] Albert_B._White office_(workedAt,_workedAs) ""Governor_of_West_Virginia"" [/TRIPLE], [TRIPLE] Albert_B._White birthPlace Cleveland [/TRIPLE], [TRIPLE] Albert_B._White activeYearsEndDate 1905-03-04 [/TRIPLE]",5,4,1,5,"office_(workedAt,_workedAs)","Albert_B._White office_(workedAt,_workedAs) ""Governor_of_West_Virginia""",1326,"birthPlace spouse office_(workedAt,_workedAs) activeYearsEndDate successor",ordering
simon,results/ordering/simon_ordering.json,1329,"[TRIPLE] Alberto_Teisaire office_(workedAt,_workedAs) ""Provisional_President_of_the_Argentine_Senate"" [/TRIPLE], [TRIPLE] Alberto_Teisaire profession Rear_admiral [/TRIPLE], [TRIPLE] Alberto_Teisaire successor Isaac_Rojas [/TRIPLE], [TRIPLE] Alberto_Teisaire birthPlace Mendoza,_Argentina [/TRIPLE], [TRIPLE] Alberto_Teisaire birthDate 1891-05-20 [/TRIPLE]",5,4,1,5,"office_(workedAt,_workedAs)","Alberto_Teisaire office_(workedAt,_workedAs) ""Provisional_President_of_the_Argentine_Senate""",1329,"birthPlace birthDate profession office_(workedAt,_workedAs) successor",ordering
simon,results/ordering/simon_ordering.json,1344,"[TRIPLE] Acharya_Institute_of_Technology city Bangalore [/TRIPLE], [TRIPLE] Acharya_Institute_of_Technology director ""Dr._G._P._Prabhukumar"" [/TRIPLE], [TRIPLE] Acharya_Institute_of_Technology numberOfPostgraduateStudents 700 [/TRIPLE], [TRIPLE] Acharya_Institute_of_Technology campus ""In_Soldevanahalli,_Acharya_Dr._Sarvapalli_Radhakrishnan_Road,_Hessarghatta_Main_Road,_Bangalore_–_560090."" [/TRIPLE], [TRIPLE] Acharya_Institute_of_Technology affiliation Visvesvaraya_Technological_University [/TRIPLE]",5,4,1,4,city,Acharya_Institute_of_Technology city Bangalore,1344,campus director affiliation numberOfPostgraduateStudents,ordering
simon,results/ordering/simon_ordering.json,1380,"[TRIPLE] Acharya_Institute_of_Technology city Bangalore [/TRIPLE], [TRIPLE] Acharya_Institute_of_Technology state Karnataka [/TRIPLE], [TRIPLE] Acharya_Institute_of_Technology country ""India"" [/TRIPLE], [TRIPLE] Acharya_Institute_of_Technology numberOfPostgraduateStudents 700 [/TRIPLE], [TRIPLE] Acharya_Institute_of_Technology campus ""In_Soldevanahalli,_Acharya_Dr._Sarvapalli_Radhakrishnan_Road,_Hessarghatta_Main_Road,_Bangalore_–_560090."" [/TRIPLE], [TRIPLE] Acharya_Institute_of_Technology affiliation Visvesvaraya_Technological_University [/TRIPLE]",6,5,1,5,city,Acharya_Institute_of_Technology city Bangalore,1380,campus state country numberOfPostgraduateStudents affiliation,ordering
simon,results/ordering/simon_ordering.json,1381,"[TRIPLE] Acharya_Institute_of_Technology president ""B.M._Reddy"" [/TRIPLE], [TRIPLE] Acharya_Institute_of_Technology city Bangalore [/TRIPLE], [TRIPLE] Acharya_Institute_of_Technology established 2000 [/TRIPLE], [TRIPLE] Acharya_Institute_of_Technology country ""India"" [/TRIPLE], [TRIPLE] Acharya_Institute_of_Technology campus ""In_Soldevanahalli,_Acharya_Dr._Sarvapalli_Radhakrishnan_Road,_Hessarghatta_Main_Road,_Bangalore_–_560090."" [/TRIPLE], [TRIPLE] Acharya_Institute_of_Technology affiliation Visvesvaraya_Technological_University [/TRIPLE]",6,5,1,5,city,Acharya_Institute_of_Technology city Bangalore,1381,campus country established president affiliation,ordering
simon,results/ordering/simon_ordering.json,1388,"[TRIPLE] Alan_Shepard status ""Deceased"" [/TRIPLE], [TRIPLE] Alan_Shepard almaMater ""NWC,_M.A._1957"" [/TRIPLE], [TRIPLE] Alan_Shepard deathPlace California [/TRIPLE], [TRIPLE] Alan_Shepard occupation Test_pilot [/TRIPLE], [TRIPLE] Alan_Shepard birthPlace New_Hampshire [/TRIPLE], [TRIPLE] Alan_Shepard was_selected_by_NASA 1959 [/TRIPLE], [TRIPLE] Alan_Shepard birthDate ""1923-11-18"" [/TRIPLE]",7,6,1,6,status,"Alan_Shepard status ""Deceased""",1388,birthPlace birthDate almaMater was_selected_by_NASA occupation deathPlace,ordering
simon,results/ordering/simon_ordering.json,1395,"[TRIPLE] William_Anders dateOfRetirement ""1969-09-01"" [/TRIPLE], [TRIPLE] William_Anders nationality United_States [/TRIPLE], [TRIPLE] William_Anders status ""Retired"" [/TRIPLE], [TRIPLE] William_Anders birthDate ""1933-10-17"" [/TRIPLE], [TRIPLE] William_Anders occupation Fighter_pilot [/TRIPLE], [TRIPLE] William_Anders birthPlace British_Hong_Kong [/TRIPLE], [TRIPLE] William_Anders was_a_crew_member_of Apollo_8 [/TRIPLE]",7,6,1,6,status,"William_Anders status ""Retired""",1395,nationality birthPlace birthDate occupation was_a_crew_member_of dateOfRetirement,ordering
simon,results/ordering/simon_ordering.json,1399,"[TRIPLE] Turkey leaderTitle President_of_Turkey [/TRIPLE], [TRIPLE] Turkey leader Ahmet_Davutoğlu [/TRIPLE], [TRIPLE] Atatürk_Monument_(İzmir) designer Pietro_Canonica [/TRIPLE], [TRIPLE] Turkey capital Ankara [/TRIPLE], [TRIPLE] Atatürk_Monument_(İzmir) material ""Bronze"" [/TRIPLE], [TRIPLE] Atatürk_Monument_(İzmir) inaugurationDate ""1932-07-27"" [/TRIPLE], [TRIPLE] Atatürk_Monument_(İzmir) location Turkey [/TRIPLE]",7,6,1,6,capital,Turkey capital Ankara,1399,leaderTitle leader location material designer inaugurationDate,ordering
counterfactual,results/structuring/counterfactual_structuring.json,295,[TRIPLE] Numb genre zouglou [/TRIPLE] [TRIPLE] Numb genre post-punk [/TRIPLE],2,1,1,2,genre,Numb genre post-punk,295,[SNT] genre post-punk [/SNT],structuring
counterfactual,results/structuring/counterfactual_structuring.json,305,[TRIPLE] Stan_Lee_Media product single-player_video_game [/TRIPLE] [TRIPLE] Stan_Lee_Media product pressbook [/TRIPLE] [TRIPLE] Stan_Lee_Media industry Celtic_studies [/TRIPLE] [TRIPLE] Stan_Lee_Media industry voluntary_social_year [/TRIPLE],4,3,1,4,product,Stan_Lee_Media product pressbook,305,[SNT] product pressbook [/SNT] [SNT] industry industry [/SNT],structuring
counterfactual,results/structuring/counterfactual_structuring.json,522,[TRIPLE] Charles_Darwin imdbId 3500.0 [/TRIPLE],1,0,1,0,imdbId,Charles_Darwin imdbId 3500.0,522,[SNT] [/SNT] [SNT] [/SNT] [SNT] [/SNT] [SNT] [/SNT],structuring
counterfactual,results/structuring/counterfactual_structuring.json,580,[TRIPLE] Planet_of_the_Apes imdbId 11.5 [/TRIPLE],1,0,1,0,imdbId,Planet_of_the_Apes imdbId 11.5,580,[SNT] [/SNT] [SNT] [/SNT] [SNT] [/SNT] [SNT] [/SNT] [SNT] [/SNT] [SNT] [/SNT],structuring
counterfactual,results/structuring/counterfactual_structuring.json,628,[TRIPLE] Sardar_Vallabhbhai_Patel_International_Airport location Llanfairpwllgwyngyll [/TRIPLE] [TRIPLE] Sardar_Vallabhbhai_Patel_International_Airport icaoLocationIdentifier Mallacoota_Airport [/TRIPLE],2,1,1,2,icaoLocationIdentifier,Sardar_Vallabhbhai_Patel_International_Airport icaoLocationIdentifier Mallacoota_Airport,628,[SNT] location ICAOLocationIdentifier [/SNT],structuring
counterfactual,results/structuring/counterfactual_structuring.json,757,[TRIPLE] Tho_Xuan_Airport elevationAboveTheSeaLevel 98.0 [/TRIPLE] [TRIPLE] Tho_Xuan_Airport runwaySurfaceType medium-density_fibreboard [/TRIPLE] [TRIPLE] Tho_Xuan_Airport icaoLocationIdentifier Mwanza_Airport [/TRIPLE],3,2,1,3,icaoLocationIdentifier,Tho_Xuan_Airport icaoLocationIdentifier Mwanza_Airport,757,[SNT] elevationAboveTheSeaLevel runwaySurfaceType [/SNT] [SNT] ICAOLocationIdentifier [/SNT],structuring
factual,results/structuring/factual_structuring.json,345,[TRIPLE] McVeagh_of_the_South_Seas distributor Alliance_Films_Corporation [/TRIPLE] [TRIPLE] McVeagh_of_the_South_Seas starring Harry_Carey_(actor_born_1878) [/TRIPLE] [TRIPLE] McVeagh_of_the_South_Seas director Cyril_Bruce [/TRIPLE] [TRIPLE] McVeagh_of_the_South_Seas director Harry_Carey_(actor_born_1878) [/TRIPLE] [TRIPLE] McVeagh_of_the_South_Seas imdbId 0004319 [/TRIPLE],5,4,1,5,imdbId,McVeagh_of_the_South_Seas imdbId 0004319,345,[SNT] distributor starring director director [/SNT] [SNT] [/SNT] [SNT] [/SNT] [SNT] [/SNT] [SNT] [/SNT] [SNT] [/SNT] [SNT] [/SNT] [SNT] [/SNT] [SNT] [/SNT] [SNT] [/SNT] [SNT] [/SNT] [SNT] [/SNT] [SNT] [/SNT] [SNT] [/SNT] [SNT] [/SNT] [SNT] [/SNT] [SNT] [/SNT] [SNT] [/SNT] [SNT] [/SNT] [SNT] [/SNT] [SNT] [/SNT] [SNT] [/SNT] [SNT] [/SNT] [SNT] [/SNT] [SNT] [/SNT] [SNT] [/SNT] [SNT] [/SNT] [SNT] [/SNT] [SNT] [/SNT] [SNT] [/SNT] [SNT] [/SNT] [SNT] [/SNT] [SNT] [/,structuring
factual,results/structuring/factual_structuring.json,522,[TRIPLE] Terence_Rattigan imdbId 0711905 [/TRIPLE],1,0,1,0,imdbId,Terence_Rattigan imdbId 0711905,522,[SNT] [/SNT] [SNT] [/SNT] [SNT] [/SNT] [SNT] [/SNT],structuring
factual,results/structuring/factual_structuring.json,580,[TRIPLE] McVeagh_of_the_South_Seas imdbId 0004319 [/TRIPLE],1,0,1,0,imdbId,McVeagh_of_the_South_Seas imdbId 0004319,580,[SNT] [/SNT] [SNT] [/SNT] [SNT] [/SNT] [SNT] [/SNT] [SNT] [/SNT] [SNT] [/SNT],structuring
factual,results/structuring/factual_structuring.json,718,[TRIPLE] McVeagh_of_the_South_Seas imdbId 0004319 [/TRIPLE],1,0,1,0,imdbId,McVeagh_of_the_South_Seas imdbId 0004319,718,[SNT] [/SNT] [SNT] [/SNT] [SNT] [/SNT] [SNT] [/SNT] [SNT] [/SNT] [SNT] [/SNT],structuring
factual,results/structuring/factual_structuring.json,892,[TRIPLE] McVeagh_of_the_South_Seas starring Harry_Carey_(actor_born_1878) [/TRIPLE] [TRIPLE] McVeagh_of_the_South_Seas director Cyril_Bruce [/TRIPLE] [TRIPLE] McVeagh_of_the_South_Seas director Harry_Carey_(actor_born_1878) [/TRIPLE] [TRIPLE] McVeagh_of_the_South_Seas imdbId 0004319 [/TRIPLE],4,3,1,4,imdbId,McVeagh_of_the_South_Seas imdbId 0004319,892,[SNT] starring director director [/SNT] [SNT] [/SNT] [SNT] [/SNT] [SNT] [/SNT] [SNT] [/SNT] [SNT] [/SNT] [SNT] [/SNT] [SNT] [/SNT] [SNT] [/SNT] [SNT] [/SNT] [SNT] [/SNT] [SNT] [/SNT] [SNT] [/SNT] [SNT] [/SNT] [SNT] [/SNT] [SNT] [/SNT] [SNT] [/SNT] [SNT] [/SNT] [SNT] [/SNT] [SNT] [/SNT] [SNT] [/SNT] [SNT] [/SNT] [SNT] [/SNT] [SNT] [/SNT] [SNT] [/SNT] [SNT] [/SNT] [SNT] [/SNT] [SNT] [/SNT] [SNT] [/SNT] [SNT] [/SNT] [SNT] [/SNT] [SNT] [/SNT] [SNT] [/S,structuring
factual,results/structuring/factual_structuring.json,1615,"[TRIPLE] Ciudad_Ayala isPartOf Morelos [/TRIPLE] [TRIPLE] Morelos leader Adrián_Rivera_Pérez [/TRIPLE] [TRIPLE] Ciudad_Ayala leaderTitle ""City Manager"" [/TRIPLE]",3,2,1,2,leader,Morelos leader Adrián_Rivera_Pérez,1615,[SNT] isPartOf leaderTitle [/SNT],structuring
fictional,results/structuring/fictional_structuring.json,522,[TRIPLE] Nonos_Quier imdbId 2218.56 [/TRIPLE],1,0,1,0,imdbId,Nonos_Quier imdbId 2218.56,522,[SNT] [/SNT] [SNT] [/SNT] [SNT] [/SNT] [SNT] [/SNT],structuring
fictional,results/structuring/fictional_structuring.json,561,[TRIPLE] Lost_Legends starring Doness_Veron [/TRIPLE] [TRIPLE] Lost_Legends distributor Iljuk [/TRIPLE] [TRIPLE] Lost_Legends imdbId 3832.18 [/TRIPLE],3,2,1,2,imdbId,Lost_Legends imdbId 3832.18,561,[SNT] starring distributor [/SNT] [SNT] [/SNT] [SNT] [/SNT] [SNT] [/SNT] [SNT] [/SNT] [SNT] [/SNT] [SNT] [/SNT] [SNT] [/SNT] [SNT] [/SNT] [SNT] [/SNT] [SNT] [/SNT] [SNT] [/SNT] [SNT] [/SNT] [SNT] [/SNT],structuring
fictional,results/structuring/fictional_structuring.json,580,[TRIPLE] Sands_of_Fury imdbId 1282.67 [/TRIPLE],1,0,1,0,imdbId,Sands_of_Fury imdbId 1282.67,580,[SNT] [/SNT] [SNT] [/SNT] [SNT] [/SNT] [SNT] [/SNT] [SNT] [/SNT],structuring
fictional,results/structuring/fictional_structuring.json,718,[TRIPLE] Shifting_Focus imdbId 4985.27 [/TRIPLE],1,0,1,0,imdbId,Shifting_Focus imdbId 4985.27,718,[SNT] [/SNT] [SNT] [/SNT] [SNT] [/SNT] [SNT] [/SNT] [SNT] [/SNT],structuring
fictional,results/structuring/fictional_structuring.json,1013,[TRIPLE] Laneux_Station operatingOrganisation Miralene_Technology [/TRIPLE] [TRIPLE] Laneux_Station cityServed Mach_Stream_Raceway [/TRIPLE] [TRIPLE] Laneux_Station runwayLength 823.43 [/TRIPLE] [TRIPLE] Laneux_Station icaoLocationIdentifier Sarkenby_International [/TRIPLE],4,3,1,4,icaoLocationIdentifier,Laneux_Station icaoLocationIdentifier Sarkenby_International,1013,[SNT] operatingOrganisation cityServed [/SNT] [SNT] runwayLength ICAOLocationIdentifier [/SNT],structuring
fictional,results/structuring/fictional_structuring.json,1067,[TRIPLE] Snowfire_Glade broadcastedBy Artistic_Endeavour_Films [/TRIPLE] [TRIPLE] Snowfire_Glade musicComposer Majeron_Vlare [/TRIPLE] [TRIPLE] Snowfire_Glade editor Makin_Grinyon [/TRIPLE] [TRIPLE] Snowfire_Glade director Ethar_Gilme [/TRIPLE] [TRIPLE] Snowfire_Glade producer Ethar_Gilme [/TRIPLE] [TRIPLE] Snowfire_Glade producer Torin_Yosh [/TRIPLE],6,5,1,6,producer,Snowfire_Glade producer Torin_Yosh,1067,[SNT] broadcastedBy [/SNT] [SNT] musicComposer editor [/SNT] [SNT] director producer director [/SNT],structuring
fictional,results/structuring/fictional_structuring.json,1185,[TRIPLE] Undinee genre Jumprocker [/TRIPLE] [TRIPLE] Undinee followedBy Starshine_Whenever [/TRIPLE] [TRIPLE] Undinee runtime 1147.87 [/TRIPLE] [TRIPLE] Undinee writer Nipher_Ylize [/TRIPLE] [TRIPLE] Undinee writer FyreGlow [/TRIPLE],5,4,1,5,writer,Undinee writer FyreGlow,1185,[SNT] genre followedBy [/SNT] [SNT] runtime [/SNT] [SNT] writer author [/SNT],structuring
simon,results/structuring/simon_structuring.json,1,"[TRIPLE] Adolfo_Suárez_Madrid–Barajas_Airport elevationAboveTheSeaLevel_(in_metres) 610.0 [/TRIPLE] [TRIPLE] Adolfo_Suárez_Madrid–Barajas_Airport location ""Madrid,_Paracuellos_de_Jarama,_San_Sebastián_de_los_Reyes_and_Alcobendas"" [/TRIPLE]",2,1,1,2,elevationAboveTheSeaLevel_(in_metres),Adolfo_Suárez_Madrid–Barajas_Airport elevationAboveTheSeaLevel_(in_metres) 610.0,1,[SNT] elevationAboveTheSeaLevel_(in_metres) location [/SNT],structuring
simon,results/structuring/simon_structuring.json,11,[TRIPLE] Amsterdam_Airport_Schiphol elevationAboveTheSeaLevel_(in_metres) -3.3528 [/TRIPLE] [TRIPLE] Amsterdam_Airport_Schiphol 1st_runway_LengthMetre 3800 [/TRIPLE],2,1,1,2,elevationAboveTheSeaLevel_(in_metres),Amsterdam_Airport_Schiphol elevationAboveTheSeaLevel_(in_metres) -3.3528,11,[SNT] elevationAboveTheSeaLevel_(in_metres) 1st_runway_LengthMetre [/SNT],structuring
simon,results/structuring/simon_structuring.json,12,[TRIPLE] Amsterdam_Airport_Schiphol elevationAboveTheSeaLevel_(in_metres) -3.3528 [/TRIPLE] [TRIPLE] Amsterdam_Airport_Schiphol 1st_runway_SurfaceType Asphalt [/TRIPLE],2,1,1,2,elevationAboveTheSeaLevel_(in_metres),Amsterdam_Airport_Schiphol elevationAboveTheSeaLevel_(in_metres) -3.3528,12,[SNT] elevationAboveTheSeaLevel_(in_metres) 1st_runway_SurfaceType [/SNT],structuring
simon,results/structuring/simon_structuring.json,18,[TRIPLE] Ashgabat_International_Airport elevationAboveTheSeaLevel_(in_metres) 211 [/TRIPLE] [TRIPLE] Ashgabat_International_Airport 1st_runway_LengthFeet 12467 [/TRIPLE],2,1,1,2,elevationAboveTheSeaLevel_(in_metres),Ashgabat_International_Airport elevationAboveTheSeaLevel_(in_metres) 211,18,[SNT] elevationAboveTheSeaLevel_(in_metres) 1st_runway_LengthFeet [/SNT],structuring
simon,results/structuring/simon_structuring.json,260,"[TRIPLE] Abdulsalami_Abubakar birthPlace Niger_State [/TRIPLE] [TRIPLE] Abdulsalami_Abubakar office_(workedAt,_workedAs) Chief_of_the_Defence_Staff_(Nigeria) [/TRIPLE]",2,1,1,2,"office_(workedAt,_workedAs)","Abdulsalami_Abubakar office_(workedAt,_workedAs) Chief_of_the_Defence_Staff_(Nigeria)",260,"[SNT] birthPlace office_(workedAt,_workedAs) [/SNT]",structuring
simon,results/structuring/simon_structuring.json,261,"[TRIPLE] Abdulsalami_Abubakar office_(workedAt,_workedAs) Chief_of_the_Defence_Staff_(Nigeria) [/TRIPLE] [TRIPLE] Abdulsalami_Abubakar successor Al-Amin_Daggash [/TRIPLE]",2,1,1,2,"office_(workedAt,_workedAs)","Abdulsalami_Abubakar office_(workedAt,_workedAs) Chief_of_the_Defence_Staff_(Nigeria)",261,"[SNT] office_(workedAt,_workedAs) successor [/SNT]",structuring
simon,results/structuring/simon_structuring.json,269,"[TRIPLE] Adonis_Georgiadis birthPlace Athens [/TRIPLE] [TRIPLE] Adonis_Georgiadis office_(workedAt,_workedAs) ""Deputy_Parliamentary_Spokesman_of_Popular_Orthodox_Rally"" [/TRIPLE]",2,1,1,2,"office_(workedAt,_workedAs)","Adonis_Georgiadis office_(workedAt,_workedAs) ""Deputy_Parliamentary_Spokesman_of_Popular_Orthodox_Rally""",269,"[SNT] birthPlace office_(workedAt,_workedAs) [/SNT]",structuring
simon,results/structuring/simon_structuring.json,271,"[TRIPLE] Adonis_Georgiadis birthPlace Greece [/TRIPLE] [TRIPLE] Adonis_Georgiadis office_(workedAt,_workedAs) ""Deputy_Parliamentary_Spokesman_of_Popular_Orthodox_Rally"" [/TRIPLE]",2,1,1,2,"office_(workedAt,_workedAs)","Adonis_Georgiadis office_(workedAt,_workedAs) ""Deputy_Parliamentary_Spokesman_of_Popular_Orthodox_Rally""",271,"[SNT] birthPlace office_(workedAt,_workedAs) [/SNT]",structuring
simon,results/structuring/simon_structuring.json,272,"[TRIPLE] Agnes_Kant birthPlace Hessisch_Oldendorf [/TRIPLE] [TRIPLE] Agnes_Kant office_(workedAt,_workedAs) Parliamentary_group_leader [/TRIPLE]",2,1,1,2,"office_(workedAt,_workedAs)","Agnes_Kant office_(workedAt,_workedAs) Parliamentary_group_leader",272,"[SNT] birthPlace office_(workedAt,_workedAs) [/SNT]",structuring
simon,results/structuring/simon_structuring.json,284,"[TRIPLE] Alberto_Teisaire office_(workedAt,_workedAs) ""Provisional_President_of_the_Argentine_Senate"" [/TRIPLE] [TRIPLE] Alberto_Teisaire successor Isaac_Rojas [/TRIPLE]",2,1,1,2,"office_(workedAt,_workedAs)","Alberto_Teisaire office_(workedAt,_workedAs) ""Provisional_President_of_the_Argentine_Senate""",284,"[SNT] office_(workedAt,_workedAs) successor [/SNT]",structuring
simon,results/structuring/simon_structuring.json,287,"[TRIPLE] Alfred_Moore_Scales office_(workedAt,_workedAs) ""Governor_of_North_Carolina"" [/TRIPLE] [TRIPLE] Alfred_Moore_Scales successor James_W._Reid_(politician) [/TRIPLE]",2,1,1,2,"office_(workedAt,_workedAs)","Alfred_Moore_Scales office_(workedAt,_workedAs) ""Governor_of_North_Carolina""",287,"[SNT] office_(workedAt,_workedAs) successor [/SNT]",structuring
simon,results/structuring/simon_structuring.json,289,"[TRIPLE] Alfred_N._Phillips birthPlace Connecticut [/TRIPLE] [TRIPLE] Alfred_N._Phillips office_(workedAt,_workedAs) United_States_House_of_Representatives [/TRIPLE]",2,1,1,2,"office_(workedAt,_workedAs)","Alfred_N._Phillips office_(workedAt,_workedAs) United_States_House_of_Representatives",289,"[SNT] birthPlace office_(workedAt,_workedAs) [/SNT]",structuring
simon,results/structuring/simon_structuring.json,292,"[TRIPLE] Allan_Shivers birthPlace Lufkin,_Texas [/TRIPLE] [TRIPLE] Allan_Shivers office_(workedAt,_workedAs) ""Member_of_the_Texas_State_Senate_from_District_4_(Port_Arthur)"" [/TRIPLE]",2,1,1,2,"office_(workedAt,_workedAs)","Allan_Shivers office_(workedAt,_workedAs) ""Member_of_the_Texas_State_Senate_from_District_4_(Port_Arthur)""",292,"[SNT] birthPlace office_(workedAt,_workedAs) [/SNT]",structuring
simon,results/structuring/simon_structuring.json,293,"[TRIPLE] Allan_Shivers office_(workedAt,_workedAs) ""Member_of_the_Texas_State_Senate_from_District_4_(Port_Arthur)"" [/TRIPLE] [TRIPLE] Allan_Shivers successor Ben_Ramsey [/TRIPLE]",2,1,1,2,"office_(workedAt,_workedAs)","Allan_Shivers office_(workedAt,_workedAs) ""Member_of_the_Texas_State_Senate_from_District_4_(Port_Arthur)""",293,"[SNT] office_(workedAt,_workedAs) successor [/SNT]",structuring
simon,results/structuring/simon_structuring.json,294,"[TRIPLE] Alvah_Sabin birthDate 1793-10-23 [/TRIPLE] [TRIPLE] Alvah_Sabin office_(workedAt,_workedAs) Secretary_of_State_of_Vermont [/TRIPLE]",2,1,1,2,"office_(workedAt,_workedAs)","Alvah_Sabin office_(workedAt,_workedAs) Secretary_of_State_of_Vermont",294,"[SNT] birthDate office_(workedAt,_workedAs) [/SNT]",structuring
simon,results/structuring/simon_structuring.json,359,"[TRIPLE] Alpena_County_Regional_Airport elevationAboveTheSeaLevel_(in_metres) 210 [/TRIPLE] [TRIPLE] Alpena_County_Regional_Airport location Maple_Ridge_Township,_Alpena_County,_Michigan [/TRIPLE] [TRIPLE] Maple_Ridge_Township,_Alpena_County,_Michigan country United_States [/TRIPLE]",3,2,1,3,elevationAboveTheSeaLevel_(in_metres),Alpena_County_Regional_Airport elevationAboveTheSeaLevel_(in_metres) 210,359,[SNT] elevationAboveTheSeaLevel_(in_metres) location country [/SNT],structuring
simon,results/structuring/simon_structuring.json,360,[TRIPLE] Andrews_County_Airport location Texas [/TRIPLE] [TRIPLE] Andrews_County_Airport elevationAboveTheSeaLevel_(in_metres) 973.0 [/TRIPLE] [TRIPLE] Andrews_County_Airport runwayLength 1773.0 [/TRIPLE],3,2,1,3,elevationAboveTheSeaLevel_(in_metres),Andrews_County_Airport elevationAboveTheSeaLevel_(in_metres) 973.0,360,[SNT] location elevationAboveTheSeaLevel_(in_metres) runwayLength [/SNT],structuring
simon,results/structuring/simon_structuring.json,361,[TRIPLE] Andrews_County_Airport location Texas [/TRIPLE] [TRIPLE] Andrews_County_Airport elevationAboveTheSeaLevel_(in_metres) 973.0 [/TRIPLE] [TRIPLE] Andrews_County_Airport runwayLength 896.0 [/TRIPLE],3,2,1,3,elevationAboveTheSeaLevel_(in_metres),Andrews_County_Airport elevationAboveTheSeaLevel_(in_metres) 973.0,361,[SNT] location elevationAboveTheSeaLevel_(in_metres) runwayLength [/SNT],structuring
simon,results/structuring/simon_structuring.json,635,"[TRIPLE] Abdulsalami_Abubakar birthPlace Niger_State [/TRIPLE] [TRIPLE] Abdulsalami_Abubakar almaMater Technical_Institute,_Kaduna [/TRIPLE] [TRIPLE] Abdulsalami_Abubakar office_(workedAt,_workedAs) Chief_of_the_Defence_Staff_(Nigeria) [/TRIPLE]",3,2,1,3,"office_(workedAt,_workedAs)","Abdulsalami_Abubakar office_(workedAt,_workedAs) Chief_of_the_Defence_Staff_(Nigeria)",635,"[SNT] birthPlace almaMater office_(workedAt,_workedAs) [/SNT]",structuring
simon,results/structuring/simon_structuring.json,638,"[TRIPLE] Abel_Caballero birthPlace Ponteareas [/TRIPLE] [TRIPLE] Abel_Caballero birthPlace Galicia_(Spain) [/TRIPLE] [TRIPLE] Abel_Caballero office_(workedAt,_workedAs) ""Member_of_the_Congress_of_Deputies"" [/TRIPLE]",3,2,1,3,"office_(workedAt,_workedAs)","Abel_Caballero office_(workedAt,_workedAs) ""Member_of_the_Congress_of_Deputies""",638,"[SNT] birthPlace birthPlace office_(workedAt,_workedAs) [/SNT]",structuring
simon,results/structuring/simon_structuring.json,641,"[TRIPLE] Abner_W._Sibal birthPlace Ridgewood,_Queens [/TRIPLE] [TRIPLE] Abner_W._Sibal party Republican_Party_(United_States) [/TRIPLE] [TRIPLE] Abner_W._Sibal office_(workedAt,_workedAs) ""Member_of_the_Connecticut_Senate_from_the_26th_District"" [/TRIPLE]",3,2,1,3,"office_(workedAt,_workedAs)","Abner_W._Sibal office_(workedAt,_workedAs) ""Member_of_the_Connecticut_Senate_from_the_26th_District""",641,"[SNT] birthPlace party office_(workedAt,_workedAs) [/SNT]",structuring
simon,results/structuring/simon_structuring.json,646,"[TRIPLE] Adonis_Georgiadis birthPlace Greece [/TRIPLE] [TRIPLE] Adonis_Georgiadis birthPlace Athens [/TRIPLE] [TRIPLE] Adonis_Georgiadis office_(workedAt,_workedAs) ""Deputy_Parliamentary_Spokesman_of_Popular_Orthodox_Rally"" [/TRIPLE]",3,2,1,3,"office_(workedAt,_workedAs)","Adonis_Georgiadis office_(workedAt,_workedAs) ""Deputy_Parliamentary_Spokesman_of_Popular_Orthodox_Rally""",646,"[SNT] birthPlace birthPlace office_(workedAt,_workedAs) [/SNT]",structuring
simon,results/structuring/simon_structuring.json,647,"[TRIPLE] Adonis_Georgiadis birthPlace Greece [/TRIPLE] [TRIPLE] Adonis_Georgiadis birthPlace Athens [/TRIPLE] [TRIPLE] Adonis_Georgiadis office_(workedAt,_workedAs) ""Minister_for_Health"" [/TRIPLE]",3,2,1,3,"office_(workedAt,_workedAs)","Adonis_Georgiadis office_(workedAt,_workedAs) ""Minister_for_Health""",647,"[SNT] birthPlace birthPlace office_(workedAt,_workedAs) [/SNT]",structuring
simon,results/structuring/simon_structuring.json,649,"[TRIPLE] Agnes_Kant nationality Netherlands [/TRIPLE] [TRIPLE] Agnes_Kant office_(workedAt,_workedAs) House_of_Representatives_(Netherlands) [/TRIPLE] [TRIPLE] Netherlands leaderName Mark_Rutte [/TRIPLE]",3,2,1,3,"office_(workedAt,_workedAs)","Agnes_Kant office_(workedAt,_workedAs) House_of_Representatives_(Netherlands)",649,"[SNT] nationality office_(workedAt,_workedAs) [/SNT] [SNT] leaderName [/SNT]",structuring
simon,results/structuring/simon_structuring.json,651,"[TRIPLE] Agnes_Kant birthPlace West_Germany [/TRIPLE] [TRIPLE] Agnes_Kant almaMater Radboud_University_Nijmegen [/TRIPLE] [TRIPLE] Agnes_Kant office_(workedAt,_workedAs) ""Member_of_the_House_of_Representatives"" [/TRIPLE]",3,2,1,3,"office_(workedAt,_workedAs)","Agnes_Kant office_(workedAt,_workedAs) ""Member_of_the_House_of_Representatives""",651,"[SNT] birthPlace almaMater office_(workedAt,_workedAs) [/SNT]",structuring
simon,results/structuring/simon_structuring.json,662,"[TRIPLE] Alfred_N._Phillips birthPlace Connecticut [/TRIPLE] [TRIPLE] Alfred_N._Phillips office_(workedAt,_workedAs) ""Member_of_the_U.S._House_of_Representatives_from_Connecticuts_4th_district"" [/TRIPLE] [TRIPLE] Alfred_N._Phillips successor Albert_E._Austin [/TRIPLE]",3,2,1,3,"office_(workedAt,_workedAs)","Alfred_N._Phillips office_(workedAt,_workedAs) ""Member_of_the_U.S._House_of_Representatives_from_Connecticuts_4th_district""",662,"[SNT] birthPlace office_(workedAt,_workedAs) successor [/SNT]",structuring
simon,results/structuring/simon_structuring.json,663,"[TRIPLE] Alfred_N._Phillips birthPlace Darien,_Connecticut [/TRIPLE] [TRIPLE] Alfred_N._Phillips office_(workedAt,_workedAs) ""Member_of_the_U.S._House_of_Representatives_from_Connecticuts_4th_district"" [/TRIPLE] [TRIPLE] Alfred_N._Phillips successor Albert_E._Austin [/TRIPLE]",3,2,1,3,"office_(workedAt,_workedAs)","Alfred_N._Phillips office_(workedAt,_workedAs) ""Member_of_the_U.S._House_of_Representatives_from_Connecticuts_4th_district""",663,"[SNT] birthPlace office_(workedAt,_workedAs) successor [/SNT]",structuring
simon,results/structuring/simon_structuring.json,664,"[TRIPLE] Allan_Shivers party Democratic_Party_(United_States) [/TRIPLE] [TRIPLE] Allan_Shivers office_(workedAt,_workedAs) ""Member_of_the_Texas_State_Senate_from_District_4_(Port_Arthur)"" [/TRIPLE] [TRIPLE] Allan_Shivers successor Wilfred_R._Cousins,_Jr. [/TRIPLE]",3,2,1,3,"office_(workedAt,_workedAs)","Allan_Shivers office_(workedAt,_workedAs) ""Member_of_the_Texas_State_Senate_from_District_4_(Port_Arthur)""",664,"[SNT] party office_(workedAt,_workedAs) successor [/SNT]",structuring
simon,results/structuring/simon_structuring.json,735,"[TRIPLE] Abilene_Regional_Airport cityServed Abilene,_Texas [/TRIPLE] [TRIPLE] Abilene_Regional_Airport elevationAboveTheSeaLevel_(in_metres) 546 [/TRIPLE] [TRIPLE] Abilene_Regional_Airport runwayName ""17L/35R"" [/TRIPLE] [TRIPLE] Abilene_Regional_Airport runwayLength 2194.0 [/TRIPLE]",4,3,1,4,elevationAboveTheSeaLevel_(in_metres),Abilene_Regional_Airport elevationAboveTheSeaLevel_(in_metres) 546,735,[SNT] cityServed elevationAboveTheSeaLevel_(in_metres) [/SNT] [SNT] runwayName runwayLength [/SNT],structuring
simon,results/structuring/simon_structuring.json,736,"[TRIPLE] Adirondack_Regional_Airport cityServed Lake_Placid,_New_York [/TRIPLE] [TRIPLE] Adirondack_Regional_Airport cityServed Saranac_Lake,_New_York [/TRIPLE] [TRIPLE] Adirondack_Regional_Airport elevationAboveTheSeaLevel_(in_metres) 507 [/TRIPLE] [TRIPLE] Adirondack_Regional_Airport runwayLength 2003.0 [/TRIPLE]",4,3,1,4,elevationAboveTheSeaLevel_(in_metres),Adirondack_Regional_Airport elevationAboveTheSeaLevel_(in_metres) 507,736,[SNT] cityServed cityServed [/SNT] [SNT] elevationAboveTheSeaLevel_(in_metres) runwayLength [/SNT],structuring
simon,results/structuring/simon_structuring.json,743,"[TRIPLE] Amsterdam_Airport_Schiphol cityServed Amsterdam [/TRIPLE] [TRIPLE] Amsterdam_Airport_Schiphol elevationAboveTheSeaLevel_(in_metres) -3.3528 [/TRIPLE] [TRIPLE] Amsterdam_Airport_Schiphol runwayName ""09/27_Buitenveldertbaan"" [/TRIPLE] [TRIPLE] Amsterdam_Airport_Schiphol runwayLength 2014.0 [/TRIPLE]",4,3,1,4,elevationAboveTheSeaLevel_(in_metres),Amsterdam_Airport_Schiphol elevationAboveTheSeaLevel_(in_metres) -3.3528,743,[SNT] cityServed elevationAboveTheSeaLevel_(in_metres) [/SNT] [SNT] runwayName runwayLength [/SNT],structuring
simon,results/structuring/simon_structuring.json,744,"[TRIPLE] Amsterdam_Airport_Schiphol cityServed Amsterdam [/TRIPLE] [TRIPLE] Amsterdam_Airport_Schiphol elevationAboveTheSeaLevel_(in_metres) -3.3528 [/TRIPLE] [TRIPLE] Amsterdam_Airport_Schiphol runwayName ""18L/36R_Aalsmeerbaan"" [/TRIPLE] [TRIPLE] Amsterdam_Airport_Schiphol runwayLength 2014.0 [/TRIPLE]",4,3,1,4,elevationAboveTheSeaLevel_(in_metres),Amsterdam_Airport_Schiphol elevationAboveTheSeaLevel_(in_metres) -3.3528,744,[SNT] cityServed elevationAboveTheSeaLevel_(in_metres) [/SNT] [SNT] runwayName runwayLength [/SNT],structuring
simon,results/structuring/simon_structuring.json,745,"[TRIPLE] Andrews_County_Airport cityServed Andrews,_Texas [/TRIPLE] [TRIPLE] Andrews_County_Airport location Texas [/TRIPLE] [TRIPLE] Andrews_County_Airport elevationAboveTheSeaLevel_(in_metres) 973.0 [/TRIPLE] [TRIPLE] Andrews_County_Airport runwayLength 929.0 [/TRIPLE]",4,3,1,4,elevationAboveTheSeaLevel_(in_metres),Andrews_County_Airport elevationAboveTheSeaLevel_(in_metres) 973.0,745,[SNT] cityServed location [/SNT] [SNT] elevationAboveTheSeaLevel_(in_metres) runwayLength [/SNT],structuring
simon,results/structuring/simon_structuring.json,749,[TRIPLE] Antwerp_International_Airport operatingOrganisation Flemish_Government [/TRIPLE] [TRIPLE] Antwerp_International_Airport owner Flemish_Region [/TRIPLE] [TRIPLE] Antwerp_International_Airport elevationAboveTheSeaLevel_(in_metres) 12.0 [/TRIPLE] [TRIPLE] Antwerp_International_Airport runwayLength 600.0 [/TRIPLE],4,3,1,4,elevationAboveTheSeaLevel_(in_metres),Antwerp_International_Airport elevationAboveTheSeaLevel_(in_metres) 12.0,749,[SNT] operatingOrganisation owner [/SNT] [SNT] elevationAboveTheSeaLevel_(in_metres) runwayLength [/SNT],structuring
simon,results/structuring/simon_structuring.json,751,[TRIPLE] Athens_International_Airport location Spata [/TRIPLE] [TRIPLE] Athens_International_Airport cityServed Athens [/TRIPLE] [TRIPLE] Athens_International_Airport elevationAboveTheSeaLevel_(in_metres) 94 [/TRIPLE] [TRIPLE] Athens_International_Airport runwayLength 3800.0 [/TRIPLE],4,3,1,4,elevationAboveTheSeaLevel_(in_metres),Athens_International_Airport elevationAboveTheSeaLevel_(in_metres) 94,751,[SNT] location cityServed [/SNT] [SNT] elevationAboveTheSeaLevel_(in_metres) runwayLength [/SNT],structuring
simon,results/structuring/simon_structuring.json,1008,"[TRIPLE] Ab_Klink birthPlace Netherlands [/TRIPLE] [TRIPLE] Ab_Klink almaMater Erasmus_University_Rotterdam [/TRIPLE] [TRIPLE] Erasmus_University_Rotterdam affiliation Association_of_MBAs [/TRIPLE] [TRIPLE] Ab_Klink office_(workedAt,_workedAs) Ministry_of_Health,_Welfare_and_Sport_(Netherlands) [/TRIPLE]",4,3,1,4,"office_(workedAt,_workedAs)","Ab_Klink office_(workedAt,_workedAs) Ministry_of_Health,_Welfare_and_Sport_(Netherlands)",1008,"[SNT] birthPlace almaMater affiliation [/SNT] [SNT] office_(workedAt,_workedAs) [/SNT]",structuring
simon,results/structuring/simon_structuring.json,1016,"[TRIPLE] Abel_Caballero birthPlace Galicia_(Spain) [/TRIPLE] [TRIPLE] Abel_Caballero birthPlace Spain [/TRIPLE] [TRIPLE] Abel_Caballero party Spanish_Socialist_Workers_Party [/TRIPLE] [TRIPLE] Abel_Caballero office_(workedAt,_workedAs) ""Minister_of_Transport"" [/TRIPLE]",4,3,1,4,"office_(workedAt,_workedAs)","Abel_Caballero office_(workedAt,_workedAs) ""Minister_of_Transport""",1016,"[SNT] birthPlace birthPlace party office_(workedAt,_workedAs) [/SNT]",structuring
simon,results/structuring/simon_structuring.json,1021,"[TRIPLE] Adonis_Georgiadis birthPlace Athens [/TRIPLE] [TRIPLE] Adonis_Georgiadis birthPlace Greece [/TRIPLE] [TRIPLE] Adonis_Georgiadis office_(workedAt,_workedAs) ""Vice-President_of_New_Democracy"" [/TRIPLE] [TRIPLE] Adonis_Georgiadis successor Makis_Voridis [/TRIPLE]",4,3,1,4,"office_(workedAt,_workedAs)","Adonis_Georgiadis office_(workedAt,_workedAs) ""Vice-President_of_New_Democracy""",1021,"[SNT] birthPlace birthPlace office_(workedAt,_workedAs) successor [/SNT]",structuring
simon,results/structuring/simon_structuring.json,1022,"[TRIPLE] Adonis_Georgiadis birthPlace Athens [/TRIPLE] [TRIPLE] Adonis_Georgiadis birthPlace Greece [/TRIPLE] [TRIPLE] Adonis_Georgiadis office_(workedAt,_workedAs) Ministry_of_Economy,_Development_and_Tourism_(Greece) [/TRIPLE] [TRIPLE] Adonis_Georgiadis successor Makis_Voridis [/TRIPLE]",4,3,1,4,"office_(workedAt,_workedAs)","Adonis_Georgiadis office_(workedAt,_workedAs) Ministry_of_Economy,_Development_and_Tourism_(Greece)",1022,"[SNT] birthPlace birthPlace office_(workedAt,_workedAs) successor [/SNT]",structuring
simon,results/structuring/simon_structuring.json,1023,"[TRIPLE] Adonis_Georgiadis birthPlace Athens [/TRIPLE] [TRIPLE] Adonis_Georgiadis birthPlace Greece [/TRIPLE] [TRIPLE] Adonis_Georgiadis office_(workedAt,_workedAs) Member_of_the_Hellenic_Parliament [/TRIPLE] [TRIPLE] Adonis_Georgiadis successor Makis_Voridis [/TRIPLE]",4,3,1,4,"office_(workedAt,_workedAs)","Adonis_Georgiadis office_(workedAt,_workedAs) Member_of_the_Hellenic_Parliament",1023,"[SNT] birthPlace birthPlace office_(workedAt,_workedAs) successor [/SNT]",structuring
simon,results/structuring/simon_structuring.json,1025,"[TRIPLE] Agnes_Kant nationality Netherlands [/TRIPLE] [TRIPLE] Netherlands leaderName Mark_Rutte [/TRIPLE] [TRIPLE] Agnes_Kant office_(workedAt,_workedAs) House_of_Representatives_(Netherlands) [/TRIPLE] [TRIPLE] Agnes_Kant party Socialist_Party_(Netherlands) [/TRIPLE]",4,3,1,4,"office_(workedAt,_workedAs)","Agnes_Kant office_(workedAt,_workedAs) House_of_Representatives_(Netherlands)",1025,"[SNT] nationality leaderName [/SNT] [SNT] office_(workedAt,_workedAs) party [/SNT]",structuring
simon,results/structuring/simon_structuring.json,1037,"[TRIPLE] Alberto_Teisaire birthPlace Mendoza,_Argentina [/TRIPLE] [TRIPLE] Alberto_Teisaire profession Rear_admiral [/TRIPLE] [TRIPLE] Alberto_Teisaire office_(workedAt,_workedAs) ""Provisional_President_of_the_Argentine_Senate"" [/TRIPLE] [TRIPLE] Alberto_Teisaire successor Isaac_Rojas [/TRIPLE]",4,3,1,4,"office_(workedAt,_workedAs)","Alberto_Teisaire office_(workedAt,_workedAs) ""Provisional_President_of_the_Argentine_Senate""",1037,"[SNT] birthPlace profession [/SNT] [SNT] office_(workedAt,_workedAs) successor [/SNT]",structuring
simon,results/structuring/simon_structuring.json,1038,"[TRIPLE] Alfred_Moore_Scales birthPlace Reidsville,_North_Carolina [/TRIPLE] [TRIPLE] Alfred_Moore_Scales party Democratic_Party_(United_States) [/TRIPLE] [TRIPLE] Alfred_Moore_Scales office_(workedAt,_workedAs) ""Governor_of_North_Carolina"" [/TRIPLE] [TRIPLE] Alfred_Moore_Scales successor Daniel_Gould_Fowle [/TRIPLE]",4,3,1,4,"office_(workedAt,_workedAs)","Alfred_Moore_Scales office_(workedAt,_workedAs) ""Governor_of_North_Carolina""",1038,"[SNT] birthPlace party [/SNT] [SNT] office_(workedAt,_workedAs) successor [/SNT]",structuring
simon,results/structuring/simon_structuring.json,1039,"[TRIPLE] Alfred_N._Phillips birthPlace Connecticut [/TRIPLE] [TRIPLE] Alfred_N._Phillips office_(workedAt,_workedAs) ""Member_of_the_U.S._House_of_Representatives_from_Connecticuts_4th_district"" [/TRIPLE] [TRIPLE] Alfred_N._Phillips militaryBranch United_States_Army [/TRIPLE] [TRIPLE] United_States_Army battles Whiskey_Rebellion [/TRIPLE]",4,3,1,4,"office_(workedAt,_workedAs)","Alfred_N._Phillips office_(workedAt,_workedAs) ""Member_of_the_U.S._House_of_Representatives_from_Connecticuts_4th_district""",1039,"[SNT] birthPlace office_(workedAt,_workedAs) militaryBranch battles [/SNT]",structuring
simon,results/structuring/simon_structuring.json,1040,"[TRIPLE] Alfred_N._Phillips birthPlace Connecticut [/TRIPLE] [TRIPLE] Alfred_N._Phillips party Democratic_Party_(United_States) [/TRIPLE] [TRIPLE] Alfred_N._Phillips office_(workedAt,_workedAs) ""Member_of_the_U.S._House_of_Representatives_from_Connecticuts_4th_district"" [/TRIPLE] [TRIPLE] Alfred_N._Phillips successor Albert_E._Austin [/TRIPLE]",4,3,1,4,"office_(workedAt,_workedAs)","Alfred_N._Phillips office_(workedAt,_workedAs) ""Member_of_the_U.S._House_of_Representatives_from_Connecticuts_4th_district""",1040,"[SNT] birthPlace party [/SNT] [SNT] office_(workedAt,_workedAs) successor [/SNT]",structuring
simon,results/structuring/simon_structuring.json,1041,"[TRIPLE] Alfred_N._Phillips birthPlace Darien,_Connecticut [/TRIPLE] [TRIPLE] Alfred_N._Phillips party Democratic_Party_(United_States) [/TRIPLE] [TRIPLE] Alfred_N._Phillips office_(workedAt,_workedAs) Mayor_of_Stamford,_Connecticut [/TRIPLE] [TRIPLE] Alfred_N._Phillips successor Albert_E._Austin [/TRIPLE]",4,3,1,4,"office_(workedAt,_workedAs)","Alfred_N._Phillips office_(workedAt,_workedAs) Mayor_of_Stamford,_Connecticut",1041,"[SNT] birthPlace party [/SNT] [SNT] office_(workedAt,_workedAs) successor [/SNT]",structuring
simon,results/structuring/simon_structuring.json,1042,"[TRIPLE] Allan_Shivers birthPlace Lufkin,_Texas [/TRIPLE] [TRIPLE] Allan_Shivers party Democratic_Party_(United_States) [/TRIPLE] [TRIPLE] Allan_Shivers office_(workedAt,_workedAs) ""Governor_of_Texas"" [/TRIPLE] [TRIPLE] Allan_Shivers successor Price_Daniel [/TRIPLE]",4,3,1,4,"office_(workedAt,_workedAs)","Allan_Shivers office_(workedAt,_workedAs) ""Governor_of_Texas""",1042,"[SNT] birthPlace party [/SNT] [SNT] office_(workedAt,_workedAs) successor [/SNT]",structuring
simon,results/structuring/simon_structuring.json,1043,"[TRIPLE] Allan_Shivers birthPlace Lufkin,_Texas [/TRIPLE] [TRIPLE] Allan_Shivers party Democratic_Party_(United_States) [/TRIPLE] [TRIPLE] Allan_Shivers office_(workedAt,_workedAs) ""Governor_of_Texas"" [/TRIPLE] [TRIPLE] Allan_Shivers successor Wilfred_R._Cousins,_Jr. [/TRIPLE]",4,3,1,4,"office_(workedAt,_workedAs)","Allan_Shivers office_(workedAt,_workedAs) ""Governor_of_Texas""",1043,"[SNT] birthPlace party [/SNT] [SNT] office_(workedAt,_workedAs) successor [/SNT]",structuring
simon,results/structuring/simon_structuring.json,1044,"[TRIPLE] Alvah_Sabin state Vermont [/TRIPLE] [TRIPLE] Alvah_Sabin office_(workedAt,_workedAs) Secretary_of_State_of_Vermont [/TRIPLE] [TRIPLE] Alvah_Sabin region Vermonts_3rd_congressional_district [/TRIPLE] [TRIPLE] Vermont largestCity Burlington,_Vermont [/TRIPLE]",4,3,1,4,"office_(workedAt,_workedAs)","Alvah_Sabin office_(workedAt,_workedAs) Secretary_of_State_of_Vermont",1044,"[SNT] state office_(workedAt,_workedAs) region [/SNT] [SNT] largestCity [/SNT]",structuring
simon,results/structuring/simon_structuring.json,1099,"[TRIPLE] Adolfo_Suárez_Madrid–Barajas_Airport location ""Madrid,_Paracuellos_de_Jarama,_San_Sebastián_de_los_Reyes_and_Alcobendas"" [/TRIPLE] [TRIPLE] Adolfo_Suárez_Madrid–Barajas_Airport operatingOrganisation ENAIRE [/TRIPLE] [TRIPLE] Adolfo_Suárez_Madrid–Barajas_Airport elevationAboveTheSeaLevel_(in_metres) 610.0 [/TRIPLE] [TRIPLE] Adolfo_Suárez_Madrid–Barajas_Airport runwayName ""14L/32R"" [/TRIPLE] [TRIPLE] Adolfo_Suárez_Madrid–Barajas_Airport runwayLength 4100.0 [/TRIPLE]",5,4,1,5,elevationAboveTheSeaLevel_(in_metres),Adolfo_Suárez_Madrid–Barajas_Airport elevationAboveTheSeaLevel_(in_metres) 610.0,1099,[SNT] location operatingOrganisation [/SNT] [SNT] elevationAboveTheSeaLevel_(in_metres) runwayName runwayLength [/SNT],structuring
simon,results/structuring/simon_structuring.json,1100,"[TRIPLE] Agra_Airport location India [/TRIPLE] [TRIPLE] Agra_Airport operatingOrganisation Indian_Air_Force [/TRIPLE] [TRIPLE] Agra_Airport elevationAboveTheSeaLevel_(in_metres) 167.94 [/TRIPLE] [TRIPLE] Agra_Airport runwayLength 1818.0 [/TRIPLE] [TRIPLE] Agra_Airport ICAO_Location_Identifier ""VIAG"" [/TRIPLE]",5,4,1,5,elevationAboveTheSeaLevel_(in_metres),Agra_Airport elevationAboveTheSeaLevel_(in_metres) 167.94,1100,[SNT] location operatingOrganisation [/SNT] [SNT] elevationAboveTheSeaLevel_(in_metres) runwayLength [/SNT] [SNT] ICAO_Location_Identifier [/SNT],structuring
simon,results/structuring/simon_structuring.json,1105,"[TRIPLE] Alderney_Airport cityServed Alderney [/TRIPLE] [TRIPLE] Alderney_Airport elevationAboveTheSeaLevel_(in_metres) 88.0 [/TRIPLE] [TRIPLE] Alderney_Airport 1st_runway_SurfaceType Poaceae [/TRIPLE] [TRIPLE] Alderney_Airport runwayLength 733.0 [/TRIPLE] [TRIPLE] Alderney_Airport runwayName ""08/26"" [/TRIPLE]",5,4,1,5,elevationAboveTheSeaLevel_(in_metres),Alderney_Airport elevationAboveTheSeaLevel_(in_metres) 88.0,1105,[SNT] cityServed elevationAboveTheSeaLevel_(in_metres) [/SNT] [SNT] 1st_runway_SurfaceType runwayLength runwayName [/SNT],structuring
simon,results/structuring/simon_structuring.json,1108,"[TRIPLE] Alpena_County_Regional_Airport cityServed Alpena,_Michigan [/TRIPLE] [TRIPLE] Alpena_County_Regional_Airport location Maple_Ridge_Township,_Alpena_County,_Michigan [/TRIPLE] [TRIPLE] Maple_Ridge_Township,_Alpena_County,_Michigan country United_States [/TRIPLE] [TRIPLE] Alpena_County_Regional_Airport elevationAboveTheSeaLevel_(in_metres) 210 [/TRIPLE] [TRIPLE] Alpena_County_Regional_Airport runwayLength 1533.0 [/TRIPLE]",5,4,1,5,elevationAboveTheSeaLevel_(in_metres),Alpena_County_Regional_Airport elevationAboveTheSeaLevel_(in_metres) 210,1108,[SNT] cityServed location country [/SNT] [SNT] elevationAboveTheSeaLevel_(in_metres) runwayLength [/SNT],structuring
simon,results/structuring/simon_structuring.json,1109,"[TRIPLE] Alpena_County_Regional_Airport location Maple_Ridge_Township,_Alpena_County,_Michigan [/TRIPLE] [TRIPLE] Alpena_County_Regional_Airport cityServed Alpena,_Michigan [/TRIPLE] [TRIPLE] Alpena_County_Regional_Airport elevationAboveTheSeaLevel_(in_metres) 210 [/TRIPLE] [TRIPLE] Alpena_County_Regional_Airport runwayName ""7/25"" [/TRIPLE] [TRIPLE] Alpena_County_Regional_Airport runwayLength 1533.0 [/TRIPLE]",5,4,1,5,elevationAboveTheSeaLevel_(in_metres),Alpena_County_Regional_Airport elevationAboveTheSeaLevel_(in_metres) 210,1109,[SNT] location cityServed [/SNT] [SNT] elevationAboveTheSeaLevel_(in_metres) runwayName runwayLength [/SNT],structuring
simon,results/structuring/simon_structuring.json,1110,"[TRIPLE] Alpena_County_Regional_Airport cityServed Alpena,_Michigan [/TRIPLE] [TRIPLE] Alpena_County_Regional_Airport location Wilson_Township,_Alpena_County,_Michigan [/TRIPLE] [TRIPLE] Alpena_County_Regional_Airport elevationAboveTheSeaLevel_(in_metres) 210 [/TRIPLE] [TRIPLE] Alpena_County_Regional_Airport runwayName ""1/19"" [/TRIPLE] [TRIPLE] Alpena_County_Regional_Airport runwayLength 2744.0 [/TRIPLE]",5,4,1,5,elevationAboveTheSeaLevel_(in_metres),Alpena_County_Regional_Airport elevationAboveTheSeaLevel_(in_metres) 210,1110,[SNT] cityServed location [/SNT] [SNT] elevationAboveTheSeaLevel_(in_metres) runwayName runwayLength [/SNT],structuring
simon,results/structuring/simon_structuring.json,1111,"[TRIPLE] Alpena_County_Regional_Airport location Wilson_Township,_Alpena_County,_Michigan [/TRIPLE] [TRIPLE] Wilson_Township,_Alpena_County,_Michigan country United_States [/TRIPLE] [TRIPLE] Alpena_County_Regional_Airport cityServed Alpena,_Michigan [/TRIPLE] [TRIPLE] Alpena_County_Regional_Airport elevationAboveTheSeaLevel_(in_metres) 210 [/TRIPLE] [TRIPLE] Alpena_County_Regional_Airport runwayLength 1533.0 [/TRIPLE]",5,4,1,5,elevationAboveTheSeaLevel_(in_metres),Alpena_County_Regional_Airport elevationAboveTheSeaLevel_(in_metres) 210,1111,[SNT] location country cityServed [/SNT] [SNT] elevationAboveTheSeaLevel_(in_metres) runwayLength [/SNT],structuring
simon,results/structuring/simon_structuring.json,1112,"[TRIPLE] Angola_International_Airport location Ícolo_e_Bengo [/TRIPLE] [TRIPLE] Angola_International_Airport cityServed Luanda [/TRIPLE] [TRIPLE] Angola_International_Airport elevationAboveTheSeaLevel_(in_metres) 159 [/TRIPLE] [TRIPLE] Angola_International_Airport runwayName ""05L/23R"" [/TRIPLE] [TRIPLE] Angola_International_Airport runwayLength 3800.0 [/TRIPLE]",5,4,1,5,elevationAboveTheSeaLevel_(in_metres),Angola_International_Airport elevationAboveTheSeaLevel_(in_metres) 159,1112,[SNT] location cityServed [/SNT] [SNT] elevationAboveTheSeaLevel_(in_metres) runwayName runwayLength [/SNT],structuring
simon,results/structuring/simon_structuring.json,1315,"[TRIPLE] Abraham_A._Ribicoff birthPlace Connecticut [/TRIPLE] [TRIPLE] Abraham_A._Ribicoff nationality United_States [/TRIPLE] [TRIPLE] Abraham_A._Ribicoff party Democratic_Party_(United_States) [/TRIPLE] [TRIPLE] Abraham_A._Ribicoff office_(workedAt,_workedAs) ""Governor_of_Connecticut"" [/TRIPLE] [TRIPLE] Abraham_A._Ribicoff deathPlace United_States [/TRIPLE]",5,4,1,5,"office_(workedAt,_workedAs)","Abraham_A._Ribicoff office_(workedAt,_workedAs) ""Governor_of_Connecticut""",1315,"[SNT] birthPlace nationality party [/SNT] [SNT] office_(workedAt,_workedAs) deathPlace [/SNT]",structuring
simon,results/structuring/simon_structuring.json,1316,"[TRIPLE] Abraham_A._Ribicoff birthPlace Connecticut [/TRIPLE] [TRIPLE] Abraham_A._Ribicoff nationality United_States [/TRIPLE] [TRIPLE] Abraham_A._Ribicoff office_(workedAt,_workedAs) ""United_States_Secretary_of_Health,_Education,_and_Welfare"" [/TRIPLE] [TRIPLE] Abraham_A._Ribicoff party Democratic_Party_(United_States) [/TRIPLE] [TRIPLE] Abraham_A._Ribicoff deathPlace New_York_City [/TRIPLE]",5,4,1,5,"office_(workedAt,_workedAs)","Abraham_A._Ribicoff office_(workedAt,_workedAs) ""United_States_Secretary_of_Health,_Education,_and_Welfare""",1316,"[SNT] birthPlace nationality office_(workedAt,_workedAs) [/SNT] [SNT] party deathPlace [/SNT]",structuring
simon,results/structuring/simon_structuring.json,1318,"[TRIPLE] Adam_Holloway birthPlace Kent [/TRIPLE] [TRIPLE] Adam_Holloway almaMater Magdalene_College,_Cambridge [/TRIPLE] [TRIPLE] Adam_Holloway militaryBranch Grenadier_Guards [/TRIPLE] [TRIPLE] Adam_Holloway activeYearsStartDate 2005-05-05 [/TRIPLE] [TRIPLE] Adam_Holloway office_(workedAt,_workedAs) Member_of_Parliament_for_Gravesham [/TRIPLE]",5,4,1,5,"office_(workedAt,_workedAs)","Adam_Holloway office_(workedAt,_workedAs) Member_of_Parliament_for_Gravesham",1318,"[SNT] birthPlace almaMater militaryBranch activeYearsStartDate office_(workedAt,_workedAs) [/SNT]",structuring
simon,results/structuring/simon_structuring.json,1321,"[TRIPLE] Agnes_Kant nationality Netherlands [/TRIPLE] [TRIPLE] Agnes_Kant office_(workedAt,_workedAs) House_of_Representatives_(Netherlands) [/TRIPLE] [TRIPLE] Netherlands leaderName Mark_Rutte [/TRIPLE] [TRIPLE] Emile_Roemer party Socialist_Party_(Netherlands) [/TRIPLE]",4,3,1,4,"office_(workedAt,_workedAs)","Agnes_Kant office_(workedAt,_workedAs) House_of_Representatives_(Netherlands)",1321,"[SNT] nationality office_(workedAt,_workedAs) [/SNT] [SNT] leaderName party [/SNT]",structuring
simon,results/structuring/simon_structuring.json,1322,"[TRIPLE] Agnes_Kant nationality Netherlands [/TRIPLE] [TRIPLE] Agnes_Kant residence Doesburg [/TRIPLE] [TRIPLE] Agnes_Kant office_(workedAt,_workedAs) House_of_Representatives_(Netherlands) [/TRIPLE] [TRIPLE] Netherlands leaderName Mark_Rutte [/TRIPLE] [TRIPLE] House_of_Representatives_(Netherlands) leaderName Khadija_Arib [/TRIPLE]",5,4,1,5,"office_(workedAt,_workedAs)","Agnes_Kant office_(workedAt,_workedAs) House_of_Representatives_(Netherlands)",1322,"[SNT] nationality residence [/SNT] [SNT] office_(workedAt,_workedAs) leaderName leaderName [/SNT]",structuring
simon,results/structuring/simon_structuring.json,1326,"[TRIPLE] Albert_B._White birthPlace Cleveland [/TRIPLE] [TRIPLE] Albert_B._White spouse Agnes_Ward_White [/TRIPLE] [TRIPLE] Albert_B._White office_(workedAt,_workedAs) ""Governor_of_West_Virginia"" [/TRIPLE] [TRIPLE] Albert_B._White activeYearsEndDate 1905-03-04 [/TRIPLE] [TRIPLE] Albert_B._White successor William_M._O._Dawson [/TRIPLE]",5,4,1,5,"office_(workedAt,_workedAs)","Albert_B._White office_(workedAt,_workedAs) ""Governor_of_West_Virginia""",1326,"[SNT] birthPlace spouse office_(workedAt,_workedAs) activeYearsEndDate [/SNT] [SNT] successor [/SNT]",structuring
simon,results/structuring/simon_structuring.json,1329,"[TRIPLE] Alberto_Teisaire birthPlace Mendoza,_Argentina [/TRIPLE] [TRIPLE] Alberto_Teisaire birthDate 1891-05-20 [/TRIPLE] [TRIPLE] Alberto_Teisaire profession Rear_admiral [/TRIPLE] [TRIPLE] Alberto_Teisaire office_(workedAt,_workedAs) ""Provisional_President_of_the_Argentine_Senate"" [/TRIPLE] [TRIPLE] Alberto_Teisaire successor Isaac_Rojas [/TRIPLE]",5,4,1,5,"office_(workedAt,_workedAs)","Alberto_Teisaire office_(workedAt,_workedAs) ""Provisional_President_of_the_Argentine_Senate""",1329,"[SNT] birthPlace birthDate [/SNT] [SNT] profession office_(workedAt,_workedAs) successor [/SNT]",structuring
structuring_test,results/structuring/structuring_test.json,286,[TRIPLE] English_Without_Tears  editing  Alan_Jaggs [/TRIPLE] [TRIPLE] English_Without_Tears  producer  Anatole_de_Grunwald [/TRIPLE] [TRIPLE] English_Without_Tears  writer  Anatole_de_Grunwald [/TRIPLE],3,2,1,3,writer,English_Without_Tears writer Anatole_de_Grunwald,286,[SNT] editing producer author [/SNT],structuring
structuring_test,results/structuring/structuring_test.json,452,[TRIPLE] English_Without_Tears  writer  Anatole_de_Grunwald [/TRIPLE] [TRIPLE] English_Without_Tears  writer  Terence_Rattigan [/TRIPLE],2,1,1,2,writer,English_Without_Tears writer Terence_Rattigan,452,[SNT] writer author [/SNT],structuring
structuring_test,results/structuring/structuring_test.json,1160,[TRIPLE] Olga_Bondareva  professionalField  Economics [/TRIPLE] [TRIPLE] Olga_Bondareva  professionalField  Mathematics [/TRIPLE],2,1,1,2,professionalField,Olga_Bondareva professionalField Mathematics,1160,[SNT] professionalField mathematics [/SNT],structuring
structuring_test,results/structuring/structuring_test.json,1165,[TRIPLE] Bedford_Aerodrome icaoLocationIdentifier EGBF [/TRIPLE],1,0,1,1,icaoLocationIdentifier,Bedford_Aerodrome icaoLocationIdentifier EGBF,1165,[SNT] ICAOLocationIdentifier [/SNT],structuring
structuring_test,results/structuring/structuring_test.json,1748,[TRIPLE] English_Without_Tears  producer  Anatole_de_Grunwald [/TRIPLE] [TRIPLE] English_Without_Tears  writer  Anatole_de_Grunwald [/TRIPLE],2,1,1,2,writer,English_Without_Tears writer Anatole_de_Grunwald,1748,[SNT] producer author [/SNT],structuring
