{"train/loss": 0.007, "train/grad_norm": 0.047607421875, "train/learning_rate": 0.0002, "train/epoch": 29.46, "train/global_step": 10000, "_timestamp": 1711591467.9919667, "_runtime": 54312.2274518013, "_step": 230, "eval/loss": 0.6652307510375977, "eval/runtime": 245.8238, "eval/samples_per_second": 5.455, "eval/steps_per_second": 5.455, "train/train_runtime": 54313.2975, "train/train_samples_per_second": 2.946, "train/train_steps_per_second": 0.184, "train/total_flos": 3.8273448156667576e+18, "train/train_loss": 0.06968684119582176, "_wandb": {"runtime": 54314}}